
> @scratch/scratch-gui@15.0.1 test:unit
> cross-env JEST_JUNIT_OUTPUT_NAME=unit-tests-results.xml jest test[\\/]unit --runInBand test/unit/util/mcremote-wirescope-source.test.js

jest-haste-map: duplicate manual mock found: index
  The following files share their name; please delete one of them:
    * <rootDir>/src/lib/settings/color-mode/dark/__mocks__/index.js
    * <rootDir>/src/lib/settings/color-mode/default/__mocks__/index.js

Browserslist: browsers data (caniuse-lite) is 10 months old. Please run:
  npx update-browserslist-db@latest
  Why you should do it regularly: https://github.com/browserslist/update-db#readme
ts-jest[config] (WARN) 
    The "ts-jest" config option "isolatedModules" is deprecated and will be removed in v30.0.0. Please use "isolatedModules: true" in ~/Documents/GitHub/AA_KNOWLEGE_BASED_DEV_SYSTEM/scratch-editor/packages/scratch-gui/tsconfig.test.json instead, see https://www.typescriptlang.org/tsconfig/#isolatedModules
  
PASS test/unit/components/menu-bar.test.jsx (13.928 s)
  ● Console

    console.error
      Warning: Box: Support for defaultProps will be removed from function components in a future major release. Use JavaScript default parameters instead.
          at alignContent (~/Documents/GitHub/AA_KNOWLEGE_BASED_DEV_SYSTEM/scratch-editor/packages/scratch-gui/src/components/box/box.jsx:33:9)
          at MenuBar (~/Documents/GitHub/AA_KNOWLEGE_BASED_DEV_SYSTEM/scratch-editor/packages/scratch-gui/src/components/menu-bar/menu-bar.jsx:161:9)
          at ConnectFunction (~/Documents/GitHub/AA_KNOWLEGE_BASED_DEV_SYSTEM/scratch-editor/node_modules/react-redux/lib/components/connect.js:246:74)
          at MenuBarContainer (~/Documents/GitHub/AA_KNOWLEGE_BASED_DEV_SYSTEM/scratch-editor/packages/scratch-gui/src/containers/menu-bar-hoc.jsx:9:13)
          at ConnectFunction (~/Documents/GitHub/AA_KNOWLEGE_BASED_DEV_SYSTEM/scratch-editor/node_modules/react-redux/lib/components/connect.js:246:74)
          at injectIntl(Connect(MenuBarContainer))
          at children (~/Documents/GitHub/AA_KNOWLEGE_BASED_DEV_SYSTEM/scratch-editor/packages/scratch-gui/src/contexts/menu-ref-context.jsx:31:34)
          at Provider (~/Documents/GitHub/AA_KNOWLEGE_BASED_DEV_SYSTEM/scratch-editor/node_modules/react-redux/lib/components/Provider.js:19:3)
          at IntlProvider (~/Documents/GitHub/AA_KNOWLEGE_BASED_DEV_SYSTEM/scratch-editor/node_modules/react-intl/src/components/provider.js:33:47)

      4 |
      5 | const renderWithIntl = (ui, {locale = 'en', messages = {}} = {}) => ({
    > 6 |     ...render(
        |              ^
      7 |         <IntlProvider
      8 |             locale={locale}
      9 |             messages={messages}

      at printWarning (../../node_modules/react-dom/cjs/react-dom.development.js:86:30)
      at error (../../node_modules/react-dom/cjs/react-dom.development.js:60:7)
      at validateFunctionComponentInDev (../../node_modules/react-dom/cjs/react-dom.development.js:20230:9)
      at mountIndeterminateComponent (../../node_modules/react-dom/cjs/react-dom.development.js:20189:7)
      at beginWork (../../node_modules/react-dom/cjs/react-dom.development.js:21626:16)
      at beginWork$1 (../../node_modules/react-dom/cjs/react-dom.development.js:27465:14)
      at performUnitOfWork (../../node_modules/react-dom/cjs/react-dom.development.js:26599:12)
      at workLoopSync (../../node_modules/react-dom/cjs/react-dom.development.js:26505:5)
      at renderRootSync (../../node_modules/react-dom/cjs/react-dom.development.js:26473:7)
      at performConcurrentWorkOnRoot (../../node_modules/react-dom/cjs/react-dom.development.js:25777:74)
      at flushActQueue (../../node_modules/react/cjs/react.development.js:2667:24)
      at act (../../node_modules/react/cjs/react.development.js:2582:11)
      at ../../node_modules/@testing-library/react/dist/act-compat.js:47:25
      at renderRoot (../../node_modules/@testing-library/react/dist/pure.js:180:26)
      at render (../../node_modules/@testing-library/react/dist/pure.js:271:10)
      at renderWithIntl (test/helpers/intl-helpers.jsx:6:14)
      at Object.<anonymous> (test/unit/components/menu-bar.test.jsx:65:43)

    console.log
      [37m2026-10-04 20:13:57.489[39m[0m[0m	[33m[1mWARN[22m[39m[0m[0m	[37m[39m[0m[0m[1m[37m	scratch-vm[39m[22m[0m[0m	Central dispatch replacing existing service provider for runtime

      at Object.c [as transportFormatted] (../scratch-vm/dist/web/webpack:/VirtualMachine/webpack/universalModuleDefinition:1:1)

    console.log
      [37m2026-10-04 20:14:00.281[39m[0m[0m	[33m[1mWARN[22m[39m[0m[0m	[37m[39m[0m[0m[1m[37m	scratch-vm[39m[22m[0m[0m	Central dispatch replacing existing service provider for extensions

      at Object.c [as transportFormatted] (../scratch-vm/dist/web/webpack:/VirtualMachine/webpack/universalModuleDefinition:1:1)

    console.log
      [37m2026-10-04 20:14:00.304[39m[0m[0m	[33m[1mWARN[22m[39m[0m[0m	[37m[39m[0m[0m[1m[37m	scratch-vm[39m[22m[0m[0m	Central dispatch replacing existing service provider for runtime

      at Object.c [as transportFormatted] (../scratch-vm/dist/web/webpack:/VirtualMachine/webpack/universalModuleDefinition:1:1)

    console.log
      [37m2026-10-04 20:14:00.307[39m[0m[0m	[33m[1mWARN[22m[39m[0m[0m	[37m[39m[0m[0m[1m[37m	scratch-vm[39m[22m[0m[0m	Central dispatch replacing existing service provider for extensions

      at Object.c [as transportFormatted] (../scratch-vm/dist/web/webpack:/VirtualMachine/webpack/universalModuleDefinition:1:1)

    console.log
      [37m2026-10-04 20:14:00.331[39m[0m[0m	[33m[1mWARN[22m[39m[0m[0m	[37m[39m[0m[0m[1m[37m	scratch-vm[39m[22m[0m[0m	Central dispatch replacing existing service provider for runtime

      at Object.c [as transportFormatted] (../scratch-vm/dist/web/webpack:/VirtualMachine/webpack/universalModuleDefinition:1:1)

    console.log
      [37m2026-10-04 20:14:00.334[39m[0m[0m	[33m[1mWARN[22m[39m[0m[0m	[37m[39m[0m[0m[1m[37m	scratch-vm[39m[22m[0m[0m	Central dispatch replacing existing service provider for extensions

      at Object.c [as transportFormatted] (../scratch-vm/dist/web/webpack:/VirtualMachine/webpack/universalModuleDefinition:1:1)

    console.log
      [37m2026-10-04 20:14:00.350[39m[0m[0m	[33m[1mWARN[22m[39m[0m[0m	[37m[39m[0m[0m[1m[37m	scratch-vm[39m[22m[0m[0m	Central dispatch replacing existing service provider for runtime

      at Object.c [as transportFormatted] (../scratch-vm/dist/web/webpack:/VirtualMachine/webpack/universalModuleDefinition:1:1)

    console.log
      [37m2026-10-04 20:14:00.352[39m[0m[0m	[33m[1mWARN[22m[39m[0m[0m	[37m[39m[0m[0m[1m[37m	scratch-vm[39m[22m[0m[0m	Central dispatch replacing existing service provider for extensions

      at Object.c [as transportFormatted] (../scratch-vm/dist/web/webpack:/VirtualMachine/webpack/universalModuleDefinition:1:1)

    console.log
      [37m2026-10-04 20:14:00.371[39m[0m[0m	[33m[1mWARN[22m[39m[0m[0m	[37m[39m[0m[0m[1m[37m	scratch-vm[39m[22m[0m[0m	Central dispatch replacing existing service provider for runtime

      at Object.c [as transportFormatted] (../scratch-vm/dist/web/webpack:/VirtualMachine/webpack/universalModuleDefinition:1:1)

    console.log
      [37m2026-10-04 20:14:00.373[39m[0m[0m	[33m[1mWARN[22m[39m[0m[0m	[37m[39m[0m[0m[1m[37m	scratch-vm[39m[22m[0m[0m	Central dispatch replacing existing service provider for extensions

      at Object.c [as transportFormatted] (../scratch-vm/dist/web/webpack:/VirtualMachine/webpack/universalModuleDefinition:1:1)

PASS test/unit/containers/blocks.test.js
  ● Console

    console.log
      [37m2026-10-04 20:14:01.373[39m[0m[0m	[31m[1mERROR[22m[39m[0m[0m	[37m~/Documents/GitHub/AA_KNOWLEGE_BASED_DEV_SYSTEM/scratch-editor/packages/scratch-gui/src/containers/blocks.jsx:488[39m[0m[0m[1m[37m	scratch-gui[39m[22m[0m[0m	
      [97m[101m[1m Error [22m[49m[39m[0m[0m Workspace Update Error: workspace load failed[0m[0m
      error stack:
        • [33mblocks.test.js[39m[0m[0m	[0m[0m
      	[37m~/Documents/GitHub/AA_KNOWLEGE_BASED_DEV_SYSTEM/scratch-editor/packages/scratch-gui/test/unit/containers/blocks.test.js:46[39m[0m[0m
        • [33mindex.js[39m[0m[0m	[0m[0m
      	[37m~/Documents/GitHub/AA_KNOWLEGE_BASED_DEV_SYSTEM/scratch-editor/node_modules/jest-mock/build/index.js:397[39m[0m[0m
        • [33mindex.js[39m[0m[0m	[0m[0m
      	[37m~/Documents/GitHub/AA_KNOWLEGE_BASED_DEV_SYSTEM/scratch-editor/node_modules/jest-mock/build/index.js:404[39m[0m[0m
        • [33mindex.js[39m[0m[0m	[0m[0m
      	[37m~/Documents/GitHub/AA_KNOWLEGE_BASED_DEV_SYSTEM/scratch-editor/node_modules/jest-mock/build/index.js:148[39m[0m[0m
        • [33mblocks.jsx[39m[0m[0m	[0m[0m
      	[37m~/Documents/GitHub/AA_KNOWLEGE_BASED_DEV_SYSTEM/scratch-editor/packages/scratch-gui/src/containers/blocks.jsx:474[39m[0m[0m
        • [33mblocks.test.js[39m[0m[0m	[0m[0m
      	[37m~/Documents/GitHub/AA_KNOWLEGE_BASED_DEV_SYSTEM/scratch-editor/packages/scratch-gui/test/unit/containers/blocks.test.js:49[39m[0m[0m
        • [33mutils.js[39m[0m[0m	[0m[0m
      	[37m~/Documents/GitHub/AA_KNOWLEGE_BASED_DEV_SYSTEM/scratch-editor/node_modules/jest-circus/build/utils.js:298[39m[0m[0m
        • [33mutils.js[39m[0m[0m	[0m[0m
      	[37m~/Documents/GitHub/AA_KNOWLEGE_BASED_DEV_SYSTEM/scratch-editor/node_modules/jest-circus/build/utils.js:231[39m[0m[0m
        • [33mrun.js[39m[0m[0m	[0m[0m
      	[37m~/Documents/GitHub/AA_KNOWLEGE_BASED_DEV_SYSTEM/scratch-editor/node_modules/jest-circus/build/run.js:316[39m[0m[0m
        • [33mrun.js[39m[0m[0m	[0m[0m
      	[37m~/Documents/GitHub/AA_KNOWLEGE_BASED_DEV_SYSTEM/scratch-editor/node_modules/jest-circus/build/run.js:252[39m[0m[0m
        • [33mrun.js[39m[0m[0m	[0m[0m
      	[37m~/Documents/GitHub/AA_KNOWLEGE_BASED_DEV_SYSTEM/scratch-editor/node_modules/jest-circus/build/run.js:126[39m[0m[0m
        • [33mrun.js[39m[0m[0m	[0m[0m
      	[37m~/Documents/GitHub/AA_KNOWLEGE_BASED_DEV_SYSTEM/scratch-editor/node_modules/jest-circus/build/run.js:121[39m[0m[0m
        • [33mrun.js[39m[0m[0m	[0m[0m
      	[37m~/Documents/GitHub/AA_KNOWLEGE_BASED_DEV_SYSTEM/scratch-editor/node_modules/jest-circus/build/run.js:71[39m[0m[0m
        • [33mjestAdapterInit.js[39m[0m[0m	[0m[0m
      	[37m~/Documents/GitHub/AA_KNOWLEGE_BASED_DEV_SYSTEM/scratch-editor/node_modules/jest-circus/build/legacy-code-todo-rewrite/jestAdapterInit.js:122[39m[0m[0m
        • [33mjestAdapter.js[39m[0m[0m	[0m[0m
      	[37m~/Documents/GitHub/AA_KNOWLEGE_BASED_DEV_SYSTEM/scratch-editor/node_modules/jest-circus/build/legacy-code-todo-rewrite/jestAdapter.js:79[39m[0m[0m
        • [33mrunTest.js[39m[0m[0m	[0m[0m
      	[37m~/Documents/GitHub/AA_KNOWLEGE_BASED_DEV_SYSTEM/scratch-editor/node_modules/jest-runner/build/runTest.js:367[39m[0m[0m
        • [33mrunTest.js[39m[0m[0m	[0m[0m
      	[37m~/Documents/GitHub/AA_KNOWLEGE_BASED_DEV_SYSTEM/scratch-editor/node_modules/jest-runner/build/runTest.js:444[39m[0m[0m[0m[0m

      at Object.transportFormatted (../../node_modules/tslog/cjs/BaseLogger.js:115:13)

    console.log
      [37m2026-10-04 20:14:01.389[39m[0m[0m	[31m[1mERROR[22m[39m[0m[0m	[37m~/Documents/GitHub/AA_KNOWLEGE_BASED_DEV_SYSTEM/scratch-editor/packages/scratch-gui/src/containers/blocks.jsx:488[39m[0m[0m[1m[37m	scratch-gui[39m[22m[0m[0m	
      [97m[101m[1m Error [22m[49m[39m[0m[0m Workspace Update Error: XML parse failed[0m[0m
      error stack:
        • [33mblocks.test.js[39m[0m[0m	[0m[0m
      	[37m~/Documents/GitHub/AA_KNOWLEGE_BASED_DEV_SYSTEM/scratch-editor/packages/scratch-gui/test/unit/containers/blocks.test.js:57[39m[0m[0m
        • [33mindex.js[39m[0m[0m	[0m[0m
      	[37m~/Documents/GitHub/AA_KNOWLEGE_BASED_DEV_SYSTEM/scratch-editor/node_modules/jest-mock/build/index.js:397[39m[0m[0m
        • [33mindex.js[39m[0m[0m	[0m[0m
      	[37m~/Documents/GitHub/AA_KNOWLEGE_BASED_DEV_SYSTEM/scratch-editor/node_modules/jest-mock/build/index.js:404[39m[0m[0m
        • [33mindex.js[39m[0m[0m	[0m[0m
      	[37m~/Documents/GitHub/AA_KNOWLEGE_BASED_DEV_SYSTEM/scratch-editor/node_modules/jest-mock/build/index.js:148[39m[0m[0m
        • [33mblocks.jsx[39m[0m[0m	[0m[0m
      	[37m~/Documents/GitHub/AA_KNOWLEGE_BASED_DEV_SYSTEM/scratch-editor/packages/scratch-gui/src/containers/blocks.jsx:473[39m[0m[0m
        • [33mblocks.test.js[39m[0m[0m	[0m[0m
      	[37m~/Documents/GitHub/AA_KNOWLEGE_BASED_DEV_SYSTEM/scratch-editor/packages/scratch-gui/test/unit/containers/blocks.test.js:60[39m[0m[0m
        • [33mutils.js[39m[0m[0m	[0m[0m
      	[37m~/Documents/GitHub/AA_KNOWLEGE_BASED_DEV_SYSTEM/scratch-editor/node_modules/jest-circus/build/utils.js:298[39m[0m[0m
        • [33mutils.js[39m[0m[0m	[0m[0m
      	[37m~/Documents/GitHub/AA_KNOWLEGE_BASED_DEV_SYSTEM/scratch-editor/node_modules/jest-circus/build/utils.js:231[39m[0m[0m
        • [33mrun.js[39m[0m[0m	[0m[0m
      	[37m~/Documents/GitHub/AA_KNOWLEGE_BASED_DEV_SYSTEM/scratch-editor/node_modules/jest-circus/build/run.js:316[39m[0m[0m
        • [33mrun.js[39m[0m[0m	[0m[0m
      	[37m~/Documents/GitHub/AA_KNOWLEGE_BASED_DEV_SYSTEM/scratch-editor/node_modules/jest-circus/build/run.js:252[39m[0m[0m
        • [33mrun.js[39m[0m[0m	[0m[0m
      	[37m~/Documents/GitHub/AA_KNOWLEGE_BASED_DEV_SYSTEM/scratch-editor/node_modules/jest-circus/build/run.js:126[39m[0m[0m
        • [33mrun.js[39m[0m[0m	[0m[0m
      	[37m~/Documents/GitHub/AA_KNOWLEGE_BASED_DEV_SYSTEM/scratch-editor/node_modules/jest-circus/build/run.js:121[39m[0m[0m
        • [33mrun.js[39m[0m[0m	[0m[0m
      	[37m~/Documents/GitHub/AA_KNOWLEGE_BASED_DEV_SYSTEM/scratch-editor/node_modules/jest-circus/build/run.js:71[39m[0m[0m
        • [33mjestAdapterInit.js[39m[0m[0m	[0m[0m
      	[37m~/Documents/GitHub/AA_KNOWLEGE_BASED_DEV_SYSTEM/scratch-editor/node_modules/jest-circus/build/legacy-code-todo-rewrite/jestAdapterInit.js:122[39m[0m[0m
        • [33mjestAdapter.js[39m[0m[0m	[0m[0m
      	[37m~/Documents/GitHub/AA_KNOWLEGE_BASED_DEV_SYSTEM/scratch-editor/node_modules/jest-circus/build/legacy-code-todo-rewrite/jestAdapter.js:79[39m[0m[0m
        • [33mrunTest.js[39m[0m[0m	[0m[0m
      	[37m~/Documents/GitHub/AA_KNOWLEGE_BASED_DEV_SYSTEM/scratch-editor/node_modules/jest-runner/build/runTest.js:367[39m[0m[0m
        • [33mrunTest.js[39m[0m[0m	[0m[0m
      	[37m~/Documents/GitHub/AA_KNOWLEGE_BASED_DEV_SYSTEM/scratch-editor/node_modules/jest-runner/build/runTest.js:444[39m[0m[0m[0m[0m

      at Object.transportFormatted (../../node_modules/tslog/cjs/BaseLogger.js:115:13)

PASS test/unit/components/wire-scope-panel.test.jsx
PASS test/unit/util/vm-listener-hoc.test.jsx
  ● Console

    console.log
      [37m2026-10-04 20:14:02.985[39m[0m[0m	[33m[1mWARN[22m[39m[0m[0m	[37m[39m[0m[0m[1m[37m	scratch-vm[39m[22m[0m[0m	Central dispatch replacing existing service provider for runtime

      at Object.c [as transportFormatted] (../scratch-vm/dist/web/webpack:/VirtualMachine/webpack/universalModuleDefinition:1:1)

    console.log
      [37m2026-10-04 20:14:04.339[39m[0m[0m	[33m[1mWARN[22m[39m[0m[0m	[37m[39m[0m[0m[1m[37m	scratch-vm[39m[22m[0m[0m	Central dispatch replacing existing service provider for extensions

      at Object.c [as transportFormatted] (../scratch-vm/dist/web/webpack:/VirtualMachine/webpack/universalModuleDefinition:1:1)

    console.log
      [37m2026-10-04 20:14:04.347[39m[0m[0m	[33m[1mWARN[22m[39m[0m[0m	[37m[39m[0m[0m[1m[37m	scratch-vm[39m[22m[0m[0m	Central dispatch replacing existing service provider for runtime

      at Object.c [as transportFormatted] (../scratch-vm/dist/web/webpack:/VirtualMachine/webpack/universalModuleDefinition:1:1)

    console.log
      [37m2026-10-04 20:14:04.349[39m[0m[0m	[33m[1mWARN[22m[39m[0m[0m	[37m[39m[0m[0m[1m[37m	scratch-vm[39m[22m[0m[0m	Central dispatch replacing existing service provider for extensions

      at Object.c [as transportFormatted] (../scratch-vm/dist/web/webpack:/VirtualMachine/webpack/universalModuleDefinition:1:1)

    console.log
      [37m2026-10-04 20:14:04.354[39m[0m[0m	[33m[1mWARN[22m[39m[0m[0m	[37m[39m[0m[0m[1m[37m	scratch-vm[39m[22m[0m[0m	Central dispatch replacing existing service provider for runtime

      at Object.c [as transportFormatted] (../scratch-vm/dist/web/webpack:/VirtualMachine/webpack/universalModuleDefinition:1:1)

    console.log
      [37m2026-10-04 20:14:04.356[39m[0m[0m	[33m[1mWARN[22m[39m[0m[0m	[37m[39m[0m[0m[1m[37m	scratch-vm[39m[22m[0m[0m	Central dispatch replacing existing service provider for extensions

      at Object.c [as transportFormatted] (../scratch-vm/dist/web/webpack:/VirtualMachine/webpack/universalModuleDefinition:1:1)

    console.log
      [37m2026-10-04 20:14:04.362[39m[0m[0m	[33m[1mWARN[22m[39m[0m[0m	[37m[39m[0m[0m[1m[37m	scratch-vm[39m[22m[0m[0m	Central dispatch replacing existing service provider for runtime

      at Object.c [as transportFormatted] (../scratch-vm/dist/web/webpack:/VirtualMachine/webpack/universalModuleDefinition:1:1)

    console.log
      [37m2026-10-04 20:14:04.364[39m[0m[0m	[33m[1mWARN[22m[39m[0m[0m	[37m[39m[0m[0m[1m[37m	scratch-vm[39m[22m[0m[0m	Central dispatch replacing existing service provider for extensions

      at Object.c [as transportFormatted] (../scratch-vm/dist/web/webpack:/VirtualMachine/webpack/universalModuleDefinition:1:1)

    console.log
      [37m2026-10-04 20:14:04.370[39m[0m[0m	[33m[1mWARN[22m[39m[0m[0m	[37m[39m[0m[0m[1m[37m	scratch-vm[39m[22m[0m[0m	Central dispatch replacing existing service provider for runtime

      at Object.c [as transportFormatted] (../scratch-vm/dist/web/webpack:/VirtualMachine/webpack/universalModuleDefinition:1:1)

    console.log
      [37m2026-10-04 20:14:04.372[39m[0m[0m	[33m[1mWARN[22m[39m[0m[0m	[37m[39m[0m[0m[1m[37m	scratch-vm[39m[22m[0m[0m	Central dispatch replacing existing service provider for extensions

      at Object.c [as transportFormatted] (../scratch-vm/dist/web/webpack:/VirtualMachine/webpack/universalModuleDefinition:1:1)

    console.log
      [37m2026-10-04 20:14:04.382[39m[0m[0m	[33m[1mWARN[22m[39m[0m[0m	[37m[39m[0m[0m[1m[37m	scratch-vm[39m[22m[0m[0m	Central dispatch replacing existing service provider for runtime

      at Object.c [as transportFormatted] (../scratch-vm/dist/web/webpack:/VirtualMachine/webpack/universalModuleDefinition:1:1)

    console.log
      [37m2026-10-04 20:14:04.384[39m[0m[0m	[33m[1mWARN[22m[39m[0m[0m	[37m[39m[0m[0m[1m[37m	scratch-vm[39m[22m[0m[0m	Central dispatch replacing existing service provider for extensions

      at Object.c [as transportFormatted] (../scratch-vm/dist/web/webpack:/VirtualMachine/webpack/universalModuleDefinition:1:1)

    console.log
      [37m2026-10-04 20:14:04.389[39m[0m[0m	[33m[1mWARN[22m[39m[0m[0m	[37m[39m[0m[0m[1m[37m	scratch-vm[39m[22m[0m[0m	Central dispatch replacing existing service provider for runtime

      at Object.c [as transportFormatted] (../scratch-vm/dist/web/webpack:/VirtualMachine/webpack/universalModuleDefinition:1:1)

    console.log
      [37m2026-10-04 20:14:04.390[39m[0m[0m	[33m[1mWARN[22m[39m[0m[0m	[37m[39m[0m[0m[1m[37m	scratch-vm[39m[22m[0m[0m	Central dispatch replacing existing service provider for extensions

      at Object.c [as transportFormatted] (../scratch-vm/dist/web/webpack:/VirtualMachine/webpack/universalModuleDefinition:1:1)

    console.log
      [37m2026-10-04 20:14:04.396[39m[0m[0m	[33m[1mWARN[22m[39m[0m[0m	[37m[39m[0m[0m[1m[37m	scratch-vm[39m[22m[0m[0m	Central dispatch replacing existing service provider for runtime

      at Object.c [as transportFormatted] (../scratch-vm/dist/web/webpack:/VirtualMachine/webpack/universalModuleDefinition:1:1)

    console.log
      [37m2026-10-04 20:14:04.398[39m[0m[0m	[33m[1mWARN[22m[39m[0m[0m	[37m[39m[0m[0m[1m[37m	scratch-vm[39m[22m[0m[0m	Central dispatch replacing existing service provider for extensions

      at Object.c [as transportFormatted] (../scratch-vm/dist/web/webpack:/VirtualMachine/webpack/universalModuleDefinition:1:1)

    console.log
      [37m2026-10-04 20:14:04.403[39m[0m[0m	[33m[1mWARN[22m[39m[0m[0m	[37m[39m[0m[0m[1m[37m	scratch-vm[39m[22m[0m[0m	Central dispatch replacing existing service provider for runtime

      at Object.c [as transportFormatted] (../scratch-vm/dist/web/webpack:/VirtualMachine/webpack/universalModuleDefinition:1:1)

    console.log
      [37m2026-10-04 20:14:04.406[39m[0m[0m	[33m[1mWARN[22m[39m[0m[0m	[37m[39m[0m[0m[1m[37m	scratch-vm[39m[22m[0m[0m	Central dispatch replacing existing service provider for extensions

      at Object.c [as transportFormatted] (../scratch-vm/dist/web/webpack:/VirtualMachine/webpack/universalModuleDefinition:1:1)

PASS test/unit/components/mcremote-block-picker.test.jsx
  ● Console

    console.error
      Warning: react-modal: App element is not defined. Please use `Modal.setAppElement(el)` or set `appElement={el}`. This is needed so screen readers don't see main content when modal is opened. It is not recommended, but you can opt-out by setting `ariaHideApp={false}`.

      4 |
      5 | const renderWithIntl = (ui, {locale = 'en', messages = {}} = {}) => ({
    > 6 |     ...render(
        |              ^
      7 |         <IntlProvider
      8 |             locale={locale}
      9 |             messages={messages}

      at printWarning (../../node_modules/warning/warning.js:34:15)
      at warning (../../node_modules/warning/warning.js:57:20)
      at validateElement (../../node_modules/react-modal/lib/helpers/ariaAppHider.js:77:27)
      at Object.hide (../../node_modules/react-modal/lib/helpers/ariaAppHider.js:89:26)
      at ModalPortal.beforeOpen (../../node_modules/react-modal/lib/components/ModalPortal.js:342:22)
      at ModalPortal._this.open (../../node_modules/react-modal/lib/components/ModalPortal.js:135:13)
      at ModalPortal.componentDidMount (../../node_modules/react-modal/lib/components/ModalPortal.js:285:14)
      at commitLayoutEffectOnFiber (../../node_modules/react-dom/cjs/react-dom.development.js:23349:28)
      at commitLayoutMountEffects_complete (../../node_modules/react-dom/cjs/react-dom.development.js:24727:9)
      at commitLayoutEffects_begin (../../node_modules/react-dom/cjs/react-dom.development.js:24713:7)
      at commitLayoutEffects (../../node_modules/react-dom/cjs/react-dom.development.js:24651:3)
      at commitRootImpl (../../node_modules/react-dom/cjs/react-dom.development.js:26862:5)
      at commitRoot (../../node_modules/react-dom/cjs/react-dom.development.js:26721:5)
      at finishConcurrentRender (../../node_modules/react-dom/cjs/react-dom.development.js:26020:9)
      at performConcurrentWorkOnRoot (../../node_modules/react-dom/cjs/react-dom.development.js:25848:7)
      at flushActQueue (../../node_modules/react/cjs/react.development.js:2667:24)
      at act (../../node_modules/react/cjs/react.development.js:2582:11)
      at ../../node_modules/@testing-library/react/dist/act-compat.js:47:25
      at renderRoot (../../node_modules/@testing-library/react/dist/pure.js:180:26)
      at render (../../node_modules/@testing-library/react/dist/pure.js:271:10)
      at renderWithIntl (test/helpers/intl-helpers.jsx:6:14)
      at renderPicker (test/unit/components/mcremote-block-picker.test.jsx:40:61)
      at Object.renderPicker (test/unit/components/mcremote-block-picker.test.jsx:46:9)

    console.error
      Warning: Box: Support for defaultProps will be removed from function components in a future major release. Use JavaScript default parameters instead.
          at alignContent (~/Documents/GitHub/AA_KNOWLEGE_BASED_DEV_SYSTEM/scratch-editor/packages/scratch-gui/src/components/box/box.jsx:33:9)
          at div
          at div
          at ModalPortal (~/Documents/GitHub/AA_KNOWLEGE_BASED_DEV_SYSTEM/scratch-editor/node_modules/react-modal/lib/components/ModalPortal.js:79:5)
          at Modal (~/Documents/GitHub/AA_KNOWLEGE_BASED_DEV_SYSTEM/scratch-editor/node_modules/react-modal/lib/components/Modal.js:73:5)
          at className (~/Documents/GitHub/AA_KNOWLEGE_BASED_DEV_SYSTEM/scratch-editor/packages/scratch-gui/src/components/modal/modal.jsx:19:58)
          at Modal (~/Documents/GitHub/AA_KNOWLEGE_BASED_DEV_SYSTEM/scratch-editor/packages/scratch-gui/src/containers/modal.jsx:10:9)
          at ConnectFunction (~/Documents/GitHub/AA_KNOWLEGE_BASED_DEV_SYSTEM/scratch-editor/node_modules/react-redux/lib/components/connect.js:246:74)
          at catalogState (~/Documents/GitHub/AA_KNOWLEGE_BASED_DEV_SYSTEM/scratch-editor/packages/scratch-gui/src/components/mcremote-block-picker/mcremote-block-picker.jsx:42:5)
          at Provider (~/Documents/GitHub/AA_KNOWLEGE_BASED_DEV_SYSTEM/scratch-editor/node_modules/react-redux/lib/components/Provider.js:19:3)
          at IntlProvider (~/Documents/GitHub/AA_KNOWLEGE_BASED_DEV_SYSTEM/scratch-editor/node_modules/react-intl/src/components/provider.js:33:47)

      4 |
      5 | const renderWithIntl = (ui, {locale = 'en', messages = {}} = {}) => ({
    > 6 |     ...render(
        |              ^
      7 |         <IntlProvider
      8 |             locale={locale}
      9 |             messages={messages}

      at printWarning (../../node_modules/react-dom/cjs/react-dom.development.js:86:30)
      at error (../../node_modules/react-dom/cjs/react-dom.development.js:60:7)
      at validateFunctionComponentInDev (../../node_modules/react-dom/cjs/react-dom.development.js:20230:9)
      at mountIndeterminateComponent (../../node_modules/react-dom/cjs/react-dom.development.js:20189:7)
      at beginWork (../../node_modules/react-dom/cjs/react-dom.development.js:21626:16)
      at beginWork$1 (../../node_modules/react-dom/cjs/react-dom.development.js:27465:14)
      at performUnitOfWork (../../node_modules/react-dom/cjs/react-dom.development.js:26599:12)
      at workLoopSync (../../node_modules/react-dom/cjs/react-dom.development.js:26505:5)
      at renderRootSync (../../node_modules/react-dom/cjs/react-dom.development.js:26473:7)
      at performSyncWorkOnRoot (../../node_modules/react-dom/cjs/react-dom.development.js:26124:20)
      at flushSyncCallbacks (../../node_modules/react-dom/cjs/react-dom.development.js:12042:22)
      at commitRootImpl (../../node_modules/react-dom/cjs/react-dom.development.js:26998:3)
      at commitRoot (../../node_modules/react-dom/cjs/react-dom.development.js:26721:5)
      at finishConcurrentRender (../../node_modules/react-dom/cjs/react-dom.development.js:26020:9)
      at performConcurrentWorkOnRoot (../../node_modules/react-dom/cjs/react-dom.development.js:25848:7)
      at flushActQueue (../../node_modules/react/cjs/react.development.js:2667:24)
      at act (../../node_modules/react/cjs/react.development.js:2582:11)
      at ../../node_modules/@testing-library/react/dist/act-compat.js:47:25
      at renderRoot (../../node_modules/@testing-library/react/dist/pure.js:180:26)
      at render (../../node_modules/@testing-library/react/dist/pure.js:271:10)
      at renderWithIntl (test/helpers/intl-helpers.jsx:6:14)
      at renderPicker (test/unit/components/mcremote-block-picker.test.jsx:40:61)
      at Object.renderPicker (test/unit/components/mcremote-block-picker.test.jsx:46:9)

    console.error
      Warning: CloseButton: Support for defaultProps will be removed from function components in a future major release. Use JavaScript default parameters instead.
          at className (~/Documents/GitHub/AA_KNOWLEGE_BASED_DEV_SYSTEM/scratch-editor/packages/scratch-gui/src/components/close-button/close-button.jsx:17:19)
          at div
          at div
          at div
          at alignContent (~/Documents/GitHub/AA_KNOWLEGE_BASED_DEV_SYSTEM/scratch-editor/packages/scratch-gui/src/components/box/box.jsx:33:9)
          at div
          at div
          at ModalPortal (~/Documents/GitHub/AA_KNOWLEGE_BASED_DEV_SYSTEM/scratch-editor/node_modules/react-modal/lib/components/ModalPortal.js:79:5)
          at Modal (~/Documents/GitHub/AA_KNOWLEGE_BASED_DEV_SYSTEM/scratch-editor/node_modules/react-modal/lib/components/Modal.js:73:5)
          at className (~/Documents/GitHub/AA_KNOWLEGE_BASED_DEV_SYSTEM/scratch-editor/packages/scratch-gui/src/components/modal/modal.jsx:19:58)
          at Modal (~/Documents/GitHub/AA_KNOWLEGE_BASED_DEV_SYSTEM/scratch-editor/packages/scratch-gui/src/containers/modal.jsx:10:9)
          at ConnectFunction (~/Documents/GitHub/AA_KNOWLEGE_BASED_DEV_SYSTEM/scratch-editor/node_modules/react-redux/lib/components/connect.js:246:74)
          at catalogState (~/Documents/GitHub/AA_KNOWLEGE_BASED_DEV_SYSTEM/scratch-editor/packages/scratch-gui/src/components/mcremote-block-picker/mcremote-block-picker.jsx:42:5)
          at Provider (~/Documents/GitHub/AA_KNOWLEGE_BASED_DEV_SYSTEM/scratch-editor/node_modules/react-redux/lib/components/Provider.js:19:3)
          at IntlProvider (~/Documents/GitHub/AA_KNOWLEGE_BASED_DEV_SYSTEM/scratch-editor/node_modules/react-intl/src/components/provider.js:33:47)

      4 |
      5 | const renderWithIntl = (ui, {locale = 'en', messages = {}} = {}) => ({
    > 6 |     ...render(
        |              ^
      7 |         <IntlProvider
      8 |             locale={locale}
      9 |             messages={messages}

      at printWarning (../../node_modules/react-dom/cjs/react-dom.development.js:86:30)
      at error (../../node_modules/react-dom/cjs/react-dom.development.js:60:7)
      at validateFunctionComponentInDev (../../node_modules/react-dom/cjs/react-dom.development.js:20230:9)
      at mountIndeterminateComponent (../../node_modules/react-dom/cjs/react-dom.development.js:20189:7)
      at beginWork (../../node_modules/react-dom/cjs/react-dom.development.js:21626:16)
      at beginWork$1 (../../node_modules/react-dom/cjs/react-dom.development.js:27465:14)
      at performUnitOfWork (../../node_modules/react-dom/cjs/react-dom.development.js:26599:12)
      at workLoopSync (../../node_modules/react-dom/cjs/react-dom.development.js:26505:5)
      at renderRootSync (../../node_modules/react-dom/cjs/react-dom.development.js:26473:7)
      at performSyncWorkOnRoot (../../node_modules/react-dom/cjs/react-dom.development.js:26124:20)
      at flushSyncCallbacks (../../node_modules/react-dom/cjs/react-dom.development.js:12042:22)
      at commitRootImpl (../../node_modules/react-dom/cjs/react-dom.development.js:26998:3)
      at commitRoot (../../node_modules/react-dom/cjs/react-dom.development.js:26721:5)
      at finishConcurrentRender (../../node_modules/react-dom/cjs/react-dom.development.js:26020:9)
      at performConcurrentWorkOnRoot (../../node_modules/react-dom/cjs/react-dom.development.js:25848:7)
      at flushActQueue (../../node_modules/react/cjs/react.development.js:2667:24)
      at act (../../node_modules/react/cjs/react.development.js:2582:11)
      at ../../node_modules/@testing-library/react/dist/act-compat.js:47:25
      at renderRoot (../../node_modules/@testing-library/react/dist/pure.js:180:26)
      at render (../../node_modules/@testing-library/react/dist/pure.js:271:10)
      at renderWithIntl (test/helpers/intl-helpers.jsx:6:14)
      at renderPicker (test/unit/components/mcremote-block-picker.test.jsx:40:61)
      at Object.renderPicker (test/unit/components/mcremote-block-picker.test.jsx:46:9)

    console.error
      Warning: react-modal: App element is not defined. Please use `Modal.setAppElement(el)` or set `appElement={el}`. This is needed so screen readers don't see main content when modal is opened. It is not recommended, but you can opt-out by setting `ariaHideApp={false}`.

      at printWarning (../../node_modules/warning/warning.js:34:15)
      at warning (../../node_modules/warning/warning.js:57:20)
      at validateElement (../../node_modules/react-modal/lib/helpers/ariaAppHider.js:77:27)
      at Object.show (../../node_modules/react-modal/lib/helpers/ariaAppHider.js:116:27)
      at ModalPortal._this.afterClose (../../node_modules/react-modal/lib/components/ModalPortal.js:114:24)
      at ModalPortal.componentWillUnmount (../../node_modules/react-modal/lib/components/ModalPortal.js:317:14)
      at callComponentWillUnmountWithTimer (../../node_modules/react-dom/cjs/react-dom.development.js:22896:14)
      at safelyCallComponentWillUnmount (../../node_modules/react-dom/cjs/react-dom.development.js:22912:5)
      at commitDeletionEffectsOnFiber (../../node_modules/react-dom/cjs/react-dom.development.js:24168:13)
      at recursivelyTraverseDeletionEffects (../../node_modules/react-dom/cjs/react-dom.development.js:24028:5)
      at commitDeletionEffectsOnFiber (../../node_modules/react-dom/cjs/react-dom.development.js:24101:11)
      at recursivelyTraverseDeletionEffects (../../node_modules/react-dom/cjs/react-dom.development.js:24028:5)
      at commitDeletionEffectsOnFiber (../../node_modules/react-dom/cjs/react-dom.development.js:24172:9)
      at recursivelyTraverseDeletionEffects (../../node_modules/react-dom/cjs/react-dom.development.js:24028:5)
      at commitDeletionEffectsOnFiber (../../node_modules/react-dom/cjs/react-dom.development.js:24157:9)
      at recursivelyTraverseDeletionEffects (../../node_modules/react-dom/cjs/react-dom.development.js:24028:5)
      at commitDeletionEffectsOnFiber (../../node_modules/react-dom/cjs/react-dom.development.js:24172:9)
      at recursivelyTraverseDeletionEffects (../../node_modules/react-dom/cjs/react-dom.development.js:24028:5)
      at commitDeletionEffectsOnFiber (../../node_modules/react-dom/cjs/react-dom.development.js:24209:9)
      at recursivelyTraverseDeletionEffects (../../node_modules/react-dom/cjs/react-dom.development.js:24028:5)
      at commitDeletionEffectsOnFiber (../../node_modules/react-dom/cjs/react-dom.development.js:24157:9)
      at recursivelyTraverseDeletionEffects (../../node_modules/react-dom/cjs/react-dom.development.js:24028:5)
      at commitDeletionEffectsOnFiber (../../node_modules/react-dom/cjs/react-dom.development.js:24157:9)
      at recursivelyTraverseDeletionEffects (../../node_modules/react-dom/cjs/react-dom.development.js:24028:5)
      at commitDeletionEffectsOnFiber (../../node_modules/react-dom/cjs/react-dom.development.js:24209:9)
      at recursivelyTraverseDeletionEffects (../../node_modules/react-dom/cjs/react-dom.development.js:24028:5)
      at commitDeletionEffectsOnFiber (../../node_modules/react-dom/cjs/react-dom.development.js:24157:9)
      at recursivelyTraverseDeletionEffects (../../node_modules/react-dom/cjs/react-dom.development.js:24028:5)
      at commitDeletionEffectsOnFiber (../../node_modules/react-dom/cjs/react-dom.development.js:24209:9)
      at recursivelyTraverseDeletionEffects (../../node_modules/react-dom/cjs/react-dom.development.js:24028:5)
      at commitDeletionEffectsOnFiber (../../node_modules/react-dom/cjs/react-dom.development.js:24172:9)
      at commitDeletionEffects (../../node_modules/react-dom/cjs/react-dom.development.js:24015:5)
      at recursivelyTraverseMutationEffects (../../node_modules/react-dom/cjs/react-dom.development.js:24298:9)
      at commitMutationEffectsOnFiber (../../node_modules/react-dom/cjs/react-dom.development.js:24471:9)
      at commitMutationEffects (../../node_modules/react-dom/cjs/react-dom.development.js:24282:3)
      at commitRootImpl (../../node_modules/react-dom/cjs/react-dom.development.js:26849:5)
      at commitRoot (../../node_modules/react-dom/cjs/react-dom.development.js:26721:5)
      at performSyncWorkOnRoot (../../node_modules/react-dom/cjs/react-dom.development.js:26156:3)
      at flushSyncCallbacks (../../node_modules/react-dom/cjs/react-dom.development.js:12042:22)
      at flushSync (../../node_modules/react-dom/cjs/react-dom.development.js:26240:7)
      at ReactDOMRoot.Object.<anonymous>.ReactDOMHydrationRoot.unmount.ReactDOMRoot.unmount [as unmount] (../../node_modules/react-dom/cjs/react-dom.development.js:29375:5)
      at Object.unmount (../../node_modules/@testing-library/react/dist/pure.js:155:12)
      at ../../node_modules/@testing-library/react/dist/pure.js:286:12
      at ../../node_modules/@testing-library/react/dist/act-compat.js:48:24
      at act (../../node_modules/react/cjs/react.development.js:2512:16)
      at ../../node_modules/@testing-library/react/dist/act-compat.js:47:25
      at ../../node_modules/@testing-library/react/dist/pure.js:285:28
          at Array.forEach (<anonymous>)
      at cleanup (../../node_modules/@testing-library/react/dist/pure.js:281:22)
      at Object.<anonymous> (../../node_modules/@testing-library/react/dist/index.js:29:25)

    console.error
      Warning: react-modal: App element is not defined. Please use `Modal.setAppElement(el)` or set `appElement={el}`. This is needed so screen readers don't see main content when modal is opened. It is not recommended, but you can opt-out by setting `ariaHideApp={false}`.

      4 |
      5 | const renderWithIntl = (ui, {locale = 'en', messages = {}} = {}) => ({
    > 6 |     ...render(
        |              ^
      7 |         <IntlProvider
      8 |             locale={locale}
      9 |             messages={messages}

      at printWarning (../../node_modules/warning/warning.js:34:15)
      at warning (../../node_modules/warning/warning.js:57:20)
      at validateElement (../../node_modules/react-modal/lib/helpers/ariaAppHider.js:77:27)
      at Object.hide (../../node_modules/react-modal/lib/helpers/ariaAppHider.js:89:26)
      at ModalPortal.beforeOpen (../../node_modules/react-modal/lib/components/ModalPortal.js:342:22)
      at ModalPortal._this.open (../../node_modules/react-modal/lib/components/ModalPortal.js:135:13)
      at ModalPortal.componentDidMount (../../node_modules/react-modal/lib/components/ModalPortal.js:285:14)
      at commitLayoutEffectOnFiber (../../node_modules/react-dom/cjs/react-dom.development.js:23349:28)
      at commitLayoutMountEffects_complete (../../node_modules/react-dom/cjs/react-dom.development.js:24727:9)
      at commitLayoutEffects_begin (../../node_modules/react-dom/cjs/react-dom.development.js:24713:7)
      at commitLayoutEffects (../../node_modules/react-dom/cjs/react-dom.development.js:24651:3)
      at commitRootImpl (../../node_modules/react-dom/cjs/react-dom.development.js:26862:5)
      at commitRoot (../../node_modules/react-dom/cjs/react-dom.development.js:26721:5)
      at finishConcurrentRender (../../node_modules/react-dom/cjs/react-dom.development.js:26020:9)
      at performConcurrentWorkOnRoot (../../node_modules/react-dom/cjs/react-dom.development.js:25848:7)
      at flushActQueue (../../node_modules/react/cjs/react.development.js:2667:24)
      at act (../../node_modules/react/cjs/react.development.js:2582:11)
      at ../../node_modules/@testing-library/react/dist/act-compat.js:47:25
      at renderRoot (../../node_modules/@testing-library/react/dist/pure.js:180:26)
      at render (../../node_modules/@testing-library/react/dist/pure.js:271:10)
      at renderWithIntl (test/helpers/intl-helpers.jsx:6:14)
      at renderPicker (test/unit/components/mcremote-block-picker.test.jsx:40:61)
      at Object.renderPicker (test/unit/components/mcremote-block-picker.test.jsx:79:9)

    console.error
      Warning: react-modal: App element is not defined. Please use `Modal.setAppElement(el)` or set `appElement={el}`. This is needed so screen readers don't see main content when modal is opened. It is not recommended, but you can opt-out by setting `ariaHideApp={false}`.

      at printWarning (../../node_modules/warning/warning.js:34:15)
      at warning (../../node_modules/warning/warning.js:57:20)
      at validateElement (../../node_modules/react-modal/lib/helpers/ariaAppHider.js:77:27)
      at Object.show (../../node_modules/react-modal/lib/helpers/ariaAppHider.js:116:27)
      at ModalPortal._this.afterClose (../../node_modules/react-modal/lib/components/ModalPortal.js:114:24)
      at ModalPortal.componentWillUnmount (../../node_modules/react-modal/lib/components/ModalPortal.js:317:14)
      at callComponentWillUnmountWithTimer (../../node_modules/react-dom/cjs/react-dom.development.js:22896:14)
      at safelyCallComponentWillUnmount (../../node_modules/react-dom/cjs/react-dom.development.js:22912:5)
      at commitDeletionEffectsOnFiber (../../node_modules/react-dom/cjs/react-dom.development.js:24168:13)
      at recursivelyTraverseDeletionEffects (../../node_modules/react-dom/cjs/react-dom.development.js:24028:5)
      at commitDeletionEffectsOnFiber (../../node_modules/react-dom/cjs/react-dom.development.js:24101:11)
      at recursivelyTraverseDeletionEffects (../../node_modules/react-dom/cjs/react-dom.development.js:24028:5)
      at commitDeletionEffectsOnFiber (../../node_modules/react-dom/cjs/react-dom.development.js:24172:9)
      at recursivelyTraverseDeletionEffects (../../node_modules/react-dom/cjs/react-dom.development.js:24028:5)
      at commitDeletionEffectsOnFiber (../../node_modules/react-dom/cjs/react-dom.development.js:24157:9)
      at recursivelyTraverseDeletionEffects (../../node_modules/react-dom/cjs/react-dom.development.js:24028:5)
      at commitDeletionEffectsOnFiber (../../node_modules/react-dom/cjs/react-dom.development.js:24172:9)
      at recursivelyTraverseDeletionEffects (../../node_modules/react-dom/cjs/react-dom.development.js:24028:5)
      at commitDeletionEffectsOnFiber (../../node_modules/react-dom/cjs/react-dom.development.js:24209:9)
      at recursivelyTraverseDeletionEffects (../../node_modules/react-dom/cjs/react-dom.development.js:24028:5)
      at commitDeletionEffectsOnFiber (../../node_modules/react-dom/cjs/react-dom.development.js:24157:9)
      at recursivelyTraverseDeletionEffects (../../node_modules/react-dom/cjs/react-dom.development.js:24028:5)
      at commitDeletionEffectsOnFiber (../../node_modules/react-dom/cjs/react-dom.development.js:24157:9)
      at recursivelyTraverseDeletionEffects (../../node_modules/react-dom/cjs/react-dom.development.js:24028:5)
      at commitDeletionEffectsOnFiber (../../node_modules/react-dom/cjs/react-dom.development.js:24209:9)
      at recursivelyTraverseDeletionEffects (../../node_modules/react-dom/cjs/react-dom.development.js:24028:5)
      at commitDeletionEffectsOnFiber (../../node_modules/react-dom/cjs/react-dom.development.js:24157:9)
      at recursivelyTraverseDeletionEffects (../../node_modules/react-dom/cjs/react-dom.development.js:24028:5)
      at commitDeletionEffectsOnFiber (../../node_modules/react-dom/cjs/react-dom.development.js:24209:9)
      at recursivelyTraverseDeletionEffects (../../node_modules/react-dom/cjs/react-dom.development.js:24028:5)
      at commitDeletionEffectsOnFiber (../../node_modules/react-dom/cjs/react-dom.development.js:24172:9)
      at commitDeletionEffects (../../node_modules/react-dom/cjs/react-dom.development.js:24015:5)
      at recursivelyTraverseMutationEffects (../../node_modules/react-dom/cjs/react-dom.development.js:24298:9)
      at commitMutationEffectsOnFiber (../../node_modules/react-dom/cjs/react-dom.development.js:24471:9)
      at commitMutationEffects (../../node_modules/react-dom/cjs/react-dom.development.js:24282:3)
      at commitRootImpl (../../node_modules/react-dom/cjs/react-dom.development.js:26849:5)
      at commitRoot (../../node_modules/react-dom/cjs/react-dom.development.js:26721:5)
      at performSyncWorkOnRoot (../../node_modules/react-dom/cjs/react-dom.development.js:26156:3)
      at flushSyncCallbacks (../../node_modules/react-dom/cjs/react-dom.development.js:12042:22)
      at flushSync (../../node_modules/react-dom/cjs/react-dom.development.js:26240:7)
      at ReactDOMRoot.Object.<anonymous>.ReactDOMHydrationRoot.unmount.ReactDOMRoot.unmount [as unmount] (../../node_modules/react-dom/cjs/react-dom.development.js:29375:5)
      at Object.unmount (../../node_modules/@testing-library/react/dist/pure.js:155:12)
      at ../../node_modules/@testing-library/react/dist/pure.js:286:12
      at ../../node_modules/@testing-library/react/dist/act-compat.js:48:24
      at act (../../node_modules/react/cjs/react.development.js:2512:16)
      at ../../node_modules/@testing-library/react/dist/act-compat.js:47:25
      at ../../node_modules/@testing-library/react/dist/pure.js:285:28
          at Array.forEach (<anonymous>)
      at cleanup (../../node_modules/@testing-library/react/dist/pure.js:281:22)
      at Object.<anonymous> (../../node_modules/@testing-library/react/dist/index.js:29:25)

    console.error
      Warning: react-modal: App element is not defined. Please use `Modal.setAppElement(el)` or set `appElement={el}`. This is needed so screen readers don't see main content when modal is opened. It is not recommended, but you can opt-out by setting `ariaHideApp={false}`.

      4 |
      5 | const renderWithIntl = (ui, {locale = 'en', messages = {}} = {}) => ({
    > 6 |     ...render(
        |              ^
      7 |         <IntlProvider
      8 |             locale={locale}
      9 |             messages={messages}

      at printWarning (../../node_modules/warning/warning.js:34:15)
      at warning (../../node_modules/warning/warning.js:57:20)
      at validateElement (../../node_modules/react-modal/lib/helpers/ariaAppHider.js:77:27)
      at Object.hide (../../node_modules/react-modal/lib/helpers/ariaAppHider.js:89:26)
      at ModalPortal.beforeOpen (../../node_modules/react-modal/lib/components/ModalPortal.js:342:22)
      at ModalPortal._this.open (../../node_modules/react-modal/lib/components/ModalPortal.js:135:13)
      at ModalPortal.componentDidMount (../../node_modules/react-modal/lib/components/ModalPortal.js:285:14)
      at commitLayoutEffectOnFiber (../../node_modules/react-dom/cjs/react-dom.development.js:23349:28)
      at commitLayoutMountEffects_complete (../../node_modules/react-dom/cjs/react-dom.development.js:24727:9)
      at commitLayoutEffects_begin (../../node_modules/react-dom/cjs/react-dom.development.js:24713:7)
      at commitLayoutEffects (../../node_modules/react-dom/cjs/react-dom.development.js:24651:3)
      at commitRootImpl (../../node_modules/react-dom/cjs/react-dom.development.js:26862:5)
      at commitRoot (../../node_modules/react-dom/cjs/react-dom.development.js:26721:5)
      at finishConcurrentRender (../../node_modules/react-dom/cjs/react-dom.development.js:26020:9)
      at performConcurrentWorkOnRoot (../../node_modules/react-dom/cjs/react-dom.development.js:25848:7)
      at flushActQueue (../../node_modules/react/cjs/react.development.js:2667:24)
      at act (../../node_modules/react/cjs/react.development.js:2582:11)
      at ../../node_modules/@testing-library/react/dist/act-compat.js:47:25
      at renderRoot (../../node_modules/@testing-library/react/dist/pure.js:180:26)
      at render (../../node_modules/@testing-library/react/dist/pure.js:271:10)
      at renderWithIntl (test/helpers/intl-helpers.jsx:6:14)
      at renderPicker (test/unit/components/mcremote-block-picker.test.jsx:40:61)
      at Object.renderPicker (test/unit/components/mcremote-block-picker.test.jsx:104:9)

    console.error
      Warning: react-modal: App element is not defined. Please use `Modal.setAppElement(el)` or set `appElement={el}`. This is needed so screen readers don't see main content when modal is opened. It is not recommended, but you can opt-out by setting `ariaHideApp={false}`.

      at printWarning (../../node_modules/warning/warning.js:34:15)
      at warning (../../node_modules/warning/warning.js:57:20)
      at validateElement (../../node_modules/react-modal/lib/helpers/ariaAppHider.js:77:27)
      at Object.show (../../node_modules/react-modal/lib/helpers/ariaAppHider.js:116:27)
      at ModalPortal._this.afterClose (../../node_modules/react-modal/lib/components/ModalPortal.js:114:24)
      at ModalPortal.componentWillUnmount (../../node_modules/react-modal/lib/components/ModalPortal.js:317:14)
      at callComponentWillUnmountWithTimer (../../node_modules/react-dom/cjs/react-dom.development.js:22896:14)
      at safelyCallComponentWillUnmount (../../node_modules/react-dom/cjs/react-dom.development.js:22912:5)
      at commitDeletionEffectsOnFiber (../../node_modules/react-dom/cjs/react-dom.development.js:24168:13)
      at recursivelyTraverseDeletionEffects (../../node_modules/react-dom/cjs/react-dom.development.js:24028:5)
      at commitDeletionEffectsOnFiber (../../node_modules/react-dom/cjs/react-dom.development.js:24101:11)
      at recursivelyTraverseDeletionEffects (../../node_modules/react-dom/cjs/react-dom.development.js:24028:5)
      at commitDeletionEffectsOnFiber (../../node_modules/react-dom/cjs/react-dom.development.js:24172:9)
      at recursivelyTraverseDeletionEffects (../../node_modules/react-dom/cjs/react-dom.development.js:24028:5)
      at commitDeletionEffectsOnFiber (../../node_modules/react-dom/cjs/react-dom.development.js:24157:9)
      at recursivelyTraverseDeletionEffects (../../node_modules/react-dom/cjs/react-dom.development.js:24028:5)
      at commitDeletionEffectsOnFiber (../../node_modules/react-dom/cjs/react-dom.development.js:24172:9)
      at recursivelyTraverseDeletionEffects (../../node_modules/react-dom/cjs/react-dom.development.js:24028:5)
      at commitDeletionEffectsOnFiber (../../node_modules/react-dom/cjs/react-dom.development.js:24209:9)
      at recursivelyTraverseDeletionEffects (../../node_modules/react-dom/cjs/react-dom.development.js:24028:5)
      at commitDeletionEffectsOnFiber (../../node_modules/react-dom/cjs/react-dom.development.js:24157:9)
      at recursivelyTraverseDeletionEffects (../../node_modules/react-dom/cjs/react-dom.development.js:24028:5)
      at commitDeletionEffectsOnFiber (../../node_modules/react-dom/cjs/react-dom.development.js:24157:9)
      at recursivelyTraverseDeletionEffects (../../node_modules/react-dom/cjs/react-dom.development.js:24028:5)
      at commitDeletionEffectsOnFiber (../../node_modules/react-dom/cjs/react-dom.development.js:24209:9)
      at recursivelyTraverseDeletionEffects (../../node_modules/react-dom/cjs/react-dom.development.js:24028:5)
      at commitDeletionEffectsOnFiber (../../node_modules/react-dom/cjs/react-dom.development.js:24157:9)
      at recursivelyTraverseDeletionEffects (../../node_modules/react-dom/cjs/react-dom.development.js:24028:5)
      at commitDeletionEffectsOnFiber (../../node_modules/react-dom/cjs/react-dom.development.js:24209:9)
      at recursivelyTraverseDeletionEffects (../../node_modules/react-dom/cjs/react-dom.development.js:24028:5)
      at commitDeletionEffectsOnFiber (../../node_modules/react-dom/cjs/react-dom.development.js:24172:9)
      at commitDeletionEffects (../../node_modules/react-dom/cjs/react-dom.development.js:24015:5)
      at recursivelyTraverseMutationEffects (../../node_modules/react-dom/cjs/react-dom.development.js:24298:9)
      at commitMutationEffectsOnFiber (../../node_modules/react-dom/cjs/react-dom.development.js:24471:9)
      at commitMutationEffects (../../node_modules/react-dom/cjs/react-dom.development.js:24282:3)
      at commitRootImpl (../../node_modules/react-dom/cjs/react-dom.development.js:26849:5)
      at commitRoot (../../node_modules/react-dom/cjs/react-dom.development.js:26721:5)
      at performSyncWorkOnRoot (../../node_modules/react-dom/cjs/react-dom.development.js:26156:3)
      at flushSyncCallbacks (../../node_modules/react-dom/cjs/react-dom.development.js:12042:22)
      at flushSync (../../node_modules/react-dom/cjs/react-dom.development.js:26240:7)
      at ReactDOMRoot.Object.<anonymous>.ReactDOMHydrationRoot.unmount.ReactDOMRoot.unmount [as unmount] (../../node_modules/react-dom/cjs/react-dom.development.js:29375:5)
      at Object.unmount (../../node_modules/@testing-library/react/dist/pure.js:155:12)
      at ../../node_modules/@testing-library/react/dist/pure.js:286:12
      at ../../node_modules/@testing-library/react/dist/act-compat.js:48:24
      at act (../../node_modules/react/cjs/react.development.js:2512:16)
      at ../../node_modules/@testing-library/react/dist/act-compat.js:47:25
      at ../../node_modules/@testing-library/react/dist/pure.js:285:28
          at Array.forEach (<anonymous>)
      at cleanup (../../node_modules/@testing-library/react/dist/pure.js:281:22)
      at Object.<anonymous> (../../node_modules/@testing-library/react/dist/index.js:29:25)

    console.error
      Warning: react-modal: App element is not defined. Please use `Modal.setAppElement(el)` or set `appElement={el}`. This is needed so screen readers don't see main content when modal is opened. It is not recommended, but you can opt-out by setting `ariaHideApp={false}`.

      4 |
      5 | const renderWithIntl = (ui, {locale = 'en', messages = {}} = {}) => ({
    > 6 |     ...render(
        |              ^
      7 |         <IntlProvider
      8 |             locale={locale}
      9 |             messages={messages}

      at printWarning (../../node_modules/warning/warning.js:34:15)
      at warning (../../node_modules/warning/warning.js:57:20)
      at validateElement (../../node_modules/react-modal/lib/helpers/ariaAppHider.js:77:27)
      at Object.hide (../../node_modules/react-modal/lib/helpers/ariaAppHider.js:89:26)
      at ModalPortal.beforeOpen (../../node_modules/react-modal/lib/components/ModalPortal.js:342:22)
      at ModalPortal._this.open (../../node_modules/react-modal/lib/components/ModalPortal.js:135:13)
      at ModalPortal.componentDidMount (../../node_modules/react-modal/lib/components/ModalPortal.js:285:14)
      at commitLayoutEffectOnFiber (../../node_modules/react-dom/cjs/react-dom.development.js:23349:28)
      at commitLayoutMountEffects_complete (../../node_modules/react-dom/cjs/react-dom.development.js:24727:9)
      at commitLayoutEffects_begin (../../node_modules/react-dom/cjs/react-dom.development.js:24713:7)
      at commitLayoutEffects (../../node_modules/react-dom/cjs/react-dom.development.js:24651:3)
      at commitRootImpl (../../node_modules/react-dom/cjs/react-dom.development.js:26862:5)
      at commitRoot (../../node_modules/react-dom/cjs/react-dom.development.js:26721:5)
      at finishConcurrentRender (../../node_modules/react-dom/cjs/react-dom.development.js:26020:9)
      at performConcurrentWorkOnRoot (../../node_modules/react-dom/cjs/react-dom.development.js:25848:7)
      at flushActQueue (../../node_modules/react/cjs/react.development.js:2667:24)
      at act (../../node_modules/react/cjs/react.development.js:2582:11)
      at ../../node_modules/@testing-library/react/dist/act-compat.js:47:25
      at renderRoot (../../node_modules/@testing-library/react/dist/pure.js:180:26)
      at render (../../node_modules/@testing-library/react/dist/pure.js:271:10)
      at renderWithIntl (test/helpers/intl-helpers.jsx:6:14)
      at renderPicker (test/unit/components/mcremote-block-picker.test.jsx:40:61)
      at renderPicker (test/unit/components/mcremote-block-picker.test.jsx:124:9)

    console.error
      Warning: react-modal: App element is not defined. Please use `Modal.setAppElement(el)` or set `appElement={el}`. This is needed so screen readers don't see main content when modal is opened. It is not recommended, but you can opt-out by setting `ariaHideApp={false}`.

      at printWarning (../../node_modules/warning/warning.js:34:15)
      at warning (../../node_modules/warning/warning.js:57:20)
      at validateElement (../../node_modules/react-modal/lib/helpers/ariaAppHider.js:77:27)
      at Object.show (../../node_modules/react-modal/lib/helpers/ariaAppHider.js:116:27)
      at ModalPortal._this.afterClose (../../node_modules/react-modal/lib/components/ModalPortal.js:114:24)
      at ModalPortal.componentWillUnmount (../../node_modules/react-modal/lib/components/ModalPortal.js:317:14)
      at callComponentWillUnmountWithTimer (../../node_modules/react-dom/cjs/react-dom.development.js:22896:14)
      at safelyCallComponentWillUnmount (../../node_modules/react-dom/cjs/react-dom.development.js:22912:5)
      at commitDeletionEffectsOnFiber (../../node_modules/react-dom/cjs/react-dom.development.js:24168:13)
      at recursivelyTraverseDeletionEffects (../../node_modules/react-dom/cjs/react-dom.development.js:24028:5)
      at commitDeletionEffectsOnFiber (../../node_modules/react-dom/cjs/react-dom.development.js:24101:11)
      at recursivelyTraverseDeletionEffects (../../node_modules/react-dom/cjs/react-dom.development.js:24028:5)
      at commitDeletionEffectsOnFiber (../../node_modules/react-dom/cjs/react-dom.development.js:24172:9)
      at recursivelyTraverseDeletionEffects (../../node_modules/react-dom/cjs/react-dom.development.js:24028:5)
      at commitDeletionEffectsOnFiber (../../node_modules/react-dom/cjs/react-dom.development.js:24157:9)
      at recursivelyTraverseDeletionEffects (../../node_modules/react-dom/cjs/react-dom.development.js:24028:5)
      at commitDeletionEffectsOnFiber (../../node_modules/react-dom/cjs/react-dom.development.js:24172:9)
      at recursivelyTraverseDeletionEffects (../../node_modules/react-dom/cjs/react-dom.development.js:24028:5)
      at commitDeletionEffectsOnFiber (../../node_modules/react-dom/cjs/react-dom.development.js:24209:9)
      at recursivelyTraverseDeletionEffects (../../node_modules/react-dom/cjs/react-dom.development.js:24028:5)
      at commitDeletionEffectsOnFiber (../../node_modules/react-dom/cjs/react-dom.development.js:24157:9)
      at recursivelyTraverseDeletionEffects (../../node_modules/react-dom/cjs/react-dom.development.js:24028:5)
      at commitDeletionEffectsOnFiber (../../node_modules/react-dom/cjs/react-dom.development.js:24157:9)
      at recursivelyTraverseDeletionEffects (../../node_modules/react-dom/cjs/react-dom.development.js:24028:5)
      at commitDeletionEffectsOnFiber (../../node_modules/react-dom/cjs/react-dom.development.js:24209:9)
      at recursivelyTraverseDeletionEffects (../../node_modules/react-dom/cjs/react-dom.development.js:24028:5)
      at commitDeletionEffectsOnFiber (../../node_modules/react-dom/cjs/react-dom.development.js:24157:9)
      at recursivelyTraverseDeletionEffects (../../node_modules/react-dom/cjs/react-dom.development.js:24028:5)
      at commitDeletionEffectsOnFiber (../../node_modules/react-dom/cjs/react-dom.development.js:24209:9)
      at recursivelyTraverseDeletionEffects (../../node_modules/react-dom/cjs/react-dom.development.js:24028:5)
      at commitDeletionEffectsOnFiber (../../node_modules/react-dom/cjs/react-dom.development.js:24172:9)
      at commitDeletionEffects (../../node_modules/react-dom/cjs/react-dom.development.js:24015:5)
      at recursivelyTraverseMutationEffects (../../node_modules/react-dom/cjs/react-dom.development.js:24298:9)
      at commitMutationEffectsOnFiber (../../node_modules/react-dom/cjs/react-dom.development.js:24471:9)
      at commitMutationEffects (../../node_modules/react-dom/cjs/react-dom.development.js:24282:3)
      at commitRootImpl (../../node_modules/react-dom/cjs/react-dom.development.js:26849:5)
      at commitRoot (../../node_modules/react-dom/cjs/react-dom.development.js:26721:5)
      at performSyncWorkOnRoot (../../node_modules/react-dom/cjs/react-dom.development.js:26156:3)
      at flushSyncCallbacks (../../node_modules/react-dom/cjs/react-dom.development.js:12042:22)
      at flushSync (../../node_modules/react-dom/cjs/react-dom.development.js:26240:7)
      at ReactDOMRoot.Object.<anonymous>.ReactDOMHydrationRoot.unmount.ReactDOMRoot.unmount [as unmount] (../../node_modules/react-dom/cjs/react-dom.development.js:29375:5)
      at Object.unmount (../../node_modules/@testing-library/react/dist/pure.js:155:12)
      at ../../node_modules/@testing-library/react/dist/pure.js:286:12
      at ../../node_modules/@testing-library/react/dist/act-compat.js:48:24
      at act (../../node_modules/react/cjs/react.development.js:2512:16)
      at ../../node_modules/@testing-library/react/dist/act-compat.js:47:25
      at ../../node_modules/@testing-library/react/dist/pure.js:285:28
          at Array.forEach (<anonymous>)
      at cleanup (../../node_modules/@testing-library/react/dist/pure.js:281:22)
      at Object.<anonymous> (../../node_modules/@testing-library/react/dist/index.js:29:25)

    console.error
      Warning: react-modal: App element is not defined. Please use `Modal.setAppElement(el)` or set `appElement={el}`. This is needed so screen readers don't see main content when modal is opened. It is not recommended, but you can opt-out by setting `ariaHideApp={false}`.

      4 |
      5 | const renderWithIntl = (ui, {locale = 'en', messages = {}} = {}) => ({
    > 6 |     ...render(
        |              ^
      7 |         <IntlProvider
      8 |             locale={locale}
      9 |             messages={messages}

      at printWarning (../../node_modules/warning/warning.js:34:15)
      at warning (../../node_modules/warning/warning.js:57:20)
      at validateElement (../../node_modules/react-modal/lib/helpers/ariaAppHider.js:77:27)
      at Object.hide (../../node_modules/react-modal/lib/helpers/ariaAppHider.js:89:26)
      at ModalPortal.beforeOpen (../../node_modules/react-modal/lib/components/ModalPortal.js:342:22)
      at ModalPortal._this.open (../../node_modules/react-modal/lib/components/ModalPortal.js:135:13)
      at ModalPortal.componentDidMount (../../node_modules/react-modal/lib/components/ModalPortal.js:285:14)
      at commitLayoutEffectOnFiber (../../node_modules/react-dom/cjs/react-dom.development.js:23349:28)
      at commitLayoutMountEffects_complete (../../node_modules/react-dom/cjs/react-dom.development.js:24727:9)
      at commitLayoutEffects_begin (../../node_modules/react-dom/cjs/react-dom.development.js:24713:7)
      at commitLayoutEffects (../../node_modules/react-dom/cjs/react-dom.development.js:24651:3)
      at commitRootImpl (../../node_modules/react-dom/cjs/react-dom.development.js:26862:5)
      at commitRoot (../../node_modules/react-dom/cjs/react-dom.development.js:26721:5)
      at finishConcurrentRender (../../node_modules/react-dom/cjs/react-dom.development.js:26020:9)
      at performConcurrentWorkOnRoot (../../node_modules/react-dom/cjs/react-dom.development.js:25848:7)
      at flushActQueue (../../node_modules/react/cjs/react.development.js:2667:24)
      at act (../../node_modules/react/cjs/react.development.js:2582:11)
      at ../../node_modules/@testing-library/react/dist/act-compat.js:47:25
      at renderRoot (../../node_modules/@testing-library/react/dist/pure.js:180:26)
      at render (../../node_modules/@testing-library/react/dist/pure.js:271:10)
      at renderWithIntl (test/helpers/intl-helpers.jsx:6:14)
      at renderPicker (test/unit/components/mcremote-block-picker.test.jsx:40:61)
      at renderPicker (test/unit/components/mcremote-block-picker.test.jsx:124:9)

    console.error
      Warning: react-modal: App element is not defined. Please use `Modal.setAppElement(el)` or set `appElement={el}`. This is needed so screen readers don't see main content when modal is opened. It is not recommended, but you can opt-out by setting `ariaHideApp={false}`.

      at printWarning (../../node_modules/warning/warning.js:34:15)
      at warning (../../node_modules/warning/warning.js:57:20)
      at validateElement (../../node_modules/react-modal/lib/helpers/ariaAppHider.js:77:27)
      at Object.show (../../node_modules/react-modal/lib/helpers/ariaAppHider.js:116:27)
      at ModalPortal._this.afterClose (../../node_modules/react-modal/lib/components/ModalPortal.js:114:24)
      at ModalPortal.componentWillUnmount (../../node_modules/react-modal/lib/components/ModalPortal.js:317:14)
      at callComponentWillUnmountWithTimer (../../node_modules/react-dom/cjs/react-dom.development.js:22896:14)
      at safelyCallComponentWillUnmount (../../node_modules/react-dom/cjs/react-dom.development.js:22912:5)
      at commitDeletionEffectsOnFiber (../../node_modules/react-dom/cjs/react-dom.development.js:24168:13)
      at recursivelyTraverseDeletionEffects (../../node_modules/react-dom/cjs/react-dom.development.js:24028:5)
      at commitDeletionEffectsOnFiber (../../node_modules/react-dom/cjs/react-dom.development.js:24101:11)
      at recursivelyTraverseDeletionEffects (../../node_modules/react-dom/cjs/react-dom.development.js:24028:5)
      at commitDeletionEffectsOnFiber (../../node_modules/react-dom/cjs/react-dom.development.js:24172:9)
      at recursivelyTraverseDeletionEffects (../../node_modules/react-dom/cjs/react-dom.development.js:24028:5)
      at commitDeletionEffectsOnFiber (../../node_modules/react-dom/cjs/react-dom.development.js:24157:9)
      at recursivelyTraverseDeletionEffects (../../node_modules/react-dom/cjs/react-dom.development.js:24028:5)
      at commitDeletionEffectsOnFiber (../../node_modules/react-dom/cjs/react-dom.development.js:24172:9)
      at recursivelyTraverseDeletionEffects (../../node_modules/react-dom/cjs/react-dom.development.js:24028:5)
      at commitDeletionEffectsOnFiber (../../node_modules/react-dom/cjs/react-dom.development.js:24209:9)
      at recursivelyTraverseDeletionEffects (../../node_modules/react-dom/cjs/react-dom.development.js:24028:5)
      at commitDeletionEffectsOnFiber (../../node_modules/react-dom/cjs/react-dom.development.js:24157:9)
      at recursivelyTraverseDeletionEffects (../../node_modules/react-dom/cjs/react-dom.development.js:24028:5)
      at commitDeletionEffectsOnFiber (../../node_modules/react-dom/cjs/react-dom.development.js:24157:9)
      at recursivelyTraverseDeletionEffects (../../node_modules/react-dom/cjs/react-dom.development.js:24028:5)
      at commitDeletionEffectsOnFiber (../../node_modules/react-dom/cjs/react-dom.development.js:24209:9)
      at recursivelyTraverseDeletionEffects (../../node_modules/react-dom/cjs/react-dom.development.js:24028:5)
      at commitDeletionEffectsOnFiber (../../node_modules/react-dom/cjs/react-dom.development.js:24157:9)
      at recursivelyTraverseDeletionEffects (../../node_modules/react-dom/cjs/react-dom.development.js:24028:5)
      at commitDeletionEffectsOnFiber (../../node_modules/react-dom/cjs/react-dom.development.js:24209:9)
      at recursivelyTraverseDeletionEffects (../../node_modules/react-dom/cjs/react-dom.development.js:24028:5)
      at commitDeletionEffectsOnFiber (../../node_modules/react-dom/cjs/react-dom.development.js:24172:9)
      at commitDeletionEffects (../../node_modules/react-dom/cjs/react-dom.development.js:24015:5)
      at recursivelyTraverseMutationEffects (../../node_modules/react-dom/cjs/react-dom.development.js:24298:9)
      at commitMutationEffectsOnFiber (../../node_modules/react-dom/cjs/react-dom.development.js:24471:9)
      at commitMutationEffects (../../node_modules/react-dom/cjs/react-dom.development.js:24282:3)
      at commitRootImpl (../../node_modules/react-dom/cjs/react-dom.development.js:26849:5)
      at commitRoot (../../node_modules/react-dom/cjs/react-dom.development.js:26721:5)
      at performSyncWorkOnRoot (../../node_modules/react-dom/cjs/react-dom.development.js:26156:3)
      at flushSyncCallbacks (../../node_modules/react-dom/cjs/react-dom.development.js:12042:22)
      at flushSync (../../node_modules/react-dom/cjs/react-dom.development.js:26240:7)
      at ReactDOMRoot.Object.<anonymous>.ReactDOMHydrationRoot.unmount.ReactDOMRoot.unmount [as unmount] (../../node_modules/react-dom/cjs/react-dom.development.js:29375:5)
      at Object.unmount (../../node_modules/@testing-library/react/dist/pure.js:155:12)
      at ../../node_modules/@testing-library/react/dist/pure.js:286:12
      at ../../node_modules/@testing-library/react/dist/act-compat.js:48:24
      at act (../../node_modules/react/cjs/react.development.js:2512:16)
      at ../../node_modules/@testing-library/react/dist/act-compat.js:47:25
      at ../../node_modules/@testing-library/react/dist/pure.js:285:28
          at Array.forEach (<anonymous>)
      at cleanup (../../node_modules/@testing-library/react/dist/pure.js:281:22)
      at Object.<anonymous> (../../node_modules/@testing-library/react/dist/index.js:29:25)

    console.error
      Warning: react-modal: App element is not defined. Please use `Modal.setAppElement(el)` or set `appElement={el}`. This is needed so screen readers don't see main content when modal is opened. It is not recommended, but you can opt-out by setting `ariaHideApp={false}`.

      4 |
      5 | const renderWithIntl = (ui, {locale = 'en', messages = {}} = {}) => ({
    > 6 |     ...render(
        |              ^
      7 |         <IntlProvider
      8 |             locale={locale}
      9 |             messages={messages}

      at printWarning (../../node_modules/warning/warning.js:34:15)
      at warning (../../node_modules/warning/warning.js:57:20)
      at validateElement (../../node_modules/react-modal/lib/helpers/ariaAppHider.js:77:27)
      at Object.hide (../../node_modules/react-modal/lib/helpers/ariaAppHider.js:89:26)
      at ModalPortal.beforeOpen (../../node_modules/react-modal/lib/components/ModalPortal.js:342:22)
      at ModalPortal._this.open (../../node_modules/react-modal/lib/components/ModalPortal.js:135:13)
      at ModalPortal.componentDidMount (../../node_modules/react-modal/lib/components/ModalPortal.js:285:14)
      at commitLayoutEffectOnFiber (../../node_modules/react-dom/cjs/react-dom.development.js:23349:28)
      at commitLayoutMountEffects_complete (../../node_modules/react-dom/cjs/react-dom.development.js:24727:9)
      at commitLayoutEffects_begin (../../node_modules/react-dom/cjs/react-dom.development.js:24713:7)
      at commitLayoutEffects (../../node_modules/react-dom/cjs/react-dom.development.js:24651:3)
      at commitRootImpl (../../node_modules/react-dom/cjs/react-dom.development.js:26862:5)
      at commitRoot (../../node_modules/react-dom/cjs/react-dom.development.js:26721:5)
      at finishConcurrentRender (../../node_modules/react-dom/cjs/react-dom.development.js:26020:9)
      at performConcurrentWorkOnRoot (../../node_modules/react-dom/cjs/react-dom.development.js:25848:7)
      at flushActQueue (../../node_modules/react/cjs/react.development.js:2667:24)
      at act (../../node_modules/react/cjs/react.development.js:2582:11)
      at ../../node_modules/@testing-library/react/dist/act-compat.js:47:25
      at renderRoot (../../node_modules/@testing-library/react/dist/pure.js:180:26)
      at render (../../node_modules/@testing-library/react/dist/pure.js:271:10)
      at renderWithIntl (test/helpers/intl-helpers.jsx:6:14)
      at renderPicker (test/unit/components/mcremote-block-picker.test.jsx:40:61)
      at Object.renderPicker (test/unit/components/mcremote-block-picker.test.jsx:151:9)

    console.error
      Warning: react-modal: App element is not defined. Please use `Modal.setAppElement(el)` or set `appElement={el}`. This is needed so screen readers don't see main content when modal is opened. It is not recommended, but you can opt-out by setting `ariaHideApp={false}`.

      at printWarning (../../node_modules/warning/warning.js:34:15)
      at warning (../../node_modules/warning/warning.js:57:20)
      at validateElement (../../node_modules/react-modal/lib/helpers/ariaAppHider.js:77:27)
      at Object.show (../../node_modules/react-modal/lib/helpers/ariaAppHider.js:116:27)
      at ModalPortal._this.afterClose (../../node_modules/react-modal/lib/components/ModalPortal.js:114:24)
      at ModalPortal.componentWillUnmount (../../node_modules/react-modal/lib/components/ModalPortal.js:317:14)
      at callComponentWillUnmountWithTimer (../../node_modules/react-dom/cjs/react-dom.development.js:22896:14)
      at safelyCallComponentWillUnmount (../../node_modules/react-dom/cjs/react-dom.development.js:22912:5)
      at commitDeletionEffectsOnFiber (../../node_modules/react-dom/cjs/react-dom.development.js:24168:13)
      at recursivelyTraverseDeletionEffects (../../node_modules/react-dom/cjs/react-dom.development.js:24028:5)
      at commitDeletionEffectsOnFiber (../../node_modules/react-dom/cjs/react-dom.development.js:24101:11)
      at recursivelyTraverseDeletionEffects (../../node_modules/react-dom/cjs/react-dom.development.js:24028:5)
      at commitDeletionEffectsOnFiber (../../node_modules/react-dom/cjs/react-dom.development.js:24172:9)
      at recursivelyTraverseDeletionEffects (../../node_modules/react-dom/cjs/react-dom.development.js:24028:5)
      at commitDeletionEffectsOnFiber (../../node_modules/react-dom/cjs/react-dom.development.js:24157:9)
      at recursivelyTraverseDeletionEffects (../../node_modules/react-dom/cjs/react-dom.development.js:24028:5)
      at commitDeletionEffectsOnFiber (../../node_modules/react-dom/cjs/react-dom.development.js:24172:9)
      at recursivelyTraverseDeletionEffects (../../node_modules/react-dom/cjs/react-dom.development.js:24028:5)
      at commitDeletionEffectsOnFiber (../../node_modules/react-dom/cjs/react-dom.development.js:24209:9)
      at recursivelyTraverseDeletionEffects (../../node_modules/react-dom/cjs/react-dom.development.js:24028:5)
      at commitDeletionEffectsOnFiber (../../node_modules/react-dom/cjs/react-dom.development.js:24157:9)
      at recursivelyTraverseDeletionEffects (../../node_modules/react-dom/cjs/react-dom.development.js:24028:5)
      at commitDeletionEffectsOnFiber (../../node_modules/react-dom/cjs/react-dom.development.js:24157:9)
      at recursivelyTraverseDeletionEffects (../../node_modules/react-dom/cjs/react-dom.development.js:24028:5)
      at commitDeletionEffectsOnFiber (../../node_modules/react-dom/cjs/react-dom.development.js:24209:9)
      at recursivelyTraverseDeletionEffects (../../node_modules/react-dom/cjs/react-dom.development.js:24028:5)
      at commitDeletionEffectsOnFiber (../../node_modules/react-dom/cjs/react-dom.development.js:24157:9)
      at recursivelyTraverseDeletionEffects (../../node_modules/react-dom/cjs/react-dom.development.js:24028:5)
      at commitDeletionEffectsOnFiber (../../node_modules/react-dom/cjs/react-dom.development.js:24209:9)
      at recursivelyTraverseDeletionEffects (../../node_modules/react-dom/cjs/react-dom.development.js:24028:5)
      at commitDeletionEffectsOnFiber (../../node_modules/react-dom/cjs/react-dom.development.js:24172:9)
      at commitDeletionEffects (../../node_modules/react-dom/cjs/react-dom.development.js:24015:5)
      at recursivelyTraverseMutationEffects (../../node_modules/react-dom/cjs/react-dom.development.js:24298:9)
      at commitMutationEffectsOnFiber (../../node_modules/react-dom/cjs/react-dom.development.js:24471:9)
      at commitMutationEffects (../../node_modules/react-dom/cjs/react-dom.development.js:24282:3)
      at commitRootImpl (../../node_modules/react-dom/cjs/react-dom.development.js:26849:5)
      at commitRoot (../../node_modules/react-dom/cjs/react-dom.development.js:26721:5)
      at performSyncWorkOnRoot (../../node_modules/react-dom/cjs/react-dom.development.js:26156:3)
      at flushSyncCallbacks (../../node_modules/react-dom/cjs/react-dom.development.js:12042:22)
      at flushSync (../../node_modules/react-dom/cjs/react-dom.development.js:26240:7)
      at ReactDOMRoot.Object.<anonymous>.ReactDOMHydrationRoot.unmount.ReactDOMRoot.unmount [as unmount] (../../node_modules/react-dom/cjs/react-dom.development.js:29375:5)
      at Object.unmount (../../node_modules/@testing-library/react/dist/pure.js:155:12)
      at ../../node_modules/@testing-library/react/dist/pure.js:286:12
      at ../../node_modules/@testing-library/react/dist/act-compat.js:48:24
      at act (../../node_modules/react/cjs/react.development.js:2512:16)
      at ../../node_modules/@testing-library/react/dist/act-compat.js:47:25
      at ../../node_modules/@testing-library/react/dist/pure.js:285:28
          at Array.forEach (<anonymous>)
      at cleanup (../../node_modules/@testing-library/react/dist/pure.js:281:22)
      at Object.<anonymous> (../../node_modules/@testing-library/react/dist/index.js:29:25)

    console.error
      Warning: react-modal: App element is not defined. Please use `Modal.setAppElement(el)` or set `appElement={el}`. This is needed so screen readers don't see main content when modal is opened. It is not recommended, but you can opt-out by setting `ariaHideApp={false}`.

      4 |
      5 | const renderWithIntl = (ui, {locale = 'en', messages = {}} = {}) => ({
    > 6 |     ...render(
        |              ^
      7 |         <IntlProvider
      8 |             locale={locale}
      9 |             messages={messages}

      at printWarning (../../node_modules/warning/warning.js:34:15)
      at warning (../../node_modules/warning/warning.js:57:20)
      at validateElement (../../node_modules/react-modal/lib/helpers/ariaAppHider.js:77:27)
      at Object.hide (../../node_modules/react-modal/lib/helpers/ariaAppHider.js:89:26)
      at ModalPortal.beforeOpen (../../node_modules/react-modal/lib/components/ModalPortal.js:342:22)
      at ModalPortal._this.open (../../node_modules/react-modal/lib/components/ModalPortal.js:135:13)
      at ModalPortal.componentDidMount (../../node_modules/react-modal/lib/components/ModalPortal.js:285:14)
      at commitLayoutEffectOnFiber (../../node_modules/react-dom/cjs/react-dom.development.js:23349:28)
      at commitLayoutMountEffects_complete (../../node_modules/react-dom/cjs/react-dom.development.js:24727:9)
      at commitLayoutEffects_begin (../../node_modules/react-dom/cjs/react-dom.development.js:24713:7)
      at commitLayoutEffects (../../node_modules/react-dom/cjs/react-dom.development.js:24651:3)
      at commitRootImpl (../../node_modules/react-dom/cjs/react-dom.development.js:26862:5)
      at commitRoot (../../node_modules/react-dom/cjs/react-dom.development.js:26721:5)
      at finishConcurrentRender (../../node_modules/react-dom/cjs/react-dom.development.js:26020:9)
      at performConcurrentWorkOnRoot (../../node_modules/react-dom/cjs/react-dom.development.js:25848:7)
      at flushActQueue (../../node_modules/react/cjs/react.development.js:2667:24)
      at act (../../node_modules/react/cjs/react.development.js:2582:11)
      at ../../node_modules/@testing-library/react/dist/act-compat.js:47:25
      at renderRoot (../../node_modules/@testing-library/react/dist/pure.js:180:26)
      at render (../../node_modules/@testing-library/react/dist/pure.js:271:10)
      at renderWithIntl (test/helpers/intl-helpers.jsx:6:14)
      at renderPicker (test/unit/components/mcremote-block-picker.test.jsx:40:61)
      at renderPicker (test/unit/components/mcremote-block-picker.test.jsx:178:9)

    console.error
      Warning: react-modal: App element is not defined. Please use `Modal.setAppElement(el)` or set `appElement={el}`. This is needed so screen readers don't see main content when modal is opened. It is not recommended, but you can opt-out by setting `ariaHideApp={false}`.

      at printWarning (../../node_modules/warning/warning.js:34:15)
      at warning (../../node_modules/warning/warning.js:57:20)
      at validateElement (../../node_modules/react-modal/lib/helpers/ariaAppHider.js:77:27)
      at Object.show (../../node_modules/react-modal/lib/helpers/ariaAppHider.js:116:27)
      at ModalPortal._this.afterClose (../../node_modules/react-modal/lib/components/ModalPortal.js:114:24)
      at ModalPortal.componentWillUnmount (../../node_modules/react-modal/lib/components/ModalPortal.js:317:14)
      at callComponentWillUnmountWithTimer (../../node_modules/react-dom/cjs/react-dom.development.js:22896:14)
      at safelyCallComponentWillUnmount (../../node_modules/react-dom/cjs/react-dom.development.js:22912:5)
      at commitDeletionEffectsOnFiber (../../node_modules/react-dom/cjs/react-dom.development.js:24168:13)
      at recursivelyTraverseDeletionEffects (../../node_modules/react-dom/cjs/react-dom.development.js:24028:5)
      at commitDeletionEffectsOnFiber (../../node_modules/react-dom/cjs/react-dom.development.js:24101:11)
      at recursivelyTraverseDeletionEffects (../../node_modules/react-dom/cjs/react-dom.development.js:24028:5)
      at commitDeletionEffectsOnFiber (../../node_modules/react-dom/cjs/react-dom.development.js:24172:9)
      at recursivelyTraverseDeletionEffects (../../node_modules/react-dom/cjs/react-dom.development.js:24028:5)
      at commitDeletionEffectsOnFiber (../../node_modules/react-dom/cjs/react-dom.development.js:24157:9)
      at recursivelyTraverseDeletionEffects (../../node_modules/react-dom/cjs/react-dom.development.js:24028:5)
      at commitDeletionEffectsOnFiber (../../node_modules/react-dom/cjs/react-dom.development.js:24172:9)
      at recursivelyTraverseDeletionEffects (../../node_modules/react-dom/cjs/react-dom.development.js:24028:5)
      at commitDeletionEffectsOnFiber (../../node_modules/react-dom/cjs/react-dom.development.js:24209:9)
      at recursivelyTraverseDeletionEffects (../../node_modules/react-dom/cjs/react-dom.development.js:24028:5)
      at commitDeletionEffectsOnFiber (../../node_modules/react-dom/cjs/react-dom.development.js:24157:9)
      at recursivelyTraverseDeletionEffects (../../node_modules/react-dom/cjs/react-dom.development.js:24028:5)
      at commitDeletionEffectsOnFiber (../../node_modules/react-dom/cjs/react-dom.development.js:24157:9)
      at recursivelyTraverseDeletionEffects (../../node_modules/react-dom/cjs/react-dom.development.js:24028:5)
      at commitDeletionEffectsOnFiber (../../node_modules/react-dom/cjs/react-dom.development.js:24209:9)
      at recursivelyTraverseDeletionEffects (../../node_modules/react-dom/cjs/react-dom.development.js:24028:5)
      at commitDeletionEffectsOnFiber (../../node_modules/react-dom/cjs/react-dom.development.js:24157:9)
      at recursivelyTraverseDeletionEffects (../../node_modules/react-dom/cjs/react-dom.development.js:24028:5)
      at commitDeletionEffectsOnFiber (../../node_modules/react-dom/cjs/react-dom.development.js:24209:9)
      at recursivelyTraverseDeletionEffects (../../node_modules/react-dom/cjs/react-dom.development.js:24028:5)
      at commitDeletionEffectsOnFiber (../../node_modules/react-dom/cjs/react-dom.development.js:24172:9)
      at commitDeletionEffects (../../node_modules/react-dom/cjs/react-dom.development.js:24015:5)
      at recursivelyTraverseMutationEffects (../../node_modules/react-dom/cjs/react-dom.development.js:24298:9)
      at commitMutationEffectsOnFiber (../../node_modules/react-dom/cjs/react-dom.development.js:24471:9)
      at commitMutationEffects (../../node_modules/react-dom/cjs/react-dom.development.js:24282:3)
      at commitRootImpl (../../node_modules/react-dom/cjs/react-dom.development.js:26849:5)
      at commitRoot (../../node_modules/react-dom/cjs/react-dom.development.js:26721:5)
      at performSyncWorkOnRoot (../../node_modules/react-dom/cjs/react-dom.development.js:26156:3)
      at flushSyncCallbacks (../../node_modules/react-dom/cjs/react-dom.development.js:12042:22)
      at flushSync (../../node_modules/react-dom/cjs/react-dom.development.js:26240:7)
      at ReactDOMRoot.Object.<anonymous>.ReactDOMHydrationRoot.unmount.ReactDOMRoot.unmount [as unmount] (../../node_modules/react-dom/cjs/react-dom.development.js:29375:5)
      at Object.unmount (../../node_modules/@testing-library/react/dist/pure.js:155:12)
      at ../../node_modules/@testing-library/react/dist/pure.js:286:12
      at ../../node_modules/@testing-library/react/dist/act-compat.js:48:24
      at act (../../node_modules/react/cjs/react.development.js:2512:16)
      at ../../node_modules/@testing-library/react/dist/act-compat.js:47:25
      at ../../node_modules/@testing-library/react/dist/pure.js:285:28
          at Array.forEach (<anonymous>)
      at cleanup (../../node_modules/@testing-library/react/dist/pure.js:281:22)
      at Object.<anonymous> (../../node_modules/@testing-library/react/dist/index.js:29:25)

    console.error
      Warning: react-modal: App element is not defined. Please use `Modal.setAppElement(el)` or set `appElement={el}`. This is needed so screen readers don't see main content when modal is opened. It is not recommended, but you can opt-out by setting `ariaHideApp={false}`.

      4 |
      5 | const renderWithIntl = (ui, {locale = 'en', messages = {}} = {}) => ({
    > 6 |     ...render(
        |              ^
      7 |         <IntlProvider
      8 |             locale={locale}
      9 |             messages={messages}

      at printWarning (../../node_modules/warning/warning.js:34:15)
      at warning (../../node_modules/warning/warning.js:57:20)
      at validateElement (../../node_modules/react-modal/lib/helpers/ariaAppHider.js:77:27)
      at Object.hide (../../node_modules/react-modal/lib/helpers/ariaAppHider.js:89:26)
      at ModalPortal.beforeOpen (../../node_modules/react-modal/lib/components/ModalPortal.js:342:22)
      at ModalPortal._this.open (../../node_modules/react-modal/lib/components/ModalPortal.js:135:13)
      at ModalPortal.componentDidMount (../../node_modules/react-modal/lib/components/ModalPortal.js:285:14)
      at commitLayoutEffectOnFiber (../../node_modules/react-dom/cjs/react-dom.development.js:23349:28)
      at commitLayoutMountEffects_complete (../../node_modules/react-dom/cjs/react-dom.development.js:24727:9)
      at commitLayoutEffects_begin (../../node_modules/react-dom/cjs/react-dom.development.js:24713:7)
      at commitLayoutEffects (../../node_modules/react-dom/cjs/react-dom.development.js:24651:3)
      at commitRootImpl (../../node_modules/react-dom/cjs/react-dom.development.js:26862:5)
      at commitRoot (../../node_modules/react-dom/cjs/react-dom.development.js:26721:5)
      at finishConcurrentRender (../../node_modules/react-dom/cjs/react-dom.development.js:26020:9)
      at performConcurrentWorkOnRoot (../../node_modules/react-dom/cjs/react-dom.development.js:25848:7)
      at flushActQueue (../../node_modules/react/cjs/react.development.js:2667:24)
      at act (../../node_modules/react/cjs/react.development.js:2582:11)
      at ../../node_modules/@testing-library/react/dist/act-compat.js:47:25
      at renderRoot (../../node_modules/@testing-library/react/dist/pure.js:180:26)
      at render (../../node_modules/@testing-library/react/dist/pure.js:271:10)
      at renderWithIntl (test/helpers/intl-helpers.jsx:6:14)
      at renderPicker (test/unit/components/mcremote-block-picker.test.jsx:40:61)
      at renderPicker (test/unit/components/mcremote-block-picker.test.jsx:178:9)

    console.error
      Warning: react-modal: App element is not defined. Please use `Modal.setAppElement(el)` or set `appElement={el}`. This is needed so screen readers don't see main content when modal is opened. It is not recommended, but you can opt-out by setting `ariaHideApp={false}`.

      at printWarning (../../node_modules/warning/warning.js:34:15)
      at warning (../../node_modules/warning/warning.js:57:20)
      at validateElement (../../node_modules/react-modal/lib/helpers/ariaAppHider.js:77:27)
      at Object.show (../../node_modules/react-modal/lib/helpers/ariaAppHider.js:116:27)
      at ModalPortal._this.afterClose (../../node_modules/react-modal/lib/components/ModalPortal.js:114:24)
      at ModalPortal.componentWillUnmount (../../node_modules/react-modal/lib/components/ModalPortal.js:317:14)
      at callComponentWillUnmountWithTimer (../../node_modules/react-dom/cjs/react-dom.development.js:22896:14)
      at safelyCallComponentWillUnmount (../../node_modules/react-dom/cjs/react-dom.development.js:22912:5)
      at commitDeletionEffectsOnFiber (../../node_modules/react-dom/cjs/react-dom.development.js:24168:13)
      at recursivelyTraverseDeletionEffects (../../node_modules/react-dom/cjs/react-dom.development.js:24028:5)
      at commitDeletionEffectsOnFiber (../../node_modules/react-dom/cjs/react-dom.development.js:24101:11)
      at recursivelyTraverseDeletionEffects (../../node_modules/react-dom/cjs/react-dom.development.js:24028:5)
      at commitDeletionEffectsOnFiber (../../node_modules/react-dom/cjs/react-dom.development.js:24172:9)
      at recursivelyTraverseDeletionEffects (../../node_modules/react-dom/cjs/react-dom.development.js:24028:5)
      at commitDeletionEffectsOnFiber (../../node_modules/react-dom/cjs/react-dom.development.js:24157:9)
      at recursivelyTraverseDeletionEffects (../../node_modules/react-dom/cjs/react-dom.development.js:24028:5)
      at commitDeletionEffectsOnFiber (../../node_modules/react-dom/cjs/react-dom.development.js:24172:9)
      at recursivelyTraverseDeletionEffects (../../node_modules/react-dom/cjs/react-dom.development.js:24028:5)
      at commitDeletionEffectsOnFiber (../../node_modules/react-dom/cjs/react-dom.development.js:24209:9)
      at recursivelyTraverseDeletionEffects (../../node_modules/react-dom/cjs/react-dom.development.js:24028:5)
      at commitDeletionEffectsOnFiber (../../node_modules/react-dom/cjs/react-dom.development.js:24157:9)
      at recursivelyTraverseDeletionEffects (../../node_modules/react-dom/cjs/react-dom.development.js:24028:5)
      at commitDeletionEffectsOnFiber (../../node_modules/react-dom/cjs/react-dom.development.js:24157:9)
      at recursivelyTraverseDeletionEffects (../../node_modules/react-dom/cjs/react-dom.development.js:24028:5)
      at commitDeletionEffectsOnFiber (../../node_modules/react-dom/cjs/react-dom.development.js:24209:9)
      at recursivelyTraverseDeletionEffects (../../node_modules/react-dom/cjs/react-dom.development.js:24028:5)
      at commitDeletionEffectsOnFiber (../../node_modules/react-dom/cjs/react-dom.development.js:24157:9)
      at recursivelyTraverseDeletionEffects (../../node_modules/react-dom/cjs/react-dom.development.js:24028:5)
      at commitDeletionEffectsOnFiber (../../node_modules/react-dom/cjs/react-dom.development.js:24209:9)
      at recursivelyTraverseDeletionEffects (../../node_modules/react-dom/cjs/react-dom.development.js:24028:5)
      at commitDeletionEffectsOnFiber (../../node_modules/react-dom/cjs/react-dom.development.js:24172:9)
      at commitDeletionEffects (../../node_modules/react-dom/cjs/react-dom.development.js:24015:5)
      at recursivelyTraverseMutationEffects (../../node_modules/react-dom/cjs/react-dom.development.js:24298:9)
      at commitMutationEffectsOnFiber (../../node_modules/react-dom/cjs/react-dom.development.js:24471:9)
      at commitMutationEffects (../../node_modules/react-dom/cjs/react-dom.development.js:24282:3)
      at commitRootImpl (../../node_modules/react-dom/cjs/react-dom.development.js:26849:5)
      at commitRoot (../../node_modules/react-dom/cjs/react-dom.development.js:26721:5)
      at performSyncWorkOnRoot (../../node_modules/react-dom/cjs/react-dom.development.js:26156:3)
      at flushSyncCallbacks (../../node_modules/react-dom/cjs/react-dom.development.js:12042:22)
      at flushSync (../../node_modules/react-dom/cjs/react-dom.development.js:26240:7)
      at ReactDOMRoot.Object.<anonymous>.ReactDOMHydrationRoot.unmount.ReactDOMRoot.unmount [as unmount] (../../node_modules/react-dom/cjs/react-dom.development.js:29375:5)
      at Object.unmount (../../node_modules/@testing-library/react/dist/pure.js:155:12)
      at ../../node_modules/@testing-library/react/dist/pure.js:286:12
      at ../../node_modules/@testing-library/react/dist/act-compat.js:48:24
      at act (../../node_modules/react/cjs/react.development.js:2512:16)
      at ../../node_modules/@testing-library/react/dist/act-compat.js:47:25
      at ../../node_modules/@testing-library/react/dist/pure.js:285:28
          at Array.forEach (<anonymous>)
      at cleanup (../../node_modules/@testing-library/react/dist/pure.js:281:22)
      at Object.<anonymous> (../../node_modules/@testing-library/react/dist/index.js:29:25)

    console.error
      Warning: react-modal: App element is not defined. Please use `Modal.setAppElement(el)` or set `appElement={el}`. This is needed so screen readers don't see main content when modal is opened. It is not recommended, but you can opt-out by setting `ariaHideApp={false}`.

      4 |
      5 | const renderWithIntl = (ui, {locale = 'en', messages = {}} = {}) => ({
    > 6 |     ...render(
        |              ^
      7 |         <IntlProvider
      8 |             locale={locale}
      9 |             messages={messages}

      at printWarning (../../node_modules/warning/warning.js:34:15)
      at warning (../../node_modules/warning/warning.js:57:20)
      at validateElement (../../node_modules/react-modal/lib/helpers/ariaAppHider.js:77:27)
      at Object.hide (../../node_modules/react-modal/lib/helpers/ariaAppHider.js:89:26)
      at ModalPortal.beforeOpen (../../node_modules/react-modal/lib/components/ModalPortal.js:342:22)
      at ModalPortal._this.open (../../node_modules/react-modal/lib/components/ModalPortal.js:135:13)
      at ModalPortal.componentDidMount (../../node_modules/react-modal/lib/components/ModalPortal.js:285:14)
      at commitLayoutEffectOnFiber (../../node_modules/react-dom/cjs/react-dom.development.js:23349:28)
      at commitLayoutMountEffects_complete (../../node_modules/react-dom/cjs/react-dom.development.js:24727:9)
      at commitLayoutEffects_begin (../../node_modules/react-dom/cjs/react-dom.development.js:24713:7)
      at commitLayoutEffects (../../node_modules/react-dom/cjs/react-dom.development.js:24651:3)
      at commitRootImpl (../../node_modules/react-dom/cjs/react-dom.development.js:26862:5)
      at commitRoot (../../node_modules/react-dom/cjs/react-dom.development.js:26721:5)
      at finishConcurrentRender (../../node_modules/react-dom/cjs/react-dom.development.js:26020:9)
      at performConcurrentWorkOnRoot (../../node_modules/react-dom/cjs/react-dom.development.js:25848:7)
      at flushActQueue (../../node_modules/react/cjs/react.development.js:2667:24)
      at act (../../node_modules/react/cjs/react.development.js:2582:11)
      at ../../node_modules/@testing-library/react/dist/act-compat.js:47:25
      at renderRoot (../../node_modules/@testing-library/react/dist/pure.js:180:26)
      at render (../../node_modules/@testing-library/react/dist/pure.js:271:10)
      at renderWithIntl (test/helpers/intl-helpers.jsx:6:14)
      at renderPicker (test/unit/components/mcremote-block-picker.test.jsx:40:61)
      at renderPicker (test/unit/components/mcremote-block-picker.test.jsx:178:9)

    console.error
      Warning: react-modal: App element is not defined. Please use `Modal.setAppElement(el)` or set `appElement={el}`. This is needed so screen readers don't see main content when modal is opened. It is not recommended, but you can opt-out by setting `ariaHideApp={false}`.

      at printWarning (../../node_modules/warning/warning.js:34:15)
      at warning (../../node_modules/warning/warning.js:57:20)
      at validateElement (../../node_modules/react-modal/lib/helpers/ariaAppHider.js:77:27)
      at Object.show (../../node_modules/react-modal/lib/helpers/ariaAppHider.js:116:27)
      at ModalPortal._this.afterClose (../../node_modules/react-modal/lib/components/ModalPortal.js:114:24)
      at ModalPortal.componentWillUnmount (../../node_modules/react-modal/lib/components/ModalPortal.js:317:14)
      at callComponentWillUnmountWithTimer (../../node_modules/react-dom/cjs/react-dom.development.js:22896:14)
      at safelyCallComponentWillUnmount (../../node_modules/react-dom/cjs/react-dom.development.js:22912:5)
      at commitDeletionEffectsOnFiber (../../node_modules/react-dom/cjs/react-dom.development.js:24168:13)
      at recursivelyTraverseDeletionEffects (../../node_modules/react-dom/cjs/react-dom.development.js:24028:5)
      at commitDeletionEffectsOnFiber (../../node_modules/react-dom/cjs/react-dom.development.js:24101:11)
      at recursivelyTraverseDeletionEffects (../../node_modules/react-dom/cjs/react-dom.development.js:24028:5)
      at commitDeletionEffectsOnFiber (../../node_modules/react-dom/cjs/react-dom.development.js:24172:9)
      at recursivelyTraverseDeletionEffects (../../node_modules/react-dom/cjs/react-dom.development.js:24028:5)
      at commitDeletionEffectsOnFiber (../../node_modules/react-dom/cjs/react-dom.development.js:24157:9)
      at recursivelyTraverseDeletionEffects (../../node_modules/react-dom/cjs/react-dom.development.js:24028:5)
      at commitDeletionEffectsOnFiber (../../node_modules/react-dom/cjs/react-dom.development.js:24172:9)
      at recursivelyTraverseDeletionEffects (../../node_modules/react-dom/cjs/react-dom.development.js:24028:5)
      at commitDeletionEffectsOnFiber (../../node_modules/react-dom/cjs/react-dom.development.js:24209:9)
      at recursivelyTraverseDeletionEffects (../../node_modules/react-dom/cjs/react-dom.development.js:24028:5)
      at commitDeletionEffectsOnFiber (../../node_modules/react-dom/cjs/react-dom.development.js:24157:9)
      at recursivelyTraverseDeletionEffects (../../node_modules/react-dom/cjs/react-dom.development.js:24028:5)
      at commitDeletionEffectsOnFiber (../../node_modules/react-dom/cjs/react-dom.development.js:24157:9)
      at recursivelyTraverseDeletionEffects (../../node_modules/react-dom/cjs/react-dom.development.js:24028:5)
      at commitDeletionEffectsOnFiber (../../node_modules/react-dom/cjs/react-dom.development.js:24209:9)
      at recursivelyTraverseDeletionEffects (../../node_modules/react-dom/cjs/react-dom.development.js:24028:5)
      at commitDeletionEffectsOnFiber (../../node_modules/react-dom/cjs/react-dom.development.js:24157:9)
      at recursivelyTraverseDeletionEffects (../../node_modules/react-dom/cjs/react-dom.development.js:24028:5)
      at commitDeletionEffectsOnFiber (../../node_modules/react-dom/cjs/react-dom.development.js:24209:9)
      at recursivelyTraverseDeletionEffects (../../node_modules/react-dom/cjs/react-dom.development.js:24028:5)
      at commitDeletionEffectsOnFiber (../../node_modules/react-dom/cjs/react-dom.development.js:24172:9)
      at commitDeletionEffects (../../node_modules/react-dom/cjs/react-dom.development.js:24015:5)
      at recursivelyTraverseMutationEffects (../../node_modules/react-dom/cjs/react-dom.development.js:24298:9)
      at commitMutationEffectsOnFiber (../../node_modules/react-dom/cjs/react-dom.development.js:24471:9)
      at commitMutationEffects (../../node_modules/react-dom/cjs/react-dom.development.js:24282:3)
      at commitRootImpl (../../node_modules/react-dom/cjs/react-dom.development.js:26849:5)
      at commitRoot (../../node_modules/react-dom/cjs/react-dom.development.js:26721:5)
      at performSyncWorkOnRoot (../../node_modules/react-dom/cjs/react-dom.development.js:26156:3)
      at flushSyncCallbacks (../../node_modules/react-dom/cjs/react-dom.development.js:12042:22)
      at flushSync (../../node_modules/react-dom/cjs/react-dom.development.js:26240:7)
      at ReactDOMRoot.Object.<anonymous>.ReactDOMHydrationRoot.unmount.ReactDOMRoot.unmount [as unmount] (../../node_modules/react-dom/cjs/react-dom.development.js:29375:5)
      at Object.unmount (../../node_modules/@testing-library/react/dist/pure.js:155:12)
      at ../../node_modules/@testing-library/react/dist/pure.js:286:12
      at ../../node_modules/@testing-library/react/dist/act-compat.js:48:24
      at act (../../node_modules/react/cjs/react.development.js:2512:16)
      at ../../node_modules/@testing-library/react/dist/act-compat.js:47:25
      at ../../node_modules/@testing-library/react/dist/pure.js:285:28
          at Array.forEach (<anonymous>)
      at cleanup (../../node_modules/@testing-library/react/dist/pure.js:281:22)
      at Object.<anonymous> (../../node_modules/@testing-library/react/dist/index.js:29:25)

    console.error
      Warning: react-modal: App element is not defined. Please use `Modal.setAppElement(el)` or set `appElement={el}`. This is needed so screen readers don't see main content when modal is opened. It is not recommended, but you can opt-out by setting `ariaHideApp={false}`.

      4 |
      5 | const renderWithIntl = (ui, {locale = 'en', messages = {}} = {}) => ({
    > 6 |     ...render(
        |              ^
      7 |         <IntlProvider
      8 |             locale={locale}
      9 |             messages={messages}

      at printWarning (../../node_modules/warning/warning.js:34:15)
      at warning (../../node_modules/warning/warning.js:57:20)
      at validateElement (../../node_modules/react-modal/lib/helpers/ariaAppHider.js:77:27)
      at Object.hide (../../node_modules/react-modal/lib/helpers/ariaAppHider.js:89:26)
      at ModalPortal.beforeOpen (../../node_modules/react-modal/lib/components/ModalPortal.js:342:22)
      at ModalPortal._this.open (../../node_modules/react-modal/lib/components/ModalPortal.js:135:13)
      at ModalPortal.componentDidMount (../../node_modules/react-modal/lib/components/ModalPortal.js:285:14)
      at commitLayoutEffectOnFiber (../../node_modules/react-dom/cjs/react-dom.development.js:23349:28)
      at commitLayoutMountEffects_complete (../../node_modules/react-dom/cjs/react-dom.development.js:24727:9)
      at commitLayoutEffects_begin (../../node_modules/react-dom/cjs/react-dom.development.js:24713:7)
      at commitLayoutEffects (../../node_modules/react-dom/cjs/react-dom.development.js:24651:3)
      at commitRootImpl (../../node_modules/react-dom/cjs/react-dom.development.js:26862:5)
      at commitRoot (../../node_modules/react-dom/cjs/react-dom.development.js:26721:5)
      at finishConcurrentRender (../../node_modules/react-dom/cjs/react-dom.development.js:26020:9)
      at performConcurrentWorkOnRoot (../../node_modules/react-dom/cjs/react-dom.development.js:25848:7)
      at flushActQueue (../../node_modules/react/cjs/react.development.js:2667:24)
      at act (../../node_modules/react/cjs/react.development.js:2582:11)
      at ../../node_modules/@testing-library/react/dist/act-compat.js:47:25
      at renderRoot (../../node_modules/@testing-library/react/dist/pure.js:180:26)
      at render (../../node_modules/@testing-library/react/dist/pure.js:271:10)
      at renderWithIntl (test/helpers/intl-helpers.jsx:6:14)
      at renderPicker (test/unit/components/mcremote-block-picker.test.jsx:40:61)
      at renderPicker (test/unit/components/mcremote-block-picker.test.jsx:178:9)

    console.error
      Warning: react-modal: App element is not defined. Please use `Modal.setAppElement(el)` or set `appElement={el}`. This is needed so screen readers don't see main content when modal is opened. It is not recommended, but you can opt-out by setting `ariaHideApp={false}`.

      at printWarning (../../node_modules/warning/warning.js:34:15)
      at warning (../../node_modules/warning/warning.js:57:20)
      at validateElement (../../node_modules/react-modal/lib/helpers/ariaAppHider.js:77:27)
      at Object.show (../../node_modules/react-modal/lib/helpers/ariaAppHider.js:116:27)
      at ModalPortal._this.afterClose (../../node_modules/react-modal/lib/components/ModalPortal.js:114:24)
      at ModalPortal.componentWillUnmount (../../node_modules/react-modal/lib/components/ModalPortal.js:317:14)
      at callComponentWillUnmountWithTimer (../../node_modules/react-dom/cjs/react-dom.development.js:22896:14)
      at safelyCallComponentWillUnmount (../../node_modules/react-dom/cjs/react-dom.development.js:22912:5)
      at commitDeletionEffectsOnFiber (../../node_modules/react-dom/cjs/react-dom.development.js:24168:13)
      at recursivelyTraverseDeletionEffects (../../node_modules/react-dom/cjs/react-dom.development.js:24028:5)
      at commitDeletionEffectsOnFiber (../../node_modules/react-dom/cjs/react-dom.development.js:24101:11)
      at recursivelyTraverseDeletionEffects (../../node_modules/react-dom/cjs/react-dom.development.js:24028:5)
      at commitDeletionEffectsOnFiber (../../node_modules/react-dom/cjs/react-dom.development.js:24172:9)
      at recursivelyTraverseDeletionEffects (../../node_modules/react-dom/cjs/react-dom.development.js:24028:5)
      at commitDeletionEffectsOnFiber (../../node_modules/react-dom/cjs/react-dom.development.js:24157:9)
      at recursivelyTraverseDeletionEffects (../../node_modules/react-dom/cjs/react-dom.development.js:24028:5)
      at commitDeletionEffectsOnFiber (../../node_modules/react-dom/cjs/react-dom.development.js:24172:9)
      at recursivelyTraverseDeletionEffects (../../node_modules/react-dom/cjs/react-dom.development.js:24028:5)
      at commitDeletionEffectsOnFiber (../../node_modules/react-dom/cjs/react-dom.development.js:24209:9)
      at recursivelyTraverseDeletionEffects (../../node_modules/react-dom/cjs/react-dom.development.js:24028:5)
      at commitDeletionEffectsOnFiber (../../node_modules/react-dom/cjs/react-dom.development.js:24157:9)
      at recursivelyTraverseDeletionEffects (../../node_modules/react-dom/cjs/react-dom.development.js:24028:5)
      at commitDeletionEffectsOnFiber (../../node_modules/react-dom/cjs/react-dom.development.js:24157:9)
      at recursivelyTraverseDeletionEffects (../../node_modules/react-dom/cjs/react-dom.development.js:24028:5)
      at commitDeletionEffectsOnFiber (../../node_modules/react-dom/cjs/react-dom.development.js:24209:9)
      at recursivelyTraverseDeletionEffects (../../node_modules/react-dom/cjs/react-dom.development.js:24028:5)
      at commitDeletionEffectsOnFiber (../../node_modules/react-dom/cjs/react-dom.development.js:24157:9)
      at recursivelyTraverseDeletionEffects (../../node_modules/react-dom/cjs/react-dom.development.js:24028:5)
      at commitDeletionEffectsOnFiber (../../node_modules/react-dom/cjs/react-dom.development.js:24209:9)
      at recursivelyTraverseDeletionEffects (../../node_modules/react-dom/cjs/react-dom.development.js:24028:5)
      at commitDeletionEffectsOnFiber (../../node_modules/react-dom/cjs/react-dom.development.js:24172:9)
      at commitDeletionEffects (../../node_modules/react-dom/cjs/react-dom.development.js:24015:5)
      at recursivelyTraverseMutationEffects (../../node_modules/react-dom/cjs/react-dom.development.js:24298:9)
      at commitMutationEffectsOnFiber (../../node_modules/react-dom/cjs/react-dom.development.js:24471:9)
      at commitMutationEffects (../../node_modules/react-dom/cjs/react-dom.development.js:24282:3)
      at commitRootImpl (../../node_modules/react-dom/cjs/react-dom.development.js:26849:5)
      at commitRoot (../../node_modules/react-dom/cjs/react-dom.development.js:26721:5)
      at performSyncWorkOnRoot (../../node_modules/react-dom/cjs/react-dom.development.js:26156:3)
      at flushSyncCallbacks (../../node_modules/react-dom/cjs/react-dom.development.js:12042:22)
      at flushSync (../../node_modules/react-dom/cjs/react-dom.development.js:26240:7)
      at ReactDOMRoot.Object.<anonymous>.ReactDOMHydrationRoot.unmount.ReactDOMRoot.unmount [as unmount] (../../node_modules/react-dom/cjs/react-dom.development.js:29375:5)
      at Object.unmount (../../node_modules/@testing-library/react/dist/pure.js:155:12)
      at ../../node_modules/@testing-library/react/dist/pure.js:286:12
      at ../../node_modules/@testing-library/react/dist/act-compat.js:48:24
      at act (../../node_modules/react/cjs/react.development.js:2512:16)
      at ../../node_modules/@testing-library/react/dist/act-compat.js:47:25
      at ../../node_modules/@testing-library/react/dist/pure.js:285:28
          at Array.forEach (<anonymous>)
      at cleanup (../../node_modules/@testing-library/react/dist/pure.js:281:22)
      at Object.<anonymous> (../../node_modules/@testing-library/react/dist/index.js:29:25)

    console.error
      Warning: react-modal: App element is not defined. Please use `Modal.setAppElement(el)` or set `appElement={el}`. This is needed so screen readers don't see main content when modal is opened. It is not recommended, but you can opt-out by setting `ariaHideApp={false}`.

      4 |
      5 | const renderWithIntl = (ui, {locale = 'en', messages = {}} = {}) => ({
    > 6 |     ...render(
        |              ^
      7 |         <IntlProvider
      8 |             locale={locale}
      9 |             messages={messages}

      at printWarning (../../node_modules/warning/warning.js:34:15)
      at warning (../../node_modules/warning/warning.js:57:20)
      at validateElement (../../node_modules/react-modal/lib/helpers/ariaAppHider.js:77:27)
      at Object.hide (../../node_modules/react-modal/lib/helpers/ariaAppHider.js:89:26)
      at ModalPortal.beforeOpen (../../node_modules/react-modal/lib/components/ModalPortal.js:342:22)
      at ModalPortal._this.open (../../node_modules/react-modal/lib/components/ModalPortal.js:135:13)
      at ModalPortal.componentDidMount (../../node_modules/react-modal/lib/components/ModalPortal.js:285:14)
      at commitLayoutEffectOnFiber (../../node_modules/react-dom/cjs/react-dom.development.js:23349:28)
      at commitLayoutMountEffects_complete (../../node_modules/react-dom/cjs/react-dom.development.js:24727:9)
      at commitLayoutEffects_begin (../../node_modules/react-dom/cjs/react-dom.development.js:24713:7)
      at commitLayoutEffects (../../node_modules/react-dom/cjs/react-dom.development.js:24651:3)
      at commitRootImpl (../../node_modules/react-dom/cjs/react-dom.development.js:26862:5)
      at commitRoot (../../node_modules/react-dom/cjs/react-dom.development.js:26721:5)
      at finishConcurrentRender (../../node_modules/react-dom/cjs/react-dom.development.js:26020:9)
      at performConcurrentWorkOnRoot (../../node_modules/react-dom/cjs/react-dom.development.js:25848:7)
      at flushActQueue (../../node_modules/react/cjs/react.development.js:2667:24)
      at act (../../node_modules/react/cjs/react.development.js:2582:11)
      at ../../node_modules/@testing-library/react/dist/act-compat.js:47:25
      at renderRoot (../../node_modules/@testing-library/react/dist/pure.js:180:26)
      at render (../../node_modules/@testing-library/react/dist/pure.js:271:10)
      at renderWithIntl (test/helpers/intl-helpers.jsx:6:14)
      at renderPicker (test/unit/components/mcremote-block-picker.test.jsx:40:61)
      at renderPicker (test/unit/components/mcremote-block-picker.test.jsx:178:9)

    console.error
      Warning: react-modal: App element is not defined. Please use `Modal.setAppElement(el)` or set `appElement={el}`. This is needed so screen readers don't see main content when modal is opened. It is not recommended, but you can opt-out by setting `ariaHideApp={false}`.

      at printWarning (../../node_modules/warning/warning.js:34:15)
      at warning (../../node_modules/warning/warning.js:57:20)
      at validateElement (../../node_modules/react-modal/lib/helpers/ariaAppHider.js:77:27)
      at Object.show (../../node_modules/react-modal/lib/helpers/ariaAppHider.js:116:27)
      at ModalPortal._this.afterClose (../../node_modules/react-modal/lib/components/ModalPortal.js:114:24)
      at ModalPortal.componentWillUnmount (../../node_modules/react-modal/lib/components/ModalPortal.js:317:14)
      at callComponentWillUnmountWithTimer (../../node_modules/react-dom/cjs/react-dom.development.js:22896:14)
      at safelyCallComponentWillUnmount (../../node_modules/react-dom/cjs/react-dom.development.js:22912:5)
      at commitDeletionEffectsOnFiber (../../node_modules/react-dom/cjs/react-dom.development.js:24168:13)
      at recursivelyTraverseDeletionEffects (../../node_modules/react-dom/cjs/react-dom.development.js:24028:5)
      at commitDeletionEffectsOnFiber (../../node_modules/react-dom/cjs/react-dom.development.js:24101:11)
      at recursivelyTraverseDeletionEffects (../../node_modules/react-dom/cjs/react-dom.development.js:24028:5)
      at commitDeletionEffectsOnFiber (../../node_modules/react-dom/cjs/react-dom.development.js:24172:9)
      at recursivelyTraverseDeletionEffects (../../node_modules/react-dom/cjs/react-dom.development.js:24028:5)
      at commitDeletionEffectsOnFiber (../../node_modules/react-dom/cjs/react-dom.development.js:24157:9)
      at recursivelyTraverseDeletionEffects (../../node_modules/react-dom/cjs/react-dom.development.js:24028:5)
      at commitDeletionEffectsOnFiber (../../node_modules/react-dom/cjs/react-dom.development.js:24172:9)
      at recursivelyTraverseDeletionEffects (../../node_modules/react-dom/cjs/react-dom.development.js:24028:5)
      at commitDeletionEffectsOnFiber (../../node_modules/react-dom/cjs/react-dom.development.js:24209:9)
      at recursivelyTraverseDeletionEffects (../../node_modules/react-dom/cjs/react-dom.development.js:24028:5)
      at commitDeletionEffectsOnFiber (../../node_modules/react-dom/cjs/react-dom.development.js:24157:9)
      at recursivelyTraverseDeletionEffects (../../node_modules/react-dom/cjs/react-dom.development.js:24028:5)
      at commitDeletionEffectsOnFiber (../../node_modules/react-dom/cjs/react-dom.development.js:24157:9)
      at recursivelyTraverseDeletionEffects (../../node_modules/react-dom/cjs/react-dom.development.js:24028:5)
      at commitDeletionEffectsOnFiber (../../node_modules/react-dom/cjs/react-dom.development.js:24209:9)
      at recursivelyTraverseDeletionEffects (../../node_modules/react-dom/cjs/react-dom.development.js:24028:5)
      at commitDeletionEffectsOnFiber (../../node_modules/react-dom/cjs/react-dom.development.js:24157:9)
      at recursivelyTraverseDeletionEffects (../../node_modules/react-dom/cjs/react-dom.development.js:24028:5)
      at commitDeletionEffectsOnFiber (../../node_modules/react-dom/cjs/react-dom.development.js:24209:9)
      at recursivelyTraverseDeletionEffects (../../node_modules/react-dom/cjs/react-dom.development.js:24028:5)
      at commitDeletionEffectsOnFiber (../../node_modules/react-dom/cjs/react-dom.development.js:24172:9)
      at commitDeletionEffects (../../node_modules/react-dom/cjs/react-dom.development.js:24015:5)
      at recursivelyTraverseMutationEffects (../../node_modules/react-dom/cjs/react-dom.development.js:24298:9)
      at commitMutationEffectsOnFiber (../../node_modules/react-dom/cjs/react-dom.development.js:24471:9)
      at commitMutationEffects (../../node_modules/react-dom/cjs/react-dom.development.js:24282:3)
      at commitRootImpl (../../node_modules/react-dom/cjs/react-dom.development.js:26849:5)
      at commitRoot (../../node_modules/react-dom/cjs/react-dom.development.js:26721:5)
      at performSyncWorkOnRoot (../../node_modules/react-dom/cjs/react-dom.development.js:26156:3)
      at flushSyncCallbacks (../../node_modules/react-dom/cjs/react-dom.development.js:12042:22)
      at flushSync (../../node_modules/react-dom/cjs/react-dom.development.js:26240:7)
      at ReactDOMRoot.Object.<anonymous>.ReactDOMHydrationRoot.unmount.ReactDOMRoot.unmount [as unmount] (../../node_modules/react-dom/cjs/react-dom.development.js:29375:5)
      at Object.unmount (../../node_modules/@testing-library/react/dist/pure.js:155:12)
      at ../../node_modules/@testing-library/react/dist/pure.js:286:12
      at ../../node_modules/@testing-library/react/dist/act-compat.js:48:24
      at act (../../node_modules/react/cjs/react.development.js:2512:16)
      at ../../node_modules/@testing-library/react/dist/act-compat.js:47:25
      at ../../node_modules/@testing-library/react/dist/pure.js:285:28
          at Array.forEach (<anonymous>)
      at cleanup (../../node_modules/@testing-library/react/dist/pure.js:281:22)
      at Object.<anonymous> (../../node_modules/@testing-library/react/dist/index.js:29:25)

    console.error
      Warning: react-modal: App element is not defined. Please use `Modal.setAppElement(el)` or set `appElement={el}`. This is needed so screen readers don't see main content when modal is opened. It is not recommended, but you can opt-out by setting `ariaHideApp={false}`.

      4 |
      5 | const renderWithIntl = (ui, {locale = 'en', messages = {}} = {}) => ({
    > 6 |     ...render(
        |              ^
      7 |         <IntlProvider
      8 |             locale={locale}
      9 |             messages={messages}

      at printWarning (../../node_modules/warning/warning.js:34:15)
      at warning (../../node_modules/warning/warning.js:57:20)
      at validateElement (../../node_modules/react-modal/lib/helpers/ariaAppHider.js:77:27)
      at Object.hide (../../node_modules/react-modal/lib/helpers/ariaAppHider.js:89:26)
      at ModalPortal.beforeOpen (../../node_modules/react-modal/lib/components/ModalPortal.js:342:22)
      at ModalPortal._this.open (../../node_modules/react-modal/lib/components/ModalPortal.js:135:13)
      at ModalPortal.componentDidMount (../../node_modules/react-modal/lib/components/ModalPortal.js:285:14)
      at commitLayoutEffectOnFiber (../../node_modules/react-dom/cjs/react-dom.development.js:23349:28)
      at commitLayoutMountEffects_complete (../../node_modules/react-dom/cjs/react-dom.development.js:24727:9)
      at commitLayoutEffects_begin (../../node_modules/react-dom/cjs/react-dom.development.js:24713:7)
      at commitLayoutEffects (../../node_modules/react-dom/cjs/react-dom.development.js:24651:3)
      at commitRootImpl (../../node_modules/react-dom/cjs/react-dom.development.js:26862:5)
      at commitRoot (../../node_modules/react-dom/cjs/react-dom.development.js:26721:5)
      at finishConcurrentRender (../../node_modules/react-dom/cjs/react-dom.development.js:26020:9)
      at performConcurrentWorkOnRoot (../../node_modules/react-dom/cjs/react-dom.development.js:25848:7)
      at flushActQueue (../../node_modules/react/cjs/react.development.js:2667:24)
      at act (../../node_modules/react/cjs/react.development.js:2582:11)
      at ../../node_modules/@testing-library/react/dist/act-compat.js:47:25
      at renderRoot (../../node_modules/@testing-library/react/dist/pure.js:180:26)
      at render (../../node_modules/@testing-library/react/dist/pure.js:271:10)
      at renderWithIntl (test/helpers/intl-helpers.jsx:6:14)
      at renderPicker (test/unit/components/mcremote-block-picker.test.jsx:40:61)
      at Object.renderPicker (test/unit/components/mcremote-block-picker.test.jsx:198:9)

    console.error
      Warning: react-modal: App element is not defined. Please use `Modal.setAppElement(el)` or set `appElement={el}`. This is needed so screen readers don't see main content when modal is opened. It is not recommended, but you can opt-out by setting `ariaHideApp={false}`.

      at printWarning (../../node_modules/warning/warning.js:34:15)
      at warning (../../node_modules/warning/warning.js:57:20)
      at validateElement (../../node_modules/react-modal/lib/helpers/ariaAppHider.js:77:27)
      at Object.show (../../node_modules/react-modal/lib/helpers/ariaAppHider.js:116:27)
      at ModalPortal._this.afterClose (../../node_modules/react-modal/lib/components/ModalPortal.js:114:24)
      at ModalPortal.componentWillUnmount (../../node_modules/react-modal/lib/components/ModalPortal.js:317:14)
      at callComponentWillUnmountWithTimer (../../node_modules/react-dom/cjs/react-dom.development.js:22896:14)
      at safelyCallComponentWillUnmount (../../node_modules/react-dom/cjs/react-dom.development.js:22912:5)
      at commitDeletionEffectsOnFiber (../../node_modules/react-dom/cjs/react-dom.development.js:24168:13)
      at recursivelyTraverseDeletionEffects (../../node_modules/react-dom/cjs/react-dom.development.js:24028:5)
      at commitDeletionEffectsOnFiber (../../node_modules/react-dom/cjs/react-dom.development.js:24101:11)
      at recursivelyTraverseDeletionEffects (../../node_modules/react-dom/cjs/react-dom.development.js:24028:5)
      at commitDeletionEffectsOnFiber (../../node_modules/react-dom/cjs/react-dom.development.js:24172:9)
      at recursivelyTraverseDeletionEffects (../../node_modules/react-dom/cjs/react-dom.development.js:24028:5)
      at commitDeletionEffectsOnFiber (../../node_modules/react-dom/cjs/react-dom.development.js:24157:9)
      at recursivelyTraverseDeletionEffects (../../node_modules/react-dom/cjs/react-dom.development.js:24028:5)
      at commitDeletionEffectsOnFiber (../../node_modules/react-dom/cjs/react-dom.development.js:24172:9)
      at recursivelyTraverseDeletionEffects (../../node_modules/react-dom/cjs/react-dom.development.js:24028:5)
      at commitDeletionEffectsOnFiber (../../node_modules/react-dom/cjs/react-dom.development.js:24209:9)
      at recursivelyTraverseDeletionEffects (../../node_modules/react-dom/cjs/react-dom.development.js:24028:5)
      at commitDeletionEffectsOnFiber (../../node_modules/react-dom/cjs/react-dom.development.js:24157:9)
      at recursivelyTraverseDeletionEffects (../../node_modules/react-dom/cjs/react-dom.development.js:24028:5)
      at commitDeletionEffectsOnFiber (../../node_modules/react-dom/cjs/react-dom.development.js:24157:9)
      at recursivelyTraverseDeletionEffects (../../node_modules/react-dom/cjs/react-dom.development.js:24028:5)
      at commitDeletionEffectsOnFiber (../../node_modules/react-dom/cjs/react-dom.development.js:24209:9)
      at recursivelyTraverseDeletionEffects (../../node_modules/react-dom/cjs/react-dom.development.js:24028:5)
      at commitDeletionEffectsOnFiber (../../node_modules/react-dom/cjs/react-dom.development.js:24157:9)
      at recursivelyTraverseDeletionEffects (../../node_modules/react-dom/cjs/react-dom.development.js:24028:5)
      at commitDeletionEffectsOnFiber (../../node_modules/react-dom/cjs/react-dom.development.js:24209:9)
      at recursivelyTraverseDeletionEffects (../../node_modules/react-dom/cjs/react-dom.development.js:24028:5)
      at commitDeletionEffectsOnFiber (../../node_modules/react-dom/cjs/react-dom.development.js:24172:9)
      at commitDeletionEffects (../../node_modules/react-dom/cjs/react-dom.development.js:24015:5)
      at recursivelyTraverseMutationEffects (../../node_modules/react-dom/cjs/react-dom.development.js:24298:9)
      at commitMutationEffectsOnFiber (../../node_modules/react-dom/cjs/react-dom.development.js:24471:9)
      at commitMutationEffects (../../node_modules/react-dom/cjs/react-dom.development.js:24282:3)
      at commitRootImpl (../../node_modules/react-dom/cjs/react-dom.development.js:26849:5)
      at commitRoot (../../node_modules/react-dom/cjs/react-dom.development.js:26721:5)
      at performSyncWorkOnRoot (../../node_modules/react-dom/cjs/react-dom.development.js:26156:3)
      at flushSyncCallbacks (../../node_modules/react-dom/cjs/react-dom.development.js:12042:22)
      at flushSync (../../node_modules/react-dom/cjs/react-dom.development.js:26240:7)
      at ReactDOMRoot.Object.<anonymous>.ReactDOMHydrationRoot.unmount.ReactDOMRoot.unmount [as unmount] (../../node_modules/react-dom/cjs/react-dom.development.js:29375:5)
      at Object.unmount (../../node_modules/@testing-library/react/dist/pure.js:155:12)
      at ../../node_modules/@testing-library/react/dist/pure.js:286:12
      at ../../node_modules/@testing-library/react/dist/act-compat.js:48:24
      at act (../../node_modules/react/cjs/react.development.js:2512:16)
      at ../../node_modules/@testing-library/react/dist/act-compat.js:47:25
      at ../../node_modules/@testing-library/react/dist/pure.js:285:28
          at Array.forEach (<anonymous>)
      at cleanup (../../node_modules/@testing-library/react/dist/pure.js:281:22)
      at Object.<anonymous> (../../node_modules/@testing-library/react/dist/index.js:29:25)

    console.error
      Warning: react-modal: App element is not defined. Please use `Modal.setAppElement(el)` or set `appElement={el}`. This is needed so screen readers don't see main content when modal is opened. It is not recommended, but you can opt-out by setting `ariaHideApp={false}`.

      4 |
      5 | const renderWithIntl = (ui, {locale = 'en', messages = {}} = {}) => ({
    > 6 |     ...render(
        |              ^
      7 |         <IntlProvider
      8 |             locale={locale}
      9 |             messages={messages}

      at printWarning (../../node_modules/warning/warning.js:34:15)
      at warning (../../node_modules/warning/warning.js:57:20)
      at validateElement (../../node_modules/react-modal/lib/helpers/ariaAppHider.js:77:27)
      at Object.hide (../../node_modules/react-modal/lib/helpers/ariaAppHider.js:89:26)
      at ModalPortal.beforeOpen (../../node_modules/react-modal/lib/components/ModalPortal.js:342:22)
      at ModalPortal._this.open (../../node_modules/react-modal/lib/components/ModalPortal.js:135:13)
      at ModalPortal.componentDidMount (../../node_modules/react-modal/lib/components/ModalPortal.js:285:14)
      at commitLayoutEffectOnFiber (../../node_modules/react-dom/cjs/react-dom.development.js:23349:28)
      at commitLayoutMountEffects_complete (../../node_modules/react-dom/cjs/react-dom.development.js:24727:9)
      at commitLayoutEffects_begin (../../node_modules/react-dom/cjs/react-dom.development.js:24713:7)
      at commitLayoutEffects (../../node_modules/react-dom/cjs/react-dom.development.js:24651:3)
      at commitRootImpl (../../node_modules/react-dom/cjs/react-dom.development.js:26862:5)
      at commitRoot (../../node_modules/react-dom/cjs/react-dom.development.js:26721:5)
      at finishConcurrentRender (../../node_modules/react-dom/cjs/react-dom.development.js:26020:9)
      at performConcurrentWorkOnRoot (../../node_modules/react-dom/cjs/react-dom.development.js:25848:7)
      at flushActQueue (../../node_modules/react/cjs/react.development.js:2667:24)
      at act (../../node_modules/react/cjs/react.development.js:2582:11)
      at ../../node_modules/@testing-library/react/dist/act-compat.js:47:25
      at renderRoot (../../node_modules/@testing-library/react/dist/pure.js:180:26)
      at render (../../node_modules/@testing-library/react/dist/pure.js:271:10)
      at renderWithIntl (test/helpers/intl-helpers.jsx:6:14)
      at renderPicker (test/unit/components/mcremote-block-picker.test.jsx:40:61)
      at Object.renderPicker (test/unit/components/mcremote-block-picker.test.jsx:217:9)

    console.error
      Warning: react-modal: App element is not defined. Please use `Modal.setAppElement(el)` or set `appElement={el}`. This is needed so screen readers don't see main content when modal is opened. It is not recommended, but you can opt-out by setting `ariaHideApp={false}`.

      at printWarning (../../node_modules/warning/warning.js:34:15)
      at warning (../../node_modules/warning/warning.js:57:20)
      at validateElement (../../node_modules/react-modal/lib/helpers/ariaAppHider.js:77:27)
      at Object.show (../../node_modules/react-modal/lib/helpers/ariaAppHider.js:116:27)
      at ModalPortal._this.afterClose (../../node_modules/react-modal/lib/components/ModalPortal.js:114:24)
      at ModalPortal.componentWillUnmount (../../node_modules/react-modal/lib/components/ModalPortal.js:317:14)
      at callComponentWillUnmountWithTimer (../../node_modules/react-dom/cjs/react-dom.development.js:22896:14)
      at safelyCallComponentWillUnmount (../../node_modules/react-dom/cjs/react-dom.development.js:22912:5)
      at commitDeletionEffectsOnFiber (../../node_modules/react-dom/cjs/react-dom.development.js:24168:13)
      at recursivelyTraverseDeletionEffects (../../node_modules/react-dom/cjs/react-dom.development.js:24028:5)
      at commitDeletionEffectsOnFiber (../../node_modules/react-dom/cjs/react-dom.development.js:24101:11)
      at recursivelyTraverseDeletionEffects (../../node_modules/react-dom/cjs/react-dom.development.js:24028:5)
      at commitDeletionEffectsOnFiber (../../node_modules/react-dom/cjs/react-dom.development.js:24172:9)
      at recursivelyTraverseDeletionEffects (../../node_modules/react-dom/cjs/react-dom.development.js:24028:5)
      at commitDeletionEffectsOnFiber (../../node_modules/react-dom/cjs/react-dom.development.js:24157:9)
      at recursivelyTraverseDeletionEffects (../../node_modules/react-dom/cjs/react-dom.development.js:24028:5)
      at commitDeletionEffectsOnFiber (../../node_modules/react-dom/cjs/react-dom.development.js:24172:9)
      at recursivelyTraverseDeletionEffects (../../node_modules/react-dom/cjs/react-dom.development.js:24028:5)
      at commitDeletionEffectsOnFiber (../../node_modules/react-dom/cjs/react-dom.development.js:24209:9)
      at recursivelyTraverseDeletionEffects (../../node_modules/react-dom/cjs/react-dom.development.js:24028:5)
      at commitDeletionEffectsOnFiber (../../node_modules/react-dom/cjs/react-dom.development.js:24157:9)
      at recursivelyTraverseDeletionEffects (../../node_modules/react-dom/cjs/react-dom.development.js:24028:5)
      at commitDeletionEffectsOnFiber (../../node_modules/react-dom/cjs/react-dom.development.js:24157:9)
      at recursivelyTraverseDeletionEffects (../../node_modules/react-dom/cjs/react-dom.development.js:24028:5)
      at commitDeletionEffectsOnFiber (../../node_modules/react-dom/cjs/react-dom.development.js:24209:9)
      at recursivelyTraverseDeletionEffects (../../node_modules/react-dom/cjs/react-dom.development.js:24028:5)
      at commitDeletionEffectsOnFiber (../../node_modules/react-dom/cjs/react-dom.development.js:24157:9)
      at recursivelyTraverseDeletionEffects (../../node_modules/react-dom/cjs/react-dom.development.js:24028:5)
      at commitDeletionEffectsOnFiber (../../node_modules/react-dom/cjs/react-dom.development.js:24209:9)
      at recursivelyTraverseDeletionEffects (../../node_modules/react-dom/cjs/react-dom.development.js:24028:5)
      at commitDeletionEffectsOnFiber (../../node_modules/react-dom/cjs/react-dom.development.js:24172:9)
      at commitDeletionEffects (../../node_modules/react-dom/cjs/react-dom.development.js:24015:5)
      at recursivelyTraverseMutationEffects (../../node_modules/react-dom/cjs/react-dom.development.js:24298:9)
      at commitMutationEffectsOnFiber (../../node_modules/react-dom/cjs/react-dom.development.js:24471:9)
      at commitMutationEffects (../../node_modules/react-dom/cjs/react-dom.development.js:24282:3)
      at commitRootImpl (../../node_modules/react-dom/cjs/react-dom.development.js:26849:5)
      at commitRoot (../../node_modules/react-dom/cjs/react-dom.development.js:26721:5)
      at performSyncWorkOnRoot (../../node_modules/react-dom/cjs/react-dom.development.js:26156:3)
      at flushSyncCallbacks (../../node_modules/react-dom/cjs/react-dom.development.js:12042:22)
      at flushSync (../../node_modules/react-dom/cjs/react-dom.development.js:26240:7)
      at ReactDOMRoot.Object.<anonymous>.ReactDOMHydrationRoot.unmount.ReactDOMRoot.unmount [as unmount] (../../node_modules/react-dom/cjs/react-dom.development.js:29375:5)
      at Object.unmount (../../node_modules/@testing-library/react/dist/pure.js:155:12)
      at ../../node_modules/@testing-library/react/dist/pure.js:286:12
      at ../../node_modules/@testing-library/react/dist/act-compat.js:48:24
      at act (../../node_modules/react/cjs/react.development.js:2512:16)
      at ../../node_modules/@testing-library/react/dist/act-compat.js:47:25
      at ../../node_modules/@testing-library/react/dist/pure.js:285:28
          at Array.forEach (<anonymous>)
      at cleanup (../../node_modules/@testing-library/react/dist/pure.js:281:22)
      at Object.<anonymous> (../../node_modules/@testing-library/react/dist/index.js:29:25)

    console.error
      Warning: react-modal: App element is not defined. Please use `Modal.setAppElement(el)` or set `appElement={el}`. This is needed so screen readers don't see main content when modal is opened. It is not recommended, but you can opt-out by setting `ariaHideApp={false}`.

      4 |
      5 | const renderWithIntl = (ui, {locale = 'en', messages = {}} = {}) => ({
    > 6 |     ...render(
        |              ^
      7 |         <IntlProvider
      8 |             locale={locale}
      9 |             messages={messages}

      at printWarning (../../node_modules/warning/warning.js:34:15)
      at warning (../../node_modules/warning/warning.js:57:20)
      at validateElement (../../node_modules/react-modal/lib/helpers/ariaAppHider.js:77:27)
      at Object.hide (../../node_modules/react-modal/lib/helpers/ariaAppHider.js:89:26)
      at ModalPortal.beforeOpen (../../node_modules/react-modal/lib/components/ModalPortal.js:342:22)
      at ModalPortal._this.open (../../node_modules/react-modal/lib/components/ModalPortal.js:135:13)
      at ModalPortal.componentDidMount (../../node_modules/react-modal/lib/components/ModalPortal.js:285:14)
      at commitLayoutEffectOnFiber (../../node_modules/react-dom/cjs/react-dom.development.js:23349:28)
      at commitLayoutMountEffects_complete (../../node_modules/react-dom/cjs/react-dom.development.js:24727:9)
      at commitLayoutEffects_begin (../../node_modules/react-dom/cjs/react-dom.development.js:24713:7)
      at commitLayoutEffects (../../node_modules/react-dom/cjs/react-dom.development.js:24651:3)
      at commitRootImpl (../../node_modules/react-dom/cjs/react-dom.development.js:26862:5)
      at commitRoot (../../node_modules/react-dom/cjs/react-dom.development.js:26721:5)
      at finishConcurrentRender (../../node_modules/react-dom/cjs/react-dom.development.js:26020:9)
      at performConcurrentWorkOnRoot (../../node_modules/react-dom/cjs/react-dom.development.js:25848:7)
      at flushActQueue (../../node_modules/react/cjs/react.development.js:2667:24)
      at act (../../node_modules/react/cjs/react.development.js:2582:11)
      at ../../node_modules/@testing-library/react/dist/act-compat.js:47:25
      at renderRoot (../../node_modules/@testing-library/react/dist/pure.js:180:26)
      at render (../../node_modules/@testing-library/react/dist/pure.js:271:10)
      at renderWithIntl (test/helpers/intl-helpers.jsx:6:14)
      at renderPicker (test/unit/components/mcremote-block-picker.test.jsx:40:61)
      at Object.renderPicker (test/unit/components/mcremote-block-picker.test.jsx:237:9)

    console.error
      Warning: react-modal: App element is not defined. Please use `Modal.setAppElement(el)` or set `appElement={el}`. This is needed so screen readers don't see main content when modal is opened. It is not recommended, but you can opt-out by setting `ariaHideApp={false}`.

      at printWarning (../../node_modules/warning/warning.js:34:15)
      at warning (../../node_modules/warning/warning.js:57:20)
      at validateElement (../../node_modules/react-modal/lib/helpers/ariaAppHider.js:77:27)
      at Object.show (../../node_modules/react-modal/lib/helpers/ariaAppHider.js:116:27)
      at ModalPortal._this.afterClose (../../node_modules/react-modal/lib/components/ModalPortal.js:114:24)
      at ModalPortal.componentWillUnmount (../../node_modules/react-modal/lib/components/ModalPortal.js:317:14)
      at callComponentWillUnmountWithTimer (../../node_modules/react-dom/cjs/react-dom.development.js:22896:14)
      at safelyCallComponentWillUnmount (../../node_modules/react-dom/cjs/react-dom.development.js:22912:5)
      at commitDeletionEffectsOnFiber (../../node_modules/react-dom/cjs/react-dom.development.js:24168:13)
      at recursivelyTraverseDeletionEffects (../../node_modules/react-dom/cjs/react-dom.development.js:24028:5)
      at commitDeletionEffectsOnFiber (../../node_modules/react-dom/cjs/react-dom.development.js:24101:11)
      at recursivelyTraverseDeletionEffects (../../node_modules/react-dom/cjs/react-dom.development.js:24028:5)
      at commitDeletionEffectsOnFiber (../../node_modules/react-dom/cjs/react-dom.development.js:24172:9)
      at recursivelyTraverseDeletionEffects (../../node_modules/react-dom/cjs/react-dom.development.js:24028:5)
      at commitDeletionEffectsOnFiber (../../node_modules/react-dom/cjs/react-dom.development.js:24157:9)
      at recursivelyTraverseDeletionEffects (../../node_modules/react-dom/cjs/react-dom.development.js:24028:5)
      at commitDeletionEffectsOnFiber (../../node_modules/react-dom/cjs/react-dom.development.js:24172:9)
      at recursivelyTraverseDeletionEffects (../../node_modules/react-dom/cjs/react-dom.development.js:24028:5)
      at commitDeletionEffectsOnFiber (../../node_modules/react-dom/cjs/react-dom.development.js:24209:9)
      at recursivelyTraverseDeletionEffects (../../node_modules/react-dom/cjs/react-dom.development.js:24028:5)
      at commitDeletionEffectsOnFiber (../../node_modules/react-dom/cjs/react-dom.development.js:24157:9)
      at recursivelyTraverseDeletionEffects (../../node_modules/react-dom/cjs/react-dom.development.js:24028:5)
      at commitDeletionEffectsOnFiber (../../node_modules/react-dom/cjs/react-dom.development.js:24157:9)
      at recursivelyTraverseDeletionEffects (../../node_modules/react-dom/cjs/react-dom.development.js:24028:5)
      at commitDeletionEffectsOnFiber (../../node_modules/react-dom/cjs/react-dom.development.js:24209:9)
      at recursivelyTraverseDeletionEffects (../../node_modules/react-dom/cjs/react-dom.development.js:24028:5)
      at commitDeletionEffectsOnFiber (../../node_modules/react-dom/cjs/react-dom.development.js:24157:9)
      at recursivelyTraverseDeletionEffects (../../node_modules/react-dom/cjs/react-dom.development.js:24028:5)
      at commitDeletionEffectsOnFiber (../../node_modules/react-dom/cjs/react-dom.development.js:24209:9)
      at recursivelyTraverseDeletionEffects (../../node_modules/react-dom/cjs/react-dom.development.js:24028:5)
      at commitDeletionEffectsOnFiber (../../node_modules/react-dom/cjs/react-dom.development.js:24172:9)
      at commitDeletionEffects (../../node_modules/react-dom/cjs/react-dom.development.js:24015:5)
      at recursivelyTraverseMutationEffects (../../node_modules/react-dom/cjs/react-dom.development.js:24298:9)
      at commitMutationEffectsOnFiber (../../node_modules/react-dom/cjs/react-dom.development.js:24471:9)
      at commitMutationEffects (../../node_modules/react-dom/cjs/react-dom.development.js:24282:3)
      at commitRootImpl (../../node_modules/react-dom/cjs/react-dom.development.js:26849:5)
      at commitRoot (../../node_modules/react-dom/cjs/react-dom.development.js:26721:5)
      at performSyncWorkOnRoot (../../node_modules/react-dom/cjs/react-dom.development.js:26156:3)
      at flushSyncCallbacks (../../node_modules/react-dom/cjs/react-dom.development.js:12042:22)
      at flushSync (../../node_modules/react-dom/cjs/react-dom.development.js:26240:7)
      at ReactDOMRoot.Object.<anonymous>.ReactDOMHydrationRoot.unmount.ReactDOMRoot.unmount [as unmount] (../../node_modules/react-dom/cjs/react-dom.development.js:29375:5)
      at Object.unmount (../../node_modules/@testing-library/react/dist/pure.js:155:12)
      at ../../node_modules/@testing-library/react/dist/pure.js:286:12
      at ../../node_modules/@testing-library/react/dist/act-compat.js:48:24
      at act (../../node_modules/react/cjs/react.development.js:2512:16)
      at ../../node_modules/@testing-library/react/dist/act-compat.js:47:25
      at ../../node_modules/@testing-library/react/dist/pure.js:285:28
          at Array.forEach (<anonymous>)
      at cleanup (../../node_modules/@testing-library/react/dist/pure.js:281:22)
      at Object.<anonymous> (../../node_modules/@testing-library/react/dist/index.js:29:25)

    console.error
      Warning: react-modal: App element is not defined. Please use `Modal.setAppElement(el)` or set `appElement={el}`. This is needed so screen readers don't see main content when modal is opened. It is not recommended, but you can opt-out by setting `ariaHideApp={false}`.

      4 |
      5 | const renderWithIntl = (ui, {locale = 'en', messages = {}} = {}) => ({
    > 6 |     ...render(
        |              ^
      7 |         <IntlProvider
      8 |             locale={locale}
      9 |             messages={messages}

      at printWarning (../../node_modules/warning/warning.js:34:15)
      at warning (../../node_modules/warning/warning.js:57:20)
      at validateElement (../../node_modules/react-modal/lib/helpers/ariaAppHider.js:77:27)
      at Object.hide (../../node_modules/react-modal/lib/helpers/ariaAppHider.js:89:26)
      at ModalPortal.beforeOpen (../../node_modules/react-modal/lib/components/ModalPortal.js:342:22)
      at ModalPortal._this.open (../../node_modules/react-modal/lib/components/ModalPortal.js:135:13)
      at ModalPortal.componentDidMount (../../node_modules/react-modal/lib/components/ModalPortal.js:285:14)
      at commitLayoutEffectOnFiber (../../node_modules/react-dom/cjs/react-dom.development.js:23349:28)
      at commitLayoutMountEffects_complete (../../node_modules/react-dom/cjs/react-dom.development.js:24727:9)
      at commitLayoutEffects_begin (../../node_modules/react-dom/cjs/react-dom.development.js:24713:7)
      at commitLayoutEffects (../../node_modules/react-dom/cjs/react-dom.development.js:24651:3)
      at commitRootImpl (../../node_modules/react-dom/cjs/react-dom.development.js:26862:5)
      at commitRoot (../../node_modules/react-dom/cjs/react-dom.development.js:26721:5)
      at finishConcurrentRender (../../node_modules/react-dom/cjs/react-dom.development.js:26020:9)
      at performConcurrentWorkOnRoot (../../node_modules/react-dom/cjs/react-dom.development.js:25848:7)
      at flushActQueue (../../node_modules/react/cjs/react.development.js:2667:24)
      at act (../../node_modules/react/cjs/react.development.js:2582:11)
      at ../../node_modules/@testing-library/react/dist/act-compat.js:47:25
      at renderRoot (../../node_modules/@testing-library/react/dist/pure.js:180:26)
      at render (../../node_modules/@testing-library/react/dist/pure.js:271:10)
      at renderWithIntl (test/helpers/intl-helpers.jsx:6:14)
      at renderPicker (test/unit/components/mcremote-block-picker.test.jsx:40:61)
      at Object.renderPicker (test/unit/components/mcremote-block-picker.test.jsx:259:9)

    console.error
      Warning: react-modal: App element is not defined. Please use `Modal.setAppElement(el)` or set `appElement={el}`. This is needed so screen readers don't see main content when modal is opened. It is not recommended, but you can opt-out by setting `ariaHideApp={false}`.

      at printWarning (../../node_modules/warning/warning.js:34:15)
      at warning (../../node_modules/warning/warning.js:57:20)
      at validateElement (../../node_modules/react-modal/lib/helpers/ariaAppHider.js:77:27)
      at Object.show (../../node_modules/react-modal/lib/helpers/ariaAppHider.js:116:27)
      at ModalPortal._this.afterClose (../../node_modules/react-modal/lib/components/ModalPortal.js:114:24)
      at ModalPortal.componentWillUnmount (../../node_modules/react-modal/lib/components/ModalPortal.js:317:14)
      at callComponentWillUnmountWithTimer (../../node_modules/react-dom/cjs/react-dom.development.js:22896:14)
      at safelyCallComponentWillUnmount (../../node_modules/react-dom/cjs/react-dom.development.js:22912:5)
      at commitDeletionEffectsOnFiber (../../node_modules/react-dom/cjs/react-dom.development.js:24168:13)
      at recursivelyTraverseDeletionEffects (../../node_modules/react-dom/cjs/react-dom.development.js:24028:5)
      at commitDeletionEffectsOnFiber (../../node_modules/react-dom/cjs/react-dom.development.js:24101:11)
      at recursivelyTraverseDeletionEffects (../../node_modules/react-dom/cjs/react-dom.development.js:24028:5)
      at commitDeletionEffectsOnFiber (../../node_modules/react-dom/cjs/react-dom.development.js:24172:9)
      at recursivelyTraverseDeletionEffects (../../node_modules/react-dom/cjs/react-dom.development.js:24028:5)
      at commitDeletionEffectsOnFiber (../../node_modules/react-dom/cjs/react-dom.development.js:24157:9)
      at recursivelyTraverseDeletionEffects (../../node_modules/react-dom/cjs/react-dom.development.js:24028:5)
      at commitDeletionEffectsOnFiber (../../node_modules/react-dom/cjs/react-dom.development.js:24172:9)
      at recursivelyTraverseDeletionEffects (../../node_modules/react-dom/cjs/react-dom.development.js:24028:5)
      at commitDeletionEffectsOnFiber (../../node_modules/react-dom/cjs/react-dom.development.js:24209:9)
      at recursivelyTraverseDeletionEffects (../../node_modules/react-dom/cjs/react-dom.development.js:24028:5)
      at commitDeletionEffectsOnFiber (../../node_modules/react-dom/cjs/react-dom.development.js:24157:9)
      at recursivelyTraverseDeletionEffects (../../node_modules/react-dom/cjs/react-dom.development.js:24028:5)
      at commitDeletionEffectsOnFiber (../../node_modules/react-dom/cjs/react-dom.development.js:24157:9)
      at recursivelyTraverseDeletionEffects (../../node_modules/react-dom/cjs/react-dom.development.js:24028:5)
      at commitDeletionEffectsOnFiber (../../node_modules/react-dom/cjs/react-dom.development.js:24209:9)
      at recursivelyTraverseDeletionEffects (../../node_modules/react-dom/cjs/react-dom.development.js:24028:5)
      at commitDeletionEffectsOnFiber (../../node_modules/react-dom/cjs/react-dom.development.js:24157:9)
      at recursivelyTraverseDeletionEffects (../../node_modules/react-dom/cjs/react-dom.development.js:24028:5)
      at commitDeletionEffectsOnFiber (../../node_modules/react-dom/cjs/react-dom.development.js:24209:9)
      at recursivelyTraverseDeletionEffects (../../node_modules/react-dom/cjs/react-dom.development.js:24028:5)
      at commitDeletionEffectsOnFiber (../../node_modules/react-dom/cjs/react-dom.development.js:24172:9)
      at commitDeletionEffects (../../node_modules/react-dom/cjs/react-dom.development.js:24015:5)
      at recursivelyTraverseMutationEffects (../../node_modules/react-dom/cjs/react-dom.development.js:24298:9)
      at commitMutationEffectsOnFiber (../../node_modules/react-dom/cjs/react-dom.development.js:24471:9)
      at commitMutationEffects (../../node_modules/react-dom/cjs/react-dom.development.js:24282:3)
      at commitRootImpl (../../node_modules/react-dom/cjs/react-dom.development.js:26849:5)
      at commitRoot (../../node_modules/react-dom/cjs/react-dom.development.js:26721:5)
      at performSyncWorkOnRoot (../../node_modules/react-dom/cjs/react-dom.development.js:26156:3)
      at flushSyncCallbacks (../../node_modules/react-dom/cjs/react-dom.development.js:12042:22)
      at flushSync (../../node_modules/react-dom/cjs/react-dom.development.js:26240:7)
      at ReactDOMRoot.Object.<anonymous>.ReactDOMHydrationRoot.unmount.ReactDOMRoot.unmount [as unmount] (../../node_modules/react-dom/cjs/react-dom.development.js:29375:5)
      at Object.unmount (../../node_modules/@testing-library/react/dist/pure.js:155:12)
      at ../../node_modules/@testing-library/react/dist/pure.js:286:12
      at ../../node_modules/@testing-library/react/dist/act-compat.js:48:24
      at act (../../node_modules/react/cjs/react.development.js:2512:16)
      at ../../node_modules/@testing-library/react/dist/act-compat.js:47:25
      at ../../node_modules/@testing-library/react/dist/pure.js:285:28
          at Array.forEach (<anonymous>)
      at cleanup (../../node_modules/@testing-library/react/dist/pure.js:281:22)
      at Object.<anonymous> (../../node_modules/@testing-library/react/dist/index.js:29:25)

    console.error
      Warning: react-modal: App element is not defined. Please use `Modal.setAppElement(el)` or set `appElement={el}`. This is needed so screen readers don't see main content when modal is opened. It is not recommended, but you can opt-out by setting `ariaHideApp={false}`.

      4 |
      5 | const renderWithIntl = (ui, {locale = 'en', messages = {}} = {}) => ({
    > 6 |     ...render(
        |              ^
      7 |         <IntlProvider
      8 |             locale={locale}
      9 |             messages={messages}

      at printWarning (../../node_modules/warning/warning.js:34:15)
      at warning (../../node_modules/warning/warning.js:57:20)
      at validateElement (../../node_modules/react-modal/lib/helpers/ariaAppHider.js:77:27)
      at Object.hide (../../node_modules/react-modal/lib/helpers/ariaAppHider.js:89:26)
      at ModalPortal.beforeOpen (../../node_modules/react-modal/lib/components/ModalPortal.js:342:22)
      at ModalPortal._this.open (../../node_modules/react-modal/lib/components/ModalPortal.js:135:13)
      at ModalPortal.componentDidMount (../../node_modules/react-modal/lib/components/ModalPortal.js:285:14)
      at commitLayoutEffectOnFiber (../../node_modules/react-dom/cjs/react-dom.development.js:23349:28)
      at commitLayoutMountEffects_complete (../../node_modules/react-dom/cjs/react-dom.development.js:24727:9)
      at commitLayoutEffects_begin (../../node_modules/react-dom/cjs/react-dom.development.js:24713:7)
      at commitLayoutEffects (../../node_modules/react-dom/cjs/react-dom.development.js:24651:3)
      at commitRootImpl (../../node_modules/react-dom/cjs/react-dom.development.js:26862:5)
      at commitRoot (../../node_modules/react-dom/cjs/react-dom.development.js:26721:5)
      at finishConcurrentRender (../../node_modules/react-dom/cjs/react-dom.development.js:26020:9)
      at performConcurrentWorkOnRoot (../../node_modules/react-dom/cjs/react-dom.development.js:25848:7)
      at flushActQueue (../../node_modules/react/cjs/react.development.js:2667:24)
      at act (../../node_modules/react/cjs/react.development.js:2582:11)
      at ../../node_modules/@testing-library/react/dist/act-compat.js:47:25
      at renderRoot (../../node_modules/@testing-library/react/dist/pure.js:180:26)
      at render (../../node_modules/@testing-library/react/dist/pure.js:271:10)
      at renderWithIntl (test/helpers/intl-helpers.jsx:6:14)
      at renderPicker (test/unit/components/mcremote-block-picker.test.jsx:40:61)
      at Object.renderPicker (test/unit/components/mcremote-block-picker.test.jsx:276:9)

    console.error
      Warning: react-modal: App element is not defined. Please use `Modal.setAppElement(el)` or set `appElement={el}`. This is needed so screen readers don't see main content when modal is opened. It is not recommended, but you can opt-out by setting `ariaHideApp={false}`.

      at printWarning (../../node_modules/warning/warning.js:34:15)
      at warning (../../node_modules/warning/warning.js:57:20)
      at validateElement (../../node_modules/react-modal/lib/helpers/ariaAppHider.js:77:27)
      at Object.show (../../node_modules/react-modal/lib/helpers/ariaAppHider.js:116:27)
      at ModalPortal._this.afterClose (../../node_modules/react-modal/lib/components/ModalPortal.js:114:24)
      at ModalPortal.componentWillUnmount (../../node_modules/react-modal/lib/components/ModalPortal.js:317:14)
      at callComponentWillUnmountWithTimer (../../node_modules/react-dom/cjs/react-dom.development.js:22896:14)
      at safelyCallComponentWillUnmount (../../node_modules/react-dom/cjs/react-dom.development.js:22912:5)
      at commitDeletionEffectsOnFiber (../../node_modules/react-dom/cjs/react-dom.development.js:24168:13)
      at recursivelyTraverseDeletionEffects (../../node_modules/react-dom/cjs/react-dom.development.js:24028:5)
      at commitDeletionEffectsOnFiber (../../node_modules/react-dom/cjs/react-dom.development.js:24101:11)
      at recursivelyTraverseDeletionEffects (../../node_modules/react-dom/cjs/react-dom.development.js:24028:5)
      at commitDeletionEffectsOnFiber (../../node_modules/react-dom/cjs/react-dom.development.js:24172:9)
      at recursivelyTraverseDeletionEffects (../../node_modules/react-dom/cjs/react-dom.development.js:24028:5)
      at commitDeletionEffectsOnFiber (../../node_modules/react-dom/cjs/react-dom.development.js:24157:9)
      at recursivelyTraverseDeletionEffects (../../node_modules/react-dom/cjs/react-dom.development.js:24028:5)
      at commitDeletionEffectsOnFiber (../../node_modules/react-dom/cjs/react-dom.development.js:24172:9)
      at recursivelyTraverseDeletionEffects (../../node_modules/react-dom/cjs/react-dom.development.js:24028:5)
      at commitDeletionEffectsOnFiber (../../node_modules/react-dom/cjs/react-dom.development.js:24209:9)
      at recursivelyTraverseDeletionEffects (../../node_modules/react-dom/cjs/react-dom.development.js:24028:5)
      at commitDeletionEffectsOnFiber (../../node_modules/react-dom/cjs/react-dom.development.js:24157:9)
      at recursivelyTraverseDeletionEffects (../../node_modules/react-dom/cjs/react-dom.development.js:24028:5)
      at commitDeletionEffectsOnFiber (../../node_modules/react-dom/cjs/react-dom.development.js:24157:9)
      at recursivelyTraverseDeletionEffects (../../node_modules/react-dom/cjs/react-dom.development.js:24028:5)
      at commitDeletionEffectsOnFiber (../../node_modules/react-dom/cjs/react-dom.development.js:24209:9)
      at recursivelyTraverseDeletionEffects (../../node_modules/react-dom/cjs/react-dom.development.js:24028:5)
      at commitDeletionEffectsOnFiber (../../node_modules/react-dom/cjs/react-dom.development.js:24157:9)
      at recursivelyTraverseDeletionEffects (../../node_modules/react-dom/cjs/react-dom.development.js:24028:5)
      at commitDeletionEffectsOnFiber (../../node_modules/react-dom/cjs/react-dom.development.js:24209:9)
      at recursivelyTraverseDeletionEffects (../../node_modules/react-dom/cjs/react-dom.development.js:24028:5)
      at commitDeletionEffectsOnFiber (../../node_modules/react-dom/cjs/react-dom.development.js:24172:9)
      at commitDeletionEffects (../../node_modules/react-dom/cjs/react-dom.development.js:24015:5)
      at recursivelyTraverseMutationEffects (../../node_modules/react-dom/cjs/react-dom.development.js:24298:9)
      at commitMutationEffectsOnFiber (../../node_modules/react-dom/cjs/react-dom.development.js:24471:9)
      at commitMutationEffects (../../node_modules/react-dom/cjs/react-dom.development.js:24282:3)
      at commitRootImpl (../../node_modules/react-dom/cjs/react-dom.development.js:26849:5)
      at commitRoot (../../node_modules/react-dom/cjs/react-dom.development.js:26721:5)
      at performSyncWorkOnRoot (../../node_modules/react-dom/cjs/react-dom.development.js:26156:3)
      at flushSyncCallbacks (../../node_modules/react-dom/cjs/react-dom.development.js:12042:22)
      at flushSync (../../node_modules/react-dom/cjs/react-dom.development.js:26240:7)
      at ReactDOMRoot.Object.<anonymous>.ReactDOMHydrationRoot.unmount.ReactDOMRoot.unmount [as unmount] (../../node_modules/react-dom/cjs/react-dom.development.js:29375:5)
      at Object.unmount (../../node_modules/@testing-library/react/dist/pure.js:155:12)
      at ../../node_modules/@testing-library/react/dist/pure.js:286:12
      at ../../node_modules/@testing-library/react/dist/act-compat.js:48:24
      at act (../../node_modules/react/cjs/react.development.js:2512:16)
      at ../../node_modules/@testing-library/react/dist/act-compat.js:47:25
      at ../../node_modules/@testing-library/react/dist/pure.js:285:28
          at Array.forEach (<anonymous>)
      at cleanup (../../node_modules/@testing-library/react/dist/pure.js:281:22)
      at Object.<anonymous> (../../node_modules/@testing-library/react/dist/index.js:29:25)

PASS test/unit/containers/sprite-selector-item.test.jsx
  ● Console

    console.error
      Warning: DeleteButton: Support for defaultProps will be removed from function components in a future major release. Use JavaScript default parameters instead.
          at className (~/Documents/GitHub/AA_KNOWLEGE_BASED_DEV_SYSTEM/scratch-editor/packages/scratch-gui/src/components/delete-button/delete-button.jsx:13:19)
          at div
          at ~/Documents/GitHub/AA_KNOWLEGE_BASED_DEV_SYSTEM/scratch-editor/packages/scratch-gui/node_modules/@radix-ui/react-slot/src/slot.tsx:25:11
          at ~/Documents/GitHub/AA_KNOWLEGE_BASED_DEV_SYSTEM/scratch-editor/packages/scratch-gui/node_modules/@radix-ui/react-primitive/src/primitive.tsx:47:13
          at ContextMenuTrigger (~/Documents/GitHub/AA_KNOWLEGE_BASED_DEV_SYSTEM/scratch-editor/packages/scratch-gui/node_modules/@radix-ui/react-context-menu/src/context-menu.tsx:112:13)
          at Provider (~/Documents/GitHub/AA_KNOWLEGE_BASED_DEV_SYSTEM/scratch-editor/packages/scratch-gui/node_modules/@radix-ui/react-context/src/create-context.tsx:126:15)
          at Provider (~/Documents/GitHub/AA_KNOWLEGE_BASED_DEV_SYSTEM/scratch-editor/packages/scratch-gui/node_modules/@radix-ui/react-context/src/create-context.tsx:126:15)
          at Provider (~/Documents/GitHub/AA_KNOWLEGE_BASED_DEV_SYSTEM/scratch-editor/packages/scratch-gui/node_modules/@radix-ui/react-context/src/create-context.tsx:126:15)
          at Popper (~/Documents/GitHub/AA_KNOWLEGE_BASED_DEV_SYSTEM/scratch-editor/packages/scratch-gui/node_modules/@radix-ui/react-popper/src/popper.tsx:52:11)
          at Menu (~/Documents/GitHub/AA_KNOWLEGE_BASED_DEV_SYSTEM/scratch-editor/packages/scratch-gui/node_modules/@radix-ui/react-menu/src/menu.tsx:88:11)
          at Provider (~/Documents/GitHub/AA_KNOWLEGE_BASED_DEV_SYSTEM/scratch-editor/packages/scratch-gui/node_modules/@radix-ui/react-context/src/create-context.tsx:126:15)
          at ContextMenu (~/Documents/GitHub/AA_KNOWLEGE_BASED_DEV_SYSTEM/scratch-editor/packages/scratch-gui/node_modules/@radix-ui/react-context-menu/src/context-menu.tsx:45:11)
          at SpriteSelectorItem (~/Documents/GitHub/AA_KNOWLEGE_BASED_DEV_SYSTEM/scratch-editor/packages/scratch-gui/src/components/sprite-selector-item/sprite-selector-item.jsx:13:14)
          at SpriteSelectorItem (~/Documents/GitHub/AA_KNOWLEGE_BASED_DEV_SYSTEM/scratch-editor/packages/scratch-gui/src/containers/sprite-selector-item.jsx:20:9)
          at ConnectFunction (~/Documents/GitHub/AA_KNOWLEGE_BASED_DEV_SYSTEM/scratch-editor/node_modules/react-redux/lib/components/connect.js:246:74)
          at Provider (~/Documents/GitHub/AA_KNOWLEGE_BASED_DEV_SYSTEM/scratch-editor/node_modules/react-redux/lib/components/Provider.js:19:3)
          at IntlProvider (~/Documents/GitHub/AA_KNOWLEGE_BASED_DEV_SYSTEM/scratch-editor/node_modules/react-intl/src/components/provider.js:33:47)

      4 |
      5 | const renderWithIntl = (ui, {locale = 'en', messages = {}} = {}) => ({
    > 6 |     ...render(
        |              ^
      7 |         <IntlProvider
      8 |             locale={locale}
      9 |             messages={messages}

      at printWarning (../../node_modules/react-dom/cjs/react-dom.development.js:86:30)
      at error (../../node_modules/react-dom/cjs/react-dom.development.js:60:7)
      at validateFunctionComponentInDev (../../node_modules/react-dom/cjs/react-dom.development.js:20230:9)
      at mountIndeterminateComponent (../../node_modules/react-dom/cjs/react-dom.development.js:20189:7)
      at beginWork (../../node_modules/react-dom/cjs/react-dom.development.js:21626:16)
      at beginWork$1 (../../node_modules/react-dom/cjs/react-dom.development.js:27465:14)
      at performUnitOfWork (../../node_modules/react-dom/cjs/react-dom.development.js:26599:12)
      at workLoopSync (../../node_modules/react-dom/cjs/react-dom.development.js:26505:5)
      at renderRootSync (../../node_modules/react-dom/cjs/react-dom.development.js:26473:7)
      at performConcurrentWorkOnRoot (../../node_modules/react-dom/cjs/react-dom.development.js:25777:74)
      at flushActQueue (../../node_modules/react/cjs/react.development.js:2667:24)
      at act (../../node_modules/react/cjs/react.development.js:2582:11)
      at ../../node_modules/@testing-library/react/dist/act-compat.js:47:25
      at renderRoot (../../node_modules/@testing-library/react/dist/pure.js:180:26)
      at render (../../node_modules/@testing-library/react/dist/pure.js:271:10)
      at renderWithIntl (test/helpers/intl-helpers.jsx:6:14)
      at Object.<anonymous> (test/unit/containers/sprite-selector-item.test.jsx:73:23)

    console.log
      [37m2026-10-04 20:14:10.024[39m[0m[0m	[33m[1mWARN[22m[39m[0m[0m	[37m[39m[0m[0m[1m[37m	scratch-vm[39m[22m[0m[0m	Central dispatch replacing existing service provider for runtime

      at Object.c [as transportFormatted] (../scratch-vm/dist/web/webpack:/VirtualMachine/webpack/universalModuleDefinition:1:1)

    console.log
      [37m2026-10-04 20:14:11.948[39m[0m[0m	[33m[1mWARN[22m[39m[0m[0m	[37m[39m[0m[0m[1m[37m	scratch-vm[39m[22m[0m[0m	Central dispatch replacing existing service provider for extensions

      at Object.c [as transportFormatted] (../scratch-vm/dist/web/webpack:/VirtualMachine/webpack/universalModuleDefinition:1:1)

PASS test/unit/util/vm-manager-hoc.test.jsx
  ● Console

    console.log
      [37m2026-10-04 20:14:12.539[39m[0m[0m	[33m[1mWARN[22m[39m[0m[0m	[37m[39m[0m[0m[1m[37m	scratch-vm[39m[22m[0m[0m	Central dispatch replacing existing service provider for runtime

      at Object.c [as transportFormatted] (../scratch-vm/dist/web/webpack:/VirtualMachine/webpack/universalModuleDefinition:1:1)

    console.log
      [37m2026-10-04 20:14:14.209[39m[0m[0m	[33m[1mWARN[22m[39m[0m[0m	[37m[39m[0m[0m[1m[37m	scratch-vm[39m[22m[0m[0m	Central dispatch replacing existing service provider for extensions

      at Object.c [as transportFormatted] (../scratch-vm/dist/web/webpack:/VirtualMachine/webpack/universalModuleDefinition:1:1)

    console.log
      [37m2026-10-04 20:14:14.218[39m[0m[0m	[33m[1mWARN[22m[39m[0m[0m	[37m[39m[0m[0m[1m[37m	scratch-vm[39m[22m[0m[0m	Central dispatch replacing existing service provider for runtime

      at Object.c [as transportFormatted] (../scratch-vm/dist/web/webpack:/VirtualMachine/webpack/universalModuleDefinition:1:1)

    console.log
      [37m2026-10-04 20:14:14.221[39m[0m[0m	[33m[1mWARN[22m[39m[0m[0m	[37m[39m[0m[0m[1m[37m	scratch-vm[39m[22m[0m[0m	Central dispatch replacing existing service provider for extensions

      at Object.c [as transportFormatted] (../scratch-vm/dist/web/webpack:/VirtualMachine/webpack/universalModuleDefinition:1:1)

    console.log
      [37m2026-10-04 20:14:14.300[39m[0m[0m	[33m[1mWARN[22m[39m[0m[0m	[37m[39m[0m[0m[1m[37m	scratch-vm[39m[22m[0m[0m	Central dispatch replacing existing service provider for runtime

      at Object.c [as transportFormatted] (../scratch-vm/dist/web/webpack:/VirtualMachine/webpack/universalModuleDefinition:1:1)

    console.log
      [37m2026-10-04 20:14:14.304[39m[0m[0m	[33m[1mWARN[22m[39m[0m[0m	[37m[39m[0m[0m[1m[37m	scratch-vm[39m[22m[0m[0m	Central dispatch replacing existing service provider for extensions

      at Object.c [as transportFormatted] (../scratch-vm/dist/web/webpack:/VirtualMachine/webpack/universalModuleDefinition:1:1)

    console.log
      [37m2026-10-04 20:14:14.316[39m[0m[0m	[33m[1mWARN[22m[39m[0m[0m	[37m[39m[0m[0m[1m[37m	scratch-vm[39m[22m[0m[0m	Central dispatch replacing existing service provider for runtime

      at Object.c [as transportFormatted] (../scratch-vm/dist/web/webpack:/VirtualMachine/webpack/universalModuleDefinition:1:1)

    console.log
      [37m2026-10-04 20:14:14.319[39m[0m[0m	[33m[1mWARN[22m[39m[0m[0m	[37m[39m[0m[0m[1m[37m	scratch-vm[39m[22m[0m[0m	Central dispatch replacing existing service provider for extensions

      at Object.c [as transportFormatted] (../scratch-vm/dist/web/webpack:/VirtualMachine/webpack/universalModuleDefinition:1:1)

    console.log
      [37m2026-10-04 20:14:14.327[39m[0m[0m	[33m[1mWARN[22m[39m[0m[0m	[37m[39m[0m[0m[1m[37m	scratch-vm[39m[22m[0m[0m	Central dispatch replacing existing service provider for runtime

      at Object.c [as transportFormatted] (../scratch-vm/dist/web/webpack:/VirtualMachine/webpack/universalModuleDefinition:1:1)

    console.log
      [37m2026-10-04 20:14:14.330[39m[0m[0m	[33m[1mWARN[22m[39m[0m[0m	[37m[39m[0m[0m[1m[37m	scratch-vm[39m[22m[0m[0m	Central dispatch replacing existing service provider for extensions

      at Object.c [as transportFormatted] (../scratch-vm/dist/web/webpack:/VirtualMachine/webpack/universalModuleDefinition:1:1)

    console.log
      [37m2026-10-04 20:14:14.343[39m[0m[0m	[33m[1mWARN[22m[39m[0m[0m	[37m[39m[0m[0m[1m[37m	scratch-vm[39m[22m[0m[0m	Central dispatch replacing existing service provider for runtime

      at Object.c [as transportFormatted] (../scratch-vm/dist/web/webpack:/VirtualMachine/webpack/universalModuleDefinition:1:1)

    console.log
      [37m2026-10-04 20:14:14.348[39m[0m[0m	[33m[1mWARN[22m[39m[0m[0m	[37m[39m[0m[0m[1m[37m	scratch-vm[39m[22m[0m[0m	Central dispatch replacing existing service provider for extensions

      at Object.c [as transportFormatted] (../scratch-vm/dist/web/webpack:/VirtualMachine/webpack/universalModuleDefinition:1:1)

    console.log
      [37m2026-10-04 20:14:14.358[39m[0m[0m	[33m[1mWARN[22m[39m[0m[0m	[37m[39m[0m[0m[1m[37m	scratch-vm[39m[22m[0m[0m	Central dispatch replacing existing service provider for runtime

      at Object.c [as transportFormatted] (../scratch-vm/dist/web/webpack:/VirtualMachine/webpack/universalModuleDefinition:1:1)

    console.log
      [37m2026-10-04 20:14:14.361[39m[0m[0m	[33m[1mWARN[22m[39m[0m[0m	[37m[39m[0m[0m[1m[37m	scratch-vm[39m[22m[0m[0m	Central dispatch replacing existing service provider for extensions

      at Object.c [as transportFormatted] (../scratch-vm/dist/web/webpack:/VirtualMachine/webpack/universalModuleDefinition:1:1)

PASS test/unit/util/mcremote-l10n.test.js
PASS test/unit/util/cloud-manager-hoc.test.jsx
  ● Console

    console.log
      [37m2026-10-04 20:14:15.242[39m[0m[0m	[33m[1mWARN[22m[39m[0m[0m	[37m[39m[0m[0m[1m[37m	scratch-vm[39m[22m[0m[0m	Central dispatch replacing existing service provider for runtime

      at Object.c [as transportFormatted] (../scratch-vm/dist/web/webpack:/VirtualMachine/webpack/universalModuleDefinition:1:1)

    console.log
      [37m2026-10-04 20:14:16.965[39m[0m[0m	[33m[1mWARN[22m[39m[0m[0m	[37m[39m[0m[0m[1m[37m	scratch-vm[39m[22m[0m[0m	Central dispatch replacing existing service provider for extensions

      at Object.c [as transportFormatted] (../scratch-vm/dist/web/webpack:/VirtualMachine/webpack/universalModuleDefinition:1:1)

    console.log
      [37m2026-10-04 20:14:16.971[39m[0m[0m	[33m[1mWARN[22m[39m[0m[0m	[37m[39m[0m[0m[1m[37m	scratch-vm[39m[22m[0m[0m	Central dispatch replacing existing service provider for runtime

      at Object.c [as transportFormatted] (../scratch-vm/dist/web/webpack:/VirtualMachine/webpack/universalModuleDefinition:1:1)

    console.log
      [37m2026-10-04 20:14:16.973[39m[0m[0m	[33m[1mWARN[22m[39m[0m[0m	[37m[39m[0m[0m[1m[37m	scratch-vm[39m[22m[0m[0m	Central dispatch replacing existing service provider for extensions

      at Object.c [as transportFormatted] (../scratch-vm/dist/web/webpack:/VirtualMachine/webpack/universalModuleDefinition:1:1)

    console.log
      [37m2026-10-04 20:14:16.980[39m[0m[0m	[33m[1mWARN[22m[39m[0m[0m	[37m[39m[0m[0m[1m[37m	scratch-vm[39m[22m[0m[0m	Central dispatch replacing existing service provider for runtime

      at Object.c [as transportFormatted] (../scratch-vm/dist/web/webpack:/VirtualMachine/webpack/universalModuleDefinition:1:1)

    console.log
      [37m2026-10-04 20:14:16.982[39m[0m[0m	[33m[1mWARN[22m[39m[0m[0m	[37m[39m[0m[0m[1m[37m	scratch-vm[39m[22m[0m[0m	Central dispatch replacing existing service provider for extensions

      at Object.c [as transportFormatted] (../scratch-vm/dist/web/webpack:/VirtualMachine/webpack/universalModuleDefinition:1:1)

    console.log
      [37m2026-10-04 20:14:16.988[39m[0m[0m	[33m[1mWARN[22m[39m[0m[0m	[37m[39m[0m[0m[1m[37m	scratch-vm[39m[22m[0m[0m	Central dispatch replacing existing service provider for runtime

      at Object.c [as transportFormatted] (../scratch-vm/dist/web/webpack:/VirtualMachine/webpack/universalModuleDefinition:1:1)

    console.log
      [37m2026-10-04 20:14:16.990[39m[0m[0m	[33m[1mWARN[22m[39m[0m[0m	[37m[39m[0m[0m[1m[37m	scratch-vm[39m[22m[0m[0m	Central dispatch replacing existing service provider for extensions

      at Object.c [as transportFormatted] (../scratch-vm/dist/web/webpack:/VirtualMachine/webpack/universalModuleDefinition:1:1)

    console.log
      [37m2026-10-04 20:14:16.996[39m[0m[0m	[33m[1mWARN[22m[39m[0m[0m	[37m[39m[0m[0m[1m[37m	scratch-vm[39m[22m[0m[0m	Central dispatch replacing existing service provider for runtime

      at Object.c [as transportFormatted] (../scratch-vm/dist/web/webpack:/VirtualMachine/webpack/universalModuleDefinition:1:1)

    console.log
      [37m2026-10-04 20:14:16.998[39m[0m[0m	[33m[1mWARN[22m[39m[0m[0m	[37m[39m[0m[0m[1m[37m	scratch-vm[39m[22m[0m[0m	Central dispatch replacing existing service provider for extensions

      at Object.c [as transportFormatted] (../scratch-vm/dist/web/webpack:/VirtualMachine/webpack/universalModuleDefinition:1:1)

    console.log
      [37m2026-10-04 20:14:17.004[39m[0m[0m	[33m[1mWARN[22m[39m[0m[0m	[37m[39m[0m[0m[1m[37m	scratch-vm[39m[22m[0m[0m	Central dispatch replacing existing service provider for runtime

      at Object.c [as transportFormatted] (../scratch-vm/dist/web/webpack:/VirtualMachine/webpack/universalModuleDefinition:1:1)

    console.log
      [37m2026-10-04 20:14:17.006[39m[0m[0m	[33m[1mWARN[22m[39m[0m[0m	[37m[39m[0m[0m[1m[37m	scratch-vm[39m[22m[0m[0m	Central dispatch replacing existing service provider for extensions

      at Object.c [as transportFormatted] (../scratch-vm/dist/web/webpack:/VirtualMachine/webpack/universalModuleDefinition:1:1)

    console.log
      [37m2026-10-04 20:14:17.012[39m[0m[0m	[33m[1mWARN[22m[39m[0m[0m	[37m[39m[0m[0m[1m[37m	scratch-vm[39m[22m[0m[0m	Central dispatch replacing existing service provider for runtime

      at Object.c [as transportFormatted] (../scratch-vm/dist/web/webpack:/VirtualMachine/webpack/universalModuleDefinition:1:1)

    console.log
      [37m2026-10-04 20:14:17.014[39m[0m[0m	[33m[1mWARN[22m[39m[0m[0m	[37m[39m[0m[0m[1m[37m	scratch-vm[39m[22m[0m[0m	Central dispatch replacing existing service provider for extensions

      at Object.c [as transportFormatted] (../scratch-vm/dist/web/webpack:/VirtualMachine/webpack/universalModuleDefinition:1:1)

    console.log
      [37m2026-10-04 20:14:17.023[39m[0m[0m	[33m[1mWARN[22m[39m[0m[0m	[37m[39m[0m[0m[1m[37m	scratch-vm[39m[22m[0m[0m	Central dispatch replacing existing service provider for runtime

      at Object.c [as transportFormatted] (../scratch-vm/dist/web/webpack:/VirtualMachine/webpack/universalModuleDefinition:1:1)

    console.log
      [37m2026-10-04 20:14:17.026[39m[0m[0m	[33m[1mWARN[22m[39m[0m[0m	[37m[39m[0m[0m[1m[37m	scratch-vm[39m[22m[0m[0m	Central dispatch replacing existing service provider for extensions

      at Object.c [as transportFormatted] (../scratch-vm/dist/web/webpack:/VirtualMachine/webpack/universalModuleDefinition:1:1)

    console.log
      [37m2026-10-04 20:14:17.035[39m[0m[0m	[33m[1mWARN[22m[39m[0m[0m	[37m[39m[0m[0m[1m[37m	scratch-vm[39m[22m[0m[0m	Central dispatch replacing existing service provider for runtime

      at Object.c [as transportFormatted] (../scratch-vm/dist/web/webpack:/VirtualMachine/webpack/universalModuleDefinition:1:1)

    console.log
      [37m2026-10-04 20:14:17.037[39m[0m[0m	[33m[1mWARN[22m[39m[0m[0m	[37m[39m[0m[0m[1m[37m	scratch-vm[39m[22m[0m[0m	Central dispatch replacing existing service provider for extensions

      at Object.c [as transportFormatted] (../scratch-vm/dist/web/webpack:/VirtualMachine/webpack/universalModuleDefinition:1:1)

    console.log
      [37m2026-10-04 20:14:17.042[39m[0m[0m	[33m[1mWARN[22m[39m[0m[0m	[37m[39m[0m[0m[1m[37m	scratch-vm[39m[22m[0m[0m	Central dispatch replacing existing service provider for runtime

      at Object.c [as transportFormatted] (../scratch-vm/dist/web/webpack:/VirtualMachine/webpack/universalModuleDefinition:1:1)

    console.log
      [37m2026-10-04 20:14:17.044[39m[0m[0m	[33m[1mWARN[22m[39m[0m[0m	[37m[39m[0m[0m[1m[37m	scratch-vm[39m[22m[0m[0m	Central dispatch replacing existing service provider for extensions

      at Object.c [as transportFormatted] (../scratch-vm/dist/web/webpack:/VirtualMachine/webpack/universalModuleDefinition:1:1)

    console.log
      [37m2026-10-04 20:14:17.053[39m[0m[0m	[33m[1mWARN[22m[39m[0m[0m	[37m[39m[0m[0m[1m[37m	scratch-vm[39m[22m[0m[0m	Central dispatch replacing existing service provider for runtime

      at Object.c [as transportFormatted] (../scratch-vm/dist/web/webpack:/VirtualMachine/webpack/universalModuleDefinition:1:1)

    console.log
      [37m2026-10-04 20:14:17.055[39m[0m[0m	[33m[1mWARN[22m[39m[0m[0m	[37m[39m[0m[0m[1m[37m	scratch-vm[39m[22m[0m[0m	Central dispatch replacing existing service provider for extensions

      at Object.c [as transportFormatted] (../scratch-vm/dist/web/webpack:/VirtualMachine/webpack/universalModuleDefinition:1:1)

    console.log
      [37m2026-10-04 20:14:17.062[39m[0m[0m	[33m[1mWARN[22m[39m[0m[0m	[37m[39m[0m[0m[1m[37m	scratch-vm[39m[22m[0m[0m	Central dispatch replacing existing service provider for runtime

      at Object.c [as transportFormatted] (../scratch-vm/dist/web/webpack:/VirtualMachine/webpack/universalModuleDefinition:1:1)

    console.log
      [37m2026-10-04 20:14:17.115[39m[0m[0m	[33m[1mWARN[22m[39m[0m[0m	[37m[39m[0m[0m[1m[37m	scratch-vm[39m[22m[0m[0m	Central dispatch replacing existing service provider for extensions

      at Object.c [as transportFormatted] (../scratch-vm/dist/web/webpack:/VirtualMachine/webpack/universalModuleDefinition:1:1)

    console.log
      [37m2026-10-04 20:14:17.123[39m[0m[0m	[33m[1mWARN[22m[39m[0m[0m	[37m[39m[0m[0m[1m[37m	scratch-vm[39m[22m[0m[0m	Central dispatch replacing existing service provider for runtime

      at Object.c [as transportFormatted] (../scratch-vm/dist/web/webpack:/VirtualMachine/webpack/universalModuleDefinition:1:1)

    console.log
      [37m2026-10-04 20:14:17.126[39m[0m[0m	[33m[1mWARN[22m[39m[0m[0m	[37m[39m[0m[0m[1m[37m	scratch-vm[39m[22m[0m[0m	Central dispatch replacing existing service provider for extensions

      at Object.c [as transportFormatted] (../scratch-vm/dist/web/webpack:/VirtualMachine/webpack/universalModuleDefinition:1:1)

    console.log
      [37m2026-10-04 20:14:17.137[39m[0m[0m	[33m[1mWARN[22m[39m[0m[0m	[37m[39m[0m[0m[1m[37m	scratch-vm[39m[22m[0m[0m	Central dispatch replacing existing service provider for runtime

      at Object.c [as transportFormatted] (../scratch-vm/dist/web/webpack:/VirtualMachine/webpack/universalModuleDefinition:1:1)

    console.log
      [37m2026-10-04 20:14:17.141[39m[0m[0m	[33m[1mWARN[22m[39m[0m[0m	[37m[39m[0m[0m[1m[37m	scratch-vm[39m[22m[0m[0m	Central dispatch replacing existing service provider for extensions

      at Object.c [as transportFormatted] (../scratch-vm/dist/web/webpack:/VirtualMachine/webpack/universalModuleDefinition:1:1)

    console.log
      [37m2026-10-04 20:14:17.149[39m[0m[0m	[33m[1mWARN[22m[39m[0m[0m	[37m[39m[0m[0m[1m[37m	scratch-vm[39m[22m[0m[0m	Central dispatch replacing existing service provider for runtime

      at Object.c [as transportFormatted] (../scratch-vm/dist/web/webpack:/VirtualMachine/webpack/universalModuleDefinition:1:1)

    console.log
      [37m2026-10-04 20:14:17.152[39m[0m[0m	[33m[1mWARN[22m[39m[0m[0m	[37m[39m[0m[0m[1m[37m	scratch-vm[39m[22m[0m[0m	Central dispatch replacing existing service provider for extensions

      at Object.c [as transportFormatted] (../scratch-vm/dist/web/webpack:/VirtualMachine/webpack/universalModuleDefinition:1:1)

PASS test/unit/util/project-saver-hoc.test.jsx
  ● Console

    console.warn
      Warning: componentWillMount has been renamed, and is not recommended for use. See https://reactjs.org/link/unsafe-component-lifecycles for details.
      
      * Move code with side effects to componentDidMount, and set initial state in the constructor.
      * Rename componentWillMount to UNSAFE_componentWillMount to suppress this warning in non-strict mode. In React 18.x, only the UNSAFE_ name will work. To rename all deprecated lifecycles to their new names, you can run `npx react-codemod rename-unsafe-lifecycles` in your project source folder.
      
      Please update the following components: ProjectSaverComponent

      39 |         const Component = () => <div />;
      40 |         const WrappedComponent = projectSaverHOC(Component);
    > 41 |         const {rerender} = render(
         |                                  ^
      42 |             <WrappedComponent
      43 |                 isShowingWithId
      44 |                 canSave={false}

      at printWarning (../../node_modules/react-dom/cjs/react-dom.development.js:86:30)
      at warn (../../node_modules/react-dom/cjs/react-dom.development.js:49:7)
      at Object.<anonymous>.ReactStrictModeWarnings.flushPendingUnsafeLifecycleWarnings (../../node_modules/react-dom/cjs/react-dom.development.js:12906:7)
      at flushRenderPhaseStrictModeWarningsInDEV (../../node_modules/react-dom/cjs/react-dom.development.js:27349:31)
      at commitRootImpl (../../node_modules/react-dom/cjs/react-dom.development.js:26741:3)
      at commitRoot (../../node_modules/react-dom/cjs/react-dom.development.js:26721:5)
      at finishConcurrentRender (../../node_modules/react-dom/cjs/react-dom.development.js:26020:9)
      at performConcurrentWorkOnRoot (../../node_modules/react-dom/cjs/react-dom.development.js:25848:7)
      at flushActQueue (../../node_modules/react/cjs/react.development.js:2667:24)
      at act (../../node_modules/react/cjs/react.development.js:2582:11)
      at ../../node_modules/@testing-library/react/dist/act-compat.js:47:25
      at renderRoot (../../node_modules/@testing-library/react/dist/pure.js:180:26)
      at render (../../node_modules/@testing-library/react/dist/pure.js:271:10)
      at Object.<anonymous> (test/unit/util/project-saver-hoc.test.jsx:41:34)

    console.log
      [37m2026-10-04 20:14:17.634[39m[0m[0m	[33m[1mWARN[22m[39m[0m[0m	[37m[39m[0m[0m[1m[37m	scratch-vm[39m[22m[0m[0m	Central dispatch replacing existing service provider for runtime

      at Object.c [as transportFormatted] (../scratch-vm/dist/web/webpack:/VirtualMachine/webpack/universalModuleDefinition:1:1)

    console.log
      [37m2026-10-04 20:14:17.634[39m[0m[0m	[33m[1mWARN[22m[39m[0m[0m	[37m[39m[0m[0m[1m[37m	scratch-vm[39m[22m[0m[0m	Central dispatch replacing existing service provider for extensions

      at Object.c [as transportFormatted] (../scratch-vm/dist/web/webpack:/VirtualMachine/webpack/universalModuleDefinition:1:1)

    console.warn
      Warning: componentWillMount has been renamed, and is not recommended for use. See https://reactjs.org/link/unsafe-component-lifecycles for details.
      
      * Move code with side effects to componentDidMount, and set initial state in the constructor.
      * Rename componentWillMount to UNSAFE_componentWillMount to suppress this warning in non-strict mode. In React 18.x, only the UNSAFE_ name will work. To rename all deprecated lifecycles to their new names, you can run `npx react-codemod rename-unsafe-lifecycles` in your project source folder.
      
      Please update the following components: ProjectSaverComponent

      74 |         const Component = () => <div />;
      75 |         const WrappedComponent = projectSaverHOC(Component);
    > 76 |         const {rerender} = render(
         |                                  ^
      77 |             <WrappedComponent
      78 |                 canSave
      79 |                 isCreatingNew={false}

      at printWarning (../../node_modules/react-dom/cjs/react-dom.development.js:86:30)
      at warn (../../node_modules/react-dom/cjs/react-dom.development.js:49:7)
      at Object.<anonymous>.ReactStrictModeWarnings.flushPendingUnsafeLifecycleWarnings (../../node_modules/react-dom/cjs/react-dom.development.js:12906:7)
      at flushRenderPhaseStrictModeWarningsInDEV (../../node_modules/react-dom/cjs/react-dom.development.js:27349:31)
      at commitRootImpl (../../node_modules/react-dom/cjs/react-dom.development.js:26741:3)
      at commitRoot (../../node_modules/react-dom/cjs/react-dom.development.js:26721:5)
      at finishConcurrentRender (../../node_modules/react-dom/cjs/react-dom.development.js:26020:9)
      at performConcurrentWorkOnRoot (../../node_modules/react-dom/cjs/react-dom.development.js:25848:7)
      at flushActQueue (../../node_modules/react/cjs/react.development.js:2667:24)
      at act (../../node_modules/react/cjs/react.development.js:2582:11)
      at ../../node_modules/@testing-library/react/dist/act-compat.js:47:25
      at renderRoot (../../node_modules/@testing-library/react/dist/pure.js:180:26)
      at render (../../node_modules/@testing-library/react/dist/pure.js:271:10)
      at Object.<anonymous> (test/unit/util/project-saver-hoc.test.jsx:76:34)

    console.log
      [37m2026-10-04 20:14:19.080[39m[0m[0m	[33m[1mWARN[22m[39m[0m[0m	[37m[39m[0m[0m[1m[37m	scratch-vm[39m[22m[0m[0m	Central dispatch replacing existing service provider for runtime

      at Object.c [as transportFormatted] (../scratch-vm/dist/web/webpack:/VirtualMachine/webpack/universalModuleDefinition:1:1)

    console.log
      [37m2026-10-04 20:14:19.080[39m[0m[0m	[33m[1mWARN[22m[39m[0m[0m	[37m[39m[0m[0m[1m[37m	scratch-vm[39m[22m[0m[0m	Central dispatch replacing existing service provider for extensions

      at Object.c [as transportFormatted] (../scratch-vm/dist/web/webpack:/VirtualMachine/webpack/universalModuleDefinition:1:1)

    console.warn
      Warning: componentWillMount has been renamed, and is not recommended for use. See https://reactjs.org/link/unsafe-component-lifecycles for details.
      
      * Move code with side effects to componentDidMount, and set initial state in the constructor.
      * Rename componentWillMount to UNSAFE_componentWillMount to suppress this warning in non-strict mode. In React 18.x, only the UNSAFE_ name will work. To rename all deprecated lifecycles to their new names, you can run `npx react-codemod rename-unsafe-lifecycles` in your project source folder.
      
      Please update the following components: ProjectSaverComponent

      107 |         const Component = () => <div />;
      108 |         const WrappedComponent = projectSaverHOC(Component);
    > 109 |         const {rerender} = render(
          |                                  ^
      110 |             <WrappedComponent
      111 |                 isShowingWithoutId
      112 |                 canSave={false}

      at printWarning (../../node_modules/react-dom/cjs/react-dom.development.js:86:30)
      at warn (../../node_modules/react-dom/cjs/react-dom.development.js:49:7)
      at Object.<anonymous>.ReactStrictModeWarnings.flushPendingUnsafeLifecycleWarnings (../../node_modules/react-dom/cjs/react-dom.development.js:12906:7)
      at flushRenderPhaseStrictModeWarningsInDEV (../../node_modules/react-dom/cjs/react-dom.development.js:27349:31)
      at commitRootImpl (../../node_modules/react-dom/cjs/react-dom.development.js:26741:3)
      at commitRoot (../../node_modules/react-dom/cjs/react-dom.development.js:26721:5)
      at finishConcurrentRender (../../node_modules/react-dom/cjs/react-dom.development.js:26020:9)
      at performConcurrentWorkOnRoot (../../node_modules/react-dom/cjs/react-dom.development.js:25848:7)
      at flushActQueue (../../node_modules/react/cjs/react.development.js:2667:24)
      at act (../../node_modules/react/cjs/react.development.js:2582:11)
      at ../../node_modules/@testing-library/react/dist/act-compat.js:47:25
      at renderRoot (../../node_modules/@testing-library/react/dist/pure.js:180:26)
      at render (../../node_modules/@testing-library/react/dist/pure.js:271:10)
      at Object.<anonymous> (test/unit/util/project-saver-hoc.test.jsx:109:34)

    console.log
      [37m2026-10-04 20:14:19.102[39m[0m[0m	[33m[1mWARN[22m[39m[0m[0m	[37m[39m[0m[0m[1m[37m	scratch-vm[39m[22m[0m[0m	Central dispatch replacing existing service provider for runtime

      at Object.c [as transportFormatted] (../scratch-vm/dist/web/webpack:/VirtualMachine/webpack/universalModuleDefinition:1:1)

    console.log
      [37m2026-10-04 20:14:19.102[39m[0m[0m	[33m[1mWARN[22m[39m[0m[0m	[37m[39m[0m[0m[1m[37m	scratch-vm[39m[22m[0m[0m	Central dispatch replacing existing service provider for extensions

      at Object.c [as transportFormatted] (../scratch-vm/dist/web/webpack:/VirtualMachine/webpack/universalModuleDefinition:1:1)

    console.warn
      Warning: componentWillMount has been renamed, and is not recommended for use. See https://reactjs.org/link/unsafe-component-lifecycles for details.
      
      * Move code with side effects to componentDidMount, and set initial state in the constructor.
      * Rename componentWillMount to UNSAFE_componentWillMount to suppress this warning in non-strict mode. In React 18.x, only the UNSAFE_ name will work. To rename all deprecated lifecycles to their new names, you can run `npx react-codemod rename-unsafe-lifecycles` in your project source folder.
      
      Please update the following components: ProjectSaverComponent

      140 |         const Component = () => <div />;
      141 |         const WrappedComponent = projectSaverHOC(Component);
    > 142 |         const {rerender} = render(
          |                                  ^
      143 |             <WrappedComponent
      144 |                 isShowingWithoutId
      145 |                 canCreateNew={false}

      at printWarning (../../node_modules/react-dom/cjs/react-dom.development.js:86:30)
      at warn (../../node_modules/react-dom/cjs/react-dom.development.js:49:7)
      at Object.<anonymous>.ReactStrictModeWarnings.flushPendingUnsafeLifecycleWarnings (../../node_modules/react-dom/cjs/react-dom.development.js:12906:7)
      at flushRenderPhaseStrictModeWarningsInDEV (../../node_modules/react-dom/cjs/react-dom.development.js:27349:31)
      at commitRootImpl (../../node_modules/react-dom/cjs/react-dom.development.js:26741:3)
      at commitRoot (../../node_modules/react-dom/cjs/react-dom.development.js:26721:5)
      at finishConcurrentRender (../../node_modules/react-dom/cjs/react-dom.development.js:26020:9)
      at performConcurrentWorkOnRoot (../../node_modules/react-dom/cjs/react-dom.development.js:25848:7)
      at flushActQueue (../../node_modules/react/cjs/react.development.js:2667:24)
      at act (../../node_modules/react/cjs/react.development.js:2582:11)
      at ../../node_modules/@testing-library/react/dist/act-compat.js:47:25
      at renderRoot (../../node_modules/@testing-library/react/dist/pure.js:180:26)
      at render (../../node_modules/@testing-library/react/dist/pure.js:271:10)
      at Object.<anonymous> (test/unit/util/project-saver-hoc.test.jsx:142:34)

    console.log
      [37m2026-10-04 20:14:19.111[39m[0m[0m	[33m[1mWARN[22m[39m[0m[0m	[37m[39m[0m[0m[1m[37m	scratch-vm[39m[22m[0m[0m	Central dispatch replacing existing service provider for runtime

      at Object.c [as transportFormatted] (../scratch-vm/dist/web/webpack:/VirtualMachine/webpack/universalModuleDefinition:1:1)

    console.log
      [37m2026-10-04 20:14:19.111[39m[0m[0m	[33m[1mWARN[22m[39m[0m[0m	[37m[39m[0m[0m[1m[37m	scratch-vm[39m[22m[0m[0m	Central dispatch replacing existing service provider for extensions

      at Object.c [as transportFormatted] (../scratch-vm/dist/web/webpack:/VirtualMachine/webpack/universalModuleDefinition:1:1)

    console.warn
      Warning: componentWillMount has been renamed, and is not recommended for use. See https://reactjs.org/link/unsafe-component-lifecycles for details.
      
      * Move code with side effects to componentDidMount, and set initial state in the constructor.
      * Rename componentWillMount to UNSAFE_componentWillMount to suppress this warning in non-strict mode. In React 18.x, only the UNSAFE_ name will work. To rename all deprecated lifecycles to their new names, you can run `npx react-codemod rename-unsafe-lifecycles` in your project source folder.
      
      Please update the following components: ProjectSaverComponent

      173 |         const Component = () => <div />;
      174 |         const WrappedComponent = projectSaverHOC(Component);
    > 175 |         const {rerender} = render(
          |                                  ^
      176 |             <WrappedComponent
      177 |                 canCreateNew
      178 |                 isCreatingNew={false}

      at printWarning (../../node_modules/react-dom/cjs/react-dom.development.js:86:30)
      at warn (../../node_modules/react-dom/cjs/react-dom.development.js:49:7)
      at Object.<anonymous>.ReactStrictModeWarnings.flushPendingUnsafeLifecycleWarnings (../../node_modules/react-dom/cjs/react-dom.development.js:12906:7)
      at flushRenderPhaseStrictModeWarningsInDEV (../../node_modules/react-dom/cjs/react-dom.development.js:27349:31)
      at commitRootImpl (../../node_modules/react-dom/cjs/react-dom.development.js:26741:3)
      at commitRoot (../../node_modules/react-dom/cjs/react-dom.development.js:26721:5)
      at finishConcurrentRender (../../node_modules/react-dom/cjs/react-dom.development.js:26020:9)
      at performConcurrentWorkOnRoot (../../node_modules/react-dom/cjs/react-dom.development.js:25848:7)
      at flushActQueue (../../node_modules/react/cjs/react.development.js:2667:24)
      at act (../../node_modules/react/cjs/react.development.js:2582:11)
      at ../../node_modules/@testing-library/react/dist/act-compat.js:47:25
      at renderRoot (../../node_modules/@testing-library/react/dist/pure.js:180:26)
      at render (../../node_modules/@testing-library/react/dist/pure.js:271:10)
      at Object.<anonymous> (test/unit/util/project-saver-hoc.test.jsx:175:34)

    console.log
      [37m2026-10-04 20:14:19.211[39m[0m[0m	[33m[1mWARN[22m[39m[0m[0m	[37m[39m[0m[0m[1m[37m	scratch-vm[39m[22m[0m[0m	Central dispatch replacing existing service provider for runtime

      at Object.c [as transportFormatted] (../scratch-vm/dist/web/webpack:/VirtualMachine/webpack/universalModuleDefinition:1:1)

    console.log
      [37m2026-10-04 20:14:19.211[39m[0m[0m	[33m[1mWARN[22m[39m[0m[0m	[37m[39m[0m[0m[1m[37m	scratch-vm[39m[22m[0m[0m	Central dispatch replacing existing service provider for extensions

      at Object.c [as transportFormatted] (../scratch-vm/dist/web/webpack:/VirtualMachine/webpack/universalModuleDefinition:1:1)

    console.warn
      Warning: componentWillMount has been renamed, and is not recommended for use. See https://reactjs.org/link/unsafe-component-lifecycles for details.
      
      * Move code with side effects to componentDidMount, and set initial state in the constructor.
      * Rename componentWillMount to UNSAFE_componentWillMount to suppress this warning in non-strict mode. In React 18.x, only the UNSAFE_ name will work. To rename all deprecated lifecycles to their new names, you can run `npx react-codemod rename-unsafe-lifecycles` in your project source folder.
      
      Please update the following components: ProjectSaverComponent

      208 |         // The first wrapper is redux's Connect HOC
      209 |         WrappedComponent.WrappedComponent.prototype.storeProject = mockedStoreProject;
    > 210 |         const {rerender} = render(
          |                                  ^
      211 |             <WrappedComponent
      212 |                 canSave
      213 |                 isCreatingCopy={false}

      at printWarning (../../node_modules/react-dom/cjs/react-dom.development.js:86:30)
      at warn (../../node_modules/react-dom/cjs/react-dom.development.js:49:7)
      at Object.<anonymous>.ReactStrictModeWarnings.flushPendingUnsafeLifecycleWarnings (../../node_modules/react-dom/cjs/react-dom.development.js:12906:7)
      at flushRenderPhaseStrictModeWarningsInDEV (../../node_modules/react-dom/cjs/react-dom.development.js:27349:31)
      at commitRootImpl (../../node_modules/react-dom/cjs/react-dom.development.js:26741:3)
      at commitRoot (../../node_modules/react-dom/cjs/react-dom.development.js:26721:5)
      at finishConcurrentRender (../../node_modules/react-dom/cjs/react-dom.development.js:26020:9)
      at performConcurrentWorkOnRoot (../../node_modules/react-dom/cjs/react-dom.development.js:25848:7)
      at flushActQueue (../../node_modules/react/cjs/react.development.js:2667:24)
      at act (../../node_modules/react/cjs/react.development.js:2582:11)
      at ../../node_modules/@testing-library/react/dist/act-compat.js:47:25
      at renderRoot (../../node_modules/@testing-library/react/dist/pure.js:180:26)
      at render (../../node_modules/@testing-library/react/dist/pure.js:271:10)
      at Object.<anonymous> (test/unit/util/project-saver-hoc.test.jsx:210:34)

    console.log
      [37m2026-10-04 20:14:19.226[39m[0m[0m	[33m[1mWARN[22m[39m[0m[0m	[37m[39m[0m[0m[1m[37m	scratch-vm[39m[22m[0m[0m	Central dispatch replacing existing service provider for runtime

      at Object.c [as transportFormatted] (../scratch-vm/dist/web/webpack:/VirtualMachine/webpack/universalModuleDefinition:1:1)

    console.log
      [37m2026-10-04 20:14:19.226[39m[0m[0m	[33m[1mWARN[22m[39m[0m[0m	[37m[39m[0m[0m[1m[37m	scratch-vm[39m[22m[0m[0m	Central dispatch replacing existing service provider for extensions

      at Object.c [as transportFormatted] (../scratch-vm/dist/web/webpack:/VirtualMachine/webpack/universalModuleDefinition:1:1)

    console.warn
      Warning: componentWillMount has been renamed, and is not recommended for use. See https://reactjs.org/link/unsafe-component-lifecycles for details.
      
      * Move code with side effects to componentDidMount, and set initial state in the constructor.
      * Rename componentWillMount to UNSAFE_componentWillMount to suppress this warning in non-strict mode. In React 18.x, only the UNSAFE_ name will work. To rename all deprecated lifecycles to their new names, you can run `npx react-codemod rename-unsafe-lifecycles` in your project source folder.
      
      Please update the following components: ProjectSaverComponent

      248 |         // The first wrapper is redux's Connect HOC
      249 |         WrappedComponent.WrappedComponent.prototype.storeProject = mockedStoreProject;
    > 250 |         const {rerender} = render(
          |                                  ^
      251 |             <WrappedComponent
      252 |                 canSave
      253 |                 isCreatingCopy={false}

      at printWarning (../../node_modules/react-dom/cjs/react-dom.development.js:86:30)
      at warn (../../node_modules/react-dom/cjs/react-dom.development.js:49:7)
      at Object.<anonymous>.ReactStrictModeWarnings.flushPendingUnsafeLifecycleWarnings (../../node_modules/react-dom/cjs/react-dom.development.js:12906:7)
      at flushRenderPhaseStrictModeWarningsInDEV (../../node_modules/react-dom/cjs/react-dom.development.js:27349:31)
      at commitRootImpl (../../node_modules/react-dom/cjs/react-dom.development.js:26741:3)
      at commitRoot (../../node_modules/react-dom/cjs/react-dom.development.js:26721:5)
      at finishConcurrentRender (../../node_modules/react-dom/cjs/react-dom.development.js:26020:9)
      at performConcurrentWorkOnRoot (../../node_modules/react-dom/cjs/react-dom.development.js:25848:7)
      at flushActQueue (../../node_modules/react/cjs/react.development.js:2667:24)
      at act (../../node_modules/react/cjs/react.development.js:2582:11)
      at ../../node_modules/@testing-library/react/dist/act-compat.js:47:25
      at renderRoot (../../node_modules/@testing-library/react/dist/pure.js:180:26)
      at render (../../node_modules/@testing-library/react/dist/pure.js:271:10)
      at Object.<anonymous> (test/unit/util/project-saver-hoc.test.jsx:250:34)

    console.log
      [37m2026-10-04 20:14:19.241[39m[0m[0m	[33m[1mWARN[22m[39m[0m[0m	[37m[39m[0m[0m[1m[37m	scratch-vm[39m[22m[0m[0m	Central dispatch replacing existing service provider for runtime

      at Object.c [as transportFormatted] (../scratch-vm/dist/web/webpack:/VirtualMachine/webpack/universalModuleDefinition:1:1)

    console.log
      [37m2026-10-04 20:14:19.241[39m[0m[0m	[33m[1mWARN[22m[39m[0m[0m	[37m[39m[0m[0m[1m[37m	scratch-vm[39m[22m[0m[0m	Central dispatch replacing existing service provider for extensions

      at Object.c [as transportFormatted] (../scratch-vm/dist/web/webpack:/VirtualMachine/webpack/universalModuleDefinition:1:1)

    console.warn
      Warning: componentWillMount has been renamed, and is not recommended for use. See https://reactjs.org/link/unsafe-component-lifecycles for details.
      
      * Move code with side effects to componentDidMount, and set initial state in the constructor.
      * Rename componentWillMount to UNSAFE_componentWillMount to suppress this warning in non-strict mode. In React 18.x, only the UNSAFE_ name will work. To rename all deprecated lifecycles to their new names, you can run `npx react-codemod rename-unsafe-lifecycles` in your project source folder.
      
      Please update the following components: ProjectSaverComponent

      291 |         // The first wrapper is redux's Connect HOC
      292 |         WrappedComponent.WrappedComponent.prototype.storeProject = mockedStoreProject;
    > 293 |         const {rerender} = render(
          |                                  ^
      294 |             <WrappedComponent
      295 |                 canSave
      296 |                 isCreatingCopy={false}

      at printWarning (../../node_modules/react-dom/cjs/react-dom.development.js:86:30)
      at warn (../../node_modules/react-dom/cjs/react-dom.development.js:49:7)
      at Object.<anonymous>.ReactStrictModeWarnings.flushPendingUnsafeLifecycleWarnings (../../node_modules/react-dom/cjs/react-dom.development.js:12906:7)
      at flushRenderPhaseStrictModeWarningsInDEV (../../node_modules/react-dom/cjs/react-dom.development.js:27349:31)
      at commitRootImpl (../../node_modules/react-dom/cjs/react-dom.development.js:26741:3)
      at commitRoot (../../node_modules/react-dom/cjs/react-dom.development.js:26721:5)
      at finishConcurrentRender (../../node_modules/react-dom/cjs/react-dom.development.js:26020:9)
      at performConcurrentWorkOnRoot (../../node_modules/react-dom/cjs/react-dom.development.js:25848:7)
      at flushActQueue (../../node_modules/react/cjs/react.development.js:2667:24)
      at act (../../node_modules/react/cjs/react.development.js:2582:11)
      at ../../node_modules/@testing-library/react/dist/act-compat.js:47:25
      at renderRoot (../../node_modules/@testing-library/react/dist/pure.js:180:26)
      at render (../../node_modules/@testing-library/react/dist/pure.js:271:10)
      at Object.<anonymous> (test/unit/util/project-saver-hoc.test.jsx:293:34)

    console.log
      [37m2026-10-04 20:14:19.256[39m[0m[0m	[33m[1mWARN[22m[39m[0m[0m	[37m[39m[0m[0m[1m[37m	scratch-vm[39m[22m[0m[0m	Central dispatch replacing existing service provider for runtime

      at Object.c [as transportFormatted] (../scratch-vm/dist/web/webpack:/VirtualMachine/webpack/universalModuleDefinition:1:1)

    console.log
      [37m2026-10-04 20:14:19.256[39m[0m[0m	[33m[1mWARN[22m[39m[0m[0m	[37m[39m[0m[0m[1m[37m	scratch-vm[39m[22m[0m[0m	Central dispatch replacing existing service provider for extensions

      at Object.c [as transportFormatted] (../scratch-vm/dist/web/webpack:/VirtualMachine/webpack/universalModuleDefinition:1:1)

    console.warn
      Warning: componentWillMount has been renamed, and is not recommended for use. See https://reactjs.org/link/unsafe-component-lifecycles for details.
      
      * Move code with side effects to componentDidMount, and set initial state in the constructor.
      * Rename componentWillMount to UNSAFE_componentWillMount to suppress this warning in non-strict mode. In React 18.x, only the UNSAFE_ name will work. To rename all deprecated lifecycles to their new names, you can run `npx react-codemod rename-unsafe-lifecycles` in your project source folder.
      
      Please update the following components: ProjectSaverComponent

      333 |         // The first wrapper is redux's Connect HOC
      334 |         WrappedComponent.WrappedComponent.prototype.storeProject = mockedStoreProject;
    > 335 |         const {rerender} = render(
          |                                  ^
      336 |             <WrappedComponent
      337 |                 canSave
      338 |                 isCreatingNew={false}

      at printWarning (../../node_modules/react-dom/cjs/react-dom.development.js:86:30)
      at warn (../../node_modules/react-dom/cjs/react-dom.development.js:49:7)
      at Object.<anonymous>.ReactStrictModeWarnings.flushPendingUnsafeLifecycleWarnings (../../node_modules/react-dom/cjs/react-dom.development.js:12906:7)
      at flushRenderPhaseStrictModeWarningsInDEV (../../node_modules/react-dom/cjs/react-dom.development.js:27349:31)
      at commitRootImpl (../../node_modules/react-dom/cjs/react-dom.development.js:26741:3)
      at commitRoot (../../node_modules/react-dom/cjs/react-dom.development.js:26721:5)
      at finishConcurrentRender (../../node_modules/react-dom/cjs/react-dom.development.js:26020:9)
      at performConcurrentWorkOnRoot (../../node_modules/react-dom/cjs/react-dom.development.js:25848:7)
      at flushActQueue (../../node_modules/react/cjs/react.development.js:2667:24)
      at act (../../node_modules/react/cjs/react.development.js:2582:11)
      at ../../node_modules/@testing-library/react/dist/act-compat.js:47:25
      at renderRoot (../../node_modules/@testing-library/react/dist/pure.js:180:26)
      at render (../../node_modules/@testing-library/react/dist/pure.js:271:10)
      at Object.<anonymous> (test/unit/util/project-saver-hoc.test.jsx:335:34)

    console.log
      [37m2026-10-04 20:14:19.271[39m[0m[0m	[33m[1mWARN[22m[39m[0m[0m	[37m[39m[0m[0m[1m[37m	scratch-vm[39m[22m[0m[0m	Central dispatch replacing existing service provider for runtime

      at Object.c [as transportFormatted] (../scratch-vm/dist/web/webpack:/VirtualMachine/webpack/universalModuleDefinition:1:1)

    console.log
      [37m2026-10-04 20:14:19.271[39m[0m[0m	[33m[1mWARN[22m[39m[0m[0m	[37m[39m[0m[0m[1m[37m	scratch-vm[39m[22m[0m[0m	Central dispatch replacing existing service provider for extensions

      at Object.c [as transportFormatted] (../scratch-vm/dist/web/webpack:/VirtualMachine/webpack/universalModuleDefinition:1:1)

    console.warn
      Warning: componentWillMount has been renamed, and is not recommended for use. See https://reactjs.org/link/unsafe-component-lifecycles for details.
      
      * Move code with side effects to componentDidMount, and set initial state in the constructor.
      * Rename componentWillMount to UNSAFE_componentWillMount to suppress this warning in non-strict mode. In React 18.x, only the UNSAFE_ name will work. To rename all deprecated lifecycles to their new names, you can run `npx react-codemod rename-unsafe-lifecycles` in your project source folder.
      
      Please update the following components: ProjectSaverComponent

      370 |         // The first wrapper is redux's Connect HOC
      371 |         WrappedComponent.WrappedComponent.prototype.storeProject = mockedStoreProject;
    > 372 |         const {rerender} = render(
          |                                  ^
      373 |             <WrappedComponent
      374 |                 canSave
      375 |                 isUpdating

      at printWarning (../../node_modules/react-dom/cjs/react-dom.development.js:86:30)
      at warn (../../node_modules/react-dom/cjs/react-dom.development.js:49:7)
      at Object.<anonymous>.ReactStrictModeWarnings.flushPendingUnsafeLifecycleWarnings (../../node_modules/react-dom/cjs/react-dom.development.js:12906:7)
      at flushRenderPhaseStrictModeWarningsInDEV (../../node_modules/react-dom/cjs/react-dom.development.js:27349:31)
      at commitRootImpl (../../node_modules/react-dom/cjs/react-dom.development.js:26741:3)
      at commitRoot (../../node_modules/react-dom/cjs/react-dom.development.js:26721:5)
      at finishConcurrentRender (../../node_modules/react-dom/cjs/react-dom.development.js:26020:9)
      at performConcurrentWorkOnRoot (../../node_modules/react-dom/cjs/react-dom.development.js:25848:7)
      at flushActQueue (../../node_modules/react/cjs/react.development.js:2667:24)
      at act (../../node_modules/react/cjs/react.development.js:2582:11)
      at ../../node_modules/@testing-library/react/dist/act-compat.js:47:25
      at renderRoot (../../node_modules/@testing-library/react/dist/pure.js:180:26)
      at render (../../node_modules/@testing-library/react/dist/pure.js:271:10)
      at Object.<anonymous> (test/unit/util/project-saver-hoc.test.jsx:372:34)

    console.log
      [37m2026-10-04 20:14:19.290[39m[0m[0m	[33m[1mWARN[22m[39m[0m[0m	[37m[39m[0m[0m[1m[37m	scratch-vm[39m[22m[0m[0m	Central dispatch replacing existing service provider for runtime

      at Object.c [as transportFormatted] (../scratch-vm/dist/web/webpack:/VirtualMachine/webpack/universalModuleDefinition:1:1)

    console.log
      [37m2026-10-04 20:14:19.290[39m[0m[0m	[33m[1mWARN[22m[39m[0m[0m	[37m[39m[0m[0m[1m[37m	scratch-vm[39m[22m[0m[0m	Central dispatch replacing existing service provider for extensions

      at Object.c [as transportFormatted] (../scratch-vm/dist/web/webpack:/VirtualMachine/webpack/universalModuleDefinition:1:1)

    console.warn
      Warning: componentWillMount has been renamed, and is not recommended for use. See https://reactjs.org/link/unsafe-component-lifecycles for details.
      
      * Move code with side effects to componentDidMount, and set initial state in the constructor.
      * Rename componentWillMount to UNSAFE_componentWillMount to suppress this warning in non-strict mode. In React 18.x, only the UNSAFE_ name will work. To rename all deprecated lifecycles to their new names, you can run `npx react-codemod rename-unsafe-lifecycles` in your project source folder.
      
      Please update the following components: ProjectSaverComponent

      406 |         const Component = () => <div />;
      407 |         const WrappedComponent = projectSaverHOC(Component);
    > 408 |         const {rerender} = render(
          |                                  ^
      409 |             <WrappedComponent
      410 |                 canSave
      411 |                 isShowingWithoutId

      at printWarning (../../node_modules/react-dom/cjs/react-dom.development.js:86:30)
      at warn (../../node_modules/react-dom/cjs/react-dom.development.js:49:7)
      at Object.<anonymous>.ReactStrictModeWarnings.flushPendingUnsafeLifecycleWarnings (../../node_modules/react-dom/cjs/react-dom.development.js:12906:7)
      at flushRenderPhaseStrictModeWarningsInDEV (../../node_modules/react-dom/cjs/react-dom.development.js:27349:31)
      at commitRootImpl (../../node_modules/react-dom/cjs/react-dom.development.js:26741:3)
      at commitRoot (../../node_modules/react-dom/cjs/react-dom.development.js:26721:5)
      at finishConcurrentRender (../../node_modules/react-dom/cjs/react-dom.development.js:26020:9)
      at performConcurrentWorkOnRoot (../../node_modules/react-dom/cjs/react-dom.development.js:25848:7)
      at flushActQueue (../../node_modules/react/cjs/react.development.js:2667:24)
      at act (../../node_modules/react/cjs/react.development.js:2582:11)
      at ../../node_modules/@testing-library/react/dist/act-compat.js:47:25
      at renderRoot (../../node_modules/@testing-library/react/dist/pure.js:180:26)
      at render (../../node_modules/@testing-library/react/dist/pure.js:271:10)
      at Object.<anonymous> (test/unit/util/project-saver-hoc.test.jsx:408:34)

    console.log
      [37m2026-10-04 20:14:19.305[39m[0m[0m	[31m[1mERROR[22m[39m[0m[0m	[37m~/Documents/GitHub/AA_KNOWLEGE_BASED_DEV_SYSTEM/scratch-editor/packages/scratch-gui/src/lib/project-saver-hoc.jsx:287[39m[0m[0m[1m[37m	scratch-gui[39m[22m[0m[0m	
      [97m[101m[1m Error [22m[49m[39m[0m[0m Project host not set[0m[0m
      error stack:
        • [33mlegacy-storage.ts[39m[0m[0m	[0m[0m
      	[37m~/Documents/GitHub/AA_KNOWLEGE_BASED_DEV_SYSTEM/scratch-editor/packages/scratch-gui/src/lib/legacy-storage.ts:88[39m[0m[0m
        • [33mproject-saver-hoc.jsx[39m[0m[0m	[0m[0m
      	[37m~/Documents/GitHub/AA_KNOWLEGE_BASED_DEV_SYSTEM/scratch-editor/packages/scratch-gui/src/lib/project-saver-hoc.jsx:248[39m[0m[0m
        • [33mproject-saver-hoc.jsx[39m[0m[0m	[0m[0m
      	[37m~/Documents/GitHub/AA_KNOWLEGE_BASED_DEV_SYSTEM/scratch-editor/packages/scratch-gui/src/lib/project-saver-hoc.jsx:268[39m[0m[0m[0m[0m

      at Object.transportFormatted (../../node_modules/tslog/cjs/BaseLogger.js:115:13)

    console.log
      [37m2026-10-04 20:14:19.305[39m[0m[0m	[33m[1mWARN[22m[39m[0m[0m	[37m[39m[0m[0m[1m[37m	scratch-vm[39m[22m[0m[0m	Central dispatch replacing existing service provider for runtime

      at Object.c [as transportFormatted] (../scratch-vm/dist/web/webpack:/VirtualMachine/webpack/universalModuleDefinition:1:1)

    console.log
      [37m2026-10-04 20:14:19.305[39m[0m[0m	[33m[1mWARN[22m[39m[0m[0m	[37m[39m[0m[0m[1m[37m	scratch-vm[39m[22m[0m[0m	Central dispatch replacing existing service provider for extensions

      at Object.c [as transportFormatted] (../scratch-vm/dist/web/webpack:/VirtualMachine/webpack/universalModuleDefinition:1:1)

    console.warn
      Warning: componentWillMount has been renamed, and is not recommended for use. See https://reactjs.org/link/unsafe-component-lifecycles for details.
      
      * Move code with side effects to componentDidMount, and set initial state in the constructor.
      * Rename componentWillMount to UNSAFE_componentWillMount to suppress this warning in non-strict mode. In React 18.x, only the UNSAFE_ name will work. To rename all deprecated lifecycles to their new names, you can run `npx react-codemod rename-unsafe-lifecycles` in your project source folder.
      
      Please update the following components: ProjectSaverComponent

      443 |         const WrappedComponent = projectSaverHOC(Component);
      444 |         const mockedAutoUpdate = jest.fn(() => Promise.resolve());
    > 445 |         const {rerender} = render(
          |                                  ^
      446 |             <WrappedComponent
      447 |                 canSave
      448 |                 isShowingSaveable

      at printWarning (../../node_modules/react-dom/cjs/react-dom.development.js:86:30)
      at warn (../../node_modules/react-dom/cjs/react-dom.development.js:49:7)
      at Object.<anonymous>.ReactStrictModeWarnings.flushPendingUnsafeLifecycleWarnings (../../node_modules/react-dom/cjs/react-dom.development.js:12906:7)
      at flushRenderPhaseStrictModeWarningsInDEV (../../node_modules/react-dom/cjs/react-dom.development.js:27349:31)
      at commitRootImpl (../../node_modules/react-dom/cjs/react-dom.development.js:26741:3)
      at commitRoot (../../node_modules/react-dom/cjs/react-dom.development.js:26721:5)
      at finishConcurrentRender (../../node_modules/react-dom/cjs/react-dom.development.js:26020:9)
      at performConcurrentWorkOnRoot (../../node_modules/react-dom/cjs/react-dom.development.js:25848:7)
      at flushActQueue (../../node_modules/react/cjs/react.development.js:2667:24)
      at act (../../node_modules/react/cjs/react.development.js:2582:11)
      at ../../node_modules/@testing-library/react/dist/act-compat.js:47:25
      at renderRoot (../../node_modules/@testing-library/react/dist/pure.js:180:26)
      at render (../../node_modules/@testing-library/react/dist/pure.js:271:10)
      at Object.<anonymous> (test/unit/util/project-saver-hoc.test.jsx:445:34)

    console.log
      [37m2026-10-04 20:24:19.344[39m[0m[0m	[33m[1mWARN[22m[39m[0m[0m	[37m[39m[0m[0m[1m[37m	scratch-vm[39m[22m[0m[0m	Central dispatch replacing existing service provider for runtime

      at Object.c [as transportFormatted] (../scratch-vm/dist/web/webpack:/VirtualMachine/webpack/universalModuleDefinition:1:1)

    console.log
      [37m2026-10-04 20:24:19.344[39m[0m[0m	[33m[1mWARN[22m[39m[0m[0m	[37m[39m[0m[0m[1m[37m	scratch-vm[39m[22m[0m[0m	Central dispatch replacing existing service provider for extensions

      at Object.c [as transportFormatted] (../scratch-vm/dist/web/webpack:/VirtualMachine/webpack/universalModuleDefinition:1:1)

    console.warn
      Warning: componentWillMount has been renamed, and is not recommended for use. See https://reactjs.org/link/unsafe-component-lifecycles for details.
      
      * Move code with side effects to componentDidMount, and set initial state in the constructor.
      * Rename componentWillMount to UNSAFE_componentWillMount to suppress this warning in non-strict mode. In React 18.x, only the UNSAFE_ name will work. To rename all deprecated lifecycles to their new names, you can run `npx react-codemod rename-unsafe-lifecycles` in your project source folder.
      
      Please update the following components: ProjectSaverComponent

      475 |         const WrappedComponent = projectSaverHOC(Component);
      476 |         const mockedAutoUpdate = jest.fn(() => Promise.resolve());
    > 477 |         const {rerender} = render(
          |                                  ^
      478 |             <WrappedComponent
      479 |                 canSave
      480 |                 isShowingSaveable

      at printWarning (../../node_modules/react-dom/cjs/react-dom.development.js:86:30)
      at warn (../../node_modules/react-dom/cjs/react-dom.development.js:49:7)
      at Object.<anonymous>.ReactStrictModeWarnings.flushPendingUnsafeLifecycleWarnings (../../node_modules/react-dom/cjs/react-dom.development.js:12906:7)
      at flushRenderPhaseStrictModeWarningsInDEV (../../node_modules/react-dom/cjs/react-dom.development.js:27349:31)
      at commitRootImpl (../../node_modules/react-dom/cjs/react-dom.development.js:26741:3)
      at commitRoot (../../node_modules/react-dom/cjs/react-dom.development.js:26721:5)
      at finishConcurrentRender (../../node_modules/react-dom/cjs/react-dom.development.js:26020:9)
      at performConcurrentWorkOnRoot (../../node_modules/react-dom/cjs/react-dom.development.js:25848:7)
      at flushActQueue (../../node_modules/react/cjs/react.development.js:2667:24)
      at act (../../node_modules/react/cjs/react.development.js:2582:11)
      at ../../node_modules/@testing-library/react/dist/act-compat.js:47:25
      at renderRoot (../../node_modules/@testing-library/react/dist/pure.js:180:26)
      at render (../../node_modules/@testing-library/react/dist/pure.js:271:10)
      at Object.<anonymous> (test/unit/util/project-saver-hoc.test.jsx:477:34)

    console.log
      [37m2026-10-04 20:24:19.360[39m[0m[0m	[33m[1mWARN[22m[39m[0m[0m	[37m[39m[0m[0m[1m[37m	scratch-vm[39m[22m[0m[0m	Central dispatch replacing existing service provider for runtime

      at Object.c [as transportFormatted] (../scratch-vm/dist/web/webpack:/VirtualMachine/webpack/universalModuleDefinition:1:1)

    console.log
      [37m2026-10-04 20:24:19.360[39m[0m[0m	[33m[1mWARN[22m[39m[0m[0m	[37m[39m[0m[0m[1m[37m	scratch-vm[39m[22m[0m[0m	Central dispatch replacing existing service provider for extensions

      at Object.c [as transportFormatted] (../scratch-vm/dist/web/webpack:/VirtualMachine/webpack/universalModuleDefinition:1:1)

    console.warn
      Warning: componentWillMount has been renamed, and is not recommended for use. See https://reactjs.org/link/unsafe-component-lifecycles for details.
      
      * Move code with side effects to componentDidMount, and set initial state in the constructor.
      * Rename componentWillMount to UNSAFE_componentWillMount to suppress this warning in non-strict mode. In React 18.x, only the UNSAFE_ name will work. To rename all deprecated lifecycles to their new names, you can run `npx react-codemod rename-unsafe-lifecycles` in your project source folder.
      
      Please update the following components: ProjectSaverComponent

      534 |         const WrappedComponent = projectSaverHOC(Component);
      535 |         const mockedAutoUpdate = jest.fn(() => Promise.resolve());
    > 536 |         const {rerender} = render(
          |                                  ^
      537 |             <WrappedComponent
      538 |                 canSave
      539 |                 isShowingSaveable

      at printWarning (../../node_modules/react-dom/cjs/react-dom.development.js:86:30)
      at warn (../../node_modules/react-dom/cjs/react-dom.development.js:49:7)
      at Object.<anonymous>.ReactStrictModeWarnings.flushPendingUnsafeLifecycleWarnings (../../node_modules/react-dom/cjs/react-dom.development.js:12906:7)
      at flushRenderPhaseStrictModeWarningsInDEV (../../node_modules/react-dom/cjs/react-dom.development.js:27349:31)
      at commitRootImpl (../../node_modules/react-dom/cjs/react-dom.development.js:26741:3)
      at commitRoot (../../node_modules/react-dom/cjs/react-dom.development.js:26721:5)
      at finishConcurrentRender (../../node_modules/react-dom/cjs/react-dom.development.js:26020:9)
      at performConcurrentWorkOnRoot (../../node_modules/react-dom/cjs/react-dom.development.js:25848:7)
      at flushActQueue (../../node_modules/react/cjs/react.development.js:2667:24)
      at act (../../node_modules/react/cjs/react.development.js:2582:11)
      at ../../node_modules/@testing-library/react/dist/act-compat.js:47:25
      at renderRoot (../../node_modules/@testing-library/react/dist/pure.js:180:26)
      at render (../../node_modules/@testing-library/react/dist/pure.js:271:10)
      at Object.<anonymous> (test/unit/util/project-saver-hoc.test.jsx:536:34)

    console.log
      [37m2026-10-04 20:14:19.377[39m[0m[0m	[33m[1mWARN[22m[39m[0m[0m	[37m[39m[0m[0m[1m[37m	scratch-vm[39m[22m[0m[0m	Central dispatch replacing existing service provider for runtime

      at Object.c [as transportFormatted] (../scratch-vm/dist/web/webpack:/VirtualMachine/webpack/universalModuleDefinition:1:1)

    console.log
      [37m2026-10-04 20:14:19.377[39m[0m[0m	[33m[1mWARN[22m[39m[0m[0m	[37m[39m[0m[0m[1m[37m	scratch-vm[39m[22m[0m[0m	Central dispatch replacing existing service provider for extensions

      at Object.c [as transportFormatted] (../scratch-vm/dist/web/webpack:/VirtualMachine/webpack/universalModuleDefinition:1:1)

    console.warn
      Warning: componentWillMount has been renamed, and is not recommended for use. See https://reactjs.org/link/unsafe-component-lifecycles for details.
      
      * Move code with side effects to componentDidMount, and set initial state in the constructor.
      * Rename componentWillMount to UNSAFE_componentWillMount to suppress this warning in non-strict mode. In React 18.x, only the UNSAFE_ name will work. To rename all deprecated lifecycles to their new names, you can run `npx react-codemod rename-unsafe-lifecycles` in your project source folder.
      
      Please update the following components: ProjectSaverComponent

      568 |         const WrappedComponent = projectSaverHOC(Component);
      569 |         WrappedComponent.WrappedComponent.prototype.storeProject = mockedStoreProject;
    > 570 |         const {rerender} = render(
          |                                  ^
      571 |             <WrappedComponent
      572 |                 isRemixing={false}
      573 |                 store={store}

      at printWarning (../../node_modules/react-dom/cjs/react-dom.development.js:86:30)
      at warn (../../node_modules/react-dom/cjs/react-dom.development.js:49:7)
      at Object.<anonymous>.ReactStrictModeWarnings.flushPendingUnsafeLifecycleWarnings (../../node_modules/react-dom/cjs/react-dom.development.js:12906:7)
      at flushRenderPhaseStrictModeWarningsInDEV (../../node_modules/react-dom/cjs/react-dom.development.js:27349:31)
      at commitRootImpl (../../node_modules/react-dom/cjs/react-dom.development.js:26741:3)
      at commitRoot (../../node_modules/react-dom/cjs/react-dom.development.js:26721:5)
      at finishConcurrentRender (../../node_modules/react-dom/cjs/react-dom.development.js:26020:9)
      at performConcurrentWorkOnRoot (../../node_modules/react-dom/cjs/react-dom.development.js:25848:7)
      at flushActQueue (../../node_modules/react/cjs/react.development.js:2667:24)
      at act (../../node_modules/react/cjs/react.development.js:2582:11)
      at ../../node_modules/@testing-library/react/dist/act-compat.js:47:25
      at renderRoot (../../node_modules/@testing-library/react/dist/pure.js:180:26)
      at render (../../node_modules/@testing-library/react/dist/pure.js:271:10)
      at Object.<anonymous> (test/unit/util/project-saver-hoc.test.jsx:570:34)

    console.log
      [37m2026-10-04 20:14:19.390[39m[0m[0m	[33m[1mWARN[22m[39m[0m[0m	[37m[39m[0m[0m[1m[37m	scratch-vm[39m[22m[0m[0m	Central dispatch replacing existing service provider for runtime

      at Object.c [as transportFormatted] (../scratch-vm/dist/web/webpack:/VirtualMachine/webpack/universalModuleDefinition:1:1)

    console.log
      [37m2026-10-04 20:14:19.390[39m[0m[0m	[33m[1mWARN[22m[39m[0m[0m	[37m[39m[0m[0m[1m[37m	scratch-vm[39m[22m[0m[0m	Central dispatch replacing existing service provider for extensions

      at Object.c [as transportFormatted] (../scratch-vm/dist/web/webpack:/VirtualMachine/webpack/universalModuleDefinition:1:1)

    console.warn
      Warning: componentWillMount has been renamed, and is not recommended for use. See https://reactjs.org/link/unsafe-component-lifecycles for details.
      
      * Move code with side effects to componentDidMount, and set initial state in the constructor.
      * Rename componentWillMount to UNSAFE_componentWillMount to suppress this warning in non-strict mode. In React 18.x, only the UNSAFE_ name will work. To rename all deprecated lifecycles to their new names, you can run `npx react-codemod rename-unsafe-lifecycles` in your project source folder.
      
      Please update the following components: ProjectSaverComponent

      593 |         const WrappedComponent = projectSaverHOC(Component);
      594 |         WrappedComponent.WrappedComponent.prototype.storeProject = mockedStoreProject;
    > 595 |         const {rerender} = render(
          |                                  ^
      596 |             <WrappedComponent
      597 |                 isRemixing
      598 |                 store={store}

      at printWarning (../../node_modules/react-dom/cjs/react-dom.development.js:86:30)
      at warn (../../node_modules/react-dom/cjs/react-dom.development.js:49:7)
      at Object.<anonymous>.ReactStrictModeWarnings.flushPendingUnsafeLifecycleWarnings (../../node_modules/react-dom/cjs/react-dom.development.js:12906:7)
      at flushRenderPhaseStrictModeWarningsInDEV (../../node_modules/react-dom/cjs/react-dom.development.js:27349:31)
      at commitRootImpl (../../node_modules/react-dom/cjs/react-dom.development.js:26741:3)
      at commitRoot (../../node_modules/react-dom/cjs/react-dom.development.js:26721:5)
      at finishConcurrentRender (../../node_modules/react-dom/cjs/react-dom.development.js:26020:9)
      at performConcurrentWorkOnRoot (../../node_modules/react-dom/cjs/react-dom.development.js:25848:7)
      at flushActQueue (../../node_modules/react/cjs/react.development.js:2667:24)
      at act (../../node_modules/react/cjs/react.development.js:2582:11)
      at ../../node_modules/@testing-library/react/dist/act-compat.js:47:25
      at renderRoot (../../node_modules/@testing-library/react/dist/pure.js:180:26)
      at render (../../node_modules/@testing-library/react/dist/pure.js:271:10)
      at Object.<anonymous> (test/unit/util/project-saver-hoc.test.jsx:595:34)

    console.log
      [37m2026-10-04 20:14:19.406[39m[0m[0m	[33m[1mWARN[22m[39m[0m[0m	[37m[39m[0m[0m[1m[37m	scratch-vm[39m[22m[0m[0m	Central dispatch replacing existing service provider for runtime

      at Object.c [as transportFormatted] (../scratch-vm/dist/web/webpack:/VirtualMachine/webpack/universalModuleDefinition:1:1)

    console.log
      [37m2026-10-04 20:14:19.406[39m[0m[0m	[33m[1mWARN[22m[39m[0m[0m	[37m[39m[0m[0m[1m[37m	scratch-vm[39m[22m[0m[0m	Central dispatch replacing existing service provider for extensions

      at Object.c [as transportFormatted] (../scratch-vm/dist/web/webpack:/VirtualMachine/webpack/universalModuleDefinition:1:1)

    console.warn
      Warning: componentWillMount has been renamed, and is not recommended for use. See https://reactjs.org/link/unsafe-component-lifecycles for details.
      
      * Move code with side effects to componentDidMount, and set initial state in the constructor.
      * Rename componentWillMount to UNSAFE_componentWillMount to suppress this warning in non-strict mode. In React 18.x, only the UNSAFE_ name will work. To rename all deprecated lifecycles to their new names, you can run `npx react-codemod rename-unsafe-lifecycles` in your project source folder.
      
      Please update the following components: ProjectSaverComponent

      621 |         const WrappedComponent = projectSaverHOC(Component);
      622 |         const setThumb = jest.fn();
    > 623 |         const {container, unmount} = render(
          |                                            ^
      624 |             <WrappedComponent
      625 |                 store={store}
      626 |                 vm={vm}

      at printWarning (../../node_modules/react-dom/cjs/react-dom.development.js:86:30)
      at warn (../../node_modules/react-dom/cjs/react-dom.development.js:49:7)
      at Object.<anonymous>.ReactStrictModeWarnings.flushPendingUnsafeLifecycleWarnings (../../node_modules/react-dom/cjs/react-dom.development.js:12906:7)
      at flushRenderPhaseStrictModeWarningsInDEV (../../node_modules/react-dom/cjs/react-dom.development.js:27349:31)
      at commitRootImpl (../../node_modules/react-dom/cjs/react-dom.development.js:26741:3)
      at commitRoot (../../node_modules/react-dom/cjs/react-dom.development.js:26721:5)
      at finishConcurrentRender (../../node_modules/react-dom/cjs/react-dom.development.js:26020:9)
      at performConcurrentWorkOnRoot (../../node_modules/react-dom/cjs/react-dom.development.js:25848:7)
      at flushActQueue (../../node_modules/react/cjs/react.development.js:2667:24)
      at act (../../node_modules/react/cjs/react.development.js:2582:11)
      at ../../node_modules/@testing-library/react/dist/act-compat.js:47:25
      at renderRoot (../../node_modules/@testing-library/react/dist/pure.js:180:26)
      at render (../../node_modules/@testing-library/react/dist/pure.js:271:10)
      at Object.<anonymous> (test/unit/util/project-saver-hoc.test.jsx:623:44)

    console.log
      [37m2026-10-04 20:14:19.421[39m[0m[0m	[33m[1mWARN[22m[39m[0m[0m	[37m[39m[0m[0m[1m[37m	scratch-vm[39m[22m[0m[0m	Central dispatch replacing existing service provider for runtime

      at Object.c [as transportFormatted] (../scratch-vm/dist/web/webpack:/VirtualMachine/webpack/universalModuleDefinition:1:1)

    console.log
      [37m2026-10-04 20:14:19.421[39m[0m[0m	[33m[1mWARN[22m[39m[0m[0m	[37m[39m[0m[0m[1m[37m	scratch-vm[39m[22m[0m[0m	Central dispatch replacing existing service provider for extensions

      at Object.c [as transportFormatted] (../scratch-vm/dist/web/webpack:/VirtualMachine/webpack/universalModuleDefinition:1:1)

    console.warn
      Warning: componentWillMount has been renamed, and is not recommended for use. See https://reactjs.org/link/unsafe-component-lifecycles for details.
      
      * Move code with side effects to componentDidMount, and set initial state in the constructor.
      * Rename componentWillMount to UNSAFE_componentWillMount to suppress this warning in non-strict mode. In React 18.x, only the UNSAFE_ name will work. To rename all deprecated lifecycles to their new names, you can run `npx react-codemod rename-unsafe-lifecycles` in your project source folder.
      
      Please update the following components: ProjectSaverComponent

      648 |         const WrappedComponent = projectSaverHOC(Component);
      649 |         const setSaver = jest.fn();
    > 650 |         const {container, unmount} = render(
          |                                            ^
      651 |             <WrappedComponent
      652 |                 store={store}
      653 |                 vm={vm}

      at printWarning (../../node_modules/react-dom/cjs/react-dom.development.js:86:30)
      at warn (../../node_modules/react-dom/cjs/react-dom.development.js:49:7)
      at Object.<anonymous>.ReactStrictModeWarnings.flushPendingUnsafeLifecycleWarnings (../../node_modules/react-dom/cjs/react-dom.development.js:12906:7)
      at flushRenderPhaseStrictModeWarningsInDEV (../../node_modules/react-dom/cjs/react-dom.development.js:27349:31)
      at commitRootImpl (../../node_modules/react-dom/cjs/react-dom.development.js:26741:3)
      at commitRoot (../../node_modules/react-dom/cjs/react-dom.development.js:26721:5)
      at finishConcurrentRender (../../node_modules/react-dom/cjs/react-dom.development.js:26020:9)
      at performConcurrentWorkOnRoot (../../node_modules/react-dom/cjs/react-dom.development.js:25848:7)
      at flushActQueue (../../node_modules/react/cjs/react.development.js:2667:24)
      at act (../../node_modules/react/cjs/react.development.js:2582:11)
      at ../../node_modules/@testing-library/react/dist/act-compat.js:47:25
      at renderRoot (../../node_modules/@testing-library/react/dist/pure.js:180:26)
      at render (../../node_modules/@testing-library/react/dist/pure.js:271:10)
      at Object.<anonymous> (test/unit/util/project-saver-hoc.test.jsx:650:44)

PASS test/unit/containers/sound-editor.test.jsx
  ● Console

    console.error
      Warning: Failed prop type: Invalid prop `vm` of type `Object` supplied to `SoundEditor`, expected instance of `<<anonymous>>`.
          at SoundEditor (~/Documents/GitHub/AA_KNOWLEGE_BASED_DEV_SYSTEM/scratch-editor/packages/scratch-gui/src/containers/sound-editor.jsx:26:9)
          at ConnectFunction (~/Documents/GitHub/AA_KNOWLEGE_BASED_DEV_SYSTEM/scratch-editor/node_modules/react-redux/lib/components/connect.js:246:74)
          at IntlProvider (~/Documents/GitHub/AA_KNOWLEGE_BASED_DEV_SYSTEM/scratch-editor/node_modules/react-intl/src/components/provider.js:33:47)

      4 |
      5 | const renderWithIntl = (ui, {locale = 'en', messages = {}} = {}) => ({
    > 6 |     ...render(
        |              ^
      7 |         <IntlProvider
      8 |             locale={locale}
      9 |             messages={messages}

      at printWarning (../../node_modules/react/cjs/react.development.js:209:30)
      at error (../../node_modules/react/cjs/react.development.js:183:7)
      at checkPropTypes (../../node_modules/react/cjs/react.development.js:2074:11)
      at validatePropTypes (../../node_modules/react/cjs/react.development.js:2275:7)
      at Object.createElementWithValidation [as createElement] (../../node_modules/react/cjs/react.development.js:2379:5)
      at ../../node_modules/react-redux/lib/components/connect.js:388:17
      at mountMemo (../../node_modules/react-dom/cjs/react-dom.development.js:16406:19)
      at Object.useMemo (../../node_modules/react-dom/cjs/react-dom.development.js:16851:16)
      at Object.useMemo (../../node_modules/react/cjs/react.development.js:1650:21)
      at ConnectFunction (../../node_modules/react-redux/lib/components/connect.js:384:46)
      at renderWithHooks (../../node_modules/react-dom/cjs/react-dom.development.js:15486:18)
      at updateFunctionComponent (../../node_modules/react-dom/cjs/react-dom.development.js:19617:20)
      at updateSimpleMemoComponent (../../node_modules/react-dom/cjs/react-dom.development.js:19454:10)
      at updateMemoComponent (../../node_modules/react-dom/cjs/react-dom.development.js:19303:14)
      at beginWork (../../node_modules/react-dom/cjs/react-dom.development.js:21712:16)
      at beginWork$1 (../../node_modules/react-dom/cjs/react-dom.development.js:27465:14)
      at performUnitOfWork (../../node_modules/react-dom/cjs/react-dom.development.js:26599:12)
      at workLoopSync (../../node_modules/react-dom/cjs/react-dom.development.js:26505:5)
      at renderRootSync (../../node_modules/react-dom/cjs/react-dom.development.js:26473:7)
      at performConcurrentWorkOnRoot (../../node_modules/react-dom/cjs/react-dom.development.js:25777:74)
      at flushActQueue (../../node_modules/react/cjs/react.development.js:2667:24)
      at act (../../node_modules/react/cjs/react.development.js:2582:11)
      at ../../node_modules/@testing-library/react/dist/act-compat.js:47:25
      at renderRoot (../../node_modules/@testing-library/react/dist/pure.js:180:26)
      at render (../../node_modules/@testing-library/react/dist/pure.js:271:10)
      at renderWithIntl (test/helpers/intl-helpers.jsx:6:14)
      at Object.<anonymous> (test/unit/containers/sound-editor.test.jsx:49:43)

    console.error
      Warning: Input: Support for defaultProps will be removed from function components in a future major release. Use JavaScript default parameters instead.
          at small (~/Documents/GitHub/AA_KNOWLEGE_BASED_DEV_SYSTEM/scratch-editor/packages/scratch-gui/src/components/forms/input.jsx:8:12)
          at BufferedInput (~/Documents/GitHub/AA_KNOWLEGE_BASED_DEV_SYSTEM/scratch-editor/packages/scratch-gui/src/components/forms/buffered-input-hoc.jsx:13:13)
          at label
          at above (~/Documents/GitHub/AA_KNOWLEGE_BASED_DEV_SYSTEM/scratch-editor/packages/scratch-gui/src/components/forms/label.jsx:9:26)
          at div
          at div
          at div
          at SoundEditor (~/Documents/GitHub/AA_KNOWLEGE_BASED_DEV_SYSTEM/scratch-editor/packages/scratch-gui/src/components/sound-editor/sound-editor.jsx:141:25)
          at SoundEditor (~/Documents/GitHub/AA_KNOWLEGE_BASED_DEV_SYSTEM/scratch-editor/packages/scratch-gui/src/containers/sound-editor.jsx:26:9)
          at ConnectFunction (~/Documents/GitHub/AA_KNOWLEGE_BASED_DEV_SYSTEM/scratch-editor/node_modules/react-redux/lib/components/connect.js:246:74)
          at IntlProvider (~/Documents/GitHub/AA_KNOWLEGE_BASED_DEV_SYSTEM/scratch-editor/node_modules/react-intl/src/components/provider.js:33:47)

      4 |
      5 | const renderWithIntl = (ui, {locale = 'en', messages = {}} = {}) => ({
    > 6 |     ...render(
        |              ^
      7 |         <IntlProvider
      8 |             locale={locale}
      9 |             messages={messages}

      at printWarning (../../node_modules/react-dom/cjs/react-dom.development.js:86:30)
      at error (../../node_modules/react-dom/cjs/react-dom.development.js:60:7)
      at validateFunctionComponentInDev (../../node_modules/react-dom/cjs/react-dom.development.js:20230:9)
      at mountIndeterminateComponent (../../node_modules/react-dom/cjs/react-dom.development.js:20189:7)
      at beginWork (../../node_modules/react-dom/cjs/react-dom.development.js:21626:16)
      at beginWork$1 (../../node_modules/react-dom/cjs/react-dom.development.js:27465:14)
      at performUnitOfWork (../../node_modules/react-dom/cjs/react-dom.development.js:26599:12)
      at workLoopSync (../../node_modules/react-dom/cjs/react-dom.development.js:26505:5)
      at renderRootSync (../../node_modules/react-dom/cjs/react-dom.development.js:26473:7)
      at performConcurrentWorkOnRoot (../../node_modules/react-dom/cjs/react-dom.development.js:25777:74)
      at flushActQueue (../../node_modules/react/cjs/react.development.js:2667:24)
      at act (../../node_modules/react/cjs/react.development.js:2582:11)
      at ../../node_modules/@testing-library/react/dist/act-compat.js:47:25
      at renderRoot (../../node_modules/@testing-library/react/dist/pure.js:180:26)
      at render (../../node_modules/@testing-library/react/dist/pure.js:271:10)
      at renderWithIntl (test/helpers/intl-helpers.jsx:6:14)
      at Object.<anonymous> (test/unit/containers/sound-editor.test.jsx:49:43)

    console.warn
      Warning: componentWillReceiveProps has been renamed, and is not recommended for use. See https://reactjs.org/link/unsafe-component-lifecycles for details.
      
      * Move data fetching code or side effects to componentDidUpdate.
      * If you're updating state whenever props change, refactor your code to use memoization techniques or move it to static getDerivedStateFromProps. Learn more at: https://reactjs.org/link/derived-state
      * Rename componentWillReceiveProps to UNSAFE_componentWillReceiveProps to suppress this warning in non-strict mode. In React 18.x, only the UNSAFE_ name will work. To rename all deprecated lifecycles to their new names, you can run `npx react-codemod rename-unsafe-lifecycles` in your project source folder.
      
      Please update the following components: AudioSelector, SoundEditor

      4 |
      5 | const renderWithIntl = (ui, {locale = 'en', messages = {}} = {}) => ({
    > 6 |     ...render(
        |              ^
      7 |         <IntlProvider
      8 |             locale={locale}
      9 |             messages={messages}

      at printWarning (../../node_modules/react-dom/cjs/react-dom.development.js:86:30)
      at warn (../../node_modules/react-dom/cjs/react-dom.development.js:49:7)
      at Object.<anonymous>.ReactStrictModeWarnings.flushPendingUnsafeLifecycleWarnings (../../node_modules/react-dom/cjs/react-dom.development.js:12912:7)
      at flushRenderPhaseStrictModeWarningsInDEV (../../node_modules/react-dom/cjs/react-dom.development.js:27349:31)
      at commitRootImpl (../../node_modules/react-dom/cjs/react-dom.development.js:26741:3)
      at commitRoot (../../node_modules/react-dom/cjs/react-dom.development.js:26721:5)
      at finishConcurrentRender (../../node_modules/react-dom/cjs/react-dom.development.js:26020:9)
      at performConcurrentWorkOnRoot (../../node_modules/react-dom/cjs/react-dom.development.js:25848:7)
      at flushActQueue (../../node_modules/react/cjs/react.development.js:2667:24)
      at act (../../node_modules/react/cjs/react.development.js:2582:11)
      at ../../node_modules/@testing-library/react/dist/act-compat.js:47:25
      at renderRoot (../../node_modules/@testing-library/react/dist/pure.js:180:26)
      at render (../../node_modules/@testing-library/react/dist/pure.js:271:10)
      at renderWithIntl (test/helpers/intl-helpers.jsx:6:14)
      at Object.<anonymous> (test/unit/containers/sound-editor.test.jsx:49:43)

FAIL test/unit/util/mcremote-runtime-config.test.js (6.104 s)
  ● McRemote runtime config › loads the deployment and image-owned files independently

    expect(received).resolves.toEqual(expected) // deep equality

    - Expected  - 1
    + Received  + 1

    @@ -20,9 +20,9 @@
            "body": "Product body",
            "heading": "Product notice",
            "link": null,
          },
        ],
    -   "releaseIdentity": "2301.0.0b7",
    +   "releaseIdentity": "2320.0.0b8",
        "storagePersistEnabled": false,
        "wireScopeUrl": "https://wirescope.classroom.example/live",
      }

      42 |         const {loadMcRemoteRuntimeConfig} = require('../../../src/lib/mcremote-runtime-config.js');
      43 |
    > 44 |         await expect(loadMcRemoteRuntimeConfig()).resolves.toEqual({
         |                                                            ^
      45 |             bridgeUrl: 'wss://bridge.classroom.example/ws',
      46 |             defaultSandbox: 'minecraft.classroom.example',
      47 |             connectionTargets: [

      at Object.toEqual (../../node_modules/expect/build/index.js:174:22)
      at Object.toEqual (test/unit/util/mcremote-runtime-config.test.js:44:60)

  ● McRemote runtime config › accepts a disabled deployment without connection fields

    expect(received).resolves.toMatchObject(expected)

    - Expected  - 1
    + Received  + 1

      Object {
        "bridgeUrl": null,
        "connectionEnabled": false,
        "connectionTargets": Array [],
        "defaultSandbox": null,
    -   "releaseIdentity": "2301.0.0b7",
    +   "releaseIdentity": "2320.0.0b8",
      }

      81 |         const {loadMcRemoteRuntimeConfig} = require('../../../src/lib/mcremote-runtime-config.js');
      82 |
    > 83 |         await expect(loadMcRemoteRuntimeConfig()).resolves.toMatchObject({
         |                                                            ^
      84 |             bridgeUrl: null,
      85 |             defaultSandbox: null,
      86 |             connectionTargets: [],

      at Object.toMatchObject (../../node_modules/expect/build/index.js:174:22)
      at Object.toMatchObject (test/unit/util/mcremote-runtime-config.test.js:83:60)

  ● McRemote runtime config › fails closed when the deployment file cannot be loaded

    expect(received).resolves.toMatchObject(expected)

    - Expected  - 1
    + Received  + 1

      Object {
        "connectionEnabled": false,
        "homepageUrl": "https://mc-remote.com/",
    -   "releaseIdentity": "2301.0.0b7",
    +   "releaseIdentity": "2320.0.0b8",
      }

      139 |         const {loadMcRemoteRuntimeConfig} = require('../../../src/lib/mcremote-runtime-config.js');
      140 |
    > 141 |         await expect(loadMcRemoteRuntimeConfig()).resolves.toMatchObject({
          |                                                            ^
      142 |             connectionEnabled: false,
      143 |             releaseIdentity: '2301.0.0b7',
      144 |             homepageUrl: 'https://mc-remote.com/'

      at Object.toMatchObject (../../node_modules/expect/build/index.js:174:22)
      at Object.toMatchObject (test/unit/util/mcremote-runtime-config.test.js:141:60)

PASS test/unit/components/action-menu.test.jsx
  ● Console

    console.error
      Warning: An update to ActionMenu inside a test was not wrapped in act(...).
      
      When testing, code that causes React state updates should be wrapped into act(...):
      
      act(() => {
        /* fire events that update state */
      });
      /* assert on the output */
      
      This ensures that you're testing the behavior the user would see in the browser. Learn more at https://reactjs.org/link/wrap-tests-with-act
          at className (~/Documents/GitHub/AA_KNOWLEGE_BASED_DEV_SYSTEM/scratch-editor/packages/scratch-gui/src/components/action-menu/action-menu.jsx:11:5)

      132 |             }
      133 |         } else if (e.key === KEY.TAB) {
    > 134 |             setIsExpanded(false);
          |             ^
      135 |             focusItem(buttonRef.current);
      136 |         } else if (e.key === KEY.ESCAPE) {
      137 |             if (document.activeElement === buttonRef.current) {

      at printWarning (../../node_modules/react-dom/cjs/react-dom.development.js:86:30)
      at error (../../node_modules/react-dom/cjs/react-dom.development.js:60:7)
      at warnIfUpdatesNotWrappedWithActDEV (../../node_modules/react-dom/cjs/react-dom.development.js:27628:9)
      at scheduleUpdateOnFiber (../../node_modules/react-dom/cjs/react-dom.development.js:25547:5)
      at dispatchSetState (../../node_modules/react-dom/cjs/react-dom.development.js:16708:7)
      at setIsExpanded (src/components/action-menu/action-menu.jsx:134:13)
      at HTMLUnknownElement.callCallback (../../node_modules/react-dom/cjs/react-dom.development.js:4164:14)
      at Object.invokeGuardedCallbackDev (../../node_modules/react-dom/cjs/react-dom.development.js:4213:16)
      at invokeGuardedCallback (../../node_modules/react-dom/cjs/react-dom.development.js:4277:31)
      at invokeGuardedCallbackAndCatchFirstError (../../node_modules/react-dom/cjs/react-dom.development.js:4291:25)
      at executeDispatch (../../node_modules/react-dom/cjs/react-dom.development.js:9041:3)
      at processDispatchQueueItemsInOrder (../../node_modules/react-dom/cjs/react-dom.development.js:9073:7)
      at processDispatchQueue (../../node_modules/react-dom/cjs/react-dom.development.js:9086:5)
      at dispatchEventsForPlugins (../../node_modules/react-dom/cjs/react-dom.development.js:9097:3)
      at ../../node_modules/react-dom/cjs/react-dom.development.js:9288:12
      at batchedUpdates$1 (../../node_modules/react-dom/cjs/react-dom.development.js:26179:12)
      at batchedUpdates (../../node_modules/react-dom/cjs/react-dom.development.js:3991:12)
      at dispatchEventForPluginEventSystem (../../node_modules/react-dom/cjs/react-dom.development.js:9287:3)
      at dispatchEventWithEnableCapturePhaseSelectiveHydrationWithoutDiscreteEventReplay (../../node_modules/react-dom/cjs/react-dom.development.js:6465:5)
      at dispatchEvent (../../node_modules/react-dom/cjs/react-dom.development.js:6457:5)
      at dispatchDiscreteEvent (../../node_modules/react-dom/cjs/react-dom.development.js:6430:5)
      at ../../node_modules/@testing-library/user-event/dist/cjs/event/dispatchEvent.js:39:40
      at Object.eventWrapper (../../node_modules/@testing-library/dom/dist/config.js:25:23)
      at Object.wrapEvent (../../node_modules/@testing-library/user-event/dist/cjs/event/wrapEvent.js:7:28)
      at Object.dispatchEvent (../../node_modules/@testing-library/user-event/dist/cjs/event/dispatchEvent.js:39:19)
      at Object.dispatchUIEvent (../../node_modules/@testing-library/user-event/dist/cjs/event/dispatchEvent.js:22:26)
      at KeyboardHost.keydown (../../node_modules/@testing-library/user-event/dist/cjs/system/keyboard.js:62:38)
      at keyboardAction (../../node_modules/@testing-library/user-event/dist/cjs/keyboard/index.js:22:35)
      at Object.keyboard (../../node_modules/@testing-library/user-event/dist/cjs/keyboard/index.js:11:15)
      at Object.<anonymous> (test/unit/components/action-menu.test.jsx:134:9)

    console.error
      Warning: An update to ReactTooltip inside a test was not wrapped in act(...).
      
      When testing, code that causes React state updates should be wrapped into act(...):
      
      act(() => {
        /* fire events that update state */
      });
      /* assert on the output */
      
      This ensures that you're testing the behavior the user would see in the browser. Learn more at https://reactjs.org/link/wrap-tests-with-act
          at ReactTooltip (~/Documents/GitHub/AA_KNOWLEGE_BASED_DEV_SYSTEM/scratch-editor/node_modules/react-tooltip/src/index.js:93:22)
          at li
          at ul
          at div
          at div
          at className (~/Documents/GitHub/AA_KNOWLEGE_BASED_DEV_SYSTEM/scratch-editor/packages/scratch-gui/src/components/action-menu/action-menu.jsx:11:5)

      28 |     const focusItem = useCallback(item => {
      29 |         if (item) {
    > 30 |             item.focus();
         |                  ^
      31 |         }
      32 |     }, []);
      33 |

      at printWarning (../../node_modules/react-dom/cjs/react-dom.development.js:86:30)
      at error (../../node_modules/react-dom/cjs/react-dom.development.js:60:7)
      at warnIfUpdatesNotWrappedWithActDEV (../../node_modules/react-dom/cjs/react-dom.development.js:27628:9)
      at scheduleUpdateOnFiber (../../node_modules/react-dom/cjs/react-dom.development.js:25547:5)
      at Object.enqueueSetState (../../node_modules/react-dom/cjs/react-dom.development.js:17925:7)
      at ReactTooltip.Object.<anonymous>.Component.setState (../../node_modules/react/cjs/react.development.js:354:16)
      at setState (../../node_modules/react-tooltip/src/index.js:686:12)
      at ReactTooltip.resetState (../../node_modules/react-tooltip/src/index.js:698:7)
      at HTMLButtonElement.patchedFocus [as focus] (../../node_modules/@testing-library/user-event/dist/cjs/document/patchFocus.js:37:26)
      at focus (src/components/action-menu/action-menu.jsx:30:18)
      at focusItem (src/components/action-menu/action-menu.jsx:135:13)
      at HTMLUnknownElement.callCallback (../../node_modules/react-dom/cjs/react-dom.development.js:4164:14)
      at Object.invokeGuardedCallbackDev (../../node_modules/react-dom/cjs/react-dom.development.js:4213:16)
      at invokeGuardedCallback (../../node_modules/react-dom/cjs/react-dom.development.js:4277:31)
      at invokeGuardedCallbackAndCatchFirstError (../../node_modules/react-dom/cjs/react-dom.development.js:4291:25)
      at executeDispatch (../../node_modules/react-dom/cjs/react-dom.development.js:9041:3)
      at processDispatchQueueItemsInOrder (../../node_modules/react-dom/cjs/react-dom.development.js:9073:7)
      at processDispatchQueue (../../node_modules/react-dom/cjs/react-dom.development.js:9086:5)
      at dispatchEventsForPlugins (../../node_modules/react-dom/cjs/react-dom.development.js:9097:3)
      at ../../node_modules/react-dom/cjs/react-dom.development.js:9288:12
      at batchedUpdates$1 (../../node_modules/react-dom/cjs/react-dom.development.js:26179:12)
      at batchedUpdates (../../node_modules/react-dom/cjs/react-dom.development.js:3991:12)
      at dispatchEventForPluginEventSystem (../../node_modules/react-dom/cjs/react-dom.development.js:9287:3)
      at dispatchEventWithEnableCapturePhaseSelectiveHydrationWithoutDiscreteEventReplay (../../node_modules/react-dom/cjs/react-dom.development.js:6465:5)
      at dispatchEvent (../../node_modules/react-dom/cjs/react-dom.development.js:6457:5)
      at dispatchDiscreteEvent (../../node_modules/react-dom/cjs/react-dom.development.js:6430:5)
      at ../../node_modules/@testing-library/user-event/dist/cjs/event/dispatchEvent.js:39:40
      at Object.eventWrapper (../../node_modules/@testing-library/dom/dist/config.js:25:23)
      at Object.wrapEvent (../../node_modules/@testing-library/user-event/dist/cjs/event/wrapEvent.js:7:28)
      at Object.dispatchEvent (../../node_modules/@testing-library/user-event/dist/cjs/event/dispatchEvent.js:39:19)
      at Object.dispatchUIEvent (../../node_modules/@testing-library/user-event/dist/cjs/event/dispatchEvent.js:22:26)
      at KeyboardHost.keydown (../../node_modules/@testing-library/user-event/dist/cjs/system/keyboard.js:62:38)
      at keyboardAction (../../node_modules/@testing-library/user-event/dist/cjs/keyboard/index.js:22:35)
      at Object.keyboard (../../node_modules/@testing-library/user-event/dist/cjs/keyboard/index.js:11:15)
      at Object.<anonymous> (test/unit/components/action-menu.test.jsx:134:9)

    console.error
      Warning: An update to ReactTooltip inside a test was not wrapped in act(...).
      
      When testing, code that causes React state updates should be wrapped into act(...):
      
      act(() => {
        /* fire events that update state */
      });
      /* assert on the output */
      
      This ensures that you're testing the behavior the user would see in the browser. Learn more at https://reactjs.org/link/wrap-tests-with-act
          at ReactTooltip (~/Documents/GitHub/AA_KNOWLEGE_BASED_DEV_SYSTEM/scratch-editor/node_modules/react-tooltip/src/index.js:93:22)
          at div
          at className (~/Documents/GitHub/AA_KNOWLEGE_BASED_DEV_SYSTEM/scratch-editor/packages/scratch-gui/src/components/action-menu/action-menu.jsx:11:5)

      28 |     const focusItem = useCallback(item => {
      29 |         if (item) {
    > 30 |             item.focus();
         |                  ^
      31 |         }
      32 |     }, []);
      33 |

      at printWarning (../../node_modules/react-dom/cjs/react-dom.development.js:86:30)
      at error (../../node_modules/react-dom/cjs/react-dom.development.js:60:7)
      at warnIfUpdatesNotWrappedWithActDEV (../../node_modules/react-dom/cjs/react-dom.development.js:27628:9)
      at scheduleUpdateOnFiber (../../node_modules/react-dom/cjs/react-dom.development.js:25547:5)
      at Object.enqueueSetState (../../node_modules/react-dom/cjs/react-dom.development.js:17925:7)
      at ReactTooltip.Object.<anonymous>.Component.setState (../../node_modules/react/cjs/react.development.js:354:16)
      at setState (../../node_modules/react-tooltip/src/index.js:475:12)
      at ReactTooltip.updateState (../../node_modules/react-tooltip/src/index.js:575:7)
      at HTMLButtonElement.patchedFocus [as focus] (../../node_modules/@testing-library/user-event/dist/cjs/document/patchFocus.js:37:26)
      at focus (src/components/action-menu/action-menu.jsx:30:18)
      at focusItem (src/components/action-menu/action-menu.jsx:135:13)
      at HTMLUnknownElement.callCallback (../../node_modules/react-dom/cjs/react-dom.development.js:4164:14)
      at Object.invokeGuardedCallbackDev (../../node_modules/react-dom/cjs/react-dom.development.js:4213:16)
      at invokeGuardedCallback (../../node_modules/react-dom/cjs/react-dom.development.js:4277:31)
      at invokeGuardedCallbackAndCatchFirstError (../../node_modules/react-dom/cjs/react-dom.development.js:4291:25)
      at executeDispatch (../../node_modules/react-dom/cjs/react-dom.development.js:9041:3)
      at processDispatchQueueItemsInOrder (../../node_modules/react-dom/cjs/react-dom.development.js:9073:7)
      at processDispatchQueue (../../node_modules/react-dom/cjs/react-dom.development.js:9086:5)
      at dispatchEventsForPlugins (../../node_modules/react-dom/cjs/react-dom.development.js:9097:3)
      at ../../node_modules/react-dom/cjs/react-dom.development.js:9288:12
      at batchedUpdates$1 (../../node_modules/react-dom/cjs/react-dom.development.js:26179:12)
      at batchedUpdates (../../node_modules/react-dom/cjs/react-dom.development.js:3991:12)
      at dispatchEventForPluginEventSystem (../../node_modules/react-dom/cjs/react-dom.development.js:9287:3)
      at dispatchEventWithEnableCapturePhaseSelectiveHydrationWithoutDiscreteEventReplay (../../node_modules/react-dom/cjs/react-dom.development.js:6465:5)
      at dispatchEvent (../../node_modules/react-dom/cjs/react-dom.development.js:6457:5)
      at dispatchDiscreteEvent (../../node_modules/react-dom/cjs/react-dom.development.js:6430:5)
      at ../../node_modules/@testing-library/user-event/dist/cjs/event/dispatchEvent.js:39:40
      at Object.eventWrapper (../../node_modules/@testing-library/dom/dist/config.js:25:23)
      at Object.wrapEvent (../../node_modules/@testing-library/user-event/dist/cjs/event/wrapEvent.js:7:28)
      at Object.dispatchEvent (../../node_modules/@testing-library/user-event/dist/cjs/event/dispatchEvent.js:39:19)
      at Object.dispatchUIEvent (../../node_modules/@testing-library/user-event/dist/cjs/event/dispatchEvent.js:22:26)
      at KeyboardHost.keydown (../../node_modules/@testing-library/user-event/dist/cjs/system/keyboard.js:62:38)
      at keyboardAction (../../node_modules/@testing-library/user-event/dist/cjs/keyboard/index.js:22:35)
      at Object.keyboard (../../node_modules/@testing-library/user-event/dist/cjs/keyboard/index.js:11:15)
      at Object.<anonymous> (test/unit/components/action-menu.test.jsx:134:9)

    console.error
      Warning: An update to ReactTooltip inside a test was not wrapped in act(...).
      
      When testing, code that causes React state updates should be wrapped into act(...):
      
      act(() => {
        /* fire events that update state */
      });
      /* assert on the output */
      
      This ensures that you're testing the behavior the user would see in the browser. Learn more at https://reactjs.org/link/wrap-tests-with-act
          at ReactTooltip (~/Documents/GitHub/AA_KNOWLEGE_BASED_DEV_SYSTEM/scratch-editor/node_modules/react-tooltip/src/index.js:93:22)
          at div
          at className (~/Documents/GitHub/AA_KNOWLEGE_BASED_DEV_SYSTEM/scratch-editor/packages/scratch-gui/src/components/action-menu/action-menu.jsx:11:5)

      at printWarning (../../node_modules/react-dom/cjs/react-dom.development.js:86:30)
      at error (../../node_modules/react-dom/cjs/react-dom.development.js:60:7)
      at warnIfUpdatesNotWrappedWithActDEV (../../node_modules/react-dom/cjs/react-dom.development.js:27628:9)
      at scheduleUpdateOnFiber (../../node_modules/react-dom/cjs/react-dom.development.js:25547:5)
      at Object.enqueueSetState (../../node_modules/react-dom/cjs/react-dom.development.js:17925:7)
      at ReactTooltip.Object.<anonymous>.Component.setState (../../node_modules/react/cjs/react.development.js:354:16)
      at setState (../../node_modules/react-tooltip/src/index.js:606:14)
      at ReactTooltip.updateState (../../node_modules/react-tooltip/src/index.js:630:7)
      at ReactTooltip.updateTooltip (../../node_modules/react-tooltip/src/index.js:549:16)
      at callCallback (../../node_modules/react-dom/cjs/react-dom.development.js:15036:12)
      at commitUpdateQueue (../../node_modules/react-dom/cjs/react-dom.development.js:15057:9)
      at commitLayoutEffectOnFiber (../../node_modules/react-dom/cjs/react-dom.development.js:23403:13)
      at commitLayoutMountEffects_complete (../../node_modules/react-dom/cjs/react-dom.development.js:24727:9)
      at commitLayoutEffects_begin (../../node_modules/react-dom/cjs/react-dom.development.js:24713:7)
      at commitLayoutEffects (../../node_modules/react-dom/cjs/react-dom.development.js:24651:3)
      at commitRootImpl (../../node_modules/react-dom/cjs/react-dom.development.js:26862:5)
      at commitRoot (../../node_modules/react-dom/cjs/react-dom.development.js:26721:5)
      at performSyncWorkOnRoot (../../node_modules/react-dom/cjs/react-dom.development.js:26156:3)
      at flushSyncCallbacks (../../node_modules/react-dom/cjs/react-dom.development.js:12042:22)
      at ../../node_modules/react-dom/cjs/react-dom.development.js:25690:13

    console.error
      Warning: An update to ActionMenu inside a test was not wrapped in act(...).
      
      When testing, code that causes React state updates should be wrapped into act(...):
      
      act(() => {
        /* fire events that update state */
      });
      /* assert on the output */
      
      This ensures that you're testing the behavior the user would see in the browser. Learn more at https://reactjs.org/link/wrap-tests-with-act
          at className (~/Documents/GitHub/AA_KNOWLEGE_BASED_DEV_SYSTEM/scratch-editor/packages/scratch-gui/src/components/action-menu/action-menu.jsx:11:5)

      132 |             }
      133 |         } else if (e.key === KEY.TAB) {
    > 134 |             setIsExpanded(false);
          |             ^
      135 |             focusItem(buttonRef.current);
      136 |         } else if (e.key === KEY.ESCAPE) {
      137 |             if (document.activeElement === buttonRef.current) {

      at printWarning (../../node_modules/react-dom/cjs/react-dom.development.js:86:30)
      at error (../../node_modules/react-dom/cjs/react-dom.development.js:60:7)
      at warnIfUpdatesNotWrappedWithActDEV (../../node_modules/react-dom/cjs/react-dom.development.js:27628:9)
      at scheduleUpdateOnFiber (../../node_modules/react-dom/cjs/react-dom.development.js:25547:5)
      at dispatchSetState (../../node_modules/react-dom/cjs/react-dom.development.js:16708:7)
      at setIsExpanded (src/components/action-menu/action-menu.jsx:134:13)
      at HTMLUnknownElement.callCallback (../../node_modules/react-dom/cjs/react-dom.development.js:4164:14)
      at Object.invokeGuardedCallbackDev (../../node_modules/react-dom/cjs/react-dom.development.js:4213:16)
      at invokeGuardedCallback (../../node_modules/react-dom/cjs/react-dom.development.js:4277:31)
      at invokeGuardedCallbackAndCatchFirstError (../../node_modules/react-dom/cjs/react-dom.development.js:4291:25)
      at executeDispatch (../../node_modules/react-dom/cjs/react-dom.development.js:9041:3)
      at processDispatchQueueItemsInOrder (../../node_modules/react-dom/cjs/react-dom.development.js:9073:7)
      at processDispatchQueue (../../node_modules/react-dom/cjs/react-dom.development.js:9086:5)
      at dispatchEventsForPlugins (../../node_modules/react-dom/cjs/react-dom.development.js:9097:3)
      at ../../node_modules/react-dom/cjs/react-dom.development.js:9288:12
      at batchedUpdates$1 (../../node_modules/react-dom/cjs/react-dom.development.js:26179:12)
      at batchedUpdates (../../node_modules/react-dom/cjs/react-dom.development.js:3991:12)
      at dispatchEventForPluginEventSystem (../../node_modules/react-dom/cjs/react-dom.development.js:9287:3)
      at dispatchEventWithEnableCapturePhaseSelectiveHydrationWithoutDiscreteEventReplay (../../node_modules/react-dom/cjs/react-dom.development.js:6465:5)
      at dispatchEvent (../../node_modules/react-dom/cjs/react-dom.development.js:6457:5)
      at dispatchDiscreteEvent (../../node_modules/react-dom/cjs/react-dom.development.js:6430:5)
      at ../../node_modules/@testing-library/user-event/dist/cjs/event/dispatchEvent.js:39:40
      at Object.eventWrapper (../../node_modules/@testing-library/dom/dist/config.js:25:23)
      at Object.wrapEvent (../../node_modules/@testing-library/user-event/dist/cjs/event/wrapEvent.js:7:28)
      at Object.dispatchEvent (../../node_modules/@testing-library/user-event/dist/cjs/event/dispatchEvent.js:39:19)
      at Object.dispatchUIEvent (../../node_modules/@testing-library/user-event/dist/cjs/event/dispatchEvent.js:22:26)
      at KeyboardHost.keydown (../../node_modules/@testing-library/user-event/dist/cjs/system/keyboard.js:62:38)
      at keyboardAction (../../node_modules/@testing-library/user-event/dist/cjs/keyboard/index.js:22:35)
      at Object.keyboard (../../node_modules/@testing-library/user-event/dist/cjs/keyboard/index.js:11:15)
      at Object.<anonymous> (test/unit/components/action-menu.test.jsx:158:9)

    console.error
      Warning: An update to ReactTooltip inside a test was not wrapped in act(...).
      
      When testing, code that causes React state updates should be wrapped into act(...):
      
      act(() => {
        /* fire events that update state */
      });
      /* assert on the output */
      
      This ensures that you're testing the behavior the user would see in the browser. Learn more at https://reactjs.org/link/wrap-tests-with-act
          at ReactTooltip (~/Documents/GitHub/AA_KNOWLEGE_BASED_DEV_SYSTEM/scratch-editor/node_modules/react-tooltip/src/index.js:93:22)
          at div
          at className (~/Documents/GitHub/AA_KNOWLEGE_BASED_DEV_SYSTEM/scratch-editor/packages/scratch-gui/src/components/action-menu/action-menu.jsx:11:5)

      156 |         });
      157 |
    > 158 |         await user.tab({shift: true});
          |         ^
      159 |
      160 |         await waitFor(() => {
      161 |             expect(document.activeElement).toBe(beforeButton);

      at printWarning (../../node_modules/react-dom/cjs/react-dom.development.js:86:30)
      at error (../../node_modules/react-dom/cjs/react-dom.development.js:60:7)
      at warnIfUpdatesNotWrappedWithActDEV (../../node_modules/react-dom/cjs/react-dom.development.js:27628:9)
      at scheduleUpdateOnFiber (../../node_modules/react-dom/cjs/react-dom.development.js:25547:5)
      at Object.enqueueSetState (../../node_modules/react-dom/cjs/react-dom.development.js:17925:7)
      at ReactTooltip.Object.<anonymous>.Component.setState (../../node_modules/react/cjs/react.development.js:354:16)
      at setState (../../node_modules/react-tooltip/src/index.js:686:12)
      at ReactTooltip.resetState (../../node_modules/react-tooltip/src/index.js:698:7)
      at HTMLButtonElement.patchedFocus [as focus] (../../node_modules/@testing-library/user-event/dist/cjs/document/patchFocus.js:37:26)
      at ../../node_modules/@testing-library/user-event/dist/cjs/event/focus.js:20:40
      at Object.eventWrapper (../../node_modules/@testing-library/dom/dist/config.js:25:23)
      at Object.wrapEvent (../../node_modules/@testing-library/user-event/dist/cjs/event/wrapEvent.js:7:28)
      at Object.focusElement (../../node_modules/@testing-library/user-event/dist/cjs/event/focus.js:20:19)
      at ../../node_modules/@testing-library/user-event/dist/cjs/event/behavior/keydown.js:114:19
      at Object.dispatchEvent (../../node_modules/@testing-library/user-event/dist/cjs/event/dispatchEvent.js:41:13)
      at Object.dispatchUIEvent (../../node_modules/@testing-library/user-event/dist/cjs/event/dispatchEvent.js:22:26)
      at KeyboardHost.keydown (../../node_modules/@testing-library/user-event/dist/cjs/system/keyboard.js:62:38)
      at keyboardAction (../../node_modules/@testing-library/user-event/dist/cjs/keyboard/index.js:22:35)
      at Object.keyboard (../../node_modules/@testing-library/user-event/dist/cjs/keyboard/index.js:11:15)
      at Object.<anonymous> (test/unit/components/action-menu.test.jsx:158:9)

PASS test/unit/lib/mcremote-block-names.test.js
PASS test/unit/components/monitor-list.test.jsx
  ● Console

    console.error
      Warning: Each child in a list should have a unique "key" prop.
      
      Check the render method of `MonitorList`. See https://reactjs.org/link/warning-keys for more information.
          at injectIntl(Connect(Monitor))
          at stageSize (~/Documents/GitHub/AA_KNOWLEGE_BASED_DEV_SYSTEM/scratch-editor/packages/scratch-gui/src/components/monitor-list/monitor-list.jsx:16:26)
          at Provider (~/Documents/GitHub/AA_KNOWLEGE_BASED_DEV_SYSTEM/scratch-editor/node_modules/react-redux/lib/components/Provider.js:19:3)
          at IntlProvider (~/Documents/GitHub/AA_KNOWLEGE_BASED_DEV_SYSTEM/scratch-editor/node_modules/react-intl/src/components/provider.js:33:47)

      18 |         }}
      19 |     >
    > 20 |         <Box
         |         ^
      21 |             className={styles.monitorListScaler}
      22 |             style={stageSizeToTransform(props.stageSize)}
      23 |         >

      at printWarning (../../node_modules/react/cjs/react.development.js:209:30)
      at error (../../node_modules/react/cjs/react.development.js:183:7)
      at validateExplicitKey (../../node_modules/react/cjs/react.development.js:2191:5)
      at validateChildKeys (../../node_modules/react/cjs/react.development.js:2237:13)
      at Object.createElementWithValidation [as createElement] (../../node_modules/react/cjs/react.development.js:2372:7)
      at createElement (src/components/monitor-list/monitor-list.jsx:20:9)
      at renderWithHooks (../../node_modules/react-dom/cjs/react-dom.development.js:15486:18)
      at mountIndeterminateComponent (../../node_modules/react-dom/cjs/react-dom.development.js:20103:13)
      at beginWork (../../node_modules/react-dom/cjs/react-dom.development.js:21626:16)
      at beginWork$1 (../../node_modules/react-dom/cjs/react-dom.development.js:27465:14)
      at performUnitOfWork (../../node_modules/react-dom/cjs/react-dom.development.js:26599:12)
      at workLoopSync (../../node_modules/react-dom/cjs/react-dom.development.js:26505:5)
      at renderRootSync (../../node_modules/react-dom/cjs/react-dom.development.js:26473:7)
      at performConcurrentWorkOnRoot (../../node_modules/react-dom/cjs/react-dom.development.js:25777:74)
      at flushActQueue (../../node_modules/react/cjs/react.development.js:2667:24)
      at act (../../node_modules/react/cjs/react.development.js:2582:11)
      at ../../node_modules/@testing-library/react/dist/act-compat.js:47:25
      at renderRoot (../../node_modules/@testing-library/react/dist/pure.js:180:26)
      at render (../../node_modules/@testing-library/react/dist/pure.js:271:10)
      at renderWithIntl (test/helpers/intl-helpers.jsx:6:14)
      at Object.<anonymous> (test/unit/components/monitor-list.test.jsx:63:43)

    console.error
      Warning: Box: Support for defaultProps will be removed from function components in a future major release. Use JavaScript default parameters instead.
          at alignContent (~/Documents/GitHub/AA_KNOWLEGE_BASED_DEV_SYSTEM/scratch-editor/packages/scratch-gui/src/components/box/box.jsx:33:9)
          at stageSize (~/Documents/GitHub/AA_KNOWLEGE_BASED_DEV_SYSTEM/scratch-editor/packages/scratch-gui/src/components/monitor-list/monitor-list.jsx:16:26)
          at Provider (~/Documents/GitHub/AA_KNOWLEGE_BASED_DEV_SYSTEM/scratch-editor/node_modules/react-redux/lib/components/Provider.js:19:3)
          at IntlProvider (~/Documents/GitHub/AA_KNOWLEGE_BASED_DEV_SYSTEM/scratch-editor/node_modules/react-intl/src/components/provider.js:33:47)

      4 |
      5 | const renderWithIntl = (ui, {locale = 'en', messages = {}} = {}) => ({
    > 6 |     ...render(
        |              ^
      7 |         <IntlProvider
      8 |             locale={locale}
      9 |             messages={messages}

      at printWarning (../../node_modules/react-dom/cjs/react-dom.development.js:86:30)
      at error (../../node_modules/react-dom/cjs/react-dom.development.js:60:7)
      at validateFunctionComponentInDev (../../node_modules/react-dom/cjs/react-dom.development.js:20230:9)
      at mountIndeterminateComponent (../../node_modules/react-dom/cjs/react-dom.development.js:20189:7)
      at beginWork (../../node_modules/react-dom/cjs/react-dom.development.js:21626:16)
      at beginWork$1 (../../node_modules/react-dom/cjs/react-dom.development.js:27465:14)
      at performUnitOfWork (../../node_modules/react-dom/cjs/react-dom.development.js:26599:12)
      at workLoopSync (../../node_modules/react-dom/cjs/react-dom.development.js:26505:5)
      at renderRootSync (../../node_modules/react-dom/cjs/react-dom.development.js:26473:7)
      at performConcurrentWorkOnRoot (../../node_modules/react-dom/cjs/react-dom.development.js:25777:74)
      at flushActQueue (../../node_modules/react/cjs/react.development.js:2667:24)
      at act (../../node_modules/react/cjs/react.development.js:2582:11)
      at ../../node_modules/@testing-library/react/dist/act-compat.js:47:25
      at renderRoot (../../node_modules/@testing-library/react/dist/pure.js:180:26)
      at render (../../node_modules/@testing-library/react/dist/pure.js:271:10)
      at renderWithIntl (test/helpers/intl-helpers.jsx:6:14)
      at Object.<anonymous> (test/unit/components/monitor-list.test.jsx:63:43)

    console.error
      Warning: Each child in a list should have a unique "key" prop.
      
      Check the render method of `Box`. See https://reactjs.org/link/warning-keys for more information.
          at injectIntl(Connect(Monitor))
          at alignContent (~/Documents/GitHub/AA_KNOWLEGE_BASED_DEV_SYSTEM/scratch-editor/packages/scratch-gui/src/components/box/box.jsx:33:9)
          at div
          at alignContent (~/Documents/GitHub/AA_KNOWLEGE_BASED_DEV_SYSTEM/scratch-editor/packages/scratch-gui/src/components/box/box.jsx:33:9)
          at stageSize (~/Documents/GitHub/AA_KNOWLEGE_BASED_DEV_SYSTEM/scratch-editor/packages/scratch-gui/src/components/monitor-list/monitor-list.jsx:16:26)
          at Provider (~/Documents/GitHub/AA_KNOWLEGE_BASED_DEV_SYSTEM/scratch-editor/node_modules/react-redux/lib/components/Provider.js:19:3)
          at IntlProvider (~/Documents/GitHub/AA_KNOWLEGE_BASED_DEV_SYSTEM/scratch-editor/node_modules/react-intl/src/components/provider.js:33:47)

      49 |         ...componentProps
      50 |     } = props;
    > 51 |     return React.createElement(element, {
         |                  ^
      52 |         className: classNames(className, styles.box),
      53 |         ref: componentRef,
      54 |         style: Object.assign(

      at printWarning (../../node_modules/react/cjs/react.development.js:209:30)
      at error (../../node_modules/react/cjs/react.development.js:183:7)
      at validateExplicitKey (../../node_modules/react/cjs/react.development.js:2191:5)
      at validateChildKeys (../../node_modules/react/cjs/react.development.js:2237:13)
      at Object.createElementWithValidation [as createElement] (../../node_modules/react/cjs/react.development.js:2372:7)
      at createElement (src/components/box/box.jsx:51:18)
      at renderWithHooks (../../node_modules/react-dom/cjs/react-dom.development.js:15486:18)
      at mountIndeterminateComponent (../../node_modules/react-dom/cjs/react-dom.development.js:20103:13)
      at beginWork (../../node_modules/react-dom/cjs/react-dom.development.js:21626:16)
      at beginWork$1 (../../node_modules/react-dom/cjs/react-dom.development.js:27465:14)
      at performUnitOfWork (../../node_modules/react-dom/cjs/react-dom.development.js:26599:12)
      at workLoopSync (../../node_modules/react-dom/cjs/react-dom.development.js:26505:5)
      at renderRootSync (../../node_modules/react-dom/cjs/react-dom.development.js:26473:7)
      at performConcurrentWorkOnRoot (../../node_modules/react-dom/cjs/react-dom.development.js:25777:74)
      at flushActQueue (../../node_modules/react/cjs/react.development.js:2667:24)
      at act (../../node_modules/react/cjs/react.development.js:2582:11)
      at ../../node_modules/@testing-library/react/dist/act-compat.js:47:25
      at renderRoot (../../node_modules/@testing-library/react/dist/pure.js:180:26)
      at render (../../node_modules/@testing-library/react/dist/pure.js:271:10)
      at renderWithIntl (test/helpers/intl-helpers.jsx:6:14)
      at Object.<anonymous> (test/unit/components/monitor-list.test.jsx:63:43)

    console.error
      Warning: Each child in a list should have a unique "key" prop. See https://reactjs.org/link/warning-keys for more information.
          at div
          at alignContent (~/Documents/GitHub/AA_KNOWLEGE_BASED_DEV_SYSTEM/scratch-editor/packages/scratch-gui/src/components/box/box.jsx:33:9)
          at div
          at alignContent (~/Documents/GitHub/AA_KNOWLEGE_BASED_DEV_SYSTEM/scratch-editor/packages/scratch-gui/src/components/box/box.jsx:33:9)
          at stageSize (~/Documents/GitHub/AA_KNOWLEGE_BASED_DEV_SYSTEM/scratch-editor/packages/scratch-gui/src/components/monitor-list/monitor-list.jsx:16:26)
          at Provider (~/Documents/GitHub/AA_KNOWLEGE_BASED_DEV_SYSTEM/scratch-editor/node_modules/react-redux/lib/components/Provider.js:19:3)
          at IntlProvider (~/Documents/GitHub/AA_KNOWLEGE_BASED_DEV_SYSTEM/scratch-editor/node_modules/react-intl/src/components/provider.js:33:47)

      4 |
      5 | const renderWithIntl = (ui, {locale = 'en', messages = {}} = {}) => ({
    > 6 |     ...render(
        |              ^
      7 |         <IntlProvider
      8 |             locale={locale}
      9 |             messages={messages}

      at printWarning (../../node_modules/react-dom/cjs/react-dom.development.js:86:30)
      at error (../../node_modules/react-dom/cjs/react-dom.development.js:60:7)
      at warnForMissingKey (../../node_modules/react-dom/cjs/react-dom.development.js:13030:5)
      at warnOnInvalidKey (../../node_modules/react-dom/cjs/react-dom.development.js:13511:11)
      at reconcileChildrenIterator (../../node_modules/react-dom/cjs/react-dom.development.js:13752:23)
      at reconcileChildFibers (../../node_modules/react-dom/cjs/react-dom.development.js:14061:16)
      at reconcileChildren (../../node_modules/react-dom/cjs/react-dom.development.js:19186:28)
      at updateHostComponent (../../node_modules/react-dom/cjs/react-dom.development.js:19953:3)
      at beginWork (../../node_modules/react-dom/cjs/react-dom.development.js:21657:14)
      at beginWork$1 (../../node_modules/react-dom/cjs/react-dom.development.js:27465:14)
      at performUnitOfWork (../../node_modules/react-dom/cjs/react-dom.development.js:26599:12)
      at workLoopSync (../../node_modules/react-dom/cjs/react-dom.development.js:26505:5)
      at renderRootSync (../../node_modules/react-dom/cjs/react-dom.development.js:26473:7)
      at performConcurrentWorkOnRoot (../../node_modules/react-dom/cjs/react-dom.development.js:25777:74)
      at flushActQueue (../../node_modules/react/cjs/react.development.js:2667:24)
      at act (../../node_modules/react/cjs/react.development.js:2582:11)
      at ../../node_modules/@testing-library/react/dist/act-compat.js:47:25
      at renderRoot (../../node_modules/@testing-library/react/dist/pure.js:180:26)
      at render (../../node_modules/@testing-library/react/dist/pure.js:271:10)
      at renderWithIntl (test/helpers/intl-helpers.jsx:6:14)
      at Object.<anonymous> (test/unit/components/monitor-list.test.jsx:63:43)

    console.error
      Warning: Failed prop type: The prop `id` is marked as required in `Monitor`, but its value is `undefined`.
          at Monitor (~/Documents/GitHub/AA_KNOWLEGE_BASED_DEV_SYSTEM/scratch-editor/packages/scratch-gui/src/containers/monitor.jsx:41:9)
          at ConnectFunction (~/Documents/GitHub/AA_KNOWLEGE_BASED_DEV_SYSTEM/scratch-editor/node_modules/react-redux/lib/components/connect.js:246:74)
          at injectIntl(Connect(Monitor))
          at div
          at alignContent (~/Documents/GitHub/AA_KNOWLEGE_BASED_DEV_SYSTEM/scratch-editor/packages/scratch-gui/src/components/box/box.jsx:33:9)
          at div
          at alignContent (~/Documents/GitHub/AA_KNOWLEGE_BASED_DEV_SYSTEM/scratch-editor/packages/scratch-gui/src/components/box/box.jsx:33:9)
          at stageSize (~/Documents/GitHub/AA_KNOWLEGE_BASED_DEV_SYSTEM/scratch-editor/packages/scratch-gui/src/components/monitor-list/monitor-list.jsx:16:26)
          at Provider (~/Documents/GitHub/AA_KNOWLEGE_BASED_DEV_SYSTEM/scratch-editor/node_modules/react-redux/lib/components/Provider.js:19:3)
          at IntlProvider (~/Documents/GitHub/AA_KNOWLEGE_BASED_DEV_SYSTEM/scratch-editor/node_modules/react-intl/src/components/provider.js:33:47)

      4 |
      5 | const renderWithIntl = (ui, {locale = 'en', messages = {}} = {}) => ({
    > 6 |     ...render(
        |              ^
      7 |         <IntlProvider
      8 |             locale={locale}
      9 |             messages={messages}

      at printWarning (../../node_modules/react/cjs/react.development.js:209:30)
      at error (../../node_modules/react/cjs/react.development.js:183:7)
      at checkPropTypes (../../node_modules/react/cjs/react.development.js:2074:11)
      at validatePropTypes (../../node_modules/react/cjs/react.development.js:2275:7)
      at Object.createElementWithValidation [as createElement] (../../node_modules/react/cjs/react.development.js:2379:5)
      at ../../node_modules/react-redux/lib/components/connect.js:388:17
      at mountMemo (../../node_modules/react-dom/cjs/react-dom.development.js:16406:19)
      at Object.useMemo (../../node_modules/react-dom/cjs/react-dom.development.js:16851:16)
      at Object.useMemo (../../node_modules/react/cjs/react.development.js:1650:21)
      at ConnectFunction (../../node_modules/react-redux/lib/components/connect.js:384:46)
      at renderWithHooks (../../node_modules/react-dom/cjs/react-dom.development.js:15486:18)
      at updateFunctionComponent (../../node_modules/react-dom/cjs/react-dom.development.js:19617:20)
      at updateSimpleMemoComponent (../../node_modules/react-dom/cjs/react-dom.development.js:19454:10)
      at updateMemoComponent (../../node_modules/react-dom/cjs/react-dom.development.js:19303:14)
      at beginWork (../../node_modules/react-dom/cjs/react-dom.development.js:21712:16)
      at beginWork$1 (../../node_modules/react-dom/cjs/react-dom.development.js:27465:14)
      at performUnitOfWork (../../node_modules/react-dom/cjs/react-dom.development.js:26599:12)
      at workLoopSync (../../node_modules/react-dom/cjs/react-dom.development.js:26505:5)
      at renderRootSync (../../node_modules/react-dom/cjs/react-dom.development.js:26473:7)
      at performConcurrentWorkOnRoot (../../node_modules/react-dom/cjs/react-dom.development.js:25777:74)
      at flushActQueue (../../node_modules/react/cjs/react.development.js:2667:24)
      at act (../../node_modules/react/cjs/react.development.js:2582:11)
      at ../../node_modules/@testing-library/react/dist/act-compat.js:47:25
      at renderRoot (../../node_modules/@testing-library/react/dist/pure.js:180:26)
      at render (../../node_modules/@testing-library/react/dist/pure.js:271:10)
      at renderWithIntl (test/helpers/intl-helpers.jsx:6:14)
      at Object.<anonymous> (test/unit/components/monitor-list.test.jsx:63:43)

    console.error
      Warning: Failed prop type: The prop `opcode` is marked as required in `Monitor`, but its value is `undefined`.
          at Monitor (~/Documents/GitHub/AA_KNOWLEGE_BASED_DEV_SYSTEM/scratch-editor/packages/scratch-gui/src/containers/monitor.jsx:41:9)
          at ConnectFunction (~/Documents/GitHub/AA_KNOWLEGE_BASED_DEV_SYSTEM/scratch-editor/node_modules/react-redux/lib/components/connect.js:246:74)
          at injectIntl(Connect(Monitor))
          at div
          at alignContent (~/Documents/GitHub/AA_KNOWLEGE_BASED_DEV_SYSTEM/scratch-editor/packages/scratch-gui/src/components/box/box.jsx:33:9)
          at div
          at alignContent (~/Documents/GitHub/AA_KNOWLEGE_BASED_DEV_SYSTEM/scratch-editor/packages/scratch-gui/src/components/box/box.jsx:33:9)
          at stageSize (~/Documents/GitHub/AA_KNOWLEGE_BASED_DEV_SYSTEM/scratch-editor/packages/scratch-gui/src/components/monitor-list/monitor-list.jsx:16:26)
          at Provider (~/Documents/GitHub/AA_KNOWLEGE_BASED_DEV_SYSTEM/scratch-editor/node_modules/react-redux/lib/components/Provider.js:19:3)
          at IntlProvider (~/Documents/GitHub/AA_KNOWLEGE_BASED_DEV_SYSTEM/scratch-editor/node_modules/react-intl/src/components/provider.js:33:47)

      4 |
      5 | const renderWithIntl = (ui, {locale = 'en', messages = {}} = {}) => ({
    > 6 |     ...render(
        |              ^
      7 |         <IntlProvider
      8 |             locale={locale}
      9 |             messages={messages}

      at printWarning (../../node_modules/react/cjs/react.development.js:209:30)
      at error (../../node_modules/react/cjs/react.development.js:183:7)
      at checkPropTypes (../../node_modules/react/cjs/react.development.js:2074:11)
      at validatePropTypes (../../node_modules/react/cjs/react.development.js:2275:7)
      at Object.createElementWithValidation [as createElement] (../../node_modules/react/cjs/react.development.js:2379:5)
      at ../../node_modules/react-redux/lib/components/connect.js:388:17
      at mountMemo (../../node_modules/react-dom/cjs/react-dom.development.js:16406:19)
      at Object.useMemo (../../node_modules/react-dom/cjs/react-dom.development.js:16851:16)
      at Object.useMemo (../../node_modules/react/cjs/react.development.js:1650:21)
      at ConnectFunction (../../node_modules/react-redux/lib/components/connect.js:384:46)
      at renderWithHooks (../../node_modules/react-dom/cjs/react-dom.development.js:15486:18)
      at updateFunctionComponent (../../node_modules/react-dom/cjs/react-dom.development.js:19617:20)
      at updateSimpleMemoComponent (../../node_modules/react-dom/cjs/react-dom.development.js:19454:10)
      at updateMemoComponent (../../node_modules/react-dom/cjs/react-dom.development.js:19303:14)
      at beginWork (../../node_modules/react-dom/cjs/react-dom.development.js:21712:16)
      at beginWork$1 (../../node_modules/react-dom/cjs/react-dom.development.js:27465:14)
      at performUnitOfWork (../../node_modules/react-dom/cjs/react-dom.development.js:26599:12)
      at workLoopSync (../../node_modules/react-dom/cjs/react-dom.development.js:26505:5)
      at renderRootSync (../../node_modules/react-dom/cjs/react-dom.development.js:26473:7)
      at performConcurrentWorkOnRoot (../../node_modules/react-dom/cjs/react-dom.development.js:25777:74)
      at flushActQueue (../../node_modules/react/cjs/react.development.js:2667:24)
      at act (../../node_modules/react/cjs/react.development.js:2582:11)
      at ../../node_modules/@testing-library/react/dist/act-compat.js:47:25
      at renderRoot (../../node_modules/@testing-library/react/dist/pure.js:180:26)
      at render (../../node_modules/@testing-library/react/dist/pure.js:271:10)
      at renderWithIntl (test/helpers/intl-helpers.jsx:6:14)
      at Object.<anonymous> (test/unit/components/monitor-list.test.jsx:63:43)

    console.error
      Warning: Failed prop type: Invalid prop `vm` of type `Object` supplied to `Monitor`, expected instance of `<<anonymous>>`.
          at Monitor (~/Documents/GitHub/AA_KNOWLEGE_BASED_DEV_SYSTEM/scratch-editor/packages/scratch-gui/src/containers/monitor.jsx:41:9)
          at ConnectFunction (~/Documents/GitHub/AA_KNOWLEGE_BASED_DEV_SYSTEM/scratch-editor/node_modules/react-redux/lib/components/connect.js:246:74)
          at injectIntl(Connect(Monitor))
          at div
          at alignContent (~/Documents/GitHub/AA_KNOWLEGE_BASED_DEV_SYSTEM/scratch-editor/packages/scratch-gui/src/components/box/box.jsx:33:9)
          at div
          at alignContent (~/Documents/GitHub/AA_KNOWLEGE_BASED_DEV_SYSTEM/scratch-editor/packages/scratch-gui/src/components/box/box.jsx:33:9)
          at stageSize (~/Documents/GitHub/AA_KNOWLEGE_BASED_DEV_SYSTEM/scratch-editor/packages/scratch-gui/src/components/monitor-list/monitor-list.jsx:16:26)
          at Provider (~/Documents/GitHub/AA_KNOWLEGE_BASED_DEV_SYSTEM/scratch-editor/node_modules/react-redux/lib/components/Provider.js:19:3)
          at IntlProvider (~/Documents/GitHub/AA_KNOWLEGE_BASED_DEV_SYSTEM/scratch-editor/node_modules/react-intl/src/components/provider.js:33:47)

      4 |
      5 | const renderWithIntl = (ui, {locale = 'en', messages = {}} = {}) => ({
    > 6 |     ...render(
        |              ^
      7 |         <IntlProvider
      8 |             locale={locale}
      9 |             messages={messages}

      at printWarning (../../node_modules/react/cjs/react.development.js:209:30)
      at error (../../node_modules/react/cjs/react.development.js:183:7)
      at checkPropTypes (../../node_modules/react/cjs/react.development.js:2074:11)
      at validatePropTypes (../../node_modules/react/cjs/react.development.js:2275:7)
      at Object.createElementWithValidation [as createElement] (../../node_modules/react/cjs/react.development.js:2379:5)
      at ../../node_modules/react-redux/lib/components/connect.js:388:17
      at mountMemo (../../node_modules/react-dom/cjs/react-dom.development.js:16406:19)
      at Object.useMemo (../../node_modules/react-dom/cjs/react-dom.development.js:16851:16)
      at Object.useMemo (../../node_modules/react/cjs/react.development.js:1650:21)
      at ConnectFunction (../../node_modules/react-redux/lib/components/connect.js:384:46)
      at renderWithHooks (../../node_modules/react-dom/cjs/react-dom.development.js:15486:18)
      at updateFunctionComponent (../../node_modules/react-dom/cjs/react-dom.development.js:19617:20)
      at updateSimpleMemoComponent (../../node_modules/react-dom/cjs/react-dom.development.js:19454:10)
      at updateMemoComponent (../../node_modules/react-dom/cjs/react-dom.development.js:19303:14)
      at beginWork (../../node_modules/react-dom/cjs/react-dom.development.js:21712:16)
      at beginWork$1 (../../node_modules/react-dom/cjs/react-dom.development.js:27465:14)
      at performUnitOfWork (../../node_modules/react-dom/cjs/react-dom.development.js:26599:12)
      at workLoopSync (../../node_modules/react-dom/cjs/react-dom.development.js:26505:5)
      at renderRootSync (../../node_modules/react-dom/cjs/react-dom.development.js:26473:7)
      at performConcurrentWorkOnRoot (../../node_modules/react-dom/cjs/react-dom.development.js:25777:74)
      at flushActQueue (../../node_modules/react/cjs/react.development.js:2667:24)
      at act (../../node_modules/react/cjs/react.development.js:2582:11)
      at ../../node_modules/@testing-library/react/dist/act-compat.js:47:25
      at renderRoot (../../node_modules/@testing-library/react/dist/pure.js:180:26)
      at render (../../node_modules/@testing-library/react/dist/pure.js:271:10)
      at renderWithIntl (test/helpers/intl-helpers.jsx:6:14)
      at Object.<anonymous> (test/unit/components/monitor-list.test.jsx:63:43)

    console.error
      Warning: Failed prop type: The prop `label` is marked as required in `MonitorComponent`, but its value is `undefined`.
          at label (~/Documents/GitHub/AA_KNOWLEGE_BASED_DEV_SYSTEM/scratch-editor/packages/scratch-gui/src/components/monitor/monitor.jsx:48:44)
          at Monitor (~/Documents/GitHub/AA_KNOWLEGE_BASED_DEV_SYSTEM/scratch-editor/packages/scratch-gui/src/containers/monitor.jsx:41:9)
          at ConnectFunction (~/Documents/GitHub/AA_KNOWLEGE_BASED_DEV_SYSTEM/scratch-editor/node_modules/react-redux/lib/components/connect.js:246:74)
          at injectIntl(Connect(Monitor))
          at div
          at alignContent (~/Documents/GitHub/AA_KNOWLEGE_BASED_DEV_SYSTEM/scratch-editor/packages/scratch-gui/src/components/box/box.jsx:33:9)
          at div
          at alignContent (~/Documents/GitHub/AA_KNOWLEGE_BASED_DEV_SYSTEM/scratch-editor/packages/scratch-gui/src/components/box/box.jsx:33:9)
          at stageSize (~/Documents/GitHub/AA_KNOWLEGE_BASED_DEV_SYSTEM/scratch-editor/packages/scratch-gui/src/components/monitor-list/monitor-list.jsx:16:26)
          at Provider (~/Documents/GitHub/AA_KNOWLEGE_BASED_DEV_SYSTEM/scratch-editor/node_modules/react-redux/lib/components/Provider.js:19:3)
          at IntlProvider (~/Documents/GitHub/AA_KNOWLEGE_BASED_DEV_SYSTEM/scratch-editor/node_modules/react-intl/src/components/provider.js:33:47)

      206 |                     onOk={this.handleSliderPromptOk}
      207 |                 />}
    > 208 |                 <MonitorComponent
          |                 ^
      209 |                     componentRef={this.setElement}
      210 |                     {...monitorProps}
      211 |                     draggable={this.props.draggable}

      at printWarning (../../node_modules/react/cjs/react.development.js:209:30)
      at error (../../node_modules/react/cjs/react.development.js:183:7)
      at checkPropTypes (../../node_modules/react/cjs/react.development.js:2074:11)
      at validatePropTypes (../../node_modules/react/cjs/react.development.js:2275:7)
      at Object.createElementWithValidation [as createElement] (../../node_modules/react/cjs/react.development.js:2379:5)
      at Monitor.createElement [as render] (src/containers/monitor.jsx:208:17)
      at finishClassComponent (../../node_modules/react-dom/cjs/react-dom.development.js:19781:31)
      at updateClassComponent (../../node_modules/react-dom/cjs/react-dom.development.js:19727:24)
      at beginWork (../../node_modules/react-dom/cjs/react-dom.development.js:21650:16)
      at beginWork$1 (../../node_modules/react-dom/cjs/react-dom.development.js:27465:14)
      at performUnitOfWork (../../node_modules/react-dom/cjs/react-dom.development.js:26599:12)
      at workLoopSync (../../node_modules/react-dom/cjs/react-dom.development.js:26505:5)
      at renderRootSync (../../node_modules/react-dom/cjs/react-dom.development.js:26473:7)
      at performConcurrentWorkOnRoot (../../node_modules/react-dom/cjs/react-dom.development.js:25777:74)
      at flushActQueue (../../node_modules/react/cjs/react.development.js:2667:24)
      at act (../../node_modules/react/cjs/react.development.js:2582:11)
      at ../../node_modules/@testing-library/react/dist/act-compat.js:47:25
      at renderRoot (../../node_modules/@testing-library/react/dist/pure.js:180:26)
      at render (../../node_modules/@testing-library/react/dist/pure.js:271:10)
      at renderWithIntl (test/helpers/intl-helpers.jsx:6:14)
      at Object.<anonymous> (test/unit/components/monitor-list.test.jsx:63:43)

    console.error
      Warning: MonitorComponent: Support for defaultProps will be removed from function components in a future major release. Use JavaScript default parameters instead.
          at label (~/Documents/GitHub/AA_KNOWLEGE_BASED_DEV_SYSTEM/scratch-editor/packages/scratch-gui/src/components/monitor/monitor.jsx:48:44)
          at Monitor (~/Documents/GitHub/AA_KNOWLEGE_BASED_DEV_SYSTEM/scratch-editor/packages/scratch-gui/src/containers/monitor.jsx:41:9)
          at ConnectFunction (~/Documents/GitHub/AA_KNOWLEGE_BASED_DEV_SYSTEM/scratch-editor/node_modules/react-redux/lib/components/connect.js:246:74)
          at injectIntl(Connect(Monitor))
          at div
          at alignContent (~/Documents/GitHub/AA_KNOWLEGE_BASED_DEV_SYSTEM/scratch-editor/packages/scratch-gui/src/components/box/box.jsx:33:9)
          at div
          at alignContent (~/Documents/GitHub/AA_KNOWLEGE_BASED_DEV_SYSTEM/scratch-editor/packages/scratch-gui/src/components/box/box.jsx:33:9)
          at stageSize (~/Documents/GitHub/AA_KNOWLEGE_BASED_DEV_SYSTEM/scratch-editor/packages/scratch-gui/src/components/monitor-list/monitor-list.jsx:16:26)
          at Provider (~/Documents/GitHub/AA_KNOWLEGE_BASED_DEV_SYSTEM/scratch-editor/node_modules/react-redux/lib/components/Provider.js:19:3)
          at IntlProvider (~/Documents/GitHub/AA_KNOWLEGE_BASED_DEV_SYSTEM/scratch-editor/node_modules/react-intl/src/components/provider.js:33:47)

      4 |
      5 | const renderWithIntl = (ui, {locale = 'en', messages = {}} = {}) => ({
    > 6 |     ...render(
        |              ^
      7 |         <IntlProvider
      8 |             locale={locale}
      9 |             messages={messages}

      at printWarning (../../node_modules/react-dom/cjs/react-dom.development.js:86:30)
      at error (../../node_modules/react-dom/cjs/react-dom.development.js:60:7)
      at validateFunctionComponentInDev (../../node_modules/react-dom/cjs/react-dom.development.js:20230:9)
      at mountIndeterminateComponent (../../node_modules/react-dom/cjs/react-dom.development.js:20189:7)
      at beginWork (../../node_modules/react-dom/cjs/react-dom.development.js:21626:16)
      at beginWork$1 (../../node_modules/react-dom/cjs/react-dom.development.js:27465:14)
      at performUnitOfWork (../../node_modules/react-dom/cjs/react-dom.development.js:26599:12)
      at workLoopSync (../../node_modules/react-dom/cjs/react-dom.development.js:26505:5)
      at renderRootSync (../../node_modules/react-dom/cjs/react-dom.development.js:26473:7)
      at performConcurrentWorkOnRoot (../../node_modules/react-dom/cjs/react-dom.development.js:25777:74)
      at flushActQueue (../../node_modules/react/cjs/react.development.js:2667:24)
      at act (../../node_modules/react/cjs/react.development.js:2582:11)
      at ../../node_modules/@testing-library/react/dist/act-compat.js:47:25
      at renderRoot (../../node_modules/@testing-library/react/dist/pure.js:180:26)
      at render (../../node_modules/@testing-library/react/dist/pure.js:271:10)
      at renderWithIntl (test/helpers/intl-helpers.jsx:6:14)
      at Object.<anonymous> (test/unit/components/monitor-list.test.jsx:63:43)

    console.error
      Warning: Failed prop type: Invalid prop `vm` of type `Object` supplied to `SliderMonitor`, expected instance of `<<anonymous>>`.
          at SliderMonitor (~/Documents/GitHub/AA_KNOWLEGE_BASED_DEV_SYSTEM/scratch-editor/packages/scratch-gui/src/containers/slider-monitor.jsx:12:9)
          at ConnectFunction (~/Documents/GitHub/AA_KNOWLEGE_BASED_DEV_SYSTEM/scratch-editor/node_modules/react-redux/lib/components/connect.js:246:74)
          at span
          at ~/Documents/GitHub/AA_KNOWLEGE_BASED_DEV_SYSTEM/scratch-editor/packages/scratch-gui/node_modules/@radix-ui/react-primitive/src/primitive.tsx:47:13
          at ContextMenuTrigger (~/Documents/GitHub/AA_KNOWLEGE_BASED_DEV_SYSTEM/scratch-editor/packages/scratch-gui/node_modules/@radix-ui/react-context-menu/src/context-menu.tsx:112:13)
          at div
          at alignContent (~/Documents/GitHub/AA_KNOWLEGE_BASED_DEV_SYSTEM/scratch-editor/packages/scratch-gui/src/components/box/box.jsx:33:9)
          at DraggableCore (~/Documents/GitHub/AA_KNOWLEGE_BASED_DEV_SYSTEM/scratch-editor/node_modules/react-draggable/dist/react-draggable.js:1504:6)
          at Draggable (~/Documents/GitHub/AA_KNOWLEGE_BASED_DEV_SYSTEM/scratch-editor/node_modules/react-draggable/lib/Draggable.js:175:38)
          at Provider (~/Documents/GitHub/AA_KNOWLEGE_BASED_DEV_SYSTEM/scratch-editor/packages/scratch-gui/node_modules/@radix-ui/react-context/src/create-context.tsx:126:15)
          at Provider (~/Documents/GitHub/AA_KNOWLEGE_BASED_DEV_SYSTEM/scratch-editor/packages/scratch-gui/node_modules/@radix-ui/react-context/src/create-context.tsx:126:15)
          at Provider (~/Documents/GitHub/AA_KNOWLEGE_BASED_DEV_SYSTEM/scratch-editor/packages/scratch-gui/node_modules/@radix-ui/react-context/src/create-context.tsx:126:15)
          at Popper (~/Documents/GitHub/AA_KNOWLEGE_BASED_DEV_SYSTEM/scratch-editor/packages/scratch-gui/node_modules/@radix-ui/react-popper/src/popper.tsx:52:11)
          at Menu (~/Documents/GitHub/AA_KNOWLEGE_BASED_DEV_SYSTEM/scratch-editor/packages/scratch-gui/node_modules/@radix-ui/react-menu/src/menu.tsx:88:11)
          at Provider (~/Documents/GitHub/AA_KNOWLEGE_BASED_DEV_SYSTEM/scratch-editor/packages/scratch-gui/node_modules/@radix-ui/react-context/src/create-context.tsx:126:15)
          at ContextMenu (~/Documents/GitHub/AA_KNOWLEGE_BASED_DEV_SYSTEM/scratch-editor/packages/scratch-gui/node_modules/@radix-ui/react-context-menu/src/context-menu.tsx:45:11)
          at label (~/Documents/GitHub/AA_KNOWLEGE_BASED_DEV_SYSTEM/scratch-editor/packages/scratch-gui/src/components/monitor/monitor.jsx:48:44)
          at Monitor (~/Documents/GitHub/AA_KNOWLEGE_BASED_DEV_SYSTEM/scratch-editor/packages/scratch-gui/src/containers/monitor.jsx:41:9)
          at ConnectFunction (~/Documents/GitHub/AA_KNOWLEGE_BASED_DEV_SYSTEM/scratch-editor/node_modules/react-redux/lib/components/connect.js:246:74)
          at injectIntl(Connect(Monitor))
          at div
          at alignContent (~/Documents/GitHub/AA_KNOWLEGE_BASED_DEV_SYSTEM/scratch-editor/packages/scratch-gui/src/components/box/box.jsx:33:9)
          at div
          at alignContent (~/Documents/GitHub/AA_KNOWLEGE_BASED_DEV_SYSTEM/scratch-editor/packages/scratch-gui/src/components/box/box.jsx:33:9)
          at stageSize (~/Documents/GitHub/AA_KNOWLEGE_BASED_DEV_SYSTEM/scratch-editor/packages/scratch-gui/src/components/monitor-list/monitor-list.jsx:16:26)
          at Provider (~/Documents/GitHub/AA_KNOWLEGE_BASED_DEV_SYSTEM/scratch-editor/node_modules/react-redux/lib/components/Provider.js:19:3)
          at IntlProvider (~/Documents/GitHub/AA_KNOWLEGE_BASED_DEV_SYSTEM/scratch-editor/node_modules/react-intl/src/components/provider.js:33:47)

      4 |
      5 | const renderWithIntl = (ui, {locale = 'en', messages = {}} = {}) => ({
    > 6 |     ...render(
        |              ^
      7 |         <IntlProvider
      8 |             locale={locale}
      9 |             messages={messages}

      at printWarning (../../node_modules/react/cjs/react.development.js:209:30)
      at error (../../node_modules/react/cjs/react.development.js:183:7)
      at checkPropTypes (../../node_modules/react/cjs/react.development.js:2074:11)
      at validatePropTypes (../../node_modules/react/cjs/react.development.js:2275:7)
      at Object.createElementWithValidation [as createElement] (../../node_modules/react/cjs/react.development.js:2379:5)
      at ../../node_modules/react-redux/lib/components/connect.js:388:17
      at mountMemo (../../node_modules/react-dom/cjs/react-dom.development.js:16406:19)
      at Object.useMemo (../../node_modules/react-dom/cjs/react-dom.development.js:16851:16)
      at Object.useMemo (../../node_modules/react/cjs/react.development.js:1650:21)
      at ConnectFunction (../../node_modules/react-redux/lib/components/connect.js:384:46)
      at renderWithHooks (../../node_modules/react-dom/cjs/react-dom.development.js:15486:18)
      at updateFunctionComponent (../../node_modules/react-dom/cjs/react-dom.development.js:19617:20)
      at updateSimpleMemoComponent (../../node_modules/react-dom/cjs/react-dom.development.js:19454:10)
      at updateMemoComponent (../../node_modules/react-dom/cjs/react-dom.development.js:19303:14)
      at beginWork (../../node_modules/react-dom/cjs/react-dom.development.js:21712:16)
      at beginWork$1 (../../node_modules/react-dom/cjs/react-dom.development.js:27465:14)
      at performUnitOfWork (../../node_modules/react-dom/cjs/react-dom.development.js:26599:12)
      at workLoopSync (../../node_modules/react-dom/cjs/react-dom.development.js:26505:5)
      at renderRootSync (../../node_modules/react-dom/cjs/react-dom.development.js:26473:7)
      at performConcurrentWorkOnRoot (../../node_modules/react-dom/cjs/react-dom.development.js:25777:74)
      at flushActQueue (../../node_modules/react/cjs/react.development.js:2667:24)
      at act (../../node_modules/react/cjs/react.development.js:2582:11)
      at ../../node_modules/@testing-library/react/dist/act-compat.js:47:25
      at renderRoot (../../node_modules/@testing-library/react/dist/pure.js:180:26)
      at render (../../node_modules/@testing-library/react/dist/pure.js:271:10)
      at renderWithIntl (test/helpers/intl-helpers.jsx:6:14)
      at Object.<anonymous> (test/unit/components/monitor-list.test.jsx:63:43)

    console.error
      Warning: Failed prop type: The prop `label` is marked as required in `SliderMonitor`, but its value is `undefined`.
          at categoryColor (~/Documents/GitHub/AA_KNOWLEGE_BASED_DEV_SYSTEM/scratch-editor/packages/scratch-gui/src/components/monitor/slider-monitor.jsx:7:25)
          at SliderMonitor (~/Documents/GitHub/AA_KNOWLEGE_BASED_DEV_SYSTEM/scratch-editor/packages/scratch-gui/src/containers/slider-monitor.jsx:12:9)
          at ConnectFunction (~/Documents/GitHub/AA_KNOWLEGE_BASED_DEV_SYSTEM/scratch-editor/node_modules/react-redux/lib/components/connect.js:246:74)
          at span
          at ~/Documents/GitHub/AA_KNOWLEGE_BASED_DEV_SYSTEM/scratch-editor/packages/scratch-gui/node_modules/@radix-ui/react-primitive/src/primitive.tsx:47:13
          at ContextMenuTrigger (~/Documents/GitHub/AA_KNOWLEGE_BASED_DEV_SYSTEM/scratch-editor/packages/scratch-gui/node_modules/@radix-ui/react-context-menu/src/context-menu.tsx:112:13)
          at div
          at alignContent (~/Documents/GitHub/AA_KNOWLEGE_BASED_DEV_SYSTEM/scratch-editor/packages/scratch-gui/src/components/box/box.jsx:33:9)
          at DraggableCore (~/Documents/GitHub/AA_KNOWLEGE_BASED_DEV_SYSTEM/scratch-editor/node_modules/react-draggable/dist/react-draggable.js:1504:6)
          at Draggable (~/Documents/GitHub/AA_KNOWLEGE_BASED_DEV_SYSTEM/scratch-editor/node_modules/react-draggable/lib/Draggable.js:175:38)
          at Provider (~/Documents/GitHub/AA_KNOWLEGE_BASED_DEV_SYSTEM/scratch-editor/packages/scratch-gui/node_modules/@radix-ui/react-context/src/create-context.tsx:126:15)
          at Provider (~/Documents/GitHub/AA_KNOWLEGE_BASED_DEV_SYSTEM/scratch-editor/packages/scratch-gui/node_modules/@radix-ui/react-context/src/create-context.tsx:126:15)
          at Provider (~/Documents/GitHub/AA_KNOWLEGE_BASED_DEV_SYSTEM/scratch-editor/packages/scratch-gui/node_modules/@radix-ui/react-context/src/create-context.tsx:126:15)
          at Popper (~/Documents/GitHub/AA_KNOWLEGE_BASED_DEV_SYSTEM/scratch-editor/packages/scratch-gui/node_modules/@radix-ui/react-popper/src/popper.tsx:52:11)
          at Menu (~/Documents/GitHub/AA_KNOWLEGE_BASED_DEV_SYSTEM/scratch-editor/packages/scratch-gui/node_modules/@radix-ui/react-menu/src/menu.tsx:88:11)
          at Provider (~/Documents/GitHub/AA_KNOWLEGE_BASED_DEV_SYSTEM/scratch-editor/packages/scratch-gui/node_modules/@radix-ui/react-context/src/create-context.tsx:126:15)
          at ContextMenu (~/Documents/GitHub/AA_KNOWLEGE_BASED_DEV_SYSTEM/scratch-editor/packages/scratch-gui/node_modules/@radix-ui/react-context-menu/src/context-menu.tsx:45:11)
          at label (~/Documents/GitHub/AA_KNOWLEGE_BASED_DEV_SYSTEM/scratch-editor/packages/scratch-gui/src/components/monitor/monitor.jsx:48:44)
          at Monitor (~/Documents/GitHub/AA_KNOWLEGE_BASED_DEV_SYSTEM/scratch-editor/packages/scratch-gui/src/containers/monitor.jsx:41:9)
          at ConnectFunction (~/Documents/GitHub/AA_KNOWLEGE_BASED_DEV_SYSTEM/scratch-editor/node_modules/react-redux/lib/components/connect.js:246:74)
          at injectIntl(Connect(Monitor))
          at div
          at alignContent (~/Documents/GitHub/AA_KNOWLEGE_BASED_DEV_SYSTEM/scratch-editor/packages/scratch-gui/src/components/box/box.jsx:33:9)
          at div
          at alignContent (~/Documents/GitHub/AA_KNOWLEGE_BASED_DEV_SYSTEM/scratch-editor/packages/scratch-gui/src/components/box/box.jsx:33:9)
          at stageSize (~/Documents/GitHub/AA_KNOWLEGE_BASED_DEV_SYSTEM/scratch-editor/packages/scratch-gui/src/components/monitor-list/monitor-list.jsx:16:26)
          at Provider (~/Documents/GitHub/AA_KNOWLEGE_BASED_DEV_SYSTEM/scratch-editor/node_modules/react-redux/lib/components/Provider.js:19:3)
          at IntlProvider (~/Documents/GitHub/AA_KNOWLEGE_BASED_DEV_SYSTEM/scratch-editor/node_modules/react-intl/src/components/provider.js:33:47)

      36 |         } = this.props;
      37 |         return (
    > 38 |             <SliderMonitorComponent
         |             ^
      39 |                 {...props}
      40 |                 value={this.state.value}
      41 |                 onSliderUpdate={this.handleSliderUpdate}

      at printWarning (../../node_modules/react/cjs/react.development.js:209:30)
      at error (../../node_modules/react/cjs/react.development.js:183:7)
      at checkPropTypes (../../node_modules/react/cjs/react.development.js:2074:11)
      at validatePropTypes (../../node_modules/react/cjs/react.development.js:2275:7)
      at Object.createElementWithValidation [as createElement] (../../node_modules/react/cjs/react.development.js:2379:5)
      at SliderMonitor.createElement [as render] (src/containers/slider-monitor.jsx:38:13)
      at finishClassComponent (../../node_modules/react-dom/cjs/react-dom.development.js:19781:31)
      at updateClassComponent (../../node_modules/react-dom/cjs/react-dom.development.js:19727:24)
      at beginWork (../../node_modules/react-dom/cjs/react-dom.development.js:21650:16)
      at beginWork$1 (../../node_modules/react-dom/cjs/react-dom.development.js:27465:14)
      at performUnitOfWork (../../node_modules/react-dom/cjs/react-dom.development.js:26599:12)
      at workLoopSync (../../node_modules/react-dom/cjs/react-dom.development.js:26505:5)
      at renderRootSync (../../node_modules/react-dom/cjs/react-dom.development.js:26473:7)
      at performConcurrentWorkOnRoot (../../node_modules/react-dom/cjs/react-dom.development.js:25777:74)
      at flushActQueue (../../node_modules/react/cjs/react.development.js:2667:24)
      at act (../../node_modules/react/cjs/react.development.js:2582:11)
      at ../../node_modules/@testing-library/react/dist/act-compat.js:47:25
      at renderRoot (../../node_modules/@testing-library/react/dist/pure.js:180:26)
      at render (../../node_modules/@testing-library/react/dist/pure.js:271:10)
      at renderWithIntl (test/helpers/intl-helpers.jsx:6:14)
      at Object.<anonymous> (test/unit/components/monitor-list.test.jsx:63:43)

    console.error
      Warning: SliderMonitor: Support for defaultProps will be removed from function components in a future major release. Use JavaScript default parameters instead.
          at categoryColor (~/Documents/GitHub/AA_KNOWLEGE_BASED_DEV_SYSTEM/scratch-editor/packages/scratch-gui/src/components/monitor/slider-monitor.jsx:7:25)
          at SliderMonitor (~/Documents/GitHub/AA_KNOWLEGE_BASED_DEV_SYSTEM/scratch-editor/packages/scratch-gui/src/containers/slider-monitor.jsx:12:9)
          at ConnectFunction (~/Documents/GitHub/AA_KNOWLEGE_BASED_DEV_SYSTEM/scratch-editor/node_modules/react-redux/lib/components/connect.js:246:74)
          at span
          at ~/Documents/GitHub/AA_KNOWLEGE_BASED_DEV_SYSTEM/scratch-editor/packages/scratch-gui/node_modules/@radix-ui/react-primitive/src/primitive.tsx:47:13
          at ContextMenuTrigger (~/Documents/GitHub/AA_KNOWLEGE_BASED_DEV_SYSTEM/scratch-editor/packages/scratch-gui/node_modules/@radix-ui/react-context-menu/src/context-menu.tsx:112:13)
          at div
          at alignContent (~/Documents/GitHub/AA_KNOWLEGE_BASED_DEV_SYSTEM/scratch-editor/packages/scratch-gui/src/components/box/box.jsx:33:9)
          at DraggableCore (~/Documents/GitHub/AA_KNOWLEGE_BASED_DEV_SYSTEM/scratch-editor/node_modules/react-draggable/dist/react-draggable.js:1504:6)
          at Draggable (~/Documents/GitHub/AA_KNOWLEGE_BASED_DEV_SYSTEM/scratch-editor/node_modules/react-draggable/lib/Draggable.js:175:38)
          at Provider (~/Documents/GitHub/AA_KNOWLEGE_BASED_DEV_SYSTEM/scratch-editor/packages/scratch-gui/node_modules/@radix-ui/react-context/src/create-context.tsx:126:15)
          at Provider (~/Documents/GitHub/AA_KNOWLEGE_BASED_DEV_SYSTEM/scratch-editor/packages/scratch-gui/node_modules/@radix-ui/react-context/src/create-context.tsx:126:15)
          at Provider (~/Documents/GitHub/AA_KNOWLEGE_BASED_DEV_SYSTEM/scratch-editor/packages/scratch-gui/node_modules/@radix-ui/react-context/src/create-context.tsx:126:15)
          at Popper (~/Documents/GitHub/AA_KNOWLEGE_BASED_DEV_SYSTEM/scratch-editor/packages/scratch-gui/node_modules/@radix-ui/react-popper/src/popper.tsx:52:11)
          at Menu (~/Documents/GitHub/AA_KNOWLEGE_BASED_DEV_SYSTEM/scratch-editor/packages/scratch-gui/node_modules/@radix-ui/react-menu/src/menu.tsx:88:11)
          at Provider (~/Documents/GitHub/AA_KNOWLEGE_BASED_DEV_SYSTEM/scratch-editor/packages/scratch-gui/node_modules/@radix-ui/react-context/src/create-context.tsx:126:15)
          at ContextMenu (~/Documents/GitHub/AA_KNOWLEGE_BASED_DEV_SYSTEM/scratch-editor/packages/scratch-gui/node_modules/@radix-ui/react-context-menu/src/context-menu.tsx:45:11)
          at label (~/Documents/GitHub/AA_KNOWLEGE_BASED_DEV_SYSTEM/scratch-editor/packages/scratch-gui/src/components/monitor/monitor.jsx:48:44)
          at Monitor (~/Documents/GitHub/AA_KNOWLEGE_BASED_DEV_SYSTEM/scratch-editor/packages/scratch-gui/src/containers/monitor.jsx:41:9)
          at ConnectFunction (~/Documents/GitHub/AA_KNOWLEGE_BASED_DEV_SYSTEM/scratch-editor/node_modules/react-redux/lib/components/connect.js:246:74)
          at injectIntl(Connect(Monitor))
          at div
          at alignContent (~/Documents/GitHub/AA_KNOWLEGE_BASED_DEV_SYSTEM/scratch-editor/packages/scratch-gui/src/components/box/box.jsx:33:9)
          at div
          at alignContent (~/Documents/GitHub/AA_KNOWLEGE_BASED_DEV_SYSTEM/scratch-editor/packages/scratch-gui/src/components/box/box.jsx:33:9)
          at stageSize (~/Documents/GitHub/AA_KNOWLEGE_BASED_DEV_SYSTEM/scratch-editor/packages/scratch-gui/src/components/monitor-list/monitor-list.jsx:16:26)
          at Provider (~/Documents/GitHub/AA_KNOWLEGE_BASED_DEV_SYSTEM/scratch-editor/node_modules/react-redux/lib/components/Provider.js:19:3)
          at IntlProvider (~/Documents/GitHub/AA_KNOWLEGE_BASED_DEV_SYSTEM/scratch-editor/node_modules/react-intl/src/components/provider.js:33:47)

      4 |
      5 | const renderWithIntl = (ui, {locale = 'en', messages = {}} = {}) => ({
    > 6 |     ...render(
        |              ^
      7 |         <IntlProvider
      8 |             locale={locale}
      9 |             messages={messages}

      at printWarning (../../node_modules/react-dom/cjs/react-dom.development.js:86:30)
      at error (../../node_modules/react-dom/cjs/react-dom.development.js:60:7)
      at validateFunctionComponentInDev (../../node_modules/react-dom/cjs/react-dom.development.js:20230:9)
      at mountIndeterminateComponent (../../node_modules/react-dom/cjs/react-dom.development.js:20189:7)
      at beginWork (../../node_modules/react-dom/cjs/react-dom.development.js:21626:16)
      at beginWork$1 (../../node_modules/react-dom/cjs/react-dom.development.js:27465:14)
      at performUnitOfWork (../../node_modules/react-dom/cjs/react-dom.development.js:26599:12)
      at workLoopSync (../../node_modules/react-dom/cjs/react-dom.development.js:26505:5)
      at renderRootSync (../../node_modules/react-dom/cjs/react-dom.development.js:26473:7)
      at performConcurrentWorkOnRoot (../../node_modules/react-dom/cjs/react-dom.development.js:25777:74)
      at flushActQueue (../../node_modules/react/cjs/react.development.js:2667:24)
      at act (../../node_modules/react/cjs/react.development.js:2582:11)
      at ../../node_modules/@testing-library/react/dist/act-compat.js:47:25
      at renderRoot (../../node_modules/@testing-library/react/dist/pure.js:180:26)
      at render (../../node_modules/@testing-library/react/dist/pure.js:271:10)
      at renderWithIntl (test/helpers/intl-helpers.jsx:6:14)
      at Object.<anonymous> (test/unit/components/monitor-list.test.jsx:63:43)

    console.warn
      Warning: componentWillReceiveProps has been renamed, and is not recommended for use. See https://reactjs.org/link/unsafe-component-lifecycles for details.
      
      * Move data fetching code or side effects to componentDidUpdate.
      * If you're updating state whenever props change, refactor your code to use memoization techniques or move it to static getDerivedStateFromProps. Learn more at: https://reactjs.org/link/derived-state
      * Rename componentWillReceiveProps to UNSAFE_componentWillReceiveProps to suppress this warning in non-strict mode. In React 18.x, only the UNSAFE_ name will work. To rename all deprecated lifecycles to their new names, you can run `npx react-codemod rename-unsafe-lifecycles` in your project source folder.
      
      Please update the following components: Draggable, SliderMonitor

      4 |
      5 | const renderWithIntl = (ui, {locale = 'en', messages = {}} = {}) => ({
    > 6 |     ...render(
        |              ^
      7 |         <IntlProvider
      8 |             locale={locale}
      9 |             messages={messages}

      at printWarning (../../node_modules/react-dom/cjs/react-dom.development.js:86:30)
      at warn (../../node_modules/react-dom/cjs/react-dom.development.js:49:7)
      at Object.<anonymous>.ReactStrictModeWarnings.flushPendingUnsafeLifecycleWarnings (../../node_modules/react-dom/cjs/react-dom.development.js:12912:7)
      at flushRenderPhaseStrictModeWarningsInDEV (../../node_modules/react-dom/cjs/react-dom.development.js:27349:31)
      at commitRootImpl (../../node_modules/react-dom/cjs/react-dom.development.js:26741:3)
      at commitRoot (../../node_modules/react-dom/cjs/react-dom.development.js:26721:5)
      at finishConcurrentRender (../../node_modules/react-dom/cjs/react-dom.development.js:26020:9)
      at performConcurrentWorkOnRoot (../../node_modules/react-dom/cjs/react-dom.development.js:25848:7)
      at flushActQueue (../../node_modules/react/cjs/react.development.js:2667:24)
      at act (../../node_modules/react/cjs/react.development.js:2582:11)
      at ../../node_modules/@testing-library/react/dist/act-compat.js:47:25
      at renderRoot (../../node_modules/@testing-library/react/dist/pure.js:180:26)
      at render (../../node_modules/@testing-library/react/dist/pure.js:271:10)
      at renderWithIntl (test/helpers/intl-helpers.jsx:6:14)
      at Object.<anonymous> (test/unit/components/monitor-list.test.jsx:63:43)

    console.error
      Warning: findDOMNode is deprecated and will be removed in the next major release. Instead, add a ref directly to the element you want to reference. Learn more about using refs safely here: https://reactjs.org/link/strict-mode-find-node
          at Draggable (~/Documents/GitHub/AA_KNOWLEGE_BASED_DEV_SYSTEM/scratch-editor/node_modules/react-draggable/lib/Draggable.js:175:38)
          at Provider (~/Documents/GitHub/AA_KNOWLEGE_BASED_DEV_SYSTEM/scratch-editor/packages/scratch-gui/node_modules/@radix-ui/react-context/src/create-context.tsx:126:15)
          at Provider (~/Documents/GitHub/AA_KNOWLEGE_BASED_DEV_SYSTEM/scratch-editor/packages/scratch-gui/node_modules/@radix-ui/react-context/src/create-context.tsx:126:15)
          at Provider (~/Documents/GitHub/AA_KNOWLEGE_BASED_DEV_SYSTEM/scratch-editor/packages/scratch-gui/node_modules/@radix-ui/react-context/src/create-context.tsx:126:15)
          at Popper (~/Documents/GitHub/AA_KNOWLEGE_BASED_DEV_SYSTEM/scratch-editor/packages/scratch-gui/node_modules/@radix-ui/react-popper/src/popper.tsx:52:11)
          at Menu (~/Documents/GitHub/AA_KNOWLEGE_BASED_DEV_SYSTEM/scratch-editor/packages/scratch-gui/node_modules/@radix-ui/react-menu/src/menu.tsx:88:11)
          at Provider (~/Documents/GitHub/AA_KNOWLEGE_BASED_DEV_SYSTEM/scratch-editor/packages/scratch-gui/node_modules/@radix-ui/react-context/src/create-context.tsx:126:15)
          at ContextMenu (~/Documents/GitHub/AA_KNOWLEGE_BASED_DEV_SYSTEM/scratch-editor/packages/scratch-gui/node_modules/@radix-ui/react-context-menu/src/context-menu.tsx:45:11)
          at label (~/Documents/GitHub/AA_KNOWLEGE_BASED_DEV_SYSTEM/scratch-editor/packages/scratch-gui/src/components/monitor/monitor.jsx:48:44)
          at Monitor (~/Documents/GitHub/AA_KNOWLEGE_BASED_DEV_SYSTEM/scratch-editor/packages/scratch-gui/src/containers/monitor.jsx:41:9)
          at ConnectFunction (~/Documents/GitHub/AA_KNOWLEGE_BASED_DEV_SYSTEM/scratch-editor/node_modules/react-redux/lib/components/connect.js:246:74)
          at injectIntl(Connect(Monitor))
          at div
          at alignContent (~/Documents/GitHub/AA_KNOWLEGE_BASED_DEV_SYSTEM/scratch-editor/packages/scratch-gui/src/components/box/box.jsx:33:9)
          at div
          at alignContent (~/Documents/GitHub/AA_KNOWLEGE_BASED_DEV_SYSTEM/scratch-editor/packages/scratch-gui/src/components/box/box.jsx:33:9)
          at stageSize (~/Documents/GitHub/AA_KNOWLEGE_BASED_DEV_SYSTEM/scratch-editor/packages/scratch-gui/src/components/monitor-list/monitor-list.jsx:16:26)
          at Provider (~/Documents/GitHub/AA_KNOWLEGE_BASED_DEV_SYSTEM/scratch-editor/node_modules/react-redux/lib/components/Provider.js:19:3)
          at IntlProvider (~/Documents/GitHub/AA_KNOWLEGE_BASED_DEV_SYSTEM/scratch-editor/node_modules/react-intl/src/components/provider.js:33:47)

      4 |
      5 | const renderWithIntl = (ui, {locale = 'en', messages = {}} = {}) => ({
    > 6 |     ...render(
        |              ^
      7 |         <IntlProvider
      8 |             locale={locale}
      9 |             messages={messages}

      at printWarning (../../node_modules/react-dom/cjs/react-dom.development.js:86:30)
      at error (../../node_modules/react-dom/cjs/react-dom.development.js:60:7)
      at Object.findDOMNode (../../node_modules/react-dom/cjs/react-dom.development.js:29666:7)
      at Draggable.findDOMNode [as componentDidMount] (../../node_modules/react-draggable/lib/Draggable.js:206:61)
      at commitLayoutEffectOnFiber (../../node_modules/react-dom/cjs/react-dom.development.js:23349:28)
      at commitLayoutMountEffects_complete (../../node_modules/react-dom/cjs/react-dom.development.js:24727:9)
      at commitLayoutEffects_begin (../../node_modules/react-dom/cjs/react-dom.development.js:24713:7)
      at commitLayoutEffects (../../node_modules/react-dom/cjs/react-dom.development.js:24651:3)
      at commitRootImpl (../../node_modules/react-dom/cjs/react-dom.development.js:26862:5)
      at commitRoot (../../node_modules/react-dom/cjs/react-dom.development.js:26721:5)
      at finishConcurrentRender (../../node_modules/react-dom/cjs/react-dom.development.js:26020:9)
      at performConcurrentWorkOnRoot (../../node_modules/react-dom/cjs/react-dom.development.js:25848:7)
      at flushActQueue (../../node_modules/react/cjs/react.development.js:2667:24)
      at act (../../node_modules/react/cjs/react.development.js:2582:11)
      at ../../node_modules/@testing-library/react/dist/act-compat.js:47:25
      at renderRoot (../../node_modules/@testing-library/react/dist/pure.js:180:26)
      at render (../../node_modules/@testing-library/react/dist/pure.js:271:10)
      at renderWithIntl (test/helpers/intl-helpers.jsx:6:14)
      at Object.<anonymous> (test/unit/components/monitor-list.test.jsx:63:43)

PASS test/unit/components/sound-editor.test.jsx
  ● Console

    console.error
      Warning: Failed prop type: The prop `canPaste` is marked as required in `SoundEditor`, but its value is `undefined`.
          at SoundEditor (~/Documents/GitHub/AA_KNOWLEGE_BASED_DEV_SYSTEM/scratch-editor/packages/scratch-gui/src/components/sound-editor/sound-editor.jsx:141:25)

      34 |
      35 |     test('matches snapshot', () => {
    > 36 |         const {container} = renderWithIntl(<SoundEditor {...props} />);
         |                                            ^
      37 |
      38 |         expect(container.firstChild).toMatchSnapshot();
      39 |     });

      at printWarning (../../node_modules/react/cjs/react.development.js:209:30)
      at error (../../node_modules/react/cjs/react.development.js:183:7)
      at checkPropTypes (../../node_modules/react/cjs/react.development.js:2074:11)
      at validatePropTypes (../../node_modules/react/cjs/react.development.js:2275:7)
      at Object.createElementWithValidation [as createElement] (../../node_modules/react/cjs/react.development.js:2379:5)
      at Object.createElement (test/unit/components/sound-editor.test.jsx:36:44)

    console.error
      Warning: Failed prop type: The prop `onContainerClick` is marked as required in `SoundEditor`, but its value is `undefined`.
          at SoundEditor (~/Documents/GitHub/AA_KNOWLEGE_BASED_DEV_SYSTEM/scratch-editor/packages/scratch-gui/src/components/sound-editor/sound-editor.jsx:141:25)

      34 |
      35 |     test('matches snapshot', () => {
    > 36 |         const {container} = renderWithIntl(<SoundEditor {...props} />);
         |                                            ^
      37 |
      38 |         expect(container.firstChild).toMatchSnapshot();
      39 |     });

      at printWarning (../../node_modules/react/cjs/react.development.js:209:30)
      at error (../../node_modules/react/cjs/react.development.js:183:7)
      at checkPropTypes (../../node_modules/react/cjs/react.development.js:2074:11)
      at validatePropTypes (../../node_modules/react/cjs/react.development.js:2275:7)
      at Object.createElementWithValidation [as createElement] (../../node_modules/react/cjs/react.development.js:2379:5)
      at Object.createElement (test/unit/components/sound-editor.test.jsx:36:44)

    console.error
      Warning: Failed prop type: The prop `onCopy` is marked as required in `SoundEditor`, but its value is `undefined`.
          at SoundEditor (~/Documents/GitHub/AA_KNOWLEGE_BASED_DEV_SYSTEM/scratch-editor/packages/scratch-gui/src/components/sound-editor/sound-editor.jsx:141:25)

      34 |
      35 |     test('matches snapshot', () => {
    > 36 |         const {container} = renderWithIntl(<SoundEditor {...props} />);
         |                                            ^
      37 |
      38 |         expect(container.firstChild).toMatchSnapshot();
      39 |     });

      at printWarning (../../node_modules/react/cjs/react.development.js:209:30)
      at error (../../node_modules/react/cjs/react.development.js:183:7)
      at checkPropTypes (../../node_modules/react/cjs/react.development.js:2074:11)
      at validatePropTypes (../../node_modules/react/cjs/react.development.js:2275:7)
      at Object.createElementWithValidation [as createElement] (../../node_modules/react/cjs/react.development.js:2379:5)
      at Object.createElement (test/unit/components/sound-editor.test.jsx:36:44)

    console.error
      Warning: Failed prop type: The prop `onCopyToNew` is marked as required in `SoundEditor`, but its value is `undefined`.
          at SoundEditor (~/Documents/GitHub/AA_KNOWLEGE_BASED_DEV_SYSTEM/scratch-editor/packages/scratch-gui/src/components/sound-editor/sound-editor.jsx:141:25)

      34 |
      35 |     test('matches snapshot', () => {
    > 36 |         const {container} = renderWithIntl(<SoundEditor {...props} />);
         |                                            ^
      37 |
      38 |         expect(container.firstChild).toMatchSnapshot();
      39 |     });

      at printWarning (../../node_modules/react/cjs/react.development.js:209:30)
      at error (../../node_modules/react/cjs/react.development.js:183:7)
      at checkPropTypes (../../node_modules/react/cjs/react.development.js:2074:11)
      at validatePropTypes (../../node_modules/react/cjs/react.development.js:2275:7)
      at Object.createElementWithValidation [as createElement] (../../node_modules/react/cjs/react.development.js:2379:5)
      at Object.createElement (test/unit/components/sound-editor.test.jsx:36:44)

    console.error
      Warning: Failed prop type: The prop `onFadeIn` is marked as required in `SoundEditor`, but its value is `undefined`.
          at SoundEditor (~/Documents/GitHub/AA_KNOWLEGE_BASED_DEV_SYSTEM/scratch-editor/packages/scratch-gui/src/components/sound-editor/sound-editor.jsx:141:25)

      34 |
      35 |     test('matches snapshot', () => {
    > 36 |         const {container} = renderWithIntl(<SoundEditor {...props} />);
         |                                            ^
      37 |
      38 |         expect(container.firstChild).toMatchSnapshot();
      39 |     });

      at printWarning (../../node_modules/react/cjs/react.development.js:209:30)
      at error (../../node_modules/react/cjs/react.development.js:183:7)
      at checkPropTypes (../../node_modules/react/cjs/react.development.js:2074:11)
      at validatePropTypes (../../node_modules/react/cjs/react.development.js:2275:7)
      at Object.createElementWithValidation [as createElement] (../../node_modules/react/cjs/react.development.js:2379:5)
      at Object.createElement (test/unit/components/sound-editor.test.jsx:36:44)

    console.error
      Warning: Failed prop type: The prop `onFadeOut` is marked as required in `SoundEditor`, but its value is `undefined`.
          at SoundEditor (~/Documents/GitHub/AA_KNOWLEGE_BASED_DEV_SYSTEM/scratch-editor/packages/scratch-gui/src/components/sound-editor/sound-editor.jsx:141:25)

      34 |
      35 |     test('matches snapshot', () => {
    > 36 |         const {container} = renderWithIntl(<SoundEditor {...props} />);
         |                                            ^
      37 |
      38 |         expect(container.firstChild).toMatchSnapshot();
      39 |     });

      at printWarning (../../node_modules/react/cjs/react.development.js:209:30)
      at error (../../node_modules/react/cjs/react.development.js:183:7)
      at checkPropTypes (../../node_modules/react/cjs/react.development.js:2074:11)
      at validatePropTypes (../../node_modules/react/cjs/react.development.js:2275:7)
      at Object.createElementWithValidation [as createElement] (../../node_modules/react/cjs/react.development.js:2379:5)
      at Object.createElement (test/unit/components/sound-editor.test.jsx:36:44)

    console.error
      Warning: Failed prop type: The prop `onMute` is marked as required in `SoundEditor`, but its value is `undefined`.
          at SoundEditor (~/Documents/GitHub/AA_KNOWLEGE_BASED_DEV_SYSTEM/scratch-editor/packages/scratch-gui/src/components/sound-editor/sound-editor.jsx:141:25)

      34 |
      35 |     test('matches snapshot', () => {
    > 36 |         const {container} = renderWithIntl(<SoundEditor {...props} />);
         |                                            ^
      37 |
      38 |         expect(container.firstChild).toMatchSnapshot();
      39 |     });

      at printWarning (../../node_modules/react/cjs/react.development.js:209:30)
      at error (../../node_modules/react/cjs/react.development.js:183:7)
      at checkPropTypes (../../node_modules/react/cjs/react.development.js:2074:11)
      at validatePropTypes (../../node_modules/react/cjs/react.development.js:2275:7)
      at Object.createElementWithValidation [as createElement] (../../node_modules/react/cjs/react.development.js:2379:5)
      at Object.createElement (test/unit/components/sound-editor.test.jsx:36:44)

    console.error
      Warning: Failed prop type: The prop `onPaste` is marked as required in `SoundEditor`, but its value is `undefined`.
          at SoundEditor (~/Documents/GitHub/AA_KNOWLEGE_BASED_DEV_SYSTEM/scratch-editor/packages/scratch-gui/src/components/sound-editor/sound-editor.jsx:141:25)

      34 |
      35 |     test('matches snapshot', () => {
    > 36 |         const {container} = renderWithIntl(<SoundEditor {...props} />);
         |                                            ^
      37 |
      38 |         expect(container.firstChild).toMatchSnapshot();
      39 |     });

      at printWarning (../../node_modules/react/cjs/react.development.js:209:30)
      at error (../../node_modules/react/cjs/react.development.js:183:7)
      at checkPropTypes (../../node_modules/react/cjs/react.development.js:2074:11)
      at validatePropTypes (../../node_modules/react/cjs/react.development.js:2275:7)
      at Object.createElementWithValidation [as createElement] (../../node_modules/react/cjs/react.development.js:2379:5)
      at Object.createElement (test/unit/components/sound-editor.test.jsx:36:44)

    console.error
      Warning: Failed prop type: The prop `tooLoud` is marked as required in `SoundEditor`, but its value is `undefined`.
          at SoundEditor (~/Documents/GitHub/AA_KNOWLEGE_BASED_DEV_SYSTEM/scratch-editor/packages/scratch-gui/src/components/sound-editor/sound-editor.jsx:141:25)

      34 |
      35 |     test('matches snapshot', () => {
    > 36 |         const {container} = renderWithIntl(<SoundEditor {...props} />);
         |                                            ^
      37 |
      38 |         expect(container.firstChild).toMatchSnapshot();
      39 |     });

      at printWarning (../../node_modules/react/cjs/react.development.js:209:30)
      at error (../../node_modules/react/cjs/react.development.js:183:7)
      at checkPropTypes (../../node_modules/react/cjs/react.development.js:2074:11)
      at validatePropTypes (../../node_modules/react/cjs/react.development.js:2275:7)
      at Object.createElementWithValidation [as createElement] (../../node_modules/react/cjs/react.development.js:2379:5)
      at Object.createElement (test/unit/components/sound-editor.test.jsx:36:44)

    console.error
      Warning: Failed prop type: The prop `onClick` is marked as required in `IconButton`, but its value is `undefined`.
          at img (~/Documents/GitHub/AA_KNOWLEGE_BASED_DEV_SYSTEM/scratch-editor/packages/scratch-gui/src/components/icon-button/icon-button.jsx:7:5)
          at SoundEditor (~/Documents/GitHub/AA_KNOWLEGE_BASED_DEV_SYSTEM/scratch-editor/packages/scratch-gui/src/components/sound-editor/sound-editor.jsx:141:25)
          at IntlProvider (~/Documents/GitHub/AA_KNOWLEGE_BASED_DEV_SYSTEM/scratch-editor/node_modules/react-intl/src/components/provider.js:33:47)

      185 |                 </div>
      186 |                 <div className={styles.inputGroup}>
    > 187 |                     <IconButton
          |                     ^
      188 |                         className={styles.toolButton}
      189 |                         img={copyIcon}
      190 |                         title={intl.formatMessage(messages.copy)}

      at printWarning (../../node_modules/react/cjs/react.development.js:209:30)
      at error (../../node_modules/react/cjs/react.development.js:183:7)
      at checkPropTypes (../../node_modules/react/cjs/react.development.js:2074:11)
      at validatePropTypes (../../node_modules/react/cjs/react.development.js:2275:7)
      at Object.createElementWithValidation [as createElement] (../../node_modules/react/cjs/react.development.js:2379:5)
      at createElement (src/components/sound-editor/sound-editor.jsx:187:21)
      at renderWithHooks (../../node_modules/react-dom/cjs/react-dom.development.js:15486:18)
      at mountIndeterminateComponent (../../node_modules/react-dom/cjs/react-dom.development.js:20103:13)
      at beginWork (../../node_modules/react-dom/cjs/react-dom.development.js:21626:16)
      at beginWork$1 (../../node_modules/react-dom/cjs/react-dom.development.js:27465:14)
      at performUnitOfWork (../../node_modules/react-dom/cjs/react-dom.development.js:26599:12)
      at workLoopSync (../../node_modules/react-dom/cjs/react-dom.development.js:26505:5)
      at renderRootSync (../../node_modules/react-dom/cjs/react-dom.development.js:26473:7)
      at performConcurrentWorkOnRoot (../../node_modules/react-dom/cjs/react-dom.development.js:25777:74)
      at flushActQueue (../../node_modules/react/cjs/react.development.js:2667:24)
      at act (../../node_modules/react/cjs/react.development.js:2582:11)
      at ../../node_modules/@testing-library/react/dist/act-compat.js:47:25
      at renderRoot (../../node_modules/@testing-library/react/dist/pure.js:180:26)
      at render (../../node_modules/@testing-library/react/dist/pure.js:271:10)
      at renderWithIntl (test/helpers/intl-helpers.jsx:6:14)
      at Object.<anonymous> (test/unit/components/sound-editor.test.jsx:36:43)

    console.error
      Warning: Input: Support for defaultProps will be removed from function components in a future major release. Use JavaScript default parameters instead.
          at small (~/Documents/GitHub/AA_KNOWLEGE_BASED_DEV_SYSTEM/scratch-editor/packages/scratch-gui/src/components/forms/input.jsx:8:12)
          at BufferedInput (~/Documents/GitHub/AA_KNOWLEGE_BASED_DEV_SYSTEM/scratch-editor/packages/scratch-gui/src/components/forms/buffered-input-hoc.jsx:13:13)
          at label
          at above (~/Documents/GitHub/AA_KNOWLEGE_BASED_DEV_SYSTEM/scratch-editor/packages/scratch-gui/src/components/forms/label.jsx:9:26)
          at div
          at div
          at div
          at SoundEditor (~/Documents/GitHub/AA_KNOWLEGE_BASED_DEV_SYSTEM/scratch-editor/packages/scratch-gui/src/components/sound-editor/sound-editor.jsx:141:25)
          at IntlProvider (~/Documents/GitHub/AA_KNOWLEGE_BASED_DEV_SYSTEM/scratch-editor/node_modules/react-intl/src/components/provider.js:33:47)

      4 |
      5 | const renderWithIntl = (ui, {locale = 'en', messages = {}} = {}) => ({
    > 6 |     ...render(
        |              ^
      7 |         <IntlProvider
      8 |             locale={locale}
      9 |             messages={messages}

      at printWarning (../../node_modules/react-dom/cjs/react-dom.development.js:86:30)
      at error (../../node_modules/react-dom/cjs/react-dom.development.js:60:7)
      at validateFunctionComponentInDev (../../node_modules/react-dom/cjs/react-dom.development.js:20230:9)
      at mountIndeterminateComponent (../../node_modules/react-dom/cjs/react-dom.development.js:20189:7)
      at beginWork (../../node_modules/react-dom/cjs/react-dom.development.js:21626:16)
      at beginWork$1 (../../node_modules/react-dom/cjs/react-dom.development.js:27465:14)
      at performUnitOfWork (../../node_modules/react-dom/cjs/react-dom.development.js:26599:12)
      at workLoopSync (../../node_modules/react-dom/cjs/react-dom.development.js:26505:5)
      at renderRootSync (../../node_modules/react-dom/cjs/react-dom.development.js:26473:7)
      at performConcurrentWorkOnRoot (../../node_modules/react-dom/cjs/react-dom.development.js:25777:74)
      at flushActQueue (../../node_modules/react/cjs/react.development.js:2667:24)
      at act (../../node_modules/react/cjs/react.development.js:2582:11)
      at ../../node_modules/@testing-library/react/dist/act-compat.js:47:25
      at renderRoot (../../node_modules/@testing-library/react/dist/pure.js:180:26)
      at render (../../node_modules/@testing-library/react/dist/pure.js:271:10)
      at renderWithIntl (test/helpers/intl-helpers.jsx:6:14)
      at Object.<anonymous> (test/unit/components/sound-editor.test.jsx:36:43)

    console.error
      Warning: Box: Support for defaultProps will be removed from function components in a future major release. Use JavaScript default parameters instead.
          at alignContent (~/Documents/GitHub/AA_KNOWLEGE_BASED_DEV_SYSTEM/scratch-editor/packages/scratch-gui/src/components/box/box.jsx:33:9)
          at div
          at containerRef (~/Documents/GitHub/AA_KNOWLEGE_BASED_DEV_SYSTEM/scratch-editor/packages/scratch-gui/src/components/audio-trimmer/audio-selector.jsx:12:20)
          at AudioSelector (~/Documents/GitHub/AA_KNOWLEGE_BASED_DEV_SYSTEM/scratch-editor/packages/scratch-gui/src/containers/audio-selector.jsx:13:9)
          at div
          at div
          at div
          at SoundEditor (~/Documents/GitHub/AA_KNOWLEGE_BASED_DEV_SYSTEM/scratch-editor/packages/scratch-gui/src/components/sound-editor/sound-editor.jsx:141:25)
          at IntlProvider (~/Documents/GitHub/AA_KNOWLEGE_BASED_DEV_SYSTEM/scratch-editor/node_modules/react-intl/src/components/provider.js:33:47)

      4 |
      5 | const renderWithIntl = (ui, {locale = 'en', messages = {}} = {}) => ({
    > 6 |     ...render(
        |              ^
      7 |         <IntlProvider
      8 |             locale={locale}
      9 |             messages={messages}

      at printWarning (../../node_modules/react-dom/cjs/react-dom.development.js:86:30)
      at error (../../node_modules/react-dom/cjs/react-dom.development.js:60:7)
      at validateFunctionComponentInDev (../../node_modules/react-dom/cjs/react-dom.development.js:20230:9)
      at mountIndeterminateComponent (../../node_modules/react-dom/cjs/react-dom.development.js:20189:7)
      at beginWork (../../node_modules/react-dom/cjs/react-dom.development.js:21626:16)
      at beginWork$1 (../../node_modules/react-dom/cjs/react-dom.development.js:27465:14)
      at performUnitOfWork (../../node_modules/react-dom/cjs/react-dom.development.js:26599:12)
      at workLoopSync (../../node_modules/react-dom/cjs/react-dom.development.js:26505:5)
      at renderRootSync (../../node_modules/react-dom/cjs/react-dom.development.js:26473:7)
      at performConcurrentWorkOnRoot (../../node_modules/react-dom/cjs/react-dom.development.js:25777:74)
      at flushActQueue (../../node_modules/react/cjs/react.development.js:2667:24)
      at act (../../node_modules/react/cjs/react.development.js:2582:11)
      at ../../node_modules/@testing-library/react/dist/act-compat.js:47:25
      at renderRoot (../../node_modules/@testing-library/react/dist/pure.js:180:26)
      at render (../../node_modules/@testing-library/react/dist/pure.js:271:10)
      at renderWithIntl (test/helpers/intl-helpers.jsx:6:14)
      at Object.<anonymous> (test/unit/components/sound-editor.test.jsx:36:43)

    console.warn
      Warning: componentWillReceiveProps has been renamed, and is not recommended for use. See https://reactjs.org/link/unsafe-component-lifecycles for details.
      
      * Move data fetching code or side effects to componentDidUpdate.
      * If you're updating state whenever props change, refactor your code to use memoization techniques or move it to static getDerivedStateFromProps. Learn more at: https://reactjs.org/link/derived-state
      * Rename componentWillReceiveProps to UNSAFE_componentWillReceiveProps to suppress this warning in non-strict mode. In React 18.x, only the UNSAFE_ name will work. To rename all deprecated lifecycles to their new names, you can run `npx react-codemod rename-unsafe-lifecycles` in your project source folder.
      
      Please update the following components: AudioSelector

      4 |
      5 | const renderWithIntl = (ui, {locale = 'en', messages = {}} = {}) => ({
    > 6 |     ...render(
        |              ^
      7 |         <IntlProvider
      8 |             locale={locale}
      9 |             messages={messages}

      at printWarning (../../node_modules/react-dom/cjs/react-dom.development.js:86:30)
      at warn (../../node_modules/react-dom/cjs/react-dom.development.js:49:7)
      at Object.<anonymous>.ReactStrictModeWarnings.flushPendingUnsafeLifecycleWarnings (../../node_modules/react-dom/cjs/react-dom.development.js:12912:7)
      at flushRenderPhaseStrictModeWarningsInDEV (../../node_modules/react-dom/cjs/react-dom.development.js:27349:31)
      at commitRootImpl (../../node_modules/react-dom/cjs/react-dom.development.js:26741:3)
      at commitRoot (../../node_modules/react-dom/cjs/react-dom.development.js:26721:5)
      at finishConcurrentRender (../../node_modules/react-dom/cjs/react-dom.development.js:26020:9)
      at performConcurrentWorkOnRoot (../../node_modules/react-dom/cjs/react-dom.development.js:25848:7)
      at flushActQueue (../../node_modules/react/cjs/react.development.js:2667:24)
      at act (../../node_modules/react/cjs/react.development.js:2582:11)
      at ../../node_modules/@testing-library/react/dist/act-compat.js:47:25
      at renderRoot (../../node_modules/@testing-library/react/dist/pure.js:180:26)
      at render (../../node_modules/@testing-library/react/dist/pure.js:271:10)
      at renderWithIntl (test/helpers/intl-helpers.jsx:6:14)
      at Object.<anonymous> (test/unit/components/sound-editor.test.jsx:36:43)

PASS test/unit/components/notice-overlay.test.jsx
PASS test/unit/util/mcremote-wirescope-source.test.js
PASS test/unit/components/sprite-selector-item.test.jsx
  ● Console

    console.error
      Warning: DeleteButton: Support for defaultProps will be removed from function components in a future major release. Use JavaScript default parameters instead.
          at className (~/Documents/GitHub/AA_KNOWLEGE_BASED_DEV_SYSTEM/scratch-editor/packages/scratch-gui/src/components/delete-button/delete-button.jsx:13:19)
          at div
          at ~/Documents/GitHub/AA_KNOWLEGE_BASED_DEV_SYSTEM/scratch-editor/packages/scratch-gui/node_modules/@radix-ui/react-slot/src/slot.tsx:25:11
          at ~/Documents/GitHub/AA_KNOWLEGE_BASED_DEV_SYSTEM/scratch-editor/packages/scratch-gui/node_modules/@radix-ui/react-primitive/src/primitive.tsx:47:13
          at ContextMenuTrigger (~/Documents/GitHub/AA_KNOWLEGE_BASED_DEV_SYSTEM/scratch-editor/packages/scratch-gui/node_modules/@radix-ui/react-context-menu/src/context-menu.tsx:112:13)
          at Provider (~/Documents/GitHub/AA_KNOWLEGE_BASED_DEV_SYSTEM/scratch-editor/packages/scratch-gui/node_modules/@radix-ui/react-context/src/create-context.tsx:126:15)
          at Provider (~/Documents/GitHub/AA_KNOWLEGE_BASED_DEV_SYSTEM/scratch-editor/packages/scratch-gui/node_modules/@radix-ui/react-context/src/create-context.tsx:126:15)
          at Provider (~/Documents/GitHub/AA_KNOWLEGE_BASED_DEV_SYSTEM/scratch-editor/packages/scratch-gui/node_modules/@radix-ui/react-context/src/create-context.tsx:126:15)
          at Popper (~/Documents/GitHub/AA_KNOWLEGE_BASED_DEV_SYSTEM/scratch-editor/packages/scratch-gui/node_modules/@radix-ui/react-popper/src/popper.tsx:52:11)
          at Menu (~/Documents/GitHub/AA_KNOWLEGE_BASED_DEV_SYSTEM/scratch-editor/packages/scratch-gui/node_modules/@radix-ui/react-menu/src/menu.tsx:88:11)
          at Provider (~/Documents/GitHub/AA_KNOWLEGE_BASED_DEV_SYSTEM/scratch-editor/packages/scratch-gui/node_modules/@radix-ui/react-context/src/create-context.tsx:126:15)
          at ContextMenu (~/Documents/GitHub/AA_KNOWLEGE_BASED_DEV_SYSTEM/scratch-editor/packages/scratch-gui/node_modules/@radix-ui/react-context-menu/src/context-menu.tsx:45:11)
          at SpriteSelectorItem (~/Documents/GitHub/AA_KNOWLEGE_BASED_DEV_SYSTEM/scratch-editor/packages/scratch-gui/src/components/sprite-selector-item/sprite-selector-item.jsx:13:14)
          at IntlProvider (~/Documents/GitHub/AA_KNOWLEGE_BASED_DEV_SYSTEM/scratch-editor/node_modules/react-intl/src/components/provider.js:33:47)

      4 |
      5 | const renderWithIntl = (ui, {locale = 'en', messages = {}} = {}) => ({
    > 6 |     ...render(
        |              ^
      7 |         <IntlProvider
      8 |             locale={locale}
      9 |             messages={messages}

      at printWarning (../../node_modules/react-dom/cjs/react-dom.development.js:86:30)
      at error (../../node_modules/react-dom/cjs/react-dom.development.js:60:7)
      at validateFunctionComponentInDev (../../node_modules/react-dom/cjs/react-dom.development.js:20230:9)
      at mountIndeterminateComponent (../../node_modules/react-dom/cjs/react-dom.development.js:20189:7)
      at beginWork (../../node_modules/react-dom/cjs/react-dom.development.js:21626:16)
      at beginWork$1 (../../node_modules/react-dom/cjs/react-dom.development.js:27465:14)
      at performUnitOfWork (../../node_modules/react-dom/cjs/react-dom.development.js:26599:12)
      at workLoopSync (../../node_modules/react-dom/cjs/react-dom.development.js:26505:5)
      at renderRootSync (../../node_modules/react-dom/cjs/react-dom.development.js:26473:7)
      at performConcurrentWorkOnRoot (../../node_modules/react-dom/cjs/react-dom.development.js:25777:74)
      at flushActQueue (../../node_modules/react/cjs/react.development.js:2667:24)
      at act (../../node_modules/react/cjs/react.development.js:2582:11)
      at ../../node_modules/@testing-library/react/dist/act-compat.js:47:25
      at renderRoot (../../node_modules/@testing-library/react/dist/pure.js:180:26)
      at render (../../node_modules/@testing-library/react/dist/pure.js:271:10)
      at renderWithIntl (test/helpers/intl-helpers.jsx:6:14)
      at Object.<anonymous> (test/unit/components/sprite-selector-item.test.jsx:57:43)

PASS test/unit/components/controls.test.jsx
  ● Console

    console.error
      Warning: Controls: Support for defaultProps will be removed from function components in a future major release. Use JavaScript default parameters instead.
          at active (~/Documents/GitHub/AA_KNOWLEGE_BASED_DEV_SYSTEM/scratch-editor/packages/scratch-gui/src/components/controls/controls.jsx:27:9)
          at IntlProvider (~/Documents/GitHub/AA_KNOWLEGE_BASED_DEV_SYSTEM/scratch-editor/node_modules/react-intl/src/components/provider.js:33:47)

      4 |
      5 | const renderWithIntl = (ui, {locale = 'en', messages = {}} = {}) => ({
    > 6 |     ...render(
        |              ^
      7 |         <IntlProvider
      8 |             locale={locale}
      9 |             messages={messages}

      at printWarning (../../node_modules/react-dom/cjs/react-dom.development.js:86:30)
      at error (../../node_modules/react-dom/cjs/react-dom.development.js:60:7)
      at validateFunctionComponentInDev (../../node_modules/react-dom/cjs/react-dom.development.js:20230:9)
      at mountIndeterminateComponent (../../node_modules/react-dom/cjs/react-dom.development.js:20189:7)
      at beginWork (../../node_modules/react-dom/cjs/react-dom.development.js:21626:16)
      at beginWork$1 (../../node_modules/react-dom/cjs/react-dom.development.js:27465:14)
      at performUnitOfWork (../../node_modules/react-dom/cjs/react-dom.development.js:26599:12)
      at workLoopSync (../../node_modules/react-dom/cjs/react-dom.development.js:26505:5)
      at renderRootSync (../../node_modules/react-dom/cjs/react-dom.development.js:26473:7)
      at performConcurrentWorkOnRoot (../../node_modules/react-dom/cjs/react-dom.development.js:25777:74)
      at flushActQueue (../../node_modules/react/cjs/react.development.js:2667:24)
      at act (../../node_modules/react/cjs/react.development.js:2582:11)
      at ../../node_modules/@testing-library/react/dist/act-compat.js:47:25
      at renderRoot (../../node_modules/@testing-library/react/dist/pure.js:180:26)
      at render (../../node_modules/@testing-library/react/dist/pure.js:271:10)
      at renderWithIntl (test/helpers/intl-helpers.jsx:6:14)
      at Object.<anonymous> (test/unit/components/controls.test.jsx:16:59)

    console.error
      Warning: GreenFlagComponent: Support for defaultProps will be removed from function components in a future major release. Use JavaScript default parameters instead.
          at active (~/Documents/GitHub/AA_KNOWLEGE_BASED_DEV_SYSTEM/scratch-editor/packages/scratch-gui/src/components/green-flag/green-flag.jsx:17:9)
          at div
          at active (~/Documents/GitHub/AA_KNOWLEGE_BASED_DEV_SYSTEM/scratch-editor/packages/scratch-gui/src/components/controls/controls.jsx:27:9)
          at IntlProvider (~/Documents/GitHub/AA_KNOWLEGE_BASED_DEV_SYSTEM/scratch-editor/node_modules/react-intl/src/components/provider.js:33:47)

      4 |
      5 | const renderWithIntl = (ui, {locale = 'en', messages = {}} = {}) => ({
    > 6 |     ...render(
        |              ^
      7 |         <IntlProvider
      8 |             locale={locale}
      9 |             messages={messages}

      at printWarning (../../node_modules/react-dom/cjs/react-dom.development.js:86:30)
      at error (../../node_modules/react-dom/cjs/react-dom.development.js:60:7)
      at validateFunctionComponentInDev (../../node_modules/react-dom/cjs/react-dom.development.js:20230:9)
      at mountIndeterminateComponent (../../node_modules/react-dom/cjs/react-dom.development.js:20189:7)
      at beginWork (../../node_modules/react-dom/cjs/react-dom.development.js:21626:16)
      at beginWork$1 (../../node_modules/react-dom/cjs/react-dom.development.js:27465:14)
      at performUnitOfWork (../../node_modules/react-dom/cjs/react-dom.development.js:26599:12)
      at workLoopSync (../../node_modules/react-dom/cjs/react-dom.development.js:26505:5)
      at renderRootSync (../../node_modules/react-dom/cjs/react-dom.development.js:26473:7)
      at performConcurrentWorkOnRoot (../../node_modules/react-dom/cjs/react-dom.development.js:25777:74)
      at flushActQueue (../../node_modules/react/cjs/react.development.js:2667:24)
      at act (../../node_modules/react/cjs/react.development.js:2582:11)
      at ../../node_modules/@testing-library/react/dist/act-compat.js:47:25
      at renderRoot (../../node_modules/@testing-library/react/dist/pure.js:180:26)
      at render (../../node_modules/@testing-library/react/dist/pure.js:271:10)
      at renderWithIntl (test/helpers/intl-helpers.jsx:6:14)
      at Object.<anonymous> (test/unit/components/controls.test.jsx:16:59)

    console.error
      Warning: StopAllComponent: Support for defaultProps will be removed from function components in a future major release. Use JavaScript default parameters instead.
          at active (~/Documents/GitHub/AA_KNOWLEGE_BASED_DEV_SYSTEM/scratch-editor/packages/scratch-gui/src/components/stop-all/stop-all.jsx:17:9)
          at div
          at active (~/Documents/GitHub/AA_KNOWLEGE_BASED_DEV_SYSTEM/scratch-editor/packages/scratch-gui/src/components/controls/controls.jsx:27:9)
          at IntlProvider (~/Documents/GitHub/AA_KNOWLEGE_BASED_DEV_SYSTEM/scratch-editor/node_modules/react-intl/src/components/provider.js:33:47)

      4 |
      5 | const renderWithIntl = (ui, {locale = 'en', messages = {}} = {}) => ({
    > 6 |     ...render(
        |              ^
      7 |         <IntlProvider
      8 |             locale={locale}
      9 |             messages={messages}

      at printWarning (../../node_modules/react-dom/cjs/react-dom.development.js:86:30)
      at error (../../node_modules/react-dom/cjs/react-dom.development.js:60:7)
      at validateFunctionComponentInDev (../../node_modules/react-dom/cjs/react-dom.development.js:20230:9)
      at mountIndeterminateComponent (../../node_modules/react-dom/cjs/react-dom.development.js:20189:7)
      at beginWork (../../node_modules/react-dom/cjs/react-dom.development.js:21626:16)
      at beginWork$1 (../../node_modules/react-dom/cjs/react-dom.development.js:27465:14)
      at performUnitOfWork (../../node_modules/react-dom/cjs/react-dom.development.js:26599:12)
      at workLoopSync (../../node_modules/react-dom/cjs/react-dom.development.js:26505:5)
      at renderRootSync (../../node_modules/react-dom/cjs/react-dom.development.js:26473:7)
      at performConcurrentWorkOnRoot (../../node_modules/react-dom/cjs/react-dom.development.js:25777:74)
      at flushActQueue (../../node_modules/react/cjs/react.development.js:2667:24)
      at act (../../node_modules/react/cjs/react.development.js:2582:11)
      at ../../node_modules/@testing-library/react/dist/act-compat.js:47:25
      at renderRoot (../../node_modules/@testing-library/react/dist/pure.js:180:26)
      at render (../../node_modules/@testing-library/react/dist/pure.js:271:10)
      at renderWithIntl (test/helpers/intl-helpers.jsx:6:14)
      at Object.<anonymous> (test/unit/components/controls.test.jsx:16:59)

PASS test/unit/components/monitor.test.jsx
  ● Console

    console.error
      Warning: MonitorComponent: Support for defaultProps will be removed from function components in a future major release. Use JavaScript default parameters instead.
          at label (~/Documents/GitHub/AA_KNOWLEGE_BASED_DEV_SYSTEM/scratch-editor/packages/scratch-gui/src/components/monitor/monitor.jsx:48:44)

      24 |
      25 |     test('it selects the correct colors based on default color mode', () => {
    > 26 |         const {container} = render(<Monitor
         |                                   ^
      27 |             {...defaultProps}
      28 |             colorMode={DEFAULT_MODE}
      29 |         />);

      at printWarning (../../node_modules/react-dom/cjs/react-dom.development.js:86:30)
      at error (../../node_modules/react-dom/cjs/react-dom.development.js:60:7)
      at validateFunctionComponentInDev (../../node_modules/react-dom/cjs/react-dom.development.js:20230:9)
      at mountIndeterminateComponent (../../node_modules/react-dom/cjs/react-dom.development.js:20189:7)
      at beginWork (../../node_modules/react-dom/cjs/react-dom.development.js:21626:16)
      at beginWork$1 (../../node_modules/react-dom/cjs/react-dom.development.js:27465:14)
      at performUnitOfWork (../../node_modules/react-dom/cjs/react-dom.development.js:26599:12)
      at workLoopSync (../../node_modules/react-dom/cjs/react-dom.development.js:26505:5)
      at renderRootSync (../../node_modules/react-dom/cjs/react-dom.development.js:26473:7)
      at performConcurrentWorkOnRoot (../../node_modules/react-dom/cjs/react-dom.development.js:25777:74)
      at flushActQueue (../../node_modules/react/cjs/react.development.js:2667:24)
      at act (../../node_modules/react/cjs/react.development.js:2582:11)
      at ../../node_modules/@testing-library/react/dist/act-compat.js:47:25
      at renderRoot (../../node_modules/@testing-library/react/dist/pure.js:180:26)
      at render (../../node_modules/@testing-library/react/dist/pure.js:271:10)
      at Object.<anonymous> (test/unit/components/monitor.test.jsx:26:35)

    console.error
      Warning: Box: Support for defaultProps will be removed from function components in a future major release. Use JavaScript default parameters instead.
          at alignContent (~/Documents/GitHub/AA_KNOWLEGE_BASED_DEV_SYSTEM/scratch-editor/packages/scratch-gui/src/components/box/box.jsx:33:9)
          at DraggableCore (~/Documents/GitHub/AA_KNOWLEGE_BASED_DEV_SYSTEM/scratch-editor/node_modules/react-draggable/dist/react-draggable.js:1504:6)
          at Draggable (~/Documents/GitHub/AA_KNOWLEGE_BASED_DEV_SYSTEM/scratch-editor/node_modules/react-draggable/lib/Draggable.js:175:38)
          at Provider (~/Documents/GitHub/AA_KNOWLEGE_BASED_DEV_SYSTEM/scratch-editor/packages/scratch-gui/node_modules/@radix-ui/react-context/src/create-context.tsx:126:15)
          at Provider (~/Documents/GitHub/AA_KNOWLEGE_BASED_DEV_SYSTEM/scratch-editor/packages/scratch-gui/node_modules/@radix-ui/react-context/src/create-context.tsx:126:15)
          at Provider (~/Documents/GitHub/AA_KNOWLEGE_BASED_DEV_SYSTEM/scratch-editor/packages/scratch-gui/node_modules/@radix-ui/react-context/src/create-context.tsx:126:15)
          at Popper (~/Documents/GitHub/AA_KNOWLEGE_BASED_DEV_SYSTEM/scratch-editor/packages/scratch-gui/node_modules/@radix-ui/react-popper/src/popper.tsx:52:11)
          at Menu (~/Documents/GitHub/AA_KNOWLEGE_BASED_DEV_SYSTEM/scratch-editor/packages/scratch-gui/node_modules/@radix-ui/react-menu/src/menu.tsx:88:11)
          at Provider (~/Documents/GitHub/AA_KNOWLEGE_BASED_DEV_SYSTEM/scratch-editor/packages/scratch-gui/node_modules/@radix-ui/react-context/src/create-context.tsx:126:15)
          at ContextMenu (~/Documents/GitHub/AA_KNOWLEGE_BASED_DEV_SYSTEM/scratch-editor/packages/scratch-gui/node_modules/@radix-ui/react-context-menu/src/context-menu.tsx:45:11)
          at label (~/Documents/GitHub/AA_KNOWLEGE_BASED_DEV_SYSTEM/scratch-editor/packages/scratch-gui/src/components/monitor/monitor.jsx:48:44)

      24 |
      25 |     test('it selects the correct colors based on default color mode', () => {
    > 26 |         const {container} = render(<Monitor
         |                                   ^
      27 |             {...defaultProps}
      28 |             colorMode={DEFAULT_MODE}
      29 |         />);

      at printWarning (../../node_modules/react-dom/cjs/react-dom.development.js:86:30)
      at error (../../node_modules/react-dom/cjs/react-dom.development.js:60:7)
      at validateFunctionComponentInDev (../../node_modules/react-dom/cjs/react-dom.development.js:20230:9)
      at mountIndeterminateComponent (../../node_modules/react-dom/cjs/react-dom.development.js:20189:7)
      at beginWork (../../node_modules/react-dom/cjs/react-dom.development.js:21626:16)
      at beginWork$1 (../../node_modules/react-dom/cjs/react-dom.development.js:27465:14)
      at performUnitOfWork (../../node_modules/react-dom/cjs/react-dom.development.js:26599:12)
      at workLoopSync (../../node_modules/react-dom/cjs/react-dom.development.js:26505:5)
      at renderRootSync (../../node_modules/react-dom/cjs/react-dom.development.js:26473:7)
      at performConcurrentWorkOnRoot (../../node_modules/react-dom/cjs/react-dom.development.js:25777:74)
      at flushActQueue (../../node_modules/react/cjs/react.development.js:2667:24)
      at act (../../node_modules/react/cjs/react.development.js:2582:11)
      at ../../node_modules/@testing-library/react/dist/act-compat.js:47:25
      at renderRoot (../../node_modules/@testing-library/react/dist/pure.js:180:26)
      at render (../../node_modules/@testing-library/react/dist/pure.js:271:10)
      at Object.<anonymous> (test/unit/components/monitor.test.jsx:26:35)

    console.warn
      Warning: componentWillReceiveProps has been renamed, and is not recommended for use. See https://reactjs.org/link/unsafe-component-lifecycles for details.
      
      * Move data fetching code or side effects to componentDidUpdate.
      * If you're updating state whenever props change, refactor your code to use memoization techniques or move it to static getDerivedStateFromProps. Learn more at: https://reactjs.org/link/derived-state
      * Rename componentWillReceiveProps to UNSAFE_componentWillReceiveProps to suppress this warning in non-strict mode. In React 18.x, only the UNSAFE_ name will work. To rename all deprecated lifecycles to their new names, you can run `npx react-codemod rename-unsafe-lifecycles` in your project source folder.
      
      Please update the following components: Draggable

      24 |
      25 |     test('it selects the correct colors based on default color mode', () => {
    > 26 |         const {container} = render(<Monitor
         |                                   ^
      27 |             {...defaultProps}
      28 |             colorMode={DEFAULT_MODE}
      29 |         />);

      at printWarning (../../node_modules/react-dom/cjs/react-dom.development.js:86:30)
      at warn (../../node_modules/react-dom/cjs/react-dom.development.js:49:7)
      at Object.<anonymous>.ReactStrictModeWarnings.flushPendingUnsafeLifecycleWarnings (../../node_modules/react-dom/cjs/react-dom.development.js:12912:7)
      at flushRenderPhaseStrictModeWarningsInDEV (../../node_modules/react-dom/cjs/react-dom.development.js:27349:31)
      at commitRootImpl (../../node_modules/react-dom/cjs/react-dom.development.js:26741:3)
      at commitRoot (../../node_modules/react-dom/cjs/react-dom.development.js:26721:5)
      at finishConcurrentRender (../../node_modules/react-dom/cjs/react-dom.development.js:26020:9)
      at performConcurrentWorkOnRoot (../../node_modules/react-dom/cjs/react-dom.development.js:25848:7)
      at flushActQueue (../../node_modules/react/cjs/react.development.js:2667:24)
      at act (../../node_modules/react/cjs/react.development.js:2582:11)
      at ../../node_modules/@testing-library/react/dist/act-compat.js:47:25
      at renderRoot (../../node_modules/@testing-library/react/dist/pure.js:180:26)
      at render (../../node_modules/@testing-library/react/dist/pure.js:271:10)
      at Object.<anonymous> (test/unit/components/monitor.test.jsx:26:35)

    console.error
      Warning: findDOMNode is deprecated and will be removed in the next major release. Instead, add a ref directly to the element you want to reference. Learn more about using refs safely here: https://reactjs.org/link/strict-mode-find-node
          at Draggable (~/Documents/GitHub/AA_KNOWLEGE_BASED_DEV_SYSTEM/scratch-editor/node_modules/react-draggable/lib/Draggable.js:175:38)
          at Provider (~/Documents/GitHub/AA_KNOWLEGE_BASED_DEV_SYSTEM/scratch-editor/packages/scratch-gui/node_modules/@radix-ui/react-context/src/create-context.tsx:126:15)
          at Provider (~/Documents/GitHub/AA_KNOWLEGE_BASED_DEV_SYSTEM/scratch-editor/packages/scratch-gui/node_modules/@radix-ui/react-context/src/create-context.tsx:126:15)
          at Provider (~/Documents/GitHub/AA_KNOWLEGE_BASED_DEV_SYSTEM/scratch-editor/packages/scratch-gui/node_modules/@radix-ui/react-context/src/create-context.tsx:126:15)
          at Popper (~/Documents/GitHub/AA_KNOWLEGE_BASED_DEV_SYSTEM/scratch-editor/packages/scratch-gui/node_modules/@radix-ui/react-popper/src/popper.tsx:52:11)
          at Menu (~/Documents/GitHub/AA_KNOWLEGE_BASED_DEV_SYSTEM/scratch-editor/packages/scratch-gui/node_modules/@radix-ui/react-menu/src/menu.tsx:88:11)
          at Provider (~/Documents/GitHub/AA_KNOWLEGE_BASED_DEV_SYSTEM/scratch-editor/packages/scratch-gui/node_modules/@radix-ui/react-context/src/create-context.tsx:126:15)
          at ContextMenu (~/Documents/GitHub/AA_KNOWLEGE_BASED_DEV_SYSTEM/scratch-editor/packages/scratch-gui/node_modules/@radix-ui/react-context-menu/src/context-menu.tsx:45:11)
          at label (~/Documents/GitHub/AA_KNOWLEGE_BASED_DEV_SYSTEM/scratch-editor/packages/scratch-gui/src/components/monitor/monitor.jsx:48:44)

      24 |
      25 |     test('it selects the correct colors based on default color mode', () => {
    > 26 |         const {container} = render(<Monitor
         |                                   ^
      27 |             {...defaultProps}
      28 |             colorMode={DEFAULT_MODE}
      29 |         />);

      at printWarning (../../node_modules/react-dom/cjs/react-dom.development.js:86:30)
      at error (../../node_modules/react-dom/cjs/react-dom.development.js:60:7)
      at Object.findDOMNode (../../node_modules/react-dom/cjs/react-dom.development.js:29666:7)
      at Draggable.findDOMNode [as componentDidMount] (../../node_modules/react-draggable/lib/Draggable.js:206:61)
      at commitLayoutEffectOnFiber (../../node_modules/react-dom/cjs/react-dom.development.js:23349:28)
      at commitLayoutMountEffects_complete (../../node_modules/react-dom/cjs/react-dom.development.js:24727:9)
      at commitLayoutEffects_begin (../../node_modules/react-dom/cjs/react-dom.development.js:24713:7)
      at commitLayoutEffects (../../node_modules/react-dom/cjs/react-dom.development.js:24651:3)
      at commitRootImpl (../../node_modules/react-dom/cjs/react-dom.development.js:26862:5)
      at commitRoot (../../node_modules/react-dom/cjs/react-dom.development.js:26721:5)
      at finishConcurrentRender (../../node_modules/react-dom/cjs/react-dom.development.js:26020:9)
      at performConcurrentWorkOnRoot (../../node_modules/react-dom/cjs/react-dom.development.js:25848:7)
      at flushActQueue (../../node_modules/react/cjs/react.development.js:2667:24)
      at act (../../node_modules/react/cjs/react.development.js:2582:11)
      at ../../node_modules/@testing-library/react/dist/act-compat.js:47:25
      at renderRoot (../../node_modules/@testing-library/react/dist/pure.js:180:26)
      at render (../../node_modules/@testing-library/react/dist/pure.js:271:10)
      at Object.<anonymous> (test/unit/components/monitor.test.jsx:26:35)

PASS test/unit/containers/slider-prompt.test.jsx
  ● Console

    console.error
      Warning: react-modal: App element is not defined. Please use `Modal.setAppElement(el)` or set `appElement={el}`. This is needed so screen readers don't see main content when modal is opened. It is not recommended, but you can opt-out by setting `ariaHideApp={false}`.

      4 |
      5 | const renderWithIntl = (ui, {locale = 'en', messages = {}} = {}) => ({
    > 6 |     ...render(
        |              ^
      7 |         <IntlProvider
      8 |             locale={locale}
      9 |             messages={messages}

      at printWarning (../../node_modules/warning/warning.js:34:15)
      at warning (../../node_modules/warning/warning.js:57:20)
      at validateElement (../../node_modules/react-modal/lib/helpers/ariaAppHider.js:77:27)
      at Object.hide (../../node_modules/react-modal/lib/helpers/ariaAppHider.js:89:26)
      at ModalPortal.beforeOpen (../../node_modules/react-modal/lib/components/ModalPortal.js:342:22)
      at ModalPortal._this.open (../../node_modules/react-modal/lib/components/ModalPortal.js:135:13)
      at ModalPortal.componentDidMount (../../node_modules/react-modal/lib/components/ModalPortal.js:285:14)
      at commitLayoutEffectOnFiber (../../node_modules/react-dom/cjs/react-dom.development.js:23349:28)
      at commitLayoutMountEffects_complete (../../node_modules/react-dom/cjs/react-dom.development.js:24727:9)
      at commitLayoutEffects_begin (../../node_modules/react-dom/cjs/react-dom.development.js:24713:7)
      at commitLayoutEffects (../../node_modules/react-dom/cjs/react-dom.development.js:24651:3)
      at commitRootImpl (../../node_modules/react-dom/cjs/react-dom.development.js:26862:5)
      at commitRoot (../../node_modules/react-dom/cjs/react-dom.development.js:26721:5)
      at finishConcurrentRender (../../node_modules/react-dom/cjs/react-dom.development.js:26020:9)
      at performConcurrentWorkOnRoot (../../node_modules/react-dom/cjs/react-dom.development.js:25848:7)
      at flushActQueue (../../node_modules/react/cjs/react.development.js:2667:24)
      at act (../../node_modules/react/cjs/react.development.js:2582:11)
      at ../../node_modules/@testing-library/react/dist/act-compat.js:47:25
      at renderRoot (../../node_modules/@testing-library/react/dist/pure.js:180:26)
      at render (../../node_modules/@testing-library/react/dist/pure.js:271:10)
      at renderWithIntl (test/helpers/intl-helpers.jsx:6:14)
      at Object.<anonymous> (test/unit/containers/slider-prompt.test.jsx:28:23)

    console.error
      Warning: Box: Support for defaultProps will be removed from function components in a future major release. Use JavaScript default parameters instead.
          at alignContent (~/Documents/GitHub/AA_KNOWLEGE_BASED_DEV_SYSTEM/scratch-editor/packages/scratch-gui/src/components/box/box.jsx:33:9)
          at div
          at div
          at ModalPortal (~/Documents/GitHub/AA_KNOWLEGE_BASED_DEV_SYSTEM/scratch-editor/node_modules/react-modal/lib/components/ModalPortal.js:79:5)
          at Modal (~/Documents/GitHub/AA_KNOWLEGE_BASED_DEV_SYSTEM/scratch-editor/node_modules/react-modal/lib/components/Modal.js:73:5)
          at className (~/Documents/GitHub/AA_KNOWLEGE_BASED_DEV_SYSTEM/scratch-editor/packages/scratch-gui/src/components/modal/modal.jsx:19:58)
          at Modal (~/Documents/GitHub/AA_KNOWLEGE_BASED_DEV_SYSTEM/scratch-editor/packages/scratch-gui/src/containers/modal.jsx:10:9)
          at ConnectFunction (~/Documents/GitHub/AA_KNOWLEGE_BASED_DEV_SYSTEM/scratch-editor/node_modules/react-redux/lib/components/connect.js:246:74)
          at SliderPromptComponent (~/Documents/GitHub/AA_KNOWLEGE_BASED_DEV_SYSTEM/scratch-editor/packages/scratch-gui/src/components/slider-prompt/slider-prompt.jsx:30:25)
          at SliderPrompt (~/Documents/GitHub/AA_KNOWLEGE_BASED_DEV_SYSTEM/scratch-editor/packages/scratch-gui/src/containers/slider-prompt.jsx:8:9)
          at Provider (~/Documents/GitHub/AA_KNOWLEGE_BASED_DEV_SYSTEM/scratch-editor/node_modules/react-redux/lib/components/Provider.js:19:3)
          at IntlProvider (~/Documents/GitHub/AA_KNOWLEGE_BASED_DEV_SYSTEM/scratch-editor/node_modules/react-intl/src/components/provider.js:33:47)

      4 |
      5 | const renderWithIntl = (ui, {locale = 'en', messages = {}} = {}) => ({
    > 6 |     ...render(
        |              ^
      7 |         <IntlProvider
      8 |             locale={locale}
      9 |             messages={messages}

      at printWarning (../../node_modules/react-dom/cjs/react-dom.development.js:86:30)
      at error (../../node_modules/react-dom/cjs/react-dom.development.js:60:7)
      at validateFunctionComponentInDev (../../node_modules/react-dom/cjs/react-dom.development.js:20230:9)
      at mountIndeterminateComponent (../../node_modules/react-dom/cjs/react-dom.development.js:20189:7)
      at beginWork (../../node_modules/react-dom/cjs/react-dom.development.js:21626:16)
      at beginWork$1 (../../node_modules/react-dom/cjs/react-dom.development.js:27465:14)
      at performUnitOfWork (../../node_modules/react-dom/cjs/react-dom.development.js:26599:12)
      at workLoopSync (../../node_modules/react-dom/cjs/react-dom.development.js:26505:5)
      at renderRootSync (../../node_modules/react-dom/cjs/react-dom.development.js:26473:7)
      at performSyncWorkOnRoot (../../node_modules/react-dom/cjs/react-dom.development.js:26124:20)
      at flushSyncCallbacks (../../node_modules/react-dom/cjs/react-dom.development.js:12042:22)
      at commitRootImpl (../../node_modules/react-dom/cjs/react-dom.development.js:26998:3)
      at commitRoot (../../node_modules/react-dom/cjs/react-dom.development.js:26721:5)
      at finishConcurrentRender (../../node_modules/react-dom/cjs/react-dom.development.js:26020:9)
      at performConcurrentWorkOnRoot (../../node_modules/react-dom/cjs/react-dom.development.js:25848:7)
      at flushActQueue (../../node_modules/react/cjs/react.development.js:2667:24)
      at act (../../node_modules/react/cjs/react.development.js:2582:11)
      at ../../node_modules/@testing-library/react/dist/act-compat.js:47:25
      at renderRoot (../../node_modules/@testing-library/react/dist/pure.js:180:26)
      at render (../../node_modules/@testing-library/react/dist/pure.js:271:10)
      at renderWithIntl (test/helpers/intl-helpers.jsx:6:14)
      at Object.<anonymous> (test/unit/containers/slider-prompt.test.jsx:28:23)

    console.error
      Warning: CloseButton: Support for defaultProps will be removed from function components in a future major release. Use JavaScript default parameters instead.
          at className (~/Documents/GitHub/AA_KNOWLEGE_BASED_DEV_SYSTEM/scratch-editor/packages/scratch-gui/src/components/close-button/close-button.jsx:17:19)
          at div
          at div
          at div
          at alignContent (~/Documents/GitHub/AA_KNOWLEGE_BASED_DEV_SYSTEM/scratch-editor/packages/scratch-gui/src/components/box/box.jsx:33:9)
          at div
          at div
          at ModalPortal (~/Documents/GitHub/AA_KNOWLEGE_BASED_DEV_SYSTEM/scratch-editor/node_modules/react-modal/lib/components/ModalPortal.js:79:5)
          at Modal (~/Documents/GitHub/AA_KNOWLEGE_BASED_DEV_SYSTEM/scratch-editor/node_modules/react-modal/lib/components/Modal.js:73:5)
          at className (~/Documents/GitHub/AA_KNOWLEGE_BASED_DEV_SYSTEM/scratch-editor/packages/scratch-gui/src/components/modal/modal.jsx:19:58)
          at Modal (~/Documents/GitHub/AA_KNOWLEGE_BASED_DEV_SYSTEM/scratch-editor/packages/scratch-gui/src/containers/modal.jsx:10:9)
          at ConnectFunction (~/Documents/GitHub/AA_KNOWLEGE_BASED_DEV_SYSTEM/scratch-editor/node_modules/react-redux/lib/components/connect.js:246:74)
          at SliderPromptComponent (~/Documents/GitHub/AA_KNOWLEGE_BASED_DEV_SYSTEM/scratch-editor/packages/scratch-gui/src/components/slider-prompt/slider-prompt.jsx:30:25)
          at SliderPrompt (~/Documents/GitHub/AA_KNOWLEGE_BASED_DEV_SYSTEM/scratch-editor/packages/scratch-gui/src/containers/slider-prompt.jsx:8:9)
          at Provider (~/Documents/GitHub/AA_KNOWLEGE_BASED_DEV_SYSTEM/scratch-editor/node_modules/react-redux/lib/components/Provider.js:19:3)
          at IntlProvider (~/Documents/GitHub/AA_KNOWLEGE_BASED_DEV_SYSTEM/scratch-editor/node_modules/react-intl/src/components/provider.js:33:47)

      4 |
      5 | const renderWithIntl = (ui, {locale = 'en', messages = {}} = {}) => ({
    > 6 |     ...render(
        |              ^
      7 |         <IntlProvider
      8 |             locale={locale}
      9 |             messages={messages}

      at printWarning (../../node_modules/react-dom/cjs/react-dom.development.js:86:30)
      at error (../../node_modules/react-dom/cjs/react-dom.development.js:60:7)
      at validateFunctionComponentInDev (../../node_modules/react-dom/cjs/react-dom.development.js:20230:9)
      at mountIndeterminateComponent (../../node_modules/react-dom/cjs/react-dom.development.js:20189:7)
      at beginWork (../../node_modules/react-dom/cjs/react-dom.development.js:21626:16)
      at beginWork$1 (../../node_modules/react-dom/cjs/react-dom.development.js:27465:14)
      at performUnitOfWork (../../node_modules/react-dom/cjs/react-dom.development.js:26599:12)
      at workLoopSync (../../node_modules/react-dom/cjs/react-dom.development.js:26505:5)
      at renderRootSync (../../node_modules/react-dom/cjs/react-dom.development.js:26473:7)
      at performSyncWorkOnRoot (../../node_modules/react-dom/cjs/react-dom.development.js:26124:20)
      at flushSyncCallbacks (../../node_modules/react-dom/cjs/react-dom.development.js:12042:22)
      at commitRootImpl (../../node_modules/react-dom/cjs/react-dom.development.js:26998:3)
      at commitRoot (../../node_modules/react-dom/cjs/react-dom.development.js:26721:5)
      at finishConcurrentRender (../../node_modules/react-dom/cjs/react-dom.development.js:26020:9)
      at performConcurrentWorkOnRoot (../../node_modules/react-dom/cjs/react-dom.development.js:25848:7)
      at flushActQueue (../../node_modules/react/cjs/react.development.js:2667:24)
      at act (../../node_modules/react/cjs/react.development.js:2582:11)
      at ../../node_modules/@testing-library/react/dist/act-compat.js:47:25
      at renderRoot (../../node_modules/@testing-library/react/dist/pure.js:180:26)
      at render (../../node_modules/@testing-library/react/dist/pure.js:271:10)
      at renderWithIntl (test/helpers/intl-helpers.jsx:6:14)
      at Object.<anonymous> (test/unit/containers/slider-prompt.test.jsx:28:23)

    console.error
      Warning: react-modal: App element is not defined. Please use `Modal.setAppElement(el)` or set `appElement={el}`. This is needed so screen readers don't see main content when modal is opened. It is not recommended, but you can opt-out by setting `ariaHideApp={false}`.

      at printWarning (../../node_modules/warning/warning.js:34:15)
      at warning (../../node_modules/warning/warning.js:57:20)
      at validateElement (../../node_modules/react-modal/lib/helpers/ariaAppHider.js:77:27)
      at Object.show (../../node_modules/react-modal/lib/helpers/ariaAppHider.js:116:27)
      at ModalPortal._this.afterClose (../../node_modules/react-modal/lib/components/ModalPortal.js:114:24)
      at ModalPortal.componentWillUnmount (../../node_modules/react-modal/lib/components/ModalPortal.js:317:14)
      at callComponentWillUnmountWithTimer (../../node_modules/react-dom/cjs/react-dom.development.js:22896:14)
      at safelyCallComponentWillUnmount (../../node_modules/react-dom/cjs/react-dom.development.js:22912:5)
      at commitDeletionEffectsOnFiber (../../node_modules/react-dom/cjs/react-dom.development.js:24168:13)
      at recursivelyTraverseDeletionEffects (../../node_modules/react-dom/cjs/react-dom.development.js:24028:5)
      at commitDeletionEffectsOnFiber (../../node_modules/react-dom/cjs/react-dom.development.js:24101:11)
      at recursivelyTraverseDeletionEffects (../../node_modules/react-dom/cjs/react-dom.development.js:24028:5)
      at commitDeletionEffectsOnFiber (../../node_modules/react-dom/cjs/react-dom.development.js:24172:9)
      at recursivelyTraverseDeletionEffects (../../node_modules/react-dom/cjs/react-dom.development.js:24028:5)
      at commitDeletionEffectsOnFiber (../../node_modules/react-dom/cjs/react-dom.development.js:24157:9)
      at recursivelyTraverseDeletionEffects (../../node_modules/react-dom/cjs/react-dom.development.js:24028:5)
      at commitDeletionEffectsOnFiber (../../node_modules/react-dom/cjs/react-dom.development.js:24172:9)
      at recursivelyTraverseDeletionEffects (../../node_modules/react-dom/cjs/react-dom.development.js:24028:5)
      at commitDeletionEffectsOnFiber (../../node_modules/react-dom/cjs/react-dom.development.js:24209:9)
      at recursivelyTraverseDeletionEffects (../../node_modules/react-dom/cjs/react-dom.development.js:24028:5)
      at commitDeletionEffectsOnFiber (../../node_modules/react-dom/cjs/react-dom.development.js:24157:9)
      at recursivelyTraverseDeletionEffects (../../node_modules/react-dom/cjs/react-dom.development.js:24028:5)
      at commitDeletionEffectsOnFiber (../../node_modules/react-dom/cjs/react-dom.development.js:24157:9)
      at recursivelyTraverseDeletionEffects (../../node_modules/react-dom/cjs/react-dom.development.js:24028:5)
      at commitDeletionEffectsOnFiber (../../node_modules/react-dom/cjs/react-dom.development.js:24172:9)
      at recursivelyTraverseDeletionEffects (../../node_modules/react-dom/cjs/react-dom.development.js:24028:5)
      at commitDeletionEffectsOnFiber (../../node_modules/react-dom/cjs/react-dom.development.js:24209:9)
      at recursivelyTraverseDeletionEffects (../../node_modules/react-dom/cjs/react-dom.development.js:24028:5)
      at commitDeletionEffectsOnFiber (../../node_modules/react-dom/cjs/react-dom.development.js:24157:9)
      at recursivelyTraverseDeletionEffects (../../node_modules/react-dom/cjs/react-dom.development.js:24028:5)
      at commitDeletionEffectsOnFiber (../../node_modules/react-dom/cjs/react-dom.development.js:24209:9)
      at recursivelyTraverseDeletionEffects (../../node_modules/react-dom/cjs/react-dom.development.js:24028:5)
      at commitDeletionEffectsOnFiber (../../node_modules/react-dom/cjs/react-dom.development.js:24172:9)
      at commitDeletionEffects (../../node_modules/react-dom/cjs/react-dom.development.js:24015:5)
      at recursivelyTraverseMutationEffects (../../node_modules/react-dom/cjs/react-dom.development.js:24298:9)
      at commitMutationEffectsOnFiber (../../node_modules/react-dom/cjs/react-dom.development.js:24471:9)
      at commitMutationEffects (../../node_modules/react-dom/cjs/react-dom.development.js:24282:3)
      at commitRootImpl (../../node_modules/react-dom/cjs/react-dom.development.js:26849:5)
      at commitRoot (../../node_modules/react-dom/cjs/react-dom.development.js:26721:5)
      at performSyncWorkOnRoot (../../node_modules/react-dom/cjs/react-dom.development.js:26156:3)
      at flushSyncCallbacks (../../node_modules/react-dom/cjs/react-dom.development.js:12042:22)
      at flushSync (../../node_modules/react-dom/cjs/react-dom.development.js:26240:7)
      at ReactDOMRoot.Object.<anonymous>.ReactDOMHydrationRoot.unmount.ReactDOMRoot.unmount [as unmount] (../../node_modules/react-dom/cjs/react-dom.development.js:29375:5)
      at Object.unmount (../../node_modules/@testing-library/react/dist/pure.js:155:12)
      at ../../node_modules/@testing-library/react/dist/pure.js:286:12
      at ../../node_modules/@testing-library/react/dist/act-compat.js:48:24
      at act (../../node_modules/react/cjs/react.development.js:2512:16)
      at ../../node_modules/@testing-library/react/dist/act-compat.js:47:25
      at ../../node_modules/@testing-library/react/dist/pure.js:285:28
          at Array.forEach (<anonymous>)
      at cleanup (../../node_modules/@testing-library/react/dist/pure.js:281:22)
      at Object.<anonymous> (../../node_modules/@testing-library/react/dist/index.js:29:25)

    console.error
      Warning: react-modal: App element is not defined. Please use `Modal.setAppElement(el)` or set `appElement={el}`. This is needed so screen readers don't see main content when modal is opened. It is not recommended, but you can opt-out by setting `ariaHideApp={false}`.

      4 |
      5 | const renderWithIntl = (ui, {locale = 'en', messages = {}} = {}) => ({
    > 6 |     ...render(
        |              ^
      7 |         <IntlProvider
      8 |             locale={locale}
      9 |             messages={messages}

      at printWarning (../../node_modules/warning/warning.js:34:15)
      at warning (../../node_modules/warning/warning.js:57:20)
      at validateElement (../../node_modules/react-modal/lib/helpers/ariaAppHider.js:77:27)
      at Object.hide (../../node_modules/react-modal/lib/helpers/ariaAppHider.js:89:26)
      at ModalPortal.beforeOpen (../../node_modules/react-modal/lib/components/ModalPortal.js:342:22)
      at ModalPortal._this.open (../../node_modules/react-modal/lib/components/ModalPortal.js:135:13)
      at ModalPortal.componentDidMount (../../node_modules/react-modal/lib/components/ModalPortal.js:285:14)
      at commitLayoutEffectOnFiber (../../node_modules/react-dom/cjs/react-dom.development.js:23349:28)
      at commitLayoutMountEffects_complete (../../node_modules/react-dom/cjs/react-dom.development.js:24727:9)
      at commitLayoutEffects_begin (../../node_modules/react-dom/cjs/react-dom.development.js:24713:7)
      at commitLayoutEffects (../../node_modules/react-dom/cjs/react-dom.development.js:24651:3)
      at commitRootImpl (../../node_modules/react-dom/cjs/react-dom.development.js:26862:5)
      at commitRoot (../../node_modules/react-dom/cjs/react-dom.development.js:26721:5)
      at finishConcurrentRender (../../node_modules/react-dom/cjs/react-dom.development.js:26020:9)
      at performConcurrentWorkOnRoot (../../node_modules/react-dom/cjs/react-dom.development.js:25848:7)
      at flushActQueue (../../node_modules/react/cjs/react.development.js:2667:24)
      at act (../../node_modules/react/cjs/react.development.js:2582:11)
      at ../../node_modules/@testing-library/react/dist/act-compat.js:47:25
      at renderRoot (../../node_modules/@testing-library/react/dist/pure.js:180:26)
      at render (../../node_modules/@testing-library/react/dist/pure.js:271:10)
      at renderWithIntl (test/helpers/intl-helpers.jsx:6:14)
      at Object.<anonymous> (test/unit/containers/slider-prompt.test.jsx:43:23)

    console.error
      Warning: react-modal: App element is not defined. Please use `Modal.setAppElement(el)` or set `appElement={el}`. This is needed so screen readers don't see main content when modal is opened. It is not recommended, but you can opt-out by setting `ariaHideApp={false}`.

      at printWarning (../../node_modules/warning/warning.js:34:15)
      at warning (../../node_modules/warning/warning.js:57:20)
      at validateElement (../../node_modules/react-modal/lib/helpers/ariaAppHider.js:77:27)
      at Object.show (../../node_modules/react-modal/lib/helpers/ariaAppHider.js:116:27)
      at ModalPortal._this.afterClose (../../node_modules/react-modal/lib/components/ModalPortal.js:114:24)
      at ModalPortal.componentWillUnmount (../../node_modules/react-modal/lib/components/ModalPortal.js:317:14)
      at callComponentWillUnmountWithTimer (../../node_modules/react-dom/cjs/react-dom.development.js:22896:14)
      at safelyCallComponentWillUnmount (../../node_modules/react-dom/cjs/react-dom.development.js:22912:5)
      at commitDeletionEffectsOnFiber (../../node_modules/react-dom/cjs/react-dom.development.js:24168:13)
      at recursivelyTraverseDeletionEffects (../../node_modules/react-dom/cjs/react-dom.development.js:24028:5)
      at commitDeletionEffectsOnFiber (../../node_modules/react-dom/cjs/react-dom.development.js:24101:11)
      at recursivelyTraverseDeletionEffects (../../node_modules/react-dom/cjs/react-dom.development.js:24028:5)
      at commitDeletionEffectsOnFiber (../../node_modules/react-dom/cjs/react-dom.development.js:24172:9)
      at recursivelyTraverseDeletionEffects (../../node_modules/react-dom/cjs/react-dom.development.js:24028:5)
      at commitDeletionEffectsOnFiber (../../node_modules/react-dom/cjs/react-dom.development.js:24157:9)
      at recursivelyTraverseDeletionEffects (../../node_modules/react-dom/cjs/react-dom.development.js:24028:5)
      at commitDeletionEffectsOnFiber (../../node_modules/react-dom/cjs/react-dom.development.js:24172:9)
      at recursivelyTraverseDeletionEffects (../../node_modules/react-dom/cjs/react-dom.development.js:24028:5)
      at commitDeletionEffectsOnFiber (../../node_modules/react-dom/cjs/react-dom.development.js:24209:9)
      at recursivelyTraverseDeletionEffects (../../node_modules/react-dom/cjs/react-dom.development.js:24028:5)
      at commitDeletionEffectsOnFiber (../../node_modules/react-dom/cjs/react-dom.development.js:24157:9)
      at recursivelyTraverseDeletionEffects (../../node_modules/react-dom/cjs/react-dom.development.js:24028:5)
      at commitDeletionEffectsOnFiber (../../node_modules/react-dom/cjs/react-dom.development.js:24157:9)
      at recursivelyTraverseDeletionEffects (../../node_modules/react-dom/cjs/react-dom.development.js:24028:5)
      at commitDeletionEffectsOnFiber (../../node_modules/react-dom/cjs/react-dom.development.js:24172:9)
      at recursivelyTraverseDeletionEffects (../../node_modules/react-dom/cjs/react-dom.development.js:24028:5)
      at commitDeletionEffectsOnFiber (../../node_modules/react-dom/cjs/react-dom.development.js:24209:9)
      at recursivelyTraverseDeletionEffects (../../node_modules/react-dom/cjs/react-dom.development.js:24028:5)
      at commitDeletionEffectsOnFiber (../../node_modules/react-dom/cjs/react-dom.development.js:24157:9)
      at recursivelyTraverseDeletionEffects (../../node_modules/react-dom/cjs/react-dom.development.js:24028:5)
      at commitDeletionEffectsOnFiber (../../node_modules/react-dom/cjs/react-dom.development.js:24209:9)
      at recursivelyTraverseDeletionEffects (../../node_modules/react-dom/cjs/react-dom.development.js:24028:5)
      at commitDeletionEffectsOnFiber (../../node_modules/react-dom/cjs/react-dom.development.js:24172:9)
      at commitDeletionEffects (../../node_modules/react-dom/cjs/react-dom.development.js:24015:5)
      at recursivelyTraverseMutationEffects (../../node_modules/react-dom/cjs/react-dom.development.js:24298:9)
      at commitMutationEffectsOnFiber (../../node_modules/react-dom/cjs/react-dom.development.js:24471:9)
      at commitMutationEffects (../../node_modules/react-dom/cjs/react-dom.development.js:24282:3)
      at commitRootImpl (../../node_modules/react-dom/cjs/react-dom.development.js:26849:5)
      at commitRoot (../../node_modules/react-dom/cjs/react-dom.development.js:26721:5)
      at performSyncWorkOnRoot (../../node_modules/react-dom/cjs/react-dom.development.js:26156:3)
      at flushSyncCallbacks (../../node_modules/react-dom/cjs/react-dom.development.js:12042:22)
      at flushSync (../../node_modules/react-dom/cjs/react-dom.development.js:26240:7)
      at ReactDOMRoot.Object.<anonymous>.ReactDOMHydrationRoot.unmount.ReactDOMRoot.unmount [as unmount] (../../node_modules/react-dom/cjs/react-dom.development.js:29375:5)
      at Object.unmount (../../node_modules/@testing-library/react/dist/pure.js:155:12)
      at ../../node_modules/@testing-library/react/dist/pure.js:286:12
      at ../../node_modules/@testing-library/react/dist/act-compat.js:48:24
      at act (../../node_modules/react/cjs/react.development.js:2512:16)
      at ../../node_modules/@testing-library/react/dist/act-compat.js:47:25
      at ../../node_modules/@testing-library/react/dist/pure.js:285:28
          at Array.forEach (<anonymous>)
      at cleanup (../../node_modules/@testing-library/react/dist/pure.js:281:22)
      at Object.<anonymous> (../../node_modules/@testing-library/react/dist/index.js:29:25)

    console.error
      Warning: react-modal: App element is not defined. Please use `Modal.setAppElement(el)` or set `appElement={el}`. This is needed so screen readers don't see main content when modal is opened. It is not recommended, but you can opt-out by setting `ariaHideApp={false}`.

      4 |
      5 | const renderWithIntl = (ui, {locale = 'en', messages = {}} = {}) => ({
    > 6 |     ...render(
        |              ^
      7 |         <IntlProvider
      8 |             locale={locale}
      9 |             messages={messages}

      at printWarning (../../node_modules/warning/warning.js:34:15)
      at warning (../../node_modules/warning/warning.js:57:20)
      at validateElement (../../node_modules/react-modal/lib/helpers/ariaAppHider.js:77:27)
      at Object.hide (../../node_modules/react-modal/lib/helpers/ariaAppHider.js:89:26)
      at ModalPortal.beforeOpen (../../node_modules/react-modal/lib/components/ModalPortal.js:342:22)
      at ModalPortal._this.open (../../node_modules/react-modal/lib/components/ModalPortal.js:135:13)
      at ModalPortal.componentDidMount (../../node_modules/react-modal/lib/components/ModalPortal.js:285:14)
      at commitLayoutEffectOnFiber (../../node_modules/react-dom/cjs/react-dom.development.js:23349:28)
      at commitLayoutMountEffects_complete (../../node_modules/react-dom/cjs/react-dom.development.js:24727:9)
      at commitLayoutEffects_begin (../../node_modules/react-dom/cjs/react-dom.development.js:24713:7)
      at commitLayoutEffects (../../node_modules/react-dom/cjs/react-dom.development.js:24651:3)
      at commitRootImpl (../../node_modules/react-dom/cjs/react-dom.development.js:26862:5)
      at commitRoot (../../node_modules/react-dom/cjs/react-dom.development.js:26721:5)
      at finishConcurrentRender (../../node_modules/react-dom/cjs/react-dom.development.js:26020:9)
      at performConcurrentWorkOnRoot (../../node_modules/react-dom/cjs/react-dom.development.js:25848:7)
      at flushActQueue (../../node_modules/react/cjs/react.development.js:2667:24)
      at act (../../node_modules/react/cjs/react.development.js:2582:11)
      at ../../node_modules/@testing-library/react/dist/act-compat.js:47:25
      at renderRoot (../../node_modules/@testing-library/react/dist/pure.js:180:26)
      at render (../../node_modules/@testing-library/react/dist/pure.js:271:10)
      at renderWithIntl (test/helpers/intl-helpers.jsx:6:14)
      at Object.<anonymous> (test/unit/containers/slider-prompt.test.jsx:60:23)

    console.error
      Warning: react-modal: App element is not defined. Please use `Modal.setAppElement(el)` or set `appElement={el}`. This is needed so screen readers don't see main content when modal is opened. It is not recommended, but you can opt-out by setting `ariaHideApp={false}`.

      at printWarning (../../node_modules/warning/warning.js:34:15)
      at warning (../../node_modules/warning/warning.js:57:20)
      at validateElement (../../node_modules/react-modal/lib/helpers/ariaAppHider.js:77:27)
      at Object.show (../../node_modules/react-modal/lib/helpers/ariaAppHider.js:116:27)
      at ModalPortal._this.afterClose (../../node_modules/react-modal/lib/components/ModalPortal.js:114:24)
      at ModalPortal.componentWillUnmount (../../node_modules/react-modal/lib/components/ModalPortal.js:317:14)
      at callComponentWillUnmountWithTimer (../../node_modules/react-dom/cjs/react-dom.development.js:22896:14)
      at safelyCallComponentWillUnmount (../../node_modules/react-dom/cjs/react-dom.development.js:22912:5)
      at commitDeletionEffectsOnFiber (../../node_modules/react-dom/cjs/react-dom.development.js:24168:13)
      at recursivelyTraverseDeletionEffects (../../node_modules/react-dom/cjs/react-dom.development.js:24028:5)
      at commitDeletionEffectsOnFiber (../../node_modules/react-dom/cjs/react-dom.development.js:24101:11)
      at recursivelyTraverseDeletionEffects (../../node_modules/react-dom/cjs/react-dom.development.js:24028:5)
      at commitDeletionEffectsOnFiber (../../node_modules/react-dom/cjs/react-dom.development.js:24172:9)
      at recursivelyTraverseDeletionEffects (../../node_modules/react-dom/cjs/react-dom.development.js:24028:5)
      at commitDeletionEffectsOnFiber (../../node_modules/react-dom/cjs/react-dom.development.js:24157:9)
      at recursivelyTraverseDeletionEffects (../../node_modules/react-dom/cjs/react-dom.development.js:24028:5)
      at commitDeletionEffectsOnFiber (../../node_modules/react-dom/cjs/react-dom.development.js:24172:9)
      at recursivelyTraverseDeletionEffects (../../node_modules/react-dom/cjs/react-dom.development.js:24028:5)
      at commitDeletionEffectsOnFiber (../../node_modules/react-dom/cjs/react-dom.development.js:24209:9)
      at recursivelyTraverseDeletionEffects (../../node_modules/react-dom/cjs/react-dom.development.js:24028:5)
      at commitDeletionEffectsOnFiber (../../node_modules/react-dom/cjs/react-dom.development.js:24157:9)
      at recursivelyTraverseDeletionEffects (../../node_modules/react-dom/cjs/react-dom.development.js:24028:5)
      at commitDeletionEffectsOnFiber (../../node_modules/react-dom/cjs/react-dom.development.js:24157:9)
      at recursivelyTraverseDeletionEffects (../../node_modules/react-dom/cjs/react-dom.development.js:24028:5)
      at commitDeletionEffectsOnFiber (../../node_modules/react-dom/cjs/react-dom.development.js:24172:9)
      at recursivelyTraverseDeletionEffects (../../node_modules/react-dom/cjs/react-dom.development.js:24028:5)
      at commitDeletionEffectsOnFiber (../../node_modules/react-dom/cjs/react-dom.development.js:24209:9)
      at recursivelyTraverseDeletionEffects (../../node_modules/react-dom/cjs/react-dom.development.js:24028:5)
      at commitDeletionEffectsOnFiber (../../node_modules/react-dom/cjs/react-dom.development.js:24157:9)
      at recursivelyTraverseDeletionEffects (../../node_modules/react-dom/cjs/react-dom.development.js:24028:5)
      at commitDeletionEffectsOnFiber (../../node_modules/react-dom/cjs/react-dom.development.js:24209:9)
      at recursivelyTraverseDeletionEffects (../../node_modules/react-dom/cjs/react-dom.development.js:24028:5)
      at commitDeletionEffectsOnFiber (../../node_modules/react-dom/cjs/react-dom.development.js:24172:9)
      at commitDeletionEffects (../../node_modules/react-dom/cjs/react-dom.development.js:24015:5)
      at recursivelyTraverseMutationEffects (../../node_modules/react-dom/cjs/react-dom.development.js:24298:9)
      at commitMutationEffectsOnFiber (../../node_modules/react-dom/cjs/react-dom.development.js:24471:9)
      at commitMutationEffects (../../node_modules/react-dom/cjs/react-dom.development.js:24282:3)
      at commitRootImpl (../../node_modules/react-dom/cjs/react-dom.development.js:26849:5)
      at commitRoot (../../node_modules/react-dom/cjs/react-dom.development.js:26721:5)
      at performSyncWorkOnRoot (../../node_modules/react-dom/cjs/react-dom.development.js:26156:3)
      at flushSyncCallbacks (../../node_modules/react-dom/cjs/react-dom.development.js:12042:22)
      at flushSync (../../node_modules/react-dom/cjs/react-dom.development.js:26240:7)
      at ReactDOMRoot.Object.<anonymous>.ReactDOMHydrationRoot.unmount.ReactDOMRoot.unmount [as unmount] (../../node_modules/react-dom/cjs/react-dom.development.js:29375:5)
      at Object.unmount (../../node_modules/@testing-library/react/dist/pure.js:155:12)
      at ../../node_modules/@testing-library/react/dist/pure.js:286:12
      at ../../node_modules/@testing-library/react/dist/act-compat.js:48:24
      at act (../../node_modules/react/cjs/react.development.js:2512:16)
      at ../../node_modules/@testing-library/react/dist/act-compat.js:47:25
      at ../../node_modules/@testing-library/react/dist/pure.js:285:28
          at Array.forEach (<anonymous>)
      at cleanup (../../node_modules/@testing-library/react/dist/pure.js:281:22)
      at Object.<anonymous> (../../node_modules/@testing-library/react/dist/index.js:29:25)

PASS test/unit/containers/menu-bar-hoc.test.jsx
  ● Console

    console.error
      Error: Not implemented: window.confirm
          at module.exports (~/Documents/GitHub/AA_KNOWLEGE_BASED_DEV_SYSTEM/scratch-editor/node_modules/jest-environment-jsdom/node_modules/jsdom/lib/jsdom/browser/not-implemented.js:9:17)
          at ~/Documents/GitHub/AA_KNOWLEGE_BASED_DEV_SYSTEM/scratch-editor/node_modules/jest-environment-jsdom/node_modules/jsdom/lib/jsdom/browser/Window.js:870:7
          at Object.confirm [as confirmWithMessage] (~/Documents/GitHub/AA_KNOWLEGE_BASED_DEV_SYSTEM/scratch-editor/packages/scratch-gui/src/containers/menu-bar-hoc.jsx:49:41)
          at MenuBarContainer.confirmWithMessage (~/Documents/GitHub/AA_KNOWLEGE_BASED_DEV_SYSTEM/scratch-editor/packages/scratch-gui/src/containers/menu-bar-hoc.jsx:19:52)
          at wrapper (~/Documents/GitHub/AA_KNOWLEGE_BASED_DEV_SYSTEM/scratch-editor/node_modules/lodash.bindall/index.js:550:15)
          at confirmReadyToReplaceProject (~/Documents/GitHub/AA_KNOWLEGE_BASED_DEV_SYSTEM/scratch-editor/packages/scratch-gui/test/unit/containers/menu-bar-hoc.test.jsx:25:29)
          at ~/Documents/GitHub/AA_KNOWLEGE_BASED_DEV_SYSTEM/scratch-editor/node_modules/jest-mock/build/index.js:397:39
          at ~/Documents/GitHub/AA_KNOWLEGE_BASED_DEV_SYSTEM/scratch-editor/node_modules/jest-mock/build/index.js:404:13
          at mockConstructor (~/Documents/GitHub/AA_KNOWLEGE_BASED_DEV_SYSTEM/scratch-editor/node_modules/jest-mock/build/index.js:103:19)
          at renderWithHooks (~/Documents/GitHub/AA_KNOWLEGE_BASED_DEV_SYSTEM/scratch-editor/node_modules/react-dom/cjs/react-dom.development.js:15486:18)
          at mountIndeterminateComponent (~/Documents/GitHub/AA_KNOWLEGE_BASED_DEV_SYSTEM/scratch-editor/node_modules/react-dom/cjs/react-dom.development.js:20103:13)
          at beginWork (~/Documents/GitHub/AA_KNOWLEGE_BASED_DEV_SYSTEM/scratch-editor/node_modules/react-dom/cjs/react-dom.development.js:21626:16)
          at beginWork$1 (~/Documents/GitHub/AA_KNOWLEGE_BASED_DEV_SYSTEM/scratch-editor/node_modules/react-dom/cjs/react-dom.development.js:27465:14)
          at performUnitOfWork (~/Documents/GitHub/AA_KNOWLEGE_BASED_DEV_SYSTEM/scratch-editor/node_modules/react-dom/cjs/react-dom.development.js:26599:12)
          at workLoopSync (~/Documents/GitHub/AA_KNOWLEGE_BASED_DEV_SYSTEM/scratch-editor/node_modules/react-dom/cjs/react-dom.development.js:26505:5)
          at renderRootSync (~/Documents/GitHub/AA_KNOWLEGE_BASED_DEV_SYSTEM/scratch-editor/node_modules/react-dom/cjs/react-dom.development.js:26473:7)
          at performConcurrentWorkOnRoot (~/Documents/GitHub/AA_KNOWLEGE_BASED_DEV_SYSTEM/scratch-editor/node_modules/react-dom/cjs/react-dom.development.js:25777:74)
          at flushActQueue (~/Documents/GitHub/AA_KNOWLEGE_BASED_DEV_SYSTEM/scratch-editor/node_modules/react/cjs/react.development.js:2667:24)
          at act (~/Documents/GitHub/AA_KNOWLEGE_BASED_DEV_SYSTEM/scratch-editor/node_modules/react/cjs/react.development.js:2582:11)
          at ~/Documents/GitHub/AA_KNOWLEGE_BASED_DEV_SYSTEM/scratch-editor/node_modules/@testing-library/react/dist/act-compat.js:47:25
          at renderRoot (~/Documents/GitHub/AA_KNOWLEGE_BASED_DEV_SYSTEM/scratch-editor/node_modules/@testing-library/react/dist/pure.js:180:26)
          at render (~/Documents/GitHub/AA_KNOWLEGE_BASED_DEV_SYSTEM/scratch-editor/node_modules/@testing-library/react/dist/pure.js:271:10)
          at Object.<anonymous> (~/Documents/GitHub/AA_KNOWLEGE_BASED_DEV_SYSTEM/scratch-editor/packages/scratch-gui/test/unit/containers/menu-bar-hoc.test.jsx:117:35)
          at Promise.then.completed (~/Documents/GitHub/AA_KNOWLEGE_BASED_DEV_SYSTEM/scratch-editor/node_modules/jest-circus/build/utils.js:298:28)
          at new Promise (<anonymous>)
          at callAsyncCircusFn (~/Documents/GitHub/AA_KNOWLEGE_BASED_DEV_SYSTEM/scratch-editor/node_modules/jest-circus/build/utils.js:231:10)
          at _callCircusTest (~/Documents/GitHub/AA_KNOWLEGE_BASED_DEV_SYSTEM/scratch-editor/node_modules/jest-circus/build/run.js:316:40)
          at _runTest (~/Documents/GitHub/AA_KNOWLEGE_BASED_DEV_SYSTEM/scratch-editor/node_modules/jest-circus/build/run.js:252:3)
          at _runTestsForDescribeBlock (~/Documents/GitHub/AA_KNOWLEGE_BASED_DEV_SYSTEM/scratch-editor/node_modules/jest-circus/build/run.js:126:9)
          at _runTestsForDescribeBlock (~/Documents/GitHub/AA_KNOWLEGE_BASED_DEV_SYSTEM/scratch-editor/node_modules/jest-circus/build/run.js:121:9)
          at run (~/Documents/GitHub/AA_KNOWLEGE_BASED_DEV_SYSTEM/scratch-editor/node_modules/jest-circus/build/run.js:71:3)
          at runAndTransformResultsToJestFormat (~/Documents/GitHub/AA_KNOWLEGE_BASED_DEV_SYSTEM/scratch-editor/node_modules/jest-circus/build/legacy-code-todo-rewrite/jestAdapterInit.js:122:21)
          at jestAdapter (~/Documents/GitHub/AA_KNOWLEGE_BASED_DEV_SYSTEM/scratch-editor/node_modules/jest-circus/build/legacy-code-todo-rewrite/jestAdapter.js:79:19)
          at runTestInternal (~/Documents/GitHub/AA_KNOWLEGE_BASED_DEV_SYSTEM/scratch-editor/node_modules/jest-runner/build/runTest.js:367:16)
          at runTest (~/Documents/GitHub/AA_KNOWLEGE_BASED_DEV_SYSTEM/scratch-editor/node_modules/jest-runner/build/runTest.js:444:34) {
        type: 'not implemented'
      }

      47 |     MenuBarContainer.defaultProps = {
      48 |         // default to using standard js confirm
    > 49 |         confirmWithMessage: message => (confirm(message)) // eslint-disable-line no-alert
         |                                         ^
      50 |     };
      51 |     const mapStateToProps = state => ({
      52 |         projectChanged: state.scratchGui.projectChanged

      at VirtualConsole.<anonymous> (../../node_modules/jest-environment-jsdom/build/index.js:63:23)
      at Object.confirm [as confirmWithMessage] (src/containers/menu-bar-hoc.jsx:49:41)
      at MenuBarContainer.confirmWithMessage (src/containers/menu-bar-hoc.jsx:19:52)
      at wrapper (../../node_modules/lodash.bindall/index.js:550:15)
      at confirmReadyToReplaceProject (test/unit/containers/menu-bar-hoc.test.jsx:25:29)
      at renderWithHooks (../../node_modules/react-dom/cjs/react-dom.development.js:15486:18)
      at mountIndeterminateComponent (../../node_modules/react-dom/cjs/react-dom.development.js:20103:13)
      at beginWork (../../node_modules/react-dom/cjs/react-dom.development.js:21626:16)
      at beginWork$1 (../../node_modules/react-dom/cjs/react-dom.development.js:27465:14)
      at performUnitOfWork (../../node_modules/react-dom/cjs/react-dom.development.js:26599:12)
      at workLoopSync (../../node_modules/react-dom/cjs/react-dom.development.js:26505:5)
      at renderRootSync (../../node_modules/react-dom/cjs/react-dom.development.js:26473:7)
      at performConcurrentWorkOnRoot (../../node_modules/react-dom/cjs/react-dom.development.js:25777:74)
      at flushActQueue (../../node_modules/react/cjs/react.development.js:2667:24)
      at act (../../node_modules/react/cjs/react.development.js:2582:11)
      at ../../node_modules/@testing-library/react/dist/act-compat.js:47:25
      at renderRoot (../../node_modules/@testing-library/react/dist/pure.js:180:26)
      at render (../../node_modules/@testing-library/react/dist/pure.js:271:10)
      at Object.<anonymous> (test/unit/containers/menu-bar-hoc.test.jsx:117:35)

    console.error
      Error: Not implemented: window.confirm
          at module.exports (~/Documents/GitHub/AA_KNOWLEGE_BASED_DEV_SYSTEM/scratch-editor/node_modules/jest-environment-jsdom/node_modules/jsdom/lib/jsdom/browser/not-implemented.js:9:17)
          at ~/Documents/GitHub/AA_KNOWLEGE_BASED_DEV_SYSTEM/scratch-editor/node_modules/jest-environment-jsdom/node_modules/jsdom/lib/jsdom/browser/Window.js:870:7
          at Object.confirm [as confirmWithMessage] (~/Documents/GitHub/AA_KNOWLEGE_BASED_DEV_SYSTEM/scratch-editor/packages/scratch-gui/src/containers/menu-bar-hoc.jsx:49:41)
          at MenuBarContainer.confirmWithMessage (~/Documents/GitHub/AA_KNOWLEGE_BASED_DEV_SYSTEM/scratch-editor/packages/scratch-gui/src/containers/menu-bar-hoc.jsx:19:52)
          at wrapper (~/Documents/GitHub/AA_KNOWLEGE_BASED_DEV_SYSTEM/scratch-editor/node_modules/lodash.bindall/index.js:550:15)
          at confirmReadyToReplaceProject (~/Documents/GitHub/AA_KNOWLEGE_BASED_DEV_SYSTEM/scratch-editor/packages/scratch-gui/test/unit/containers/menu-bar-hoc.test.jsx:25:29)
          at ~/Documents/GitHub/AA_KNOWLEGE_BASED_DEV_SYSTEM/scratch-editor/node_modules/jest-mock/build/index.js:397:39
          at ~/Documents/GitHub/AA_KNOWLEGE_BASED_DEV_SYSTEM/scratch-editor/node_modules/jest-mock/build/index.js:404:13
          at mockConstructor (~/Documents/GitHub/AA_KNOWLEGE_BASED_DEV_SYSTEM/scratch-editor/node_modules/jest-mock/build/index.js:103:19)
          at renderWithHooks (~/Documents/GitHub/AA_KNOWLEGE_BASED_DEV_SYSTEM/scratch-editor/node_modules/react-dom/cjs/react-dom.development.js:15486:18)
          at mountIndeterminateComponent (~/Documents/GitHub/AA_KNOWLEGE_BASED_DEV_SYSTEM/scratch-editor/node_modules/react-dom/cjs/react-dom.development.js:20103:13)
          at beginWork (~/Documents/GitHub/AA_KNOWLEGE_BASED_DEV_SYSTEM/scratch-editor/node_modules/react-dom/cjs/react-dom.development.js:21626:16)
          at beginWork$1 (~/Documents/GitHub/AA_KNOWLEGE_BASED_DEV_SYSTEM/scratch-editor/node_modules/react-dom/cjs/react-dom.development.js:27465:14)
          at performUnitOfWork (~/Documents/GitHub/AA_KNOWLEGE_BASED_DEV_SYSTEM/scratch-editor/node_modules/react-dom/cjs/react-dom.development.js:26599:12)
          at workLoopSync (~/Documents/GitHub/AA_KNOWLEGE_BASED_DEV_SYSTEM/scratch-editor/node_modules/react-dom/cjs/react-dom.development.js:26505:5)
          at renderRootSync (~/Documents/GitHub/AA_KNOWLEGE_BASED_DEV_SYSTEM/scratch-editor/node_modules/react-dom/cjs/react-dom.development.js:26473:7)
          at performConcurrentWorkOnRoot (~/Documents/GitHub/AA_KNOWLEGE_BASED_DEV_SYSTEM/scratch-editor/node_modules/react-dom/cjs/react-dom.development.js:25777:74)
          at flushActQueue (~/Documents/GitHub/AA_KNOWLEGE_BASED_DEV_SYSTEM/scratch-editor/node_modules/react/cjs/react.development.js:2667:24)
          at act (~/Documents/GitHub/AA_KNOWLEGE_BASED_DEV_SYSTEM/scratch-editor/node_modules/react/cjs/react.development.js:2582:11)
          at ~/Documents/GitHub/AA_KNOWLEGE_BASED_DEV_SYSTEM/scratch-editor/node_modules/@testing-library/react/dist/act-compat.js:47:25
          at renderRoot (~/Documents/GitHub/AA_KNOWLEGE_BASED_DEV_SYSTEM/scratch-editor/node_modules/@testing-library/react/dist/pure.js:180:26)
          at render (~/Documents/GitHub/AA_KNOWLEGE_BASED_DEV_SYSTEM/scratch-editor/node_modules/@testing-library/react/dist/pure.js:271:10)
          at Object.<anonymous> (~/Documents/GitHub/AA_KNOWLEGE_BASED_DEV_SYSTEM/scratch-editor/packages/scratch-gui/test/unit/containers/menu-bar-hoc.test.jsx:145:35)
          at Promise.then.completed (~/Documents/GitHub/AA_KNOWLEGE_BASED_DEV_SYSTEM/scratch-editor/node_modules/jest-circus/build/utils.js:298:28)
          at new Promise (<anonymous>)
          at callAsyncCircusFn (~/Documents/GitHub/AA_KNOWLEGE_BASED_DEV_SYSTEM/scratch-editor/node_modules/jest-circus/build/utils.js:231:10)
          at _callCircusTest (~/Documents/GitHub/AA_KNOWLEGE_BASED_DEV_SYSTEM/scratch-editor/node_modules/jest-circus/build/run.js:316:40)
          at _runTest (~/Documents/GitHub/AA_KNOWLEGE_BASED_DEV_SYSTEM/scratch-editor/node_modules/jest-circus/build/run.js:252:3)
          at _runTestsForDescribeBlock (~/Documents/GitHub/AA_KNOWLEGE_BASED_DEV_SYSTEM/scratch-editor/node_modules/jest-circus/build/run.js:126:9)
          at _runTestsForDescribeBlock (~/Documents/GitHub/AA_KNOWLEGE_BASED_DEV_SYSTEM/scratch-editor/node_modules/jest-circus/build/run.js:121:9)
          at run (~/Documents/GitHub/AA_KNOWLEGE_BASED_DEV_SYSTEM/scratch-editor/node_modules/jest-circus/build/run.js:71:3)
          at runAndTransformResultsToJestFormat (~/Documents/GitHub/AA_KNOWLEGE_BASED_DEV_SYSTEM/scratch-editor/node_modules/jest-circus/build/legacy-code-todo-rewrite/jestAdapterInit.js:122:21)
          at jestAdapter (~/Documents/GitHub/AA_KNOWLEGE_BASED_DEV_SYSTEM/scratch-editor/node_modules/jest-circus/build/legacy-code-todo-rewrite/jestAdapter.js:79:19)
          at runTestInternal (~/Documents/GitHub/AA_KNOWLEGE_BASED_DEV_SYSTEM/scratch-editor/node_modules/jest-runner/build/runTest.js:367:16)
          at runTest (~/Documents/GitHub/AA_KNOWLEGE_BASED_DEV_SYSTEM/scratch-editor/node_modules/jest-runner/build/runTest.js:444:34) {
        type: 'not implemented'
      }

      47 |     MenuBarContainer.defaultProps = {
      48 |         // default to using standard js confirm
    > 49 |         confirmWithMessage: message => (confirm(message)) // eslint-disable-line no-alert
         |                                         ^
      50 |     };
      51 |     const mapStateToProps = state => ({
      52 |         projectChanged: state.scratchGui.projectChanged

      at VirtualConsole.<anonymous> (../../node_modules/jest-environment-jsdom/build/index.js:63:23)
      at Object.confirm [as confirmWithMessage] (src/containers/menu-bar-hoc.jsx:49:41)
      at MenuBarContainer.confirmWithMessage (src/containers/menu-bar-hoc.jsx:19:52)
      at wrapper (../../node_modules/lodash.bindall/index.js:550:15)
      at confirmReadyToReplaceProject (test/unit/containers/menu-bar-hoc.test.jsx:25:29)
      at renderWithHooks (../../node_modules/react-dom/cjs/react-dom.development.js:15486:18)
      at mountIndeterminateComponent (../../node_modules/react-dom/cjs/react-dom.development.js:20103:13)
      at beginWork (../../node_modules/react-dom/cjs/react-dom.development.js:21626:16)
      at beginWork$1 (../../node_modules/react-dom/cjs/react-dom.development.js:27465:14)
      at performUnitOfWork (../../node_modules/react-dom/cjs/react-dom.development.js:26599:12)
      at workLoopSync (../../node_modules/react-dom/cjs/react-dom.development.js:26505:5)
      at renderRootSync (../../node_modules/react-dom/cjs/react-dom.development.js:26473:7)
      at performConcurrentWorkOnRoot (../../node_modules/react-dom/cjs/react-dom.development.js:25777:74)
      at flushActQueue (../../node_modules/react/cjs/react.development.js:2667:24)
      at act (../../node_modules/react/cjs/react.development.js:2582:11)
      at ../../node_modules/@testing-library/react/dist/act-compat.js:47:25
      at renderRoot (../../node_modules/@testing-library/react/dist/pure.js:180:26)
      at render (../../node_modules/@testing-library/react/dist/pure.js:271:10)
      at Object.<anonymous> (test/unit/containers/menu-bar-hoc.test.jsx:145:35)

PASS test/unit/contracts/mcremote-config-contract.test.js
PASS test/unit/components/error-boundary-hoc.test.jsx
  ● Console

    console.error
      Error: Uncaught [Error: Test error]
          at reportException (~/Documents/GitHub/AA_KNOWLEGE_BASED_DEV_SYSTEM/scratch-editor/node_modules/jest-environment-jsdom/node_modules/jsdom/lib/jsdom/living/helpers/runtime-script-errors.js:66:24)
          at innerInvokeEventListeners (~/Documents/GitHub/AA_KNOWLEGE_BASED_DEV_SYSTEM/scratch-editor/node_modules/jest-environment-jsdom/node_modules/jsdom/lib/jsdom/living/events/EventTarget-impl.js:353:9)
          at invokeEventListeners (~/Documents/GitHub/AA_KNOWLEGE_BASED_DEV_SYSTEM/scratch-editor/node_modules/jest-environment-jsdom/node_modules/jsdom/lib/jsdom/living/events/EventTarget-impl.js:286:3)
          at HTMLUnknownElementImpl._dispatch (~/Documents/GitHub/AA_KNOWLEGE_BASED_DEV_SYSTEM/scratch-editor/node_modules/jest-environment-jsdom/node_modules/jsdom/lib/jsdom/living/events/EventTarget-impl.js:233:9)
          at HTMLUnknownElementImpl.dispatchEvent (~/Documents/GitHub/AA_KNOWLEGE_BASED_DEV_SYSTEM/scratch-editor/node_modules/jest-environment-jsdom/node_modules/jsdom/lib/jsdom/living/events/EventTarget-impl.js:104:17)
          at HTMLUnknownElement.dispatchEvent (~/Documents/GitHub/AA_KNOWLEGE_BASED_DEV_SYSTEM/scratch-editor/node_modules/jest-environment-jsdom/node_modules/jsdom/lib/jsdom/living/generated/EventTarget.js:241:34)
          at Object.invokeGuardedCallbackDev (~/Documents/GitHub/AA_KNOWLEGE_BASED_DEV_SYSTEM/scratch-editor/node_modules/react-dom/cjs/react-dom.development.js:4213:16)
          at invokeGuardedCallback (~/Documents/GitHub/AA_KNOWLEGE_BASED_DEV_SYSTEM/scratch-editor/node_modules/react-dom/cjs/react-dom.development.js:4277:31)
          at beginWork$1 (~/Documents/GitHub/AA_KNOWLEGE_BASED_DEV_SYSTEM/scratch-editor/node_modules/react-dom/cjs/react-dom.development.js:27490:7)
          at performUnitOfWork (~/Documents/GitHub/AA_KNOWLEGE_BASED_DEV_SYSTEM/scratch-editor/node_modules/react-dom/cjs/react-dom.development.js:26599:12)
          at workLoopSync (~/Documents/GitHub/AA_KNOWLEGE_BASED_DEV_SYSTEM/scratch-editor/node_modules/react-dom/cjs/react-dom.development.js:26505:5)
          at renderRootSync (~/Documents/GitHub/AA_KNOWLEGE_BASED_DEV_SYSTEM/scratch-editor/node_modules/react-dom/cjs/react-dom.development.js:26473:7)
          at performConcurrentWorkOnRoot (~/Documents/GitHub/AA_KNOWLEGE_BASED_DEV_SYSTEM/scratch-editor/node_modules/react-dom/cjs/react-dom.development.js:25777:74)
          at flushActQueue (~/Documents/GitHub/AA_KNOWLEGE_BASED_DEV_SYSTEM/scratch-editor/node_modules/react/cjs/react.development.js:2667:24)
          at act (~/Documents/GitHub/AA_KNOWLEGE_BASED_DEV_SYSTEM/scratch-editor/node_modules/react/cjs/react.development.js:2582:11)
          at ~/Documents/GitHub/AA_KNOWLEGE_BASED_DEV_SYSTEM/scratch-editor/node_modules/@testing-library/react/dist/act-compat.js:47:25
          at renderRoot (~/Documents/GitHub/AA_KNOWLEGE_BASED_DEV_SYSTEM/scratch-editor/node_modules/@testing-library/react/dist/pure.js:180:26)
          at render (~/Documents/GitHub/AA_KNOWLEGE_BASED_DEV_SYSTEM/scratch-editor/node_modules/@testing-library/react/dist/pure.js:271:10)
          at renderWithIntl (~/Documents/GitHub/AA_KNOWLEGE_BASED_DEV_SYSTEM/scratch-editor/packages/scratch-gui/test/helpers/intl-helpers.jsx:6:14)
          at Object.<anonymous> (~/Documents/GitHub/AA_KNOWLEGE_BASED_DEV_SYSTEM/scratch-editor/packages/scratch-gui/test/unit/components/error-boundary-hoc.test.jsx:39:59)
          at Promise.then.completed (~/Documents/GitHub/AA_KNOWLEGE_BASED_DEV_SYSTEM/scratch-editor/node_modules/jest-circus/build/utils.js:298:28)
          at new Promise (<anonymous>)
          at callAsyncCircusFn (~/Documents/GitHub/AA_KNOWLEGE_BASED_DEV_SYSTEM/scratch-editor/node_modules/jest-circus/build/utils.js:231:10)
          at _callCircusTest (~/Documents/GitHub/AA_KNOWLEGE_BASED_DEV_SYSTEM/scratch-editor/node_modules/jest-circus/build/run.js:316:40)
          at _runTest (~/Documents/GitHub/AA_KNOWLEGE_BASED_DEV_SYSTEM/scratch-editor/node_modules/jest-circus/build/run.js:252:3)
          at _runTestsForDescribeBlock (~/Documents/GitHub/AA_KNOWLEGE_BASED_DEV_SYSTEM/scratch-editor/node_modules/jest-circus/build/run.js:126:9)
          at _runTestsForDescribeBlock (~/Documents/GitHub/AA_KNOWLEGE_BASED_DEV_SYSTEM/scratch-editor/node_modules/jest-circus/build/run.js:121:9)
          at run (~/Documents/GitHub/AA_KNOWLEGE_BASED_DEV_SYSTEM/scratch-editor/node_modules/jest-circus/build/run.js:71:3)
          at runAndTransformResultsToJestFormat (~/Documents/GitHub/AA_KNOWLEGE_BASED_DEV_SYSTEM/scratch-editor/node_modules/jest-circus/build/legacy-code-todo-rewrite/jestAdapterInit.js:122:21)
          at jestAdapter (~/Documents/GitHub/AA_KNOWLEGE_BASED_DEV_SYSTEM/scratch-editor/node_modules/jest-circus/build/legacy-code-todo-rewrite/jestAdapter.js:79:19)
          at runTestInternal (~/Documents/GitHub/AA_KNOWLEGE_BASED_DEV_SYSTEM/scratch-editor/node_modules/jest-runner/build/runTest.js:367:16)
          at runTest (~/Documents/GitHub/AA_KNOWLEGE_BASED_DEV_SYSTEM/scratch-editor/node_modules/jest-runner/build/runTest.js:444:34) {
        detail: Error: Test error
            at ThrowError (~/Documents/GitHub/AA_KNOWLEGE_BASED_DEV_SYSTEM/scratch-editor/packages/scratch-gui/test/unit/components/error-boundary-hoc.test.jsx:37:19)
            at renderWithHooks (~/Documents/GitHub/AA_KNOWLEGE_BASED_DEV_SYSTEM/scratch-editor/node_modules/react-dom/cjs/react-dom.development.js:15486:18)
            at mountIndeterminateComponent (~/Documents/GitHub/AA_KNOWLEGE_BASED_DEV_SYSTEM/scratch-editor/node_modules/react-dom/cjs/react-dom.development.js:20103:13)
            at beginWork (~/Documents/GitHub/AA_KNOWLEGE_BASED_DEV_SYSTEM/scratch-editor/node_modules/react-dom/cjs/react-dom.development.js:21626:16)
            at HTMLUnknownElement.callCallback (~/Documents/GitHub/AA_KNOWLEGE_BASED_DEV_SYSTEM/scratch-editor/node_modules/react-dom/cjs/react-dom.development.js:4164:14)
            at HTMLUnknownElement.callTheUserObjectsOperation (~/Documents/GitHub/AA_KNOWLEGE_BASED_DEV_SYSTEM/scratch-editor/node_modules/jest-environment-jsdom/node_modules/jsdom/lib/jsdom/living/generated/EventListener.js:26:30)
            at innerInvokeEventListeners (~/Documents/GitHub/AA_KNOWLEGE_BASED_DEV_SYSTEM/scratch-editor/node_modules/jest-environment-jsdom/node_modules/jsdom/lib/jsdom/living/events/EventTarget-impl.js:350:25)
            at invokeEventListeners (~/Documents/GitHub/AA_KNOWLEGE_BASED_DEV_SYSTEM/scratch-editor/node_modules/jest-environment-jsdom/node_modules/jsdom/lib/jsdom/living/events/EventTarget-impl.js:286:3)
            at HTMLUnknownElementImpl._dispatch (~/Documents/GitHub/AA_KNOWLEGE_BASED_DEV_SYSTEM/scratch-editor/node_modules/jest-environment-jsdom/node_modules/jsdom/lib/jsdom/living/events/EventTarget-impl.js:233:9)
            at HTMLUnknownElementImpl.dispatchEvent (~/Documents/GitHub/AA_KNOWLEGE_BASED_DEV_SYSTEM/scratch-editor/node_modules/jest-environment-jsdom/node_modules/jsdom/lib/jsdom/living/events/EventTarget-impl.js:104:17)
            at HTMLUnknownElement.dispatchEvent (~/Documents/GitHub/AA_KNOWLEGE_BASED_DEV_SYSTEM/scratch-editor/node_modules/jest-environment-jsdom/node_modules/jsdom/lib/jsdom/living/generated/EventTarget.js:241:34)
            at Object.invokeGuardedCallbackDev (~/Documents/GitHub/AA_KNOWLEGE_BASED_DEV_SYSTEM/scratch-editor/node_modules/react-dom/cjs/react-dom.development.js:4213:16)
            at invokeGuardedCallback (~/Documents/GitHub/AA_KNOWLEGE_BASED_DEV_SYSTEM/scratch-editor/node_modules/react-dom/cjs/react-dom.development.js:4277:31)
            at beginWork$1 (~/Documents/GitHub/AA_KNOWLEGE_BASED_DEV_SYSTEM/scratch-editor/node_modules/react-dom/cjs/react-dom.development.js:27490:7)
            at performUnitOfWork (~/Documents/GitHub/AA_KNOWLEGE_BASED_DEV_SYSTEM/scratch-editor/node_modules/react-dom/cjs/react-dom.development.js:26599:12)
            at workLoopSync (~/Documents/GitHub/AA_KNOWLEGE_BASED_DEV_SYSTEM/scratch-editor/node_modules/react-dom/cjs/react-dom.development.js:26505:5)
            at renderRootSync (~/Documents/GitHub/AA_KNOWLEGE_BASED_DEV_SYSTEM/scratch-editor/node_modules/react-dom/cjs/react-dom.development.js:26473:7)
            at performConcurrentWorkOnRoot (~/Documents/GitHub/AA_KNOWLEGE_BASED_DEV_SYSTEM/scratch-editor/node_modules/react-dom/cjs/react-dom.development.js:25777:74)
            at flushActQueue (~/Documents/GitHub/AA_KNOWLEGE_BASED_DEV_SYSTEM/scratch-editor/node_modules/react/cjs/react.development.js:2667:24)
            at act (~/Documents/GitHub/AA_KNOWLEGE_BASED_DEV_SYSTEM/scratch-editor/node_modules/react/cjs/react.development.js:2582:11)
            at ~/Documents/GitHub/AA_KNOWLEGE_BASED_DEV_SYSTEM/scratch-editor/node_modules/@testing-library/react/dist/act-compat.js:47:25
            at renderRoot (~/Documents/GitHub/AA_KNOWLEGE_BASED_DEV_SYSTEM/scratch-editor/node_modules/@testing-library/react/dist/pure.js:180:26)
            at render (~/Documents/GitHub/AA_KNOWLEGE_BASED_DEV_SYSTEM/scratch-editor/node_modules/@testing-library/react/dist/pure.js:271:10)
            at renderWithIntl (~/Documents/GitHub/AA_KNOWLEGE_BASED_DEV_SYSTEM/scratch-editor/packages/scratch-gui/test/helpers/intl-helpers.jsx:6:14)
            at Object.<anonymous> (~/Documents/GitHub/AA_KNOWLEGE_BASED_DEV_SYSTEM/scratch-editor/packages/scratch-gui/test/unit/components/error-boundary-hoc.test.jsx:39:59)
            at Promise.then.completed (~/Documents/GitHub/AA_KNOWLEGE_BASED_DEV_SYSTEM/scratch-editor/node_modules/jest-circus/build/utils.js:298:28)
            at new Promise (<anonymous>)
            at callAsyncCircusFn (~/Documents/GitHub/AA_KNOWLEGE_BASED_DEV_SYSTEM/scratch-editor/node_modules/jest-circus/build/utils.js:231:10)
            at _callCircusTest (~/Documents/GitHub/AA_KNOWLEGE_BASED_DEV_SYSTEM/scratch-editor/node_modules/jest-circus/build/run.js:316:40)
            at _runTest (~/Documents/GitHub/AA_KNOWLEGE_BASED_DEV_SYSTEM/scratch-editor/node_modules/jest-circus/build/run.js:252:3)
            at _runTestsForDescribeBlock (~/Documents/GitHub/AA_KNOWLEGE_BASED_DEV_SYSTEM/scratch-editor/node_modules/jest-circus/build/run.js:126:9)
            at _runTestsForDescribeBlock (~/Documents/GitHub/AA_KNOWLEGE_BASED_DEV_SYSTEM/scratch-editor/node_modules/jest-circus/build/run.js:121:9)
            at run (~/Documents/GitHub/AA_KNOWLEGE_BASED_DEV_SYSTEM/scratch-editor/node_modules/jest-circus/build/run.js:71:3)
            at runAndTransformResultsToJestFormat (~/Documents/GitHub/AA_KNOWLEGE_BASED_DEV_SYSTEM/scratch-editor/node_modules/jest-circus/build/legacy-code-todo-rewrite/jestAdapterInit.js:122:21)
            at jestAdapter (~/Documents/GitHub/AA_KNOWLEGE_BASED_DEV_SYSTEM/scratch-editor/node_modules/jest-circus/build/legacy-code-todo-rewrite/jestAdapter.js:79:19)
            at runTestInternal (~/Documents/GitHub/AA_KNOWLEGE_BASED_DEV_SYSTEM/scratch-editor/node_modules/jest-runner/build/runTest.js:367:16)
            at runTest (~/Documents/GitHub/AA_KNOWLEGE_BASED_DEV_SYSTEM/scratch-editor/node_modules/jest-runner/build/runTest.js:444:34),
        type: 'unhandled exception'
      }

      4 |
      5 | const renderWithIntl = (ui, {locale = 'en', messages = {}} = {}) => ({
    > 6 |     ...render(
        |              ^
      7 |         <IntlProvider
      8 |             locale={locale}
      9 |             messages={messages}

      at VirtualConsole.<anonymous> (../../node_modules/jest-environment-jsdom/build/index.js:63:23)
      at Object.invokeGuardedCallbackDev (../../node_modules/react-dom/cjs/react-dom.development.js:4213:16)
      at invokeGuardedCallback (../../node_modules/react-dom/cjs/react-dom.development.js:4277:31)
      at beginWork$1 (../../node_modules/react-dom/cjs/react-dom.development.js:27490:7)
      at performUnitOfWork (../../node_modules/react-dom/cjs/react-dom.development.js:26599:12)
      at workLoopSync (../../node_modules/react-dom/cjs/react-dom.development.js:26505:5)
      at renderRootSync (../../node_modules/react-dom/cjs/react-dom.development.js:26473:7)
      at performConcurrentWorkOnRoot (../../node_modules/react-dom/cjs/react-dom.development.js:25777:74)
      at flushActQueue (../../node_modules/react/cjs/react.development.js:2667:24)
      at act (../../node_modules/react/cjs/react.development.js:2582:11)
      at ../../node_modules/@testing-library/react/dist/act-compat.js:47:25
      at renderRoot (../../node_modules/@testing-library/react/dist/pure.js:180:26)
      at render (../../node_modules/@testing-library/react/dist/pure.js:271:10)
      at renderWithIntl (test/helpers/intl-helpers.jsx:6:14)
      at Object.<anonymous> (test/unit/components/error-boundary-hoc.test.jsx:39:59)

    console.error
      Error: Uncaught [Error: Test error]
          at reportException (~/Documents/GitHub/AA_KNOWLEGE_BASED_DEV_SYSTEM/scratch-editor/node_modules/jest-environment-jsdom/node_modules/jsdom/lib/jsdom/living/helpers/runtime-script-errors.js:66:24)
          at innerInvokeEventListeners (~/Documents/GitHub/AA_KNOWLEGE_BASED_DEV_SYSTEM/scratch-editor/node_modules/jest-environment-jsdom/node_modules/jsdom/lib/jsdom/living/events/EventTarget-impl.js:353:9)
          at invokeEventListeners (~/Documents/GitHub/AA_KNOWLEGE_BASED_DEV_SYSTEM/scratch-editor/node_modules/jest-environment-jsdom/node_modules/jsdom/lib/jsdom/living/events/EventTarget-impl.js:286:3)
          at HTMLUnknownElementImpl._dispatch (~/Documents/GitHub/AA_KNOWLEGE_BASED_DEV_SYSTEM/scratch-editor/node_modules/jest-environment-jsdom/node_modules/jsdom/lib/jsdom/living/events/EventTarget-impl.js:233:9)
          at HTMLUnknownElementImpl.dispatchEvent (~/Documents/GitHub/AA_KNOWLEGE_BASED_DEV_SYSTEM/scratch-editor/node_modules/jest-environment-jsdom/node_modules/jsdom/lib/jsdom/living/events/EventTarget-impl.js:104:17)
          at HTMLUnknownElement.dispatchEvent (~/Documents/GitHub/AA_KNOWLEGE_BASED_DEV_SYSTEM/scratch-editor/node_modules/jest-environment-jsdom/node_modules/jsdom/lib/jsdom/living/generated/EventTarget.js:241:34)
          at Object.invokeGuardedCallbackDev (~/Documents/GitHub/AA_KNOWLEGE_BASED_DEV_SYSTEM/scratch-editor/node_modules/react-dom/cjs/react-dom.development.js:4213:16)
          at invokeGuardedCallback (~/Documents/GitHub/AA_KNOWLEGE_BASED_DEV_SYSTEM/scratch-editor/node_modules/react-dom/cjs/react-dom.development.js:4277:31)
          at beginWork$1 (~/Documents/GitHub/AA_KNOWLEGE_BASED_DEV_SYSTEM/scratch-editor/node_modules/react-dom/cjs/react-dom.development.js:27490:7)
          at performUnitOfWork (~/Documents/GitHub/AA_KNOWLEGE_BASED_DEV_SYSTEM/scratch-editor/node_modules/react-dom/cjs/react-dom.development.js:26599:12)
          at workLoopSync (~/Documents/GitHub/AA_KNOWLEGE_BASED_DEV_SYSTEM/scratch-editor/node_modules/react-dom/cjs/react-dom.development.js:26505:5)
          at renderRootSync (~/Documents/GitHub/AA_KNOWLEGE_BASED_DEV_SYSTEM/scratch-editor/node_modules/react-dom/cjs/react-dom.development.js:26473:7)
          at recoverFromConcurrentError (~/Documents/GitHub/AA_KNOWLEGE_BASED_DEV_SYSTEM/scratch-editor/node_modules/react-dom/cjs/react-dom.development.js:25889:20)
          at performConcurrentWorkOnRoot (~/Documents/GitHub/AA_KNOWLEGE_BASED_DEV_SYSTEM/scratch-editor/node_modules/react-dom/cjs/react-dom.development.js:25789:22)
          at flushActQueue (~/Documents/GitHub/AA_KNOWLEGE_BASED_DEV_SYSTEM/scratch-editor/node_modules/react/cjs/react.development.js:2667:24)
          at act (~/Documents/GitHub/AA_KNOWLEGE_BASED_DEV_SYSTEM/scratch-editor/node_modules/react/cjs/react.development.js:2582:11)
          at ~/Documents/GitHub/AA_KNOWLEGE_BASED_DEV_SYSTEM/scratch-editor/node_modules/@testing-library/react/dist/act-compat.js:47:25
          at renderRoot (~/Documents/GitHub/AA_KNOWLEGE_BASED_DEV_SYSTEM/scratch-editor/node_modules/@testing-library/react/dist/pure.js:180:26)
          at render (~/Documents/GitHub/AA_KNOWLEGE_BASED_DEV_SYSTEM/scratch-editor/node_modules/@testing-library/react/dist/pure.js:271:10)
          at renderWithIntl (~/Documents/GitHub/AA_KNOWLEGE_BASED_DEV_SYSTEM/scratch-editor/packages/scratch-gui/test/helpers/intl-helpers.jsx:6:14)
          at Object.<anonymous> (~/Documents/GitHub/AA_KNOWLEGE_BASED_DEV_SYSTEM/scratch-editor/packages/scratch-gui/test/unit/components/error-boundary-hoc.test.jsx:39:59)
          at Promise.then.completed (~/Documents/GitHub/AA_KNOWLEGE_BASED_DEV_SYSTEM/scratch-editor/node_modules/jest-circus/build/utils.js:298:28)
          at new Promise (<anonymous>)
          at callAsyncCircusFn (~/Documents/GitHub/AA_KNOWLEGE_BASED_DEV_SYSTEM/scratch-editor/node_modules/jest-circus/build/utils.js:231:10)
          at _callCircusTest (~/Documents/GitHub/AA_KNOWLEGE_BASED_DEV_SYSTEM/scratch-editor/node_modules/jest-circus/build/run.js:316:40)
          at _runTest (~/Documents/GitHub/AA_KNOWLEGE_BASED_DEV_SYSTEM/scratch-editor/node_modules/jest-circus/build/run.js:252:3)
          at _runTestsForDescribeBlock (~/Documents/GitHub/AA_KNOWLEGE_BASED_DEV_SYSTEM/scratch-editor/node_modules/jest-circus/build/run.js:126:9)
          at _runTestsForDescribeBlock (~/Documents/GitHub/AA_KNOWLEGE_BASED_DEV_SYSTEM/scratch-editor/node_modules/jest-circus/build/run.js:121:9)
          at run (~/Documents/GitHub/AA_KNOWLEGE_BASED_DEV_SYSTEM/scratch-editor/node_modules/jest-circus/build/run.js:71:3)
          at runAndTransformResultsToJestFormat (~/Documents/GitHub/AA_KNOWLEGE_BASED_DEV_SYSTEM/scratch-editor/node_modules/jest-circus/build/legacy-code-todo-rewrite/jestAdapterInit.js:122:21)
          at jestAdapter (~/Documents/GitHub/AA_KNOWLEGE_BASED_DEV_SYSTEM/scratch-editor/node_modules/jest-circus/build/legacy-code-todo-rewrite/jestAdapter.js:79:19)
          at runTestInternal (~/Documents/GitHub/AA_KNOWLEGE_BASED_DEV_SYSTEM/scratch-editor/node_modules/jest-runner/build/runTest.js:367:16)
          at runTest (~/Documents/GitHub/AA_KNOWLEGE_BASED_DEV_SYSTEM/scratch-editor/node_modules/jest-runner/build/runTest.js:444:34) {
        detail: Error: Test error
            at ThrowError (~/Documents/GitHub/AA_KNOWLEGE_BASED_DEV_SYSTEM/scratch-editor/packages/scratch-gui/test/unit/components/error-boundary-hoc.test.jsx:37:19)
            at renderWithHooks (~/Documents/GitHub/AA_KNOWLEGE_BASED_DEV_SYSTEM/scratch-editor/node_modules/react-dom/cjs/react-dom.development.js:15486:18)
            at mountIndeterminateComponent (~/Documents/GitHub/AA_KNOWLEGE_BASED_DEV_SYSTEM/scratch-editor/node_modules/react-dom/cjs/react-dom.development.js:20103:13)
            at beginWork (~/Documents/GitHub/AA_KNOWLEGE_BASED_DEV_SYSTEM/scratch-editor/node_modules/react-dom/cjs/react-dom.development.js:21626:16)
            at HTMLUnknownElement.callCallback (~/Documents/GitHub/AA_KNOWLEGE_BASED_DEV_SYSTEM/scratch-editor/node_modules/react-dom/cjs/react-dom.development.js:4164:14)
            at HTMLUnknownElement.callTheUserObjectsOperation (~/Documents/GitHub/AA_KNOWLEGE_BASED_DEV_SYSTEM/scratch-editor/node_modules/jest-environment-jsdom/node_modules/jsdom/lib/jsdom/living/generated/EventListener.js:26:30)
            at innerInvokeEventListeners (~/Documents/GitHub/AA_KNOWLEGE_BASED_DEV_SYSTEM/scratch-editor/node_modules/jest-environment-jsdom/node_modules/jsdom/lib/jsdom/living/events/EventTarget-impl.js:350:25)
            at invokeEventListeners (~/Documents/GitHub/AA_KNOWLEGE_BASED_DEV_SYSTEM/scratch-editor/node_modules/jest-environment-jsdom/node_modules/jsdom/lib/jsdom/living/events/EventTarget-impl.js:286:3)
            at HTMLUnknownElementImpl._dispatch (~/Documents/GitHub/AA_KNOWLEGE_BASED_DEV_SYSTEM/scratch-editor/node_modules/jest-environment-jsdom/node_modules/jsdom/lib/jsdom/living/events/EventTarget-impl.js:233:9)
            at HTMLUnknownElementImpl.dispatchEvent (~/Documents/GitHub/AA_KNOWLEGE_BASED_DEV_SYSTEM/scratch-editor/node_modules/jest-environment-jsdom/node_modules/jsdom/lib/jsdom/living/events/EventTarget-impl.js:104:17)
            at HTMLUnknownElement.dispatchEvent (~/Documents/GitHub/AA_KNOWLEGE_BASED_DEV_SYSTEM/scratch-editor/node_modules/jest-environment-jsdom/node_modules/jsdom/lib/jsdom/living/generated/EventTarget.js:241:34)
            at Object.invokeGuardedCallbackDev (~/Documents/GitHub/AA_KNOWLEGE_BASED_DEV_SYSTEM/scratch-editor/node_modules/react-dom/cjs/react-dom.development.js:4213:16)
            at invokeGuardedCallback (~/Documents/GitHub/AA_KNOWLEGE_BASED_DEV_SYSTEM/scratch-editor/node_modules/react-dom/cjs/react-dom.development.js:4277:31)
            at beginWork$1 (~/Documents/GitHub/AA_KNOWLEGE_BASED_DEV_SYSTEM/scratch-editor/node_modules/react-dom/cjs/react-dom.development.js:27490:7)
            at performUnitOfWork (~/Documents/GitHub/AA_KNOWLEGE_BASED_DEV_SYSTEM/scratch-editor/node_modules/react-dom/cjs/react-dom.development.js:26599:12)
            at workLoopSync (~/Documents/GitHub/AA_KNOWLEGE_BASED_DEV_SYSTEM/scratch-editor/node_modules/react-dom/cjs/react-dom.development.js:26505:5)
            at renderRootSync (~/Documents/GitHub/AA_KNOWLEGE_BASED_DEV_SYSTEM/scratch-editor/node_modules/react-dom/cjs/react-dom.development.js:26473:7)
            at recoverFromConcurrentError (~/Documents/GitHub/AA_KNOWLEGE_BASED_DEV_SYSTEM/scratch-editor/node_modules/react-dom/cjs/react-dom.development.js:25889:20)
            at performConcurrentWorkOnRoot (~/Documents/GitHub/AA_KNOWLEGE_BASED_DEV_SYSTEM/scratch-editor/node_modules/react-dom/cjs/react-dom.development.js:25789:22)
            at flushActQueue (~/Documents/GitHub/AA_KNOWLEGE_BASED_DEV_SYSTEM/scratch-editor/node_modules/react/cjs/react.development.js:2667:24)
            at act (~/Documents/GitHub/AA_KNOWLEGE_BASED_DEV_SYSTEM/scratch-editor/node_modules/react/cjs/react.development.js:2582:11)
            at ~/Documents/GitHub/AA_KNOWLEGE_BASED_DEV_SYSTEM/scratch-editor/node_modules/@testing-library/react/dist/act-compat.js:47:25
            at renderRoot (~/Documents/GitHub/AA_KNOWLEGE_BASED_DEV_SYSTEM/scratch-editor/node_modules/@testing-library/react/dist/pure.js:180:26)
            at render (~/Documents/GitHub/AA_KNOWLEGE_BASED_DEV_SYSTEM/scratch-editor/node_modules/@testing-library/react/dist/pure.js:271:10)
            at renderWithIntl (~/Documents/GitHub/AA_KNOWLEGE_BASED_DEV_SYSTEM/scratch-editor/packages/scratch-gui/test/helpers/intl-helpers.jsx:6:14)
            at Object.<anonymous> (~/Documents/GitHub/AA_KNOWLEGE_BASED_DEV_SYSTEM/scratch-editor/packages/scratch-gui/test/unit/components/error-boundary-hoc.test.jsx:39:59)
            at Promise.then.completed (~/Documents/GitHub/AA_KNOWLEGE_BASED_DEV_SYSTEM/scratch-editor/node_modules/jest-circus/build/utils.js:298:28)
            at new Promise (<anonymous>)
            at callAsyncCircusFn (~/Documents/GitHub/AA_KNOWLEGE_BASED_DEV_SYSTEM/scratch-editor/node_modules/jest-circus/build/utils.js:231:10)
            at _callCircusTest (~/Documents/GitHub/AA_KNOWLEGE_BASED_DEV_SYSTEM/scratch-editor/node_modules/jest-circus/build/run.js:316:40)
            at _runTest (~/Documents/GitHub/AA_KNOWLEGE_BASED_DEV_SYSTEM/scratch-editor/node_modules/jest-circus/build/run.js:252:3)
            at _runTestsForDescribeBlock (~/Documents/GitHub/AA_KNOWLEGE_BASED_DEV_SYSTEM/scratch-editor/node_modules/jest-circus/build/run.js:126:9)
            at _runTestsForDescribeBlock (~/Documents/GitHub/AA_KNOWLEGE_BASED_DEV_SYSTEM/scratch-editor/node_modules/jest-circus/build/run.js:121:9)
            at run (~/Documents/GitHub/AA_KNOWLEGE_BASED_DEV_SYSTEM/scratch-editor/node_modules/jest-circus/build/run.js:71:3)
            at runAndTransformResultsToJestFormat (~/Documents/GitHub/AA_KNOWLEGE_BASED_DEV_SYSTEM/scratch-editor/node_modules/jest-circus/build/legacy-code-todo-rewrite/jestAdapterInit.js:122:21)
            at jestAdapter (~/Documents/GitHub/AA_KNOWLEGE_BASED_DEV_SYSTEM/scratch-editor/node_modules/jest-circus/build/legacy-code-todo-rewrite/jestAdapter.js:79:19)
            at runTestInternal (~/Documents/GitHub/AA_KNOWLEGE_BASED_DEV_SYSTEM/scratch-editor/node_modules/jest-runner/build/runTest.js:367:16)
            at runTest (~/Documents/GitHub/AA_KNOWLEGE_BASED_DEV_SYSTEM/scratch-editor/node_modules/jest-runner/build/runTest.js:444:34),
        type: 'unhandled exception'
      }

      4 |
      5 | const renderWithIntl = (ui, {locale = 'en', messages = {}} = {}) => ({
    > 6 |     ...render(
        |              ^
      7 |         <IntlProvider
      8 |             locale={locale}
      9 |             messages={messages}

      at VirtualConsole.<anonymous> (../../node_modules/jest-environment-jsdom/build/index.js:63:23)
      at Object.invokeGuardedCallbackDev (../../node_modules/react-dom/cjs/react-dom.development.js:4213:16)
      at invokeGuardedCallback (../../node_modules/react-dom/cjs/react-dom.development.js:4277:31)
      at beginWork$1 (../../node_modules/react-dom/cjs/react-dom.development.js:27490:7)
      at performUnitOfWork (../../node_modules/react-dom/cjs/react-dom.development.js:26599:12)
      at workLoopSync (../../node_modules/react-dom/cjs/react-dom.development.js:26505:5)
      at renderRootSync (../../node_modules/react-dom/cjs/react-dom.development.js:26473:7)
      at recoverFromConcurrentError (../../node_modules/react-dom/cjs/react-dom.development.js:25889:20)
      at performConcurrentWorkOnRoot (../../node_modules/react-dom/cjs/react-dom.development.js:25789:22)
      at flushActQueue (../../node_modules/react/cjs/react.development.js:2667:24)
      at act (../../node_modules/react/cjs/react.development.js:2582:11)
      at ../../node_modules/@testing-library/react/dist/act-compat.js:47:25
      at renderRoot (../../node_modules/@testing-library/react/dist/pure.js:180:26)
      at render (../../node_modules/@testing-library/react/dist/pure.js:271:10)
      at renderWithIntl (test/helpers/intl-helpers.jsx:6:14)
      at Object.<anonymous> (test/unit/components/error-boundary-hoc.test.jsx:39:59)

    console.error
      The above error occurred in the <ThrowError> component:
      
          at ThrowError (~/Documents/GitHub/AA_KNOWLEGE_BASED_DEV_SYSTEM/scratch-editor/packages/scratch-gui/test/unit/components/error-boundary-hoc.test.jsx:37:19)
          at ErrorBoundary (~/Documents/GitHub/AA_KNOWLEGE_BASED_DEV_SYSTEM/scratch-editor/packages/scratch-gui/src/containers/error-boundary.jsx:11:9)
          at ConnectFunction (~/Documents/GitHub/AA_KNOWLEGE_BASED_DEV_SYSTEM/scratch-editor/node_modules/react-redux/lib/components/connect.js:246:74)
          at Provider (~/Documents/GitHub/AA_KNOWLEGE_BASED_DEV_SYSTEM/scratch-editor/node_modules/react-redux/lib/components/Provider.js:19:3)
          at IntlProvider (~/Documents/GitHub/AA_KNOWLEGE_BASED_DEV_SYSTEM/scratch-editor/node_modules/react-intl/src/components/provider.js:33:47)
      
      React will try to recreate this component tree from scratch using the error boundary you provided, ErrorBoundary.

      4 |
      5 | const renderWithIntl = (ui, {locale = 'en', messages = {}} = {}) => ({
    > 6 |     ...render(
        |              ^
      7 |         <IntlProvider
      8 |             locale={locale}
      9 |             messages={messages}

      at logCapturedError (../../node_modules/react-dom/cjs/react-dom.development.js:18704:23)
      at ErrorBoundary.callback (../../node_modules/react-dom/cjs/react-dom.development.js:18772:7)
      at callCallback (../../node_modules/react-dom/cjs/react-dom.development.js:15036:12)
      at commitUpdateQueue (../../node_modules/react-dom/cjs/react-dom.development.js:15057:9)
      at commitLayoutEffectOnFiber (../../node_modules/react-dom/cjs/react-dom.development.js:23403:13)
      at commitLayoutMountEffects_complete (../../node_modules/react-dom/cjs/react-dom.development.js:24727:9)
      at commitLayoutEffects_begin (../../node_modules/react-dom/cjs/react-dom.development.js:24713:7)
      at commitLayoutEffects (../../node_modules/react-dom/cjs/react-dom.development.js:24651:3)
      at commitRootImpl (../../node_modules/react-dom/cjs/react-dom.development.js:26862:5)
      at commitRoot (../../node_modules/react-dom/cjs/react-dom.development.js:26721:5)
      at finishConcurrentRender (../../node_modules/react-dom/cjs/react-dom.development.js:25931:9)
      at performConcurrentWorkOnRoot (../../node_modules/react-dom/cjs/react-dom.development.js:25848:7)
      at flushActQueue (../../node_modules/react/cjs/react.development.js:2667:24)
      at act (../../node_modules/react/cjs/react.development.js:2582:11)
      at ../../node_modules/@testing-library/react/dist/act-compat.js:47:25
      at renderRoot (../../node_modules/@testing-library/react/dist/pure.js:180:26)
      at render (../../node_modules/@testing-library/react/dist/pure.js:271:10)
      at renderWithIntl (test/helpers/intl-helpers.jsx:6:14)
      at Object.<anonymous> (test/unit/components/error-boundary-hoc.test.jsx:39:59)

    console.error
      Warning: Box: Support for defaultProps will be removed from function components in a future major release. Use JavaScript default parameters instead.
          at alignContent (~/Documents/GitHub/AA_KNOWLEGE_BASED_DEV_SYSTEM/scratch-editor/packages/scratch-gui/src/components/box/box.jsx:33:9)
          at div
          at eventId (~/Documents/GitHub/AA_KNOWLEGE_BASED_DEV_SYSTEM/scratch-editor/packages/scratch-gui/src/components/crash-message/crash-message.jsx:32:20)
          at ErrorBoundary (~/Documents/GitHub/AA_KNOWLEGE_BASED_DEV_SYSTEM/scratch-editor/packages/scratch-gui/src/containers/error-boundary.jsx:11:9)
          at ConnectFunction (~/Documents/GitHub/AA_KNOWLEGE_BASED_DEV_SYSTEM/scratch-editor/node_modules/react-redux/lib/components/connect.js:246:74)
          at Provider (~/Documents/GitHub/AA_KNOWLEGE_BASED_DEV_SYSTEM/scratch-editor/node_modules/react-redux/lib/components/Provider.js:19:3)
          at IntlProvider (~/Documents/GitHub/AA_KNOWLEGE_BASED_DEV_SYSTEM/scratch-editor/node_modules/react-intl/src/components/provider.js:33:47)

      4 |
      5 | const renderWithIntl = (ui, {locale = 'en', messages = {}} = {}) => ({
    > 6 |     ...render(
        |              ^
      7 |         <IntlProvider
      8 |             locale={locale}
      9 |             messages={messages}

      at printWarning (../../node_modules/react-dom/cjs/react-dom.development.js:86:30)
      at error (../../node_modules/react-dom/cjs/react-dom.development.js:60:7)
      at validateFunctionComponentInDev (../../node_modules/react-dom/cjs/react-dom.development.js:20230:9)
      at mountIndeterminateComponent (../../node_modules/react-dom/cjs/react-dom.development.js:20189:7)
      at beginWork (../../node_modules/react-dom/cjs/react-dom.development.js:21626:16)
      at beginWork$1 (../../node_modules/react-dom/cjs/react-dom.development.js:27465:14)
      at performUnitOfWork (../../node_modules/react-dom/cjs/react-dom.development.js:26599:12)
      at workLoopSync (../../node_modules/react-dom/cjs/react-dom.development.js:26505:5)
      at renderRootSync (../../node_modules/react-dom/cjs/react-dom.development.js:26473:7)
      at performSyncWorkOnRoot (../../node_modules/react-dom/cjs/react-dom.development.js:26124:20)
      at flushSyncCallbacks (../../node_modules/react-dom/cjs/react-dom.development.js:12042:22)
      at commitRootImpl (../../node_modules/react-dom/cjs/react-dom.development.js:26998:3)
      at commitRoot (../../node_modules/react-dom/cjs/react-dom.development.js:26721:5)
      at finishConcurrentRender (../../node_modules/react-dom/cjs/react-dom.development.js:25931:9)
      at performConcurrentWorkOnRoot (../../node_modules/react-dom/cjs/react-dom.development.js:25848:7)
      at flushActQueue (../../node_modules/react/cjs/react.development.js:2667:24)
      at act (../../node_modules/react/cjs/react.development.js:2582:11)
      at ../../node_modules/@testing-library/react/dist/act-compat.js:47:25
      at renderRoot (../../node_modules/@testing-library/react/dist/pure.js:180:26)
      at render (../../node_modules/@testing-library/react/dist/pure.js:271:10)
      at renderWithIntl (test/helpers/intl-helpers.jsx:6:14)
      at Object.<anonymous> (test/unit/components/error-boundary-hoc.test.jsx:39:59)

PASS test/unit/components/cards.test.jsx
  ● Console

    console.warn
      Warning: componentWillReceiveProps has been renamed, and is not recommended for use. See https://reactjs.org/link/unsafe-component-lifecycles for details.
      
      * Move data fetching code or side effects to componentDidUpdate.
      * If you're updating state whenever props change, refactor your code to use memoization techniques or move it to static getDerivedStateFromProps. Learn more at: https://reactjs.org/link/derived-state
      * Rename componentWillReceiveProps to UNSAFE_componentWillReceiveProps to suppress this warning in non-strict mode. In React 18.x, only the UNSAFE_ name will work. To rename all deprecated lifecycles to their new names, you can run `npx react-codemod rename-unsafe-lifecycles` in your project source folder.
      
      Please update the following components: Draggable

      4 |
      5 | const renderWithIntl = (ui, {locale = 'en', messages = {}} = {}) => ({
    > 6 |     ...render(
        |              ^
      7 |         <IntlProvider
      8 |             locale={locale}
      9 |             messages={messages}

      at printWarning (../../node_modules/react-dom/cjs/react-dom.development.js:86:30)
      at warn (../../node_modules/react-dom/cjs/react-dom.development.js:49:7)
      at Object.<anonymous>.ReactStrictModeWarnings.flushPendingUnsafeLifecycleWarnings (../../node_modules/react-dom/cjs/react-dom.development.js:12912:7)
      at flushRenderPhaseStrictModeWarningsInDEV (../../node_modules/react-dom/cjs/react-dom.development.js:27349:31)
      at commitRootImpl (../../node_modules/react-dom/cjs/react-dom.development.js:26741:3)
      at commitRoot (../../node_modules/react-dom/cjs/react-dom.development.js:26721:5)
      at finishConcurrentRender (../../node_modules/react-dom/cjs/react-dom.development.js:26020:9)
      at performConcurrentWorkOnRoot (../../node_modules/react-dom/cjs/react-dom.development.js:25848:7)
      at flushActQueue (../../node_modules/react/cjs/react.development.js:2667:24)
      at act (../../node_modules/react/cjs/react.development.js:2582:11)
      at ../../node_modules/@testing-library/react/dist/act-compat.js:47:25
      at renderRoot (../../node_modules/@testing-library/react/dist/pure.js:180:26)
      at render (../../node_modules/@testing-library/react/dist/pure.js:271:10)
      at renderWithIntl (test/helpers/intl-helpers.jsx:6:14)
      at Object.<anonymous> (test/unit/components/cards.test.jsx:41:43)

    console.error
      Warning: findDOMNode is deprecated and will be removed in the next major release. Instead, add a ref directly to the element you want to reference. Learn more about using refs safely here: https://reactjs.org/link/strict-mode-find-node
          at Draggable (~/Documents/GitHub/AA_KNOWLEGE_BASED_DEV_SYSTEM/scratch-editor/node_modules/react-draggable/lib/Draggable.js:175:38)
          at div
          at activeDeckId (~/Documents/GitHub/AA_KNOWLEGE_BASED_DEV_SYSTEM/scratch-editor/packages/scratch-gui/src/components/cards/cards.jsx:415:9)
          at IntlProvider (~/Documents/GitHub/AA_KNOWLEGE_BASED_DEV_SYSTEM/scratch-editor/node_modules/react-intl/src/components/provider.js:33:47)

      4 |
      5 | const renderWithIntl = (ui, {locale = 'en', messages = {}} = {}) => ({
    > 6 |     ...render(
        |              ^
      7 |         <IntlProvider
      8 |             locale={locale}
      9 |             messages={messages}

      at printWarning (../../node_modules/react-dom/cjs/react-dom.development.js:86:30)
      at error (../../node_modules/react-dom/cjs/react-dom.development.js:60:7)
      at Object.findDOMNode (../../node_modules/react-dom/cjs/react-dom.development.js:29666:7)
      at Draggable.findDOMNode [as componentDidMount] (../../node_modules/react-draggable/lib/Draggable.js:206:61)
      at commitLayoutEffectOnFiber (../../node_modules/react-dom/cjs/react-dom.development.js:23349:28)
      at commitLayoutMountEffects_complete (../../node_modules/react-dom/cjs/react-dom.development.js:24727:9)
      at commitLayoutEffects_begin (../../node_modules/react-dom/cjs/react-dom.development.js:24713:7)
      at commitLayoutEffects (../../node_modules/react-dom/cjs/react-dom.development.js:24651:3)
      at commitRootImpl (../../node_modules/react-dom/cjs/react-dom.development.js:26862:5)
      at commitRoot (../../node_modules/react-dom/cjs/react-dom.development.js:26721:5)
      at finishConcurrentRender (../../node_modules/react-dom/cjs/react-dom.development.js:26020:9)
      at performConcurrentWorkOnRoot (../../node_modules/react-dom/cjs/react-dom.development.js:25848:7)
      at flushActQueue (../../node_modules/react/cjs/react.development.js:2667:24)
      at act (../../node_modules/react/cjs/react.development.js:2582:11)
      at ../../node_modules/@testing-library/react/dist/act-compat.js:47:25
      at renderRoot (../../node_modules/@testing-library/react/dist/pure.js:180:26)
      at render (../../node_modules/@testing-library/react/dist/pure.js:271:10)
      at renderWithIntl (test/helpers/intl-helpers.jsx:6:14)
      at Object.<anonymous> (test/unit/components/cards.test.jsx:41:43)

PASS test/unit/hooks/use-menu-navigation.test.jsx
PASS test/unit/util/sb-file-uploader-hoc.test.jsx
PASS test/unit/components/toggle-buttons.test.jsx
  ● Console

    console.error
      Warning: ToggleButtons: Support for defaultProps will be removed from function components in a future major release. Use JavaScript default parameters instead.
          at buttons (~/Documents/GitHub/AA_KNOWLEGE_BASED_DEV_SYSTEM/scratch-editor/packages/scratch-gui/src/components/toggle-buttons/toggle-buttons.jsx:7:25)

      19 |
      20 |     test('renders multiple buttons', () => {
    > 21 |         const {container} = render(<ToggleButtons
         |                                   ^
      22 |             buttons={buttons}
      23 |         />);
      24 |

      at printWarning (../../node_modules/react-dom/cjs/react-dom.development.js:86:30)
      at error (../../node_modules/react-dom/cjs/react-dom.development.js:60:7)
      at validateFunctionComponentInDev (../../node_modules/react-dom/cjs/react-dom.development.js:20230:9)
      at mountIndeterminateComponent (../../node_modules/react-dom/cjs/react-dom.development.js:20189:7)
      at beginWork (../../node_modules/react-dom/cjs/react-dom.development.js:21626:16)
      at beginWork$1 (../../node_modules/react-dom/cjs/react-dom.development.js:27465:14)
      at performUnitOfWork (../../node_modules/react-dom/cjs/react-dom.development.js:26599:12)
      at workLoopSync (../../node_modules/react-dom/cjs/react-dom.development.js:26505:5)
      at renderRootSync (../../node_modules/react-dom/cjs/react-dom.development.js:26473:7)
      at performConcurrentWorkOnRoot (../../node_modules/react-dom/cjs/react-dom.development.js:25777:74)
      at flushActQueue (../../node_modules/react/cjs/react.development.js:2667:24)
      at act (../../node_modules/react/cjs/react.development.js:2582:11)
      at ../../node_modules/@testing-library/react/dist/act-compat.js:47:25
      at renderRoot (../../node_modules/@testing-library/react/dist/pure.js:180:26)
      at render (../../node_modules/@testing-library/react/dist/pure.js:271:10)
      at Object.<anonymous> (test/unit/components/toggle-buttons.test.jsx:21:35)

PASS test/unit/reducers/mcremote-connection-target-reducer.test.js
PASS test/unit/util/project-fetcher-hoc.test.jsx
PASS test/unit/lib/indexeddb-sprite-store.test.js
PASS test/unit/util/mcremote-connection-target-persistence.test.js
PASS test/unit/containers/save-status.test.jsx
  ● Console

    console.error
      Warning: InlineMessageComponent: Support for defaultProps will be removed from function components in a future major release. Use JavaScript default parameters instead.
          at content (~/Documents/GitHub/AA_KNOWLEGE_BASED_DEV_SYSTEM/scratch-editor/packages/scratch-gui/src/components/alerts/inline-message.jsx:11:5)
          at alertsList (~/Documents/GitHub/AA_KNOWLEGE_BASED_DEV_SYSTEM/scratch-editor/packages/scratch-gui/src/containers/inline-messages.jsx:12:5)
          at ConnectFunction (~/Documents/GitHub/AA_KNOWLEGE_BASED_DEV_SYSTEM/scratch-editor/node_modules/react-redux/lib/components/connect.js:246:74)
          at alertsList (~/Documents/GitHub/AA_KNOWLEGE_BASED_DEV_SYSTEM/scratch-editor/packages/scratch-gui/src/components/menu-bar/save-status.jsx:26:5)
          at ConnectFunction (~/Documents/GitHub/AA_KNOWLEGE_BASED_DEV_SYSTEM/scratch-editor/node_modules/react-redux/lib/components/connect.js:246:74)
          at Provider (~/Documents/GitHub/AA_KNOWLEGE_BASED_DEV_SYSTEM/scratch-editor/node_modules/react-redux/lib/components/Provider.js:19:3)
          at IntlProvider (~/Documents/GitHub/AA_KNOWLEGE_BASED_DEV_SYSTEM/scratch-editor/node_modules/react-intl/src/components/provider.js:33:47)

      4 |
      5 | const renderWithIntl = (ui, {locale = 'en', messages = {}} = {}) => ({
    > 6 |     ...render(
        |              ^
      7 |         <IntlProvider
      8 |             locale={locale}
      9 |             messages={messages}

      at printWarning (../../node_modules/react-dom/cjs/react-dom.development.js:86:30)
      at error (../../node_modules/react-dom/cjs/react-dom.development.js:60:7)
      at validateFunctionComponentInDev (../../node_modules/react-dom/cjs/react-dom.development.js:20230:9)
      at mountIndeterminateComponent (../../node_modules/react-dom/cjs/react-dom.development.js:20189:7)
      at beginWork (../../node_modules/react-dom/cjs/react-dom.development.js:21626:16)
      at beginWork$1 (../../node_modules/react-dom/cjs/react-dom.development.js:27465:14)
      at performUnitOfWork (../../node_modules/react-dom/cjs/react-dom.development.js:26599:12)
      at workLoopSync (../../node_modules/react-dom/cjs/react-dom.development.js:26505:5)
      at renderRootSync (../../node_modules/react-dom/cjs/react-dom.development.js:26473:7)
      at performConcurrentWorkOnRoot (../../node_modules/react-dom/cjs/react-dom.development.js:25777:74)
      at flushActQueue (../../node_modules/react/cjs/react.development.js:2667:24)
      at act (../../node_modules/react/cjs/react.development.js:2582:11)
      at ../../node_modules/@testing-library/react/dist/act-compat.js:47:25
      at renderRoot (../../node_modules/@testing-library/react/dist/pure.js:180:26)
      at render (../../node_modules/@testing-library/react/dist/pure.js:271:10)
      at renderWithIntl (test/helpers/intl-helpers.jsx:6:14)
      at Object.<anonymous> (test/unit/containers/save-status.test.jsx:34:43)

PASS test/unit/util/hash-project-loader-hoc.test.jsx
PASS test/unit/util/throttled-property-hoc.test.jsx
  ● Console

    console.error
      Warning: You provided a `value` prop to a form field without an `onChange` handler. This will render a read-only field. If the field should be mutable use `defaultValue`. Otherwise, set either `onChange` or `readOnly`.
          at input
          at propToThrottle (~/Documents/GitHub/AA_KNOWLEGE_BASED_DEV_SYSTEM/scratch-editor/packages/scratch-gui/test/unit/util/throttled-property-hoc.test.jsx:11:29)
          at ThrottledPropertyWrapper (~/Documents/GitHub/AA_KNOWLEGE_BASED_DEV_SYSTEM/scratch-editor/packages/scratch-gui/src/lib/throttled-property-hoc.jsx:18:9)

      19 |         global.Date.now = () => 0;
      20 |
    > 21 |         component = render(
         |                           ^
      22 |             <WrappedComponent
      23 |                 doNotThrottle="oldvalue"
      24 |                 propToThrottle={0}

      at printWarning (../../node_modules/react-dom/cjs/react-dom.development.js:86:30)
      at error (../../node_modules/react-dom/cjs/react-dom.development.js:60:7)
      at checkControlledValueProps (../../node_modules/react-dom/cjs/react-dom.development.js:1592:7)
      at initWrapperState (../../node_modules/react-dom/cjs/react-dom.development.js:1775:5)
      at setInitialProperties (../../node_modules/react-dom/cjs/react-dom.development.js:9888:7)
      at finalizeInitialChildren (../../node_modules/react-dom/cjs/react-dom.development.js:10950:3)
      at completeWork (../../node_modules/react-dom/cjs/react-dom.development.js:22232:17)
      at completeUnitOfWork (../../node_modules/react-dom/cjs/react-dom.development.js:26632:16)
      at performUnitOfWork (../../node_modules/react-dom/cjs/react-dom.development.js:26607:5)
      at workLoopSync (../../node_modules/react-dom/cjs/react-dom.development.js:26505:5)
      at renderRootSync (../../node_modules/react-dom/cjs/react-dom.development.js:26473:7)
      at performConcurrentWorkOnRoot (../../node_modules/react-dom/cjs/react-dom.development.js:25777:74)
      at flushActQueue (../../node_modules/react/cjs/react.development.js:2667:24)
      at act (../../node_modules/react/cjs/react.development.js:2582:11)
      at ../../node_modules/@testing-library/react/dist/act-compat.js:47:25
      at renderRoot (../../node_modules/@testing-library/react/dist/pure.js:180:26)
      at render (../../node_modules/@testing-library/react/dist/pure.js:271:10)
      at Object.<anonymous> (test/unit/util/throttled-property-hoc.test.jsx:21:27)

    console.error
      Warning: You provided a `value` prop to a form field without an `onChange` handler. This will render a read-only field. If the field should be mutable use `defaultValue`. Otherwise, set either `onChange` or `readOnly`.
          at input
          at propToThrottle (~/Documents/GitHub/AA_KNOWLEGE_BASED_DEV_SYSTEM/scratch-editor/packages/scratch-gui/test/unit/util/throttled-property-hoc.test.jsx:11:29)
          at ThrottledPropertyWrapper (~/Documents/GitHub/AA_KNOWLEGE_BASED_DEV_SYSTEM/scratch-editor/packages/scratch-gui/src/lib/throttled-property-hoc.jsx:18:9)

      19 |         global.Date.now = () => 0;
      20 |
    > 21 |         component = render(
         |                           ^
      22 |             <WrappedComponent
      23 |                 doNotThrottle="oldvalue"
      24 |                 propToThrottle={0}

      at printWarning (../../node_modules/react-dom/cjs/react-dom.development.js:86:30)
      at error (../../node_modules/react-dom/cjs/react-dom.development.js:60:7)
      at checkControlledValueProps (../../node_modules/react-dom/cjs/react-dom.development.js:1592:7)
      at initWrapperState (../../node_modules/react-dom/cjs/react-dom.development.js:1775:5)
      at setInitialProperties (../../node_modules/react-dom/cjs/react-dom.development.js:9888:7)
      at finalizeInitialChildren (../../node_modules/react-dom/cjs/react-dom.development.js:10950:3)
      at completeWork (../../node_modules/react-dom/cjs/react-dom.development.js:22232:17)
      at completeUnitOfWork (../../node_modules/react-dom/cjs/react-dom.development.js:26632:16)
      at performUnitOfWork (../../node_modules/react-dom/cjs/react-dom.development.js:26607:5)
      at workLoopSync (../../node_modules/react-dom/cjs/react-dom.development.js:26505:5)
      at renderRootSync (../../node_modules/react-dom/cjs/react-dom.development.js:26473:7)
      at performConcurrentWorkOnRoot (../../node_modules/react-dom/cjs/react-dom.development.js:25777:74)
      at flushActQueue (../../node_modules/react/cjs/react.development.js:2667:24)
      at act (../../node_modules/react/cjs/react.development.js:2582:11)
      at ../../node_modules/@testing-library/react/dist/act-compat.js:47:25
      at renderRoot (../../node_modules/@testing-library/react/dist/pure.js:180:26)
      at render (../../node_modules/@testing-library/react/dist/pure.js:271:10)
      at Object.<anonymous> (test/unit/util/throttled-property-hoc.test.jsx:21:27)

    console.error
      Warning: You provided a `value` prop to a form field without an `onChange` handler. This will render a read-only field. If the field should be mutable use `defaultValue`. Otherwise, set either `onChange` or `readOnly`.
          at input
          at propToThrottle (~/Documents/GitHub/AA_KNOWLEGE_BASED_DEV_SYSTEM/scratch-editor/packages/scratch-gui/test/unit/util/throttled-property-hoc.test.jsx:11:29)
          at ThrottledPropertyWrapper (~/Documents/GitHub/AA_KNOWLEGE_BASED_DEV_SYSTEM/scratch-editor/packages/scratch-gui/src/lib/throttled-property-hoc.jsx:18:9)

      19 |         global.Date.now = () => 0;
      20 |
    > 21 |         component = render(
         |                           ^
      22 |             <WrappedComponent
      23 |                 doNotThrottle="oldvalue"
      24 |                 propToThrottle={0}

      at printWarning (../../node_modules/react-dom/cjs/react-dom.development.js:86:30)
      at error (../../node_modules/react-dom/cjs/react-dom.development.js:60:7)
      at checkControlledValueProps (../../node_modules/react-dom/cjs/react-dom.development.js:1592:7)
      at initWrapperState (../../node_modules/react-dom/cjs/react-dom.development.js:1775:5)
      at setInitialProperties (../../node_modules/react-dom/cjs/react-dom.development.js:9888:7)
      at finalizeInitialChildren (../../node_modules/react-dom/cjs/react-dom.development.js:10950:3)
      at completeWork (../../node_modules/react-dom/cjs/react-dom.development.js:22232:17)
      at completeUnitOfWork (../../node_modules/react-dom/cjs/react-dom.development.js:26632:16)
      at performUnitOfWork (../../node_modules/react-dom/cjs/react-dom.development.js:26607:5)
      at workLoopSync (../../node_modules/react-dom/cjs/react-dom.development.js:26505:5)
      at renderRootSync (../../node_modules/react-dom/cjs/react-dom.development.js:26473:7)
      at performConcurrentWorkOnRoot (../../node_modules/react-dom/cjs/react-dom.development.js:25777:74)
      at flushActQueue (../../node_modules/react/cjs/react.development.js:2667:24)
      at act (../../node_modules/react/cjs/react.development.js:2582:11)
      at ../../node_modules/@testing-library/react/dist/act-compat.js:47:25
      at renderRoot (../../node_modules/@testing-library/react/dist/pure.js:180:26)
      at render (../../node_modules/@testing-library/react/dist/pure.js:271:10)
      at Object.<anonymous> (test/unit/util/throttled-property-hoc.test.jsx:21:27)

    console.error
      Warning: You provided a `value` prop to a form field without an `onChange` handler. This will render a read-only field. If the field should be mutable use `defaultValue`. Otherwise, set either `onChange` or `readOnly`.
          at input
          at propToThrottle (~/Documents/GitHub/AA_KNOWLEGE_BASED_DEV_SYSTEM/scratch-editor/packages/scratch-gui/test/unit/util/throttled-property-hoc.test.jsx:11:29)
          at ThrottledPropertyWrapper (~/Documents/GitHub/AA_KNOWLEGE_BASED_DEV_SYSTEM/scratch-editor/packages/scratch-gui/src/lib/throttled-property-hoc.jsx:18:9)

      19 |         global.Date.now = () => 0;
      20 |
    > 21 |         component = render(
         |                           ^
      22 |             <WrappedComponent
      23 |                 doNotThrottle="oldvalue"
      24 |                 propToThrottle={0}

      at printWarning (../../node_modules/react-dom/cjs/react-dom.development.js:86:30)
      at error (../../node_modules/react-dom/cjs/react-dom.development.js:60:7)
      at checkControlledValueProps (../../node_modules/react-dom/cjs/react-dom.development.js:1592:7)
      at initWrapperState (../../node_modules/react-dom/cjs/react-dom.development.js:1775:5)
      at setInitialProperties (../../node_modules/react-dom/cjs/react-dom.development.js:9888:7)
      at finalizeInitialChildren (../../node_modules/react-dom/cjs/react-dom.development.js:10950:3)
      at completeWork (../../node_modules/react-dom/cjs/react-dom.development.js:22232:17)
      at completeUnitOfWork (../../node_modules/react-dom/cjs/react-dom.development.js:26632:16)
      at performUnitOfWork (../../node_modules/react-dom/cjs/react-dom.development.js:26607:5)
      at workLoopSync (../../node_modules/react-dom/cjs/react-dom.development.js:26505:5)
      at renderRootSync (../../node_modules/react-dom/cjs/react-dom.development.js:26473:7)
      at performConcurrentWorkOnRoot (../../node_modules/react-dom/cjs/react-dom.development.js:25777:74)
      at flushActQueue (../../node_modules/react/cjs/react.development.js:2667:24)
      at act (../../node_modules/react/cjs/react.development.js:2582:11)
      at ../../node_modules/@testing-library/react/dist/act-compat.js:47:25
      at renderRoot (../../node_modules/@testing-library/react/dist/pure.js:180:26)
      at render (../../node_modules/@testing-library/react/dist/pure.js:271:10)
      at Object.<anonymous> (test/unit/util/throttled-property-hoc.test.jsx:21:27)

PASS test/unit/components/icon-button.test.jsx
PASS test/unit/reducers/monitor-layout-reducer.test.js
  ● Console

    console.log
      [37m2026-10-04 20:14:41.741[39m[0m[0m	[31m[1mERROR[22m[39m[0m[0m	[37m~/Documents/GitHub/AA_KNOWLEGE_BASED_DEV_SYSTEM/scratch-editor/packages/scratch-gui/src/reducers/monitor-layout.js:33[39m[0m[0m[1m[37m	scratch-gui[39m[22m[0m[0m	Monitor rectangle not formatted correctly

      at Object.transportFormatted (../../node_modules/tslog/cjs/BaseLogger.js:115:13)

    console.log
      [37m2026-10-04 20:14:41.772[39m[0m[0m	[31m[1mERROR[22m[39m[0m[0m	[37m~/Documents/GitHub/AA_KNOWLEGE_BASED_DEV_SYSTEM/scratch-editor/packages/scratch-gui/src/reducers/monitor-layout.js:33[39m[0m[0m[1m[37m	scratch-gui[39m[22m[0m[0m	Monitor rectangle not formatted correctly

      at Object.transportFormatted (../../node_modules/tslog/cjs/BaseLogger.js:115:13)

    console.log
      [37m2026-10-04 20:14:41.774[39m[0m[0m	[31m[1mERROR[22m[39m[0m[0m	[37m~/Documents/GitHub/AA_KNOWLEGE_BASED_DEV_SYSTEM/scratch-editor/packages/scratch-gui/src/reducers/monitor-layout.js:29[39m[0m[0m[1m[37m	scratch-gui[39m[22m[0m[0m	Can't add monitor, monitor with id 1 already exists.

      at Object.transportFormatted (../../node_modules/tslog/cjs/BaseLogger.js:115:13)

    console.log
      [37m2026-10-04 20:14:41.779[39m[0m[0m	[31m[1mERROR[22m[39m[0m[0m	[37m~/Documents/GitHub/AA_KNOWLEGE_BASED_DEV_SYSTEM/scratch-editor/packages/scratch-gui/src/reducers/monitor-layout.js:53[39m[0m[0m[1m[37m	scratch-gui[39m[22m[0m[0m	Can't move monitor, monitor with id 1 does not exist.

      at Object.transportFormatted (../../node_modules/tslog/cjs/BaseLogger.js:115:13)

    console.log
      [37m2026-10-04 20:14:41.780[39m[0m[0m	[31m[1mERROR[22m[39m[0m[0m	[37m~/Documents/GitHub/AA_KNOWLEGE_BASED_DEV_SYSTEM/scratch-editor/packages/scratch-gui/src/reducers/monitor-layout.js:57[39m[0m[0m[1m[37m	scratch-gui[39m[22m[0m[0m	Monitor rectangle not formatted correctly

      at Object.transportFormatted (../../node_modules/tslog/cjs/BaseLogger.js:115:13)

    console.log
      [37m2026-10-04 20:14:41.782[39m[0m[0m	[31m[1mERROR[22m[39m[0m[0m	[37m~/Documents/GitHub/AA_KNOWLEGE_BASED_DEV_SYSTEM/scratch-editor/packages/scratch-gui/src/reducers/monitor-layout.js:57[39m[0m[0m[1m[37m	scratch-gui[39m[22m[0m[0m	Monitor rectangle not formatted correctly

      at Object.transportFormatted (../../node_modules/tslog/cjs/BaseLogger.js:115:13)

    console.log
      [37m2026-10-04 20:14:41.785[39m[0m[0m	[31m[1mERROR[22m[39m[0m[0m	[37m~/Documents/GitHub/AA_KNOWLEGE_BASED_DEV_SYSTEM/scratch-editor/packages/scratch-gui/src/reducers/monitor-layout.js:85[39m[0m[0m[1m[37m	scratch-gui[39m[22m[0m[0m	Can't resize monitor, monitor with id 1 does not exist.

      at Object.transportFormatted (../../node_modules/tslog/cjs/BaseLogger.js:115:13)

    console.log
      [37m2026-10-04 20:14:41.786[39m[0m[0m	[31m[1mERROR[22m[39m[0m[0m	[37m~/Documents/GitHub/AA_KNOWLEGE_BASED_DEV_SYSTEM/scratch-editor/packages/scratch-gui/src/reducers/monitor-layout.js:90[39m[0m[0m[1m[37m	scratch-gui[39m[22m[0m[0m	Monitor rectangle not formatted correctly

      at Object.transportFormatted (../../node_modules/tslog/cjs/BaseLogger.js:115:13)

    console.log
      [37m2026-10-04 20:14:41.788[39m[0m[0m	[31m[1mERROR[22m[39m[0m[0m	[37m~/Documents/GitHub/AA_KNOWLEGE_BASED_DEV_SYSTEM/scratch-editor/packages/scratch-gui/src/reducers/monitor-layout.js:57[39m[0m[0m[1m[37m	scratch-gui[39m[22m[0m[0m	Monitor rectangle not formatted correctly

      at Object.transportFormatted (../../node_modules/tslog/cjs/BaseLogger.js:115:13)

    console.log
      [37m2026-10-04 20:14:41.789[39m[0m[0m	[31m[1mERROR[22m[39m[0m[0m	[37m~/Documents/GitHub/AA_KNOWLEGE_BASED_DEV_SYSTEM/scratch-editor/packages/scratch-gui/src/reducers/monitor-layout.js:90[39m[0m[0m[1m[37m	scratch-gui[39m[22m[0m[0m	Monitor rectangle not formatted correctly

      at Object.transportFormatted (../../node_modules/tslog/cjs/BaseLogger.js:115:13)

    console.log
      [37m2026-10-04 20:14:41.791[39m[0m[0m	[31m[1mERROR[22m[39m[0m[0m	[37m~/Documents/GitHub/AA_KNOWLEGE_BASED_DEV_SYSTEM/scratch-editor/packages/scratch-gui/src/reducers/monitor-layout.js:90[39m[0m[0m[1m[37m	scratch-gui[39m[22m[0m[0m	Monitor rectangle not formatted correctly

      at Object.transportFormatted (../../node_modules/tslog/cjs/BaseLogger.js:115:13)

    console.log
      [37m2026-10-04 20:14:41.794[39m[0m[0m	[31m[1mERROR[22m[39m[0m[0m	[37m~/Documents/GitHub/AA_KNOWLEGE_BASED_DEV_SYSTEM/scratch-editor/packages/scratch-gui/src/reducers/monitor-layout.js:85[39m[0m[0m[1m[37m	scratch-gui[39m[22m[0m[0m	Can't resize monitor, monitor with id 1 does not exist.

      at Object.transportFormatted (../../node_modules/tslog/cjs/BaseLogger.js:115:13)

    console.log
      [37m2026-10-04 20:14:41.796[39m[0m[0m	[31m[1mERROR[22m[39m[0m[0m	[37m~/Documents/GitHub/AA_KNOWLEGE_BASED_DEV_SYSTEM/scratch-editor/packages/scratch-gui/src/reducers/monitor-layout.js:33[39m[0m[0m[1m[37m	scratch-gui[39m[22m[0m[0m	Monitor rectangle not formatted correctly

      at Object.transportFormatted (../../node_modules/tslog/cjs/BaseLogger.js:115:13)

    console.log
      [37m2026-10-04 20:14:41.798[39m[0m[0m	[31m[1mERROR[22m[39m[0m[0m	[37m~/Documents/GitHub/AA_KNOWLEGE_BASED_DEV_SYSTEM/scratch-editor/packages/scratch-gui/src/reducers/monitor-layout.js:33[39m[0m[0m[1m[37m	scratch-gui[39m[22m[0m[0m	Monitor rectangle not formatted correctly

      at Object.transportFormatted (../../node_modules/tslog/cjs/BaseLogger.js:115:13)

PASS test/unit/components/button.test.jsx
PASS test/unit/util/define-dynamic-block.test.js
PASS test/unit/lib/indexeddb-project-store.test.js
PASS test/unit/util/cloud-provider.test.js
  ● Console

    console.log
      [37m2026-10-04 20:14:42.348[39m[0m[0m	[34m[1mINFO[22m[39m[0m[0m	[37m~/Documents/GitHub/AA_KNOWLEGE_BASED_DEV_SYSTEM/scratch-editor/packages/scratch-gui/src/lib/cloud-provider.ts:119[39m[0m[0m[1m[37m	scratch-gui[39m[22m[0m[0m	Successfully connected to clouddata server.

      at Object.transportFormatted (../../node_modules/tslog/cjs/BaseLogger.js:115:13)

    console.log
      [37m2026-10-04 20:14:42.372[39m[0m[0m	[34m[1mINFO[22m[39m[0m[0m	[37m~/Documents/GitHub/AA_KNOWLEGE_BASED_DEV_SYSTEM/scratch-editor/packages/scratch-gui/src/lib/cloud-provider.ts:131[39m[0m[0m[1m[37m	scratch-gui[39m[22m[0m[0m	Closed connection to websocket

      at Object.transportFormatted (../../node_modules/tslog/cjs/BaseLogger.js:115:13)

    console.log
      [37m2026-10-04 20:14:42.375[39m[0m[0m	[34m[1mINFO[22m[39m[0m[0m	[37m~/Documents/GitHub/AA_KNOWLEGE_BASED_DEV_SYSTEM/scratch-editor/packages/scratch-gui/src/lib/cloud-provider.ts:131[39m[0m[0m[1m[37m	scratch-gui[39m[22m[0m[0m	Closed connection to websocket

      at Object.transportFormatted (../../node_modules/tslog/cjs/BaseLogger.js:115:13)

    console.log
      [37m2026-10-04 20:14:42.377[39m[0m[0m	[34m[1mINFO[22m[39m[0m[0m	[37m~/Documents/GitHub/AA_KNOWLEGE_BASED_DEV_SYSTEM/scratch-editor/packages/scratch-gui/src/lib/cloud-provider.ts:131[39m[0m[0m[1m[37m	scratch-gui[39m[22m[0m[0m	Closed connection to websocket

      at Object.transportFormatted (../../node_modules/tslog/cjs/BaseLogger.js:115:13)

    console.log
      [37m2026-10-04 20:14:42.379[39m[0m[0m	[34m[1mINFO[22m[39m[0m[0m	[37m~/Documents/GitHub/AA_KNOWLEGE_BASED_DEV_SYSTEM/scratch-editor/packages/scratch-gui/src/lib/cloud-provider.ts:131[39m[0m[0m[1m[37m	scratch-gui[39m[22m[0m[0m	Closed connection to websocket

      at Object.transportFormatted (../../node_modules/tslog/cjs/BaseLogger.js:115:13)

    console.log
      [37m2026-10-04 20:14:42.381[39m[0m[0m	[34m[1mINFO[22m[39m[0m[0m	[37m~/Documents/GitHub/AA_KNOWLEGE_BASED_DEV_SYSTEM/scratch-editor/packages/scratch-gui/src/lib/cloud-provider.ts:131[39m[0m[0m[1m[37m	scratch-gui[39m[22m[0m[0m	Closed connection to websocket

      at Object.transportFormatted (../../node_modules/tslog/cjs/BaseLogger.js:115:13)

    console.log
      [37m2026-10-04 20:14:42.383[39m[0m[0m	[34m[1mINFO[22m[39m[0m[0m	[37m~/Documents/GitHub/AA_KNOWLEGE_BASED_DEV_SYSTEM/scratch-editor/packages/scratch-gui/src/lib/cloud-provider.ts:131[39m[0m[0m[1m[37m	scratch-gui[39m[22m[0m[0m	Closed connection to websocket

      at Object.transportFormatted (../../node_modules/tslog/cjs/BaseLogger.js:115:13)

    console.log
      [37m2026-10-04 20:14:42.385[39m[0m[0m	[34m[1mINFO[22m[39m[0m[0m	[37m~/Documents/GitHub/AA_KNOWLEGE_BASED_DEV_SYSTEM/scratch-editor/packages/scratch-gui/src/lib/cloud-provider.ts:119[39m[0m[0m[1m[37m	scratch-gui[39m[22m[0m[0m	Successfully connected to clouddata server.

      at Object.transportFormatted (../../node_modules/tslog/cjs/BaseLogger.js:115:13)

    console.log
      [37m2026-10-04 20:14:42.386[39m[0m[0m	[34m[1mINFO[22m[39m[0m[0m	[37m~/Documents/GitHub/AA_KNOWLEGE_BASED_DEV_SYSTEM/scratch-editor/packages/scratch-gui/src/lib/cloud-provider.ts:131[39m[0m[0m[1m[37m	scratch-gui[39m[22m[0m[0m	Closed connection to websocket

      at Object.transportFormatted (../../node_modules/tslog/cjs/BaseLogger.js:115:13)

    console.log
      [37m2026-10-04 20:14:42.388[39m[0m[0m	[34m[1mINFO[22m[39m[0m[0m	[37m~/Documents/GitHub/AA_KNOWLEGE_BASED_DEV_SYSTEM/scratch-editor/packages/scratch-gui/src/lib/cloud-provider.ts:261[39m[0m[0m[1m[37m	scratch-gui[39m[22m[0m[0m	Request close cloud connection without reconnecting

      at Object.transportFormatted (../../node_modules/tslog/cjs/BaseLogger.js:115:13)

PASS test/unit/util/color-modes.test.js
PASS test/unit/util/audio-context.test.js
PASS test/unit/util/drag-recognizer.test.js
PASS test/unit/lib/configure-mcremote-block-rendering.test.js
PASS test/unit/util/audio-util.test.js
PASS test/unit/scripts/prune-pages-artifact.test.js
PASS test/unit/reducers/alerts-reducer.test.js
PASS test/unit/util/get-costume-url.test.js
PASS test/unit/util/default-project.test.js
PASS test/unit/util/opcode-labels.test.js
PASS test/unit/util/audio-effects.test.js
PASS test/unit/util/tutorial-from-url.test.js
PASS test/unit/reducers/project-state-reducer.test.js
PASS test/unit/util/detect-locale.test.js
PASS test/unit/playground/render-gui.test.jsx
PASS test/unit/reducers/local-sprites-reducer.test.js
PASS test/unit/reducers/local-projects-reducer.test.js
PASS test/unit/util/browser-storage-persistence.test.js
PASS test/unit/util/translate-video.test.js
PASS test/unit/util/code-payload.test.js
PASS test/unit/util/blockly-input-editing-shortcuts.test.js
PASS test/unit/reducers/mode-reducer.test.js
PASS test/unit/reducers/workspace-metrics-reducer.test.js
PASS test/unit/lib/configure-continuous-flyout.test.js
PASS test/unit/util/sb-file-uploader-util.test.js
PASS test/unit/util/drag-utils.test.js
PASS test/unit/reducers/mcremote-observation-reducer.test.js
PASS test/unit/lib/configure-workspace-zoom.test.js
PASS test/unit/lib/mcremote-block-ref.test.js
PASS test/unit/reducers/mcremote-catalog.test.js

Summary of all failing tests
FAIL test/unit/util/mcremote-runtime-config.test.js (6.104 s)
  ● McRemote runtime config › loads the deployment and image-owned files independently

    expect(received).resolves.toEqual(expected) // deep equality

    - Expected  - 1
    + Received  + 1

    @@ -20,9 +20,9 @@
            "body": "Product body",
            "heading": "Product notice",
            "link": null,
          },
        ],
    -   "releaseIdentity": "2301.0.0b7",
    +   "releaseIdentity": "2320.0.0b8",
        "storagePersistEnabled": false,
        "wireScopeUrl": "https://wirescope.classroom.example/live",
      }

      42 |         const {loadMcRemoteRuntimeConfig} = require('../../../src/lib/mcremote-runtime-config.js');
      43 |
    > 44 |         await expect(loadMcRemoteRuntimeConfig()).resolves.toEqual({
         |                                                            ^
      45 |             bridgeUrl: 'wss://bridge.classroom.example/ws',
      46 |             defaultSandbox: 'minecraft.classroom.example',
      47 |             connectionTargets: [

      at Object.toEqual (../../node_modules/expect/build/index.js:174:22)
      at Object.toEqual (test/unit/util/mcremote-runtime-config.test.js:44:60)

  ● McRemote runtime config › accepts a disabled deployment without connection fields

    expect(received).resolves.toMatchObject(expected)

    - Expected  - 1
    + Received  + 1

      Object {
        "bridgeUrl": null,
        "connectionEnabled": false,
        "connectionTargets": Array [],
        "defaultSandbox": null,
    -   "releaseIdentity": "2301.0.0b7",
    +   "releaseIdentity": "2320.0.0b8",
      }

      81 |         const {loadMcRemoteRuntimeConfig} = require('../../../src/lib/mcremote-runtime-config.js');
      82 |
    > 83 |         await expect(loadMcRemoteRuntimeConfig()).resolves.toMatchObject({
         |                                                            ^
      84 |             bridgeUrl: null,
      85 |             defaultSandbox: null,
      86 |             connectionTargets: [],

      at Object.toMatchObject (../../node_modules/expect/build/index.js:174:22)
      at Object.toMatchObject (test/unit/util/mcremote-runtime-config.test.js:83:60)

  ● McRemote runtime config › fails closed when the deployment file cannot be loaded

    expect(received).resolves.toMatchObject(expected)

    - Expected  - 1
    + Received  + 1

      Object {
        "connectionEnabled": false,
        "homepageUrl": "https://mc-remote.com/",
    -   "releaseIdentity": "2301.0.0b7",
    +   "releaseIdentity": "2320.0.0b8",
      }

      139 |         const {loadMcRemoteRuntimeConfig} = require('../../../src/lib/mcremote-runtime-config.js');
      140 |
    > 141 |         await expect(loadMcRemoteRuntimeConfig()).resolves.toMatchObject({
          |                                                            ^
      142 |             connectionEnabled: false,
      143 |             releaseIdentity: '2301.0.0b7',
      144 |             homepageUrl: 'https://mc-remote.com/'

      at Object.toMatchObject (../../node_modules/expect/build/index.js:174:22)
      at Object.toMatchObject (test/unit/util/mcremote-runtime-config.test.js:141:60)


Test Suites: 1 failed, 71 passed, 72 total
Tests:       3 failed, 1 skipped, 527 passed, 531 total
Snapshots:   15 passed, 15 total
Time:        59.224 s, estimated 147 s
Ran all test suites matching /test[\/]unit|test\/unit\/util\/mcremote-wirescope-source.test.js/i.
npm error Lifecycle script `test:unit` failed with error:
npm error code 1
npm error path ~/Documents/GitHub/AA_KNOWLEGE_BASED_DEV_SYSTEM/scratch-editor/packages/scratch-gui
npm error workspace @scratch/scratch-gui@15.0.1
npm error location ~/Documents/GitHub/AA_KNOWLEGE_BASED_DEV_SYSTEM/scratch-editor/packages/scratch-gui
npm error command failed
npm error command sh -c cross-env JEST_JUNIT_OUTPUT_NAME=unit-tests-results.xml jest test[\\/]unit --runInBand test/unit/util/mcremote-wirescope-source.test.js
