2026-10-04T20:35:30.4808761Z Current runner version: '2.337.0'
2026-10-04T20:35:30.4834980Z ##[group]Runner Image Provisioner
2026-10-04T20:35:30.4835929Z Hosted Compute Agent
2026-10-04T20:35:30.4836665Z Version: 20260901.588
2026-10-04T20:35:30.4837311Z Commit: f88ec8081b781fac6c440065ac7ff9e710ce3d0b
2026-10-04T20:35:30.4838084Z Build Date: 2026-09-01T19:56:44Z
2026-10-04T20:35:30.4838851Z Worker ID: {0950dae5-7842-40b8-9909-b1c4f75a83bd}
2026-10-04T20:35:30.4839640Z Azure Region: eastus
2026-10-04T20:35:30.4840278Z ##[endgroup]
2026-10-04T20:35:30.4842591Z ##[group]Operating System
2026-10-04T20:35:30.4843332Z Ubuntu
2026-10-04T20:35:30.4843890Z 24.04.5
2026-10-04T20:35:30.4844433Z LTS
2026-10-04T20:35:30.4845016Z ##[endgroup]
2026-10-04T20:35:30.4845570Z ##[group]Runner Image
2026-10-04T20:35:30.4846165Z Image: ubuntu-24.04
2026-10-04T20:35:30.4846829Z Version: 20260927.320.1
2026-10-04T20:35:30.4848091Z Included Software: https://github.com/actions/runner-images/blob/ubuntu24/20260927.320/images/ubuntu/Ubuntu2404-Readme.md
2026-10-04T20:35:30.4849801Z Image Release: https://github.com/actions/runner-images/releases/tag/ubuntu24%2F20260927.320
2026-10-04T20:35:30.4850785Z ##[endgroup]
2026-10-04T20:35:30.4852361Z ##[group]GITHUB_TOKEN Permissions
2026-10-04T20:35:30.4855092Z Contents: read
2026-10-04T20:35:30.4855760Z Metadata: read
2026-10-04T20:35:30.4856319Z ##[endgroup]
2026-10-04T20:35:30.4858546Z Secret source: Actions
2026-10-04T20:35:30.4859526Z Cache mode: write
2026-10-04T20:35:30.4860720Z Prepare workflow directory
2026-10-04T20:35:30.5198901Z Prepare all required actions
2026-10-04T20:35:30.5247408Z Getting action download info
2026-10-04T20:35:30.7677802Z Download action repository 'actions/checkout@08c6903cd8c0fde910a37f88322edcfb5dd907a8' (SHA:08c6903cd8c0fde910a37f88322edcfb5dd907a8)
2026-10-04T20:35:30.8881980Z Download action repository 'actions/setup-node@2028fbc5c25fe9cf00d9f06a71cc4710d4507903' (SHA:2028fbc5c25fe9cf00d9f06a71cc4710d4507903)
2026-10-04T20:35:31.1465217Z Download action repository 'actions/download-artifact@3e5f45b2cfb9172054b4087a40e8e0b5a5461e7c' (SHA:3e5f45b2cfb9172054b4087a40e8e0b5a5461e7c)
2026-10-04T20:35:31.4242895Z Uses: Naohiro2g/scratch-editor/.github/workflows/test-packages.yml@refs/heads/develop (7fbbf034488760d8fc7e034bf23f3e08e6e1807d)
2026-10-04T20:35:31.4247794Z ##[group] Inputs
2026-10-04T20:35:31.4248349Z   packages: ["scratch-gui"]
2026-10-04T20:35:31.4248869Z ##[endgroup]
2026-10-04T20:35:31.4249337Z Complete job name: Test / Test scratch-gui
2026-10-04T20:35:31.5033342Z ##[group]Run actions/checkout@08c6903cd8c0fde910a37f88322edcfb5dd907a8
2026-10-04T20:35:31.5034463Z with:
2026-10-04T20:35:31.5034945Z   repository: Naohiro2g/scratch-editor
2026-10-04T20:35:31.5039167Z   token: ***
2026-10-04T20:35:31.5039598Z   ssh-strict: true
2026-10-04T20:35:31.5040033Z   ssh-user: git
2026-10-04T20:35:31.5040477Z   persist-credentials: true
2026-10-04T20:35:31.5040966Z   clean: true
2026-10-04T20:35:31.5041407Z   sparse-checkout-cone-mode: true
2026-10-04T20:35:31.5042222Z   fetch-depth: 1
2026-10-04T20:35:31.5042684Z   fetch-tags: false
2026-10-04T20:35:31.5043142Z   show-progress: true
2026-10-04T20:35:31.5043579Z   lfs: false
2026-10-04T20:35:31.5043982Z   submodules: false
2026-10-04T20:35:31.5044429Z   set-safe-directory: true
2026-10-04T20:35:31.5045205Z ##[endgroup]
2026-10-04T20:35:31.6073518Z Syncing repository: Naohiro2g/scratch-editor
2026-10-04T20:35:31.6075696Z ##[group]Getting Git version info
2026-10-04T20:35:31.6076708Z Working directory is '~/work/scratch-editor/scratch-editor'
2026-10-04T20:35:31.6077965Z [command]/usr/bin/git version
2026-10-04T20:35:31.6153863Z git version 2.55.0
2026-10-04T20:35:31.6178563Z ##[endgroup]
2026-10-04T20:35:31.6205280Z Temporarily overriding HOME='~/work/_temp/c85786fe-13d3-44dd-ba34-4858a66a6740' before making global git config changes
2026-10-04T20:35:31.6206719Z Adding repository directory to the temporary git global config as a safe directory
2026-10-04T20:35:31.6212618Z [command]/usr/bin/git config --global --add safe.directory ~/work/scratch-editor/scratch-editor
2026-10-04T20:35:31.6271706Z Deleting the contents of '~/work/scratch-editor/scratch-editor'
2026-10-04T20:35:31.6274992Z ##[group]Initializing the repository
2026-10-04T20:35:31.6281609Z [command]/usr/bin/git init ~/work/scratch-editor/scratch-editor
2026-10-04T20:35:31.6411933Z hint: Using 'master' as the name for the initial branch. This default branch name
2026-10-04T20:35:31.6413779Z hint: will change to "main" in Git 3.0. To configure the initial branch name
2026-10-04T20:35:31.6415361Z hint: to use in all of your new repositories, which will suppress this warning,
2026-10-04T20:35:31.6416511Z hint: call:
2026-10-04T20:35:31.6416926Z hint:
2026-10-04T20:35:31.6417745Z hint: 	git config --global init.defaultBranch <name>
2026-10-04T20:35:31.6418385Z hint:
2026-10-04T20:35:31.6418974Z hint: Names commonly chosen instead of 'master' are 'main', 'trunk' and
2026-10-04T20:35:31.6420481Z hint: 'development'. The just-created branch can be renamed via this command:
2026-10-04T20:35:31.6421841Z hint:
2026-10-04T20:35:31.6422330Z hint: 	git branch -m <name>
2026-10-04T20:35:31.6422824Z hint:
2026-10-04T20:35:31.6423461Z hint: Disable this message with "git config set advice.defaultBranchName false"
2026-10-04T20:35:31.6425103Z Initialized empty Git repository in ~/work/scratch-editor/scratch-editor/.git/
2026-10-04T20:35:31.6429013Z [command]/usr/bin/git remote add origin https://github.com/Naohiro2g/scratch-editor
2026-10-04T20:35:31.6483414Z ##[endgroup]
2026-10-04T20:35:31.6484521Z ##[group]Disabling automatic garbage collection
2026-10-04T20:35:31.6488267Z [command]/usr/bin/git config --local gc.auto 0
2026-10-04T20:35:31.6522684Z ##[endgroup]
2026-10-04T20:35:31.6523751Z ##[group]Setting up auth
2026-10-04T20:35:31.6531374Z [command]/usr/bin/git config --local --name-only --get-regexp core\.sshCommand
2026-10-04T20:35:31.6566802Z [command]/usr/bin/git submodule foreach --recursive sh -c "git config --local --name-only --get-regexp 'core\.sshCommand' && git config --local --unset-all 'core.sshCommand' || :"
2026-10-04T20:35:31.6998888Z [command]/usr/bin/git config --local --name-only --get-regexp http\.https\:\/\/github\.com\/\.extraheader
2026-10-04T20:35:31.7037385Z [command]/usr/bin/git submodule foreach --recursive sh -c "git config --local --name-only --get-regexp 'http\.https\:\/\/github\.com\/\.extraheader' && git config --local --unset-all 'http.https://github.com/.extraheader' || :"
2026-10-04T20:35:31.7268588Z [command]/usr/bin/git config --local http.https://github.com/.extraheader AUTHORIZATION: basic ***
2026-10-04T20:35:31.7310732Z ##[endgroup]
2026-10-04T20:35:31.7320046Z ##[group]Fetching the repository
2026-10-04T20:35:31.7321897Z [command]/usr/bin/git -c protocol.version=2 fetch --no-tags --prune --no-recurse-submodules --depth=1 origin +7fbbf034488760d8fc7e034bf23f3e08e6e1807d:refs/remotes/origin/develop
2026-10-04T20:35:33.3370576Z From https://github.com/Naohiro2g/scratch-editor
2026-10-04T20:35:33.3372809Z  * [new ref]         7fbbf034488760d8fc7e034bf23f3e08e6e1807d -> origin/develop
2026-10-04T20:35:33.3376692Z ##[endgroup]
2026-10-04T20:35:33.3377683Z ##[group]Determining the checkout info
2026-10-04T20:35:33.3379233Z ##[endgroup]
2026-10-04T20:35:33.3386110Z [command]/usr/bin/git sparse-checkout disable
2026-10-04T20:35:33.3441999Z [command]/usr/bin/git config --local --unset-all extensions.worktreeConfig
2026-10-04T20:35:33.3475038Z ##[group]Checking out the ref
2026-10-04T20:35:33.3479977Z [command]/usr/bin/git checkout --progress --force -B develop refs/remotes/origin/develop
2026-10-04T20:35:33.8194366Z Switched to a new branch 'develop'
2026-10-04T20:35:33.8198458Z branch 'develop' set up to track 'origin/develop'.
2026-10-04T20:35:33.8219243Z ##[endgroup]
2026-10-04T20:35:33.8268957Z [command]/usr/bin/git log -1 --format=%H
2026-10-04T20:35:33.8332433Z 7fbbf034488760d8fc7e034bf23f3e08e6e1807d
2026-10-04T20:35:33.8611978Z ##[group]Run actions/setup-node@2028fbc5c25fe9cf00d9f06a71cc4710d4507903
2026-10-04T20:35:33.8612785Z with:
2026-10-04T20:35:33.8613022Z   cache: npm
2026-10-04T20:35:33.8613280Z   node-version-file: .nvmrc
2026-10-04T20:35:33.8613569Z   always-auth: false
2026-10-04T20:35:33.8613848Z   check-latest: false
2026-10-04T20:35:33.8616724Z   token: ***
2026-10-04T20:35:33.8616996Z   package-manager-cache: true
2026-10-04T20:35:33.8617290Z ##[endgroup]
2026-10-04T20:35:34.0088413Z Node version file is not JSON file
2026-10-04T20:35:34.0089965Z Resolved .nvmrc as 24.19.0
2026-10-04T20:35:34.0109209Z Attempting to download 24.19.0...
2026-10-04T20:35:34.0243941Z (node:2337) [DEP0040] DeprecationWarning: The `punycode` module is deprecated. Please use a userland alternative instead.
2026-10-04T20:35:34.0245272Z (Use `node --trace-deprecation ...` to show where the warning was created)
2026-10-04T20:35:34.5382061Z Acquiring 24.19.0 - x64 from https://github.com/actions/node-versions/releases/download/24.19.0-30872449280/node-24.19.0-linux-x64.tar.gz
2026-10-04T20:35:35.4032893Z Extracting ...
2026-10-04T20:35:35.4156907Z [command]/usr/bin/tar xz --strip 1 --warning=no-unknown-keyword --overwrite -C ~/work/_temp/ce530a9a-d2f8-4adb-b067-ee0316ffa085 -f ~/work/_temp/b934659b-1681-42b9-b2ca-f205dee52ec7
2026-10-04T20:35:36.6764735Z Adding to the cache ...
2026-10-04T20:35:38.6766476Z ##[group]Environment details
2026-10-04T20:35:38.9103869Z node: v24.19.0
2026-10-04T20:35:38.9104189Z npm: 11.17.0
2026-10-04T20:35:38.9104409Z yarn: 1.22.22
2026-10-04T20:35:38.9104923Z ##[endgroup]
2026-10-04T20:35:38.9124872Z [command]/opt/hostedtoolcache/node/24.19.0/x64/bin/npm config get cache
2026-10-04T20:35:39.0140867Z ~/.npm
2026-10-04T20:35:39.0918802Z Cache hit for: node-cache-Linux-x64-npm-69cb4414235ee94f335727ba52666c89e5f73de777cfedeb8032147c8bf198e2
2026-10-04T20:35:39.1035384Z (node:2337) [DEP0169] DeprecationWarning: `url.parse()` behavior is not standardized and prone to errors that have security implications. Use the WHATWG URL API instead. CVEs are not issued for `url.parse()` vulnerabilities.
2026-10-04T20:35:40.1455941Z Received 243269632 of 324693631 (74.9%), 231.3 MBs/sec
2026-10-04T20:35:40.4862845Z Received 324693631 of 324693631 (100.0%), 230.9 MBs/sec
2026-10-04T20:35:40.4863924Z Cache Size: ~310 MB (324693631 B)
2026-10-04T20:35:40.5023234Z [command]/usr/bin/tar -xf ~/work/_temp/2c102427-30d9-4960-96b3-1687b309c05a/cache.tzst -P -C ~/work/scratch-editor/scratch-editor --use-compress-program unzstd
2026-10-04T20:35:41.8605213Z Cache restored successfully
2026-10-04T20:35:41.8751210Z Cache restored from key: node-cache-Linux-x64-npm-69cb4414235ee94f335727ba52666c89e5f73de777cfedeb8032147c8bf198e2
2026-10-04T20:35:41.9135523Z Prepare all required actions
2026-10-04T20:35:41.9136173Z Getting action download info
2026-10-04T20:35:42.1253492Z Download action repository 'actions/cache@caa296126883cff596d87d8935842f9db880ef25' (SHA:caa296126883cff596d87d8935842f9db880ef25)
2026-10-04T20:35:42.2982133Z ##[group]Run ./.github/actions/install-dependencies
2026-10-04T20:35:42.2982513Z ##[endgroup]
2026-10-04T20:35:42.3044840Z ##[start-action display=Run echo "Using pkg-config $(pkg-config --version)";id=__self.__run]
2026-10-04T20:35:42.3084235Z ##[group]Run echo "Using pkg-config $(pkg-config --version)"
2026-10-04T20:35:42.3084767Z echo "Using pkg-config $(pkg-config --version)"
2026-10-04T20:35:42.3085257Z # These dependencies are from scratch-paint -> paper.js -> canvas
2026-10-04T20:35:42.3085734Z # See also `util/has_lib.js` in the `canvas` package
2026-10-04T20:35:42.3086163Z # There must be a better way to detect gif_lib.h than this...
2026-10-04T20:35:42.3086593Z missing_libraries="$(
2026-10-04T20:35:42.3086977Z   ldconfig -p | grep -q 'libcairo\.so' || echo libcairo2-dev
2026-10-04T20:35:42.3087448Z   pkg-config pangocairo || echo libpango1.0-dev
2026-10-04T20:35:42.3087811Z   pkg-config libssl || echo libssl-dev
2026-10-04T20:35:42.3088140Z   pkg-config libjpeg || echo libjpeg-dev
2026-10-04T20:35:42.3088712Z   test -f /usr/include/gif_lib.h || echo libgif-dev
2026-10-04T20:35:42.3089029Z )"
2026-10-04T20:35:42.3089291Z echo "Missing libraries: [$missing_libraries]"
2026-10-04T20:35:42.3089644Z if [ -n "$missing_libraries" ]; then
2026-10-04T20:35:42.3090113Z   sudo apt update # avoiding this is the main reason for detecting missing libraries
2026-10-04T20:35:42.3090594Z   sudo apt install -y $missing_libraries
2026-10-04T20:35:42.3090897Z else
2026-10-04T20:35:42.3091106Z   echo "No missing libraries"
2026-10-04T20:35:42.3091385Z fi
2026-10-04T20:35:42.3399951Z shell: /usr/bin/bash --noprofile --norc -e -o pipefail {0}
2026-10-04T20:35:42.3400458Z ##[endgroup]
2026-10-04T20:35:42.3711384Z Using pkg-config 1.8.1
2026-10-04T20:35:42.5399239Z Missing libraries: [libpango1.0-dev
2026-10-04T20:35:42.5399977Z libjpeg-dev
2026-10-04T20:35:42.5400361Z libgif-dev]
2026-10-04T20:35:42.5573284Z 
2026-10-04T20:35:42.5574349Z WARNING: apt does not have a stable CLI interface. Use with caution in scripts.
2026-10-04T20:35:42.5574786Z 
2026-10-04T20:35:42.6752801Z Get:1 file:/etc/apt/apt-mirrors.txt Mirrorlist [144 B]
2026-10-04T20:35:42.6943169Z Get:6 https://packages.microsoft.com/ubuntu/24.04/prod noble InRelease [3600 B]
2026-10-04T20:35:42.7182972Z Hit:2 http://azure.archive.ubuntu.com/ubuntu noble InRelease
2026-10-04T20:35:42.7240388Z Get:3 http://azure.archive.ubuntu.com/ubuntu noble-updates InRelease [126 kB]
2026-10-04T20:35:42.7312844Z Get:4 http://azure.archive.ubuntu.com/ubuntu noble-backports InRelease [126 kB]
2026-10-04T20:35:42.7396909Z Get:5 http://azure.archive.ubuntu.com/ubuntu noble-security InRelease [126 kB]
2026-10-04T20:35:42.8273425Z Get:7 https://packages.microsoft.com/ubuntu/24.04/prod noble/main armhf Packages [12.6 kB]
2026-10-04T20:35:42.8486749Z Get:8 https://packages.microsoft.com/ubuntu/24.04/prod noble/main amd64 Packages [511 kB]
2026-10-04T20:35:42.8733416Z Get:9 https://packages.microsoft.com/ubuntu/24.04/prod noble/main arm64 Packages [458 kB]
2026-10-04T20:35:42.9796275Z Get:10 http://azure.archive.ubuntu.com/ubuntu noble-updates/main amd64 Packages [1364 kB]
2026-10-04T20:35:42.9913018Z Get:11 http://azure.archive.ubuntu.com/ubuntu noble-updates/main Translation-en [304 kB]
2026-10-04T20:35:42.9947814Z Get:12 http://azure.archive.ubuntu.com/ubuntu noble-updates/main amd64 Components [181 kB]
2026-10-04T20:35:43.0010642Z Get:13 http://azure.archive.ubuntu.com/ubuntu noble-updates/universe amd64 Packages [1699 kB]
2026-10-04T20:35:43.0123308Z Get:14 http://azure.archive.ubuntu.com/ubuntu noble-updates/universe Translation-en [341 kB]
2026-10-04T20:35:43.0153218Z Get:15 http://azure.archive.ubuntu.com/ubuntu noble-updates/universe amd64 Components [388 kB]
2026-10-04T20:35:43.0182663Z Get:16 http://azure.archive.ubuntu.com/ubuntu noble-updates/restricted amd64 Packages [1720 kB]
2026-10-04T20:35:43.0303386Z Get:17 http://azure.archive.ubuntu.com/ubuntu noble-updates/restricted Translation-en [394 kB]
2026-10-04T20:35:43.0323966Z Get:18 http://azure.archive.ubuntu.com/ubuntu noble-updates/multiverse amd64 Components [940 B]
2026-10-04T20:35:43.1376078Z Get:19 http://azure.archive.ubuntu.com/ubuntu noble-backports/main amd64 Components [5776 B]
2026-10-04T20:35:43.1856714Z Get:20 http://azure.archive.ubuntu.com/ubuntu noble-backports/universe amd64 Components [12.6 kB]
2026-10-04T20:35:43.2233062Z Get:21 http://azure.archive.ubuntu.com/ubuntu noble-security/main amd64 Packages [1069 kB]
2026-10-04T20:35:43.2262791Z Get:22 http://azure.archive.ubuntu.com/ubuntu noble-security/main Translation-en [221 kB]
2026-10-04T20:35:43.2292718Z Get:23 http://azure.archive.ubuntu.com/ubuntu noble-security/main amd64 Components [46.4 kB]
2026-10-04T20:35:43.2322583Z Get:24 http://azure.archive.ubuntu.com/ubuntu noble-security/universe amd64 Packages [1216 kB]
2026-10-04T20:35:43.2382809Z Get:25 http://azure.archive.ubuntu.com/ubuntu noble-security/universe Translation-en [244 kB]
2026-10-04T20:35:43.2414234Z Get:26 http://azure.archive.ubuntu.com/ubuntu noble-security/universe amd64 Components [76.4 kB]
2026-10-04T20:35:43.2442565Z Get:27 http://azure.archive.ubuntu.com/ubuntu noble-security/restricted amd64 Packages [1566 kB]
2026-10-04T20:35:43.2520551Z Get:28 http://azure.archive.ubuntu.com/ubuntu noble-security/restricted Translation-en [361 kB]
2026-10-04T20:35:47.7291310Z Fetched 12.6 MB in 2s (8067 kB/s)
2026-10-04T20:35:48.6007203Z Reading package lists...
2026-10-04T20:35:48.8122306Z Building dependency tree...
2026-10-04T20:35:48.8128972Z Reading state information...
2026-10-04T20:35:48.8315748Z 25 packages can be upgraded. Run 'apt list --upgradable' to see them.
2026-10-04T20:35:48.8428874Z 
2026-10-04T20:35:48.8429940Z WARNING: apt does not have a stable CLI interface. Use with caution in scripts.
2026-10-04T20:35:48.8430566Z 
2026-10-04T20:35:48.8536947Z Reading package lists...
2026-10-04T20:35:49.0602812Z Building dependency tree...
2026-10-04T20:35:49.0609954Z Reading state information...
2026-10-04T20:35:49.2289510Z The following additional packages will be installed:
2026-10-04T20:35:49.2290730Z   bzip2-doc gir1.2-freedesktop gir1.2-freedesktop-dev gir1.2-glib-2.0-dev
2026-10-04T20:35:49.2293430Z   gir1.2-harfbuzz-0.0 gir1.2-pango-1.0 libblkid-dev libbrotli-dev libbz2-dev
2026-10-04T20:35:49.2294464Z   libcairo-script-interpreter2 libcairo2-dev libdatrie-dev libfontconfig-dev
2026-10-04T20:35:49.2295568Z   libfreetype-dev libfribidi-dev libgif7 libgirepository-2.0-0 libglib2.0-dev
2026-10-04T20:35:49.2296644Z   libglib2.0-dev-bin libgraphite2-dev libharfbuzz-cairo0 libharfbuzz-dev
2026-10-04T20:35:49.2297478Z   libharfbuzz-gobject0 libharfbuzz-icu0 libharfbuzz-subset0 libice-dev
2026-10-04T20:35:49.2298244Z   libjpeg-turbo8-dev libjpeg8-dev libmount-dev libpangoxft-1.0-0
2026-10-04T20:35:49.2298809Z   libpixman-1-dev libpng-dev libpng-tools libpthread-stubs0-dev
2026-10-04T20:35:49.2299408Z   libselinux1-dev libsepol-dev libsm-dev libthai-dev libx11-dev libxau-dev
2026-10-04T20:35:49.2300376Z   libxcb-render0-dev libxcb-shm0-dev libxcb1-dev libxdmcp-dev libxext-dev
2026-10-04T20:35:49.2301680Z   libxft-dev libxrender-dev pango1.0-tools uuid-dev x11proto-core-dev
2026-10-04T20:35:49.2302566Z   x11proto-dev xorg-sgml-doctools xtrans-dev
2026-10-04T20:35:49.2306221Z Suggested packages:
2026-10-04T20:35:49.2306923Z   libcairo2-doc libdatrie-doc freetype2-doc libglib2.0-doc
2026-10-04T20:35:49.2307768Z   libgdk-pixbuf2.0-bin libxml2-utils libgraphite2-utils libice-doc
2026-10-04T20:35:49.2308772Z   libpango1.0-doc libsm-doc libthai-doc libx11-doc libxcb-doc libxext-doc
2026-10-04T20:35:49.2310060Z   graphicsmagick
2026-10-04T20:35:49.3102142Z The following NEW packages will be installed:
2026-10-04T20:35:49.3103319Z   bzip2-doc gir1.2-freedesktop gir1.2-freedesktop-dev gir1.2-glib-2.0-dev
2026-10-04T20:35:49.3104613Z   gir1.2-harfbuzz-0.0 gir1.2-pango-1.0 libblkid-dev libbrotli-dev libbz2-dev
2026-10-04T20:35:49.3105951Z   libcairo-script-interpreter2 libcairo2-dev libdatrie-dev libfontconfig-dev
2026-10-04T20:35:49.3107233Z   libfreetype-dev libfribidi-dev libgif-dev libgif7 libgirepository-2.0-0
2026-10-04T20:35:49.3108211Z   libglib2.0-dev libglib2.0-dev-bin libgraphite2-dev libharfbuzz-cairo0
2026-10-04T20:35:49.3109542Z   libharfbuzz-dev libharfbuzz-gobject0 libharfbuzz-icu0 libharfbuzz-subset0
2026-10-04T20:35:49.3110474Z   libice-dev libjpeg-dev libjpeg-turbo8-dev libjpeg8-dev libmount-dev
2026-10-04T20:35:49.3111258Z   libpango1.0-dev libpangoxft-1.0-0 libpixman-1-dev libpng-dev libpng-tools
2026-10-04T20:35:49.3112501Z   libpthread-stubs0-dev libselinux1-dev libsepol-dev libsm-dev libthai-dev
2026-10-04T20:35:49.3113490Z   libx11-dev libxau-dev libxcb-render0-dev libxcb-shm0-dev libxcb1-dev
2026-10-04T20:35:49.3114619Z   libxdmcp-dev libxext-dev libxft-dev libxrender-dev pango1.0-tools uuid-dev
2026-10-04T20:35:49.3115479Z   x11proto-core-dev x11proto-dev xorg-sgml-doctools xtrans-dev
2026-10-04T20:35:49.3610258Z 0 upgraded, 56 newly installed, 0 to remove and 25 not upgraded.
2026-10-04T20:35:49.4174639Z Need to get 9354 kB of archives.
2026-10-04T20:35:49.4175599Z After this operation, 48.7 MB of additional disk space will be used.
2026-10-04T20:35:49.4176566Z Get:1 file:/etc/apt/apt-mirrors.txt Mirrorlist [144 B]
2026-10-04T20:35:49.5152277Z Get:2 http://azure.archive.ubuntu.com/ubuntu noble-updates/main amd64 bzip2-doc all 1.0.8-5.1ubuntu0.1 [499 kB]
2026-10-04T20:35:51.9601219Z Get:3 http://azure.archive.ubuntu.com/ubuntu noble/main amd64 gir1.2-freedesktop amd64 1.80.1-1 [49.7 kB]
2026-10-04T20:35:52.0450536Z Get:4 http://azure.archive.ubuntu.com/ubuntu noble-updates/main amd64 gir1.2-glib-2.0-dev amd64 2.80.0-6ubuntu3.9 [848 kB]
2026-10-04T20:35:52.2323208Z Get:5 http://azure.archive.ubuntu.com/ubuntu noble/main amd64 gir1.2-freedesktop-dev amd64 1.80.1-1 [28.8 kB]
2026-10-04T20:35:52.3139256Z Get:6 http://azure.archive.ubuntu.com/ubuntu noble/main amd64 libharfbuzz-gobject0 amd64 8.3.0-2build2 [34.3 kB]
2026-10-04T20:35:52.3967152Z Get:7 http://azure.archive.ubuntu.com/ubuntu noble/main amd64 gir1.2-harfbuzz-0.0 amd64 8.3.0-2build2 [44.5 kB]
2026-10-04T20:35:52.4792051Z Get:8 http://azure.archive.ubuntu.com/ubuntu noble/main amd64 libpangoxft-1.0-0 amd64 1.52.1+ds-1build1 [20.3 kB]
2026-10-04T20:35:52.5602166Z Get:9 http://azure.archive.ubuntu.com/ubuntu noble/main amd64 gir1.2-pango-1.0 amd64 1.52.1+ds-1build1 [34.8 kB]
2026-10-04T20:35:52.6440705Z Get:10 http://azure.archive.ubuntu.com/ubuntu noble/main amd64 libbrotli-dev amd64 1.1.0-2build2 [353 kB]
2026-10-04T20:35:52.7296663Z Get:11 http://azure.archive.ubuntu.com/ubuntu noble-updates/main amd64 libbz2-dev amd64 1.0.8-5.1ubuntu0.1 [33.6 kB]
2026-10-04T20:35:52.8416514Z Get:12 http://azure.archive.ubuntu.com/ubuntu noble/main amd64 libcairo-script-interpreter2 amd64 1.18.0-3build1 [60.3 kB]
2026-10-04T20:35:52.9339690Z Get:13 http://azure.archive.ubuntu.com/ubuntu noble-updates/main amd64 libpng-dev amd64 1.6.43-5ubuntu0.6 [265 kB]
2026-10-04T20:35:53.0449129Z Get:14 http://azure.archive.ubuntu.com/ubuntu noble-updates/main amd64 libfreetype-dev amd64 2.13.2+dfsg-1ubuntu0.1 [575 kB]
2026-10-04T20:35:53.1417941Z Get:15 http://azure.archive.ubuntu.com/ubuntu noble-updates/main amd64 uuid-dev amd64 2.39.3-9ubuntu6.6 [33.5 kB]
2026-10-04T20:35:53.2328002Z Get:16 http://azure.archive.ubuntu.com/ubuntu noble/main amd64 libfontconfig-dev amd64 2.15.0-1.1ubuntu2 [161 kB]
2026-10-04T20:35:53.3440098Z Get:17 http://azure.archive.ubuntu.com/ubuntu noble-updates/main amd64 libglib2.0-dev-bin amd64 2.80.0-6ubuntu3.9 [138 kB]
2026-10-04T20:35:53.4418454Z Get:18 http://azure.archive.ubuntu.com/ubuntu noble-updates/main amd64 libblkid-dev amd64 2.39.3-9ubuntu6.6 [205 kB]
2026-10-04T20:35:53.5389335Z Get:19 http://azure.archive.ubuntu.com/ubuntu noble/main amd64 libsepol-dev amd64 3.5-2build1 [384 kB]
2026-10-04T20:35:53.6338228Z Get:20 http://azure.archive.ubuntu.com/ubuntu noble-updates/main amd64 libselinux1-dev amd64 3.5-2ubuntu2.1 [164 kB]
2026-10-04T20:35:53.8094442Z Get:21 http://azure.archive.ubuntu.com/ubuntu noble-updates/main amd64 libmount-dev amd64 2.39.3-9ubuntu6.6 [14.9 kB]
2026-10-04T20:35:53.8945666Z Get:22 http://azure.archive.ubuntu.com/ubuntu noble-updates/main amd64 libgirepository-2.0-0 amd64 2.80.0-6ubuntu3.9 [73.5 kB]
2026-10-04T20:35:53.9709500Z Get:23 http://azure.archive.ubuntu.com/ubuntu noble-updates/main amd64 libglib2.0-dev amd64 2.80.0-6ubuntu3.9 [1860 kB]
2026-10-04T20:35:54.1967542Z Get:24 http://azure.archive.ubuntu.com/ubuntu noble/main amd64 libpixman-1-dev amd64 0.42.2-1build1 [296 kB]
2026-10-04T20:35:54.2797842Z Get:25 http://azure.archive.ubuntu.com/ubuntu noble/main amd64 xorg-sgml-doctools all 1:1.11-1.1 [10.9 kB]
2026-10-04T20:35:54.3559286Z Get:26 http://azure.archive.ubuntu.com/ubuntu noble/main amd64 x11proto-dev all 2023.2-1 [602 kB]
2026-10-04T20:35:54.4469733Z Get:27 http://azure.archive.ubuntu.com/ubuntu noble/main amd64 x11proto-core-dev all 2023.2-1 [2444 B]
2026-10-04T20:35:54.6077359Z Get:28 http://azure.archive.ubuntu.com/ubuntu noble/main amd64 libice-dev amd64 2:1.0.10-1build3 [51.0 kB]
2026-10-04T20:35:54.8563673Z Get:29 http://azure.archive.ubuntu.com/ubuntu noble/main amd64 libsm-dev amd64 2:1.2.3-1build3 [17.8 kB]
2026-10-04T20:35:54.9501149Z Get:30 http://azure.archive.ubuntu.com/ubuntu noble/main amd64 libxau-dev amd64 1:1.0.9-1build6 [9570 B]
2026-10-04T20:35:55.0358446Z Get:31 http://azure.archive.ubuntu.com/ubuntu noble/main amd64 libxdmcp-dev amd64 1:1.1.3-0ubuntu6 [26.5 kB]
2026-10-04T20:35:55.1374035Z Get:32 http://azure.archive.ubuntu.com/ubuntu noble/main amd64 xtrans-dev all 1.4.0-1 [68.9 kB]
2026-10-04T20:35:55.2781030Z Get:33 http://azure.archive.ubuntu.com/ubuntu noble/main amd64 libpthread-stubs0-dev amd64 0.4-1build3 [4746 B]
2026-10-04T20:35:55.3604689Z Get:34 http://azure.archive.ubuntu.com/ubuntu noble/main amd64 libxcb1-dev amd64 1.15-1ubuntu2 [85.8 kB]
2026-10-04T20:35:55.5000752Z Get:35 http://azure.archive.ubuntu.com/ubuntu noble/main amd64 libx11-dev amd64 2:1.8.7-1build1 [732 kB]
2026-10-04T20:35:55.8298555Z Get:36 http://azure.archive.ubuntu.com/ubuntu noble/main amd64 libxcb-render0-dev amd64 1.15-1ubuntu2 [19.6 kB]
2026-10-04T20:35:55.9112354Z Get:37 http://azure.archive.ubuntu.com/ubuntu noble/main amd64 libxcb-shm0-dev amd64 1.15-1ubuntu2 [8246 B]
2026-10-04T20:35:55.9920747Z Get:38 http://azure.archive.ubuntu.com/ubuntu noble/main amd64 libxext-dev amd64 2:1.3.4-1build2 [83.5 kB]
2026-10-04T20:35:56.0779976Z Get:39 http://azure.archive.ubuntu.com/ubuntu noble/main amd64 libxrender-dev amd64 1:0.9.10-1.1build1 [26.3 kB]
2026-10-04T20:35:56.1599554Z Get:40 http://azure.archive.ubuntu.com/ubuntu noble/main amd64 libcairo2-dev amd64 1.18.0-3build1 [41.1 kB]
2026-10-04T20:35:56.2426852Z Get:41 http://azure.archive.ubuntu.com/ubuntu noble/main amd64 libdatrie-dev amd64 0.2.13-3build1 [19.4 kB]
2026-10-04T20:35:56.3242088Z Get:42 http://azure.archive.ubuntu.com/ubuntu noble/main amd64 libfribidi-dev amd64 1.0.13-3build1 [64.8 kB]
2026-10-04T20:35:56.4085941Z Get:43 http://azure.archive.ubuntu.com/ubuntu noble-updates/main amd64 libgif7 amd64 5.2.2-1ubuntu1.2 [35.6 kB]
2026-10-04T20:35:56.4912366Z Get:44 http://azure.archive.ubuntu.com/ubuntu noble-updates/main amd64 libgif-dev amd64 5.2.2-1ubuntu1.2 [22.9 kB]
2026-10-04T20:35:56.6442883Z Get:45 http://azure.archive.ubuntu.com/ubuntu noble-updates/main amd64 libgraphite2-dev amd64 1.3.14-2ubuntu0.24.04.1 [14.7 kB]
2026-10-04T20:35:56.7957601Z Get:46 http://azure.archive.ubuntu.com/ubuntu noble/main amd64 libharfbuzz-cairo0 amd64 8.3.0-2build2 [26.2 kB]
2026-10-04T20:35:56.9173673Z Get:47 http://azure.archive.ubuntu.com/ubuntu noble/main amd64 libharfbuzz-icu0 amd64 8.3.0-2build2 [13.3 kB]
2026-10-04T20:35:57.0089538Z Get:48 http://azure.archive.ubuntu.com/ubuntu noble/main amd64 libharfbuzz-subset0 amd64 8.3.0-2build2 [448 kB]
2026-10-04T20:35:57.3859003Z Get:49 http://azure.archive.ubuntu.com/ubuntu noble/main amd64 libharfbuzz-dev amd64 8.3.0-2build2 [142 kB]
2026-10-04T20:35:57.4778920Z Get:50 http://azure.archive.ubuntu.com/ubuntu noble/main amd64 libjpeg-turbo8-dev amd64 2.1.5-2ubuntu2 [295 kB]
2026-10-04T20:35:57.5886056Z Get:51 http://azure.archive.ubuntu.com/ubuntu noble/main amd64 libjpeg8-dev amd64 8c-2ubuntu11 [1484 B]
2026-10-04T20:35:57.6652025Z Get:52 http://azure.archive.ubuntu.com/ubuntu noble/main amd64 libjpeg-dev amd64 8c-2ubuntu11 [1482 B]
2026-10-04T20:35:57.7419269Z Get:53 http://azure.archive.ubuntu.com/ubuntu noble/main amd64 libthai-dev amd64 0.1.29-2build1 [26.6 kB]
2026-10-04T20:35:57.8205129Z Get:54 http://azure.archive.ubuntu.com/ubuntu noble/main amd64 libxft-dev amd64 2.3.6-1build1 [64.3 kB]
2026-10-04T20:35:57.9038789Z Get:55 http://azure.archive.ubuntu.com/ubuntu noble/main amd64 pango1.0-tools amd64 1.52.1+ds-1build1 [36.7 kB]
2026-10-04T20:35:57.9841395Z Get:56 http://azure.archive.ubuntu.com/ubuntu noble/main amd64 libpango1.0-dev amd64 1.52.1+ds-1build1 [147 kB]
2026-10-04T20:35:58.0772430Z Get:57 http://azure.archive.ubuntu.com/ubuntu noble-updates/main amd64 libpng-tools amd64 1.6.43-5ubuntu0.6 [28.5 kB]
2026-10-04T20:35:58.3782919Z Fetched 9354 kB in 9s (1079 kB/s)
2026-10-04T20:35:58.4104722Z Selecting previously unselected package bzip2-doc.
2026-10-04T20:35:58.4435016Z (Reading database ... 
2026-10-04T20:35:58.4435349Z (Reading database ... 5%
2026-10-04T20:35:58.4435804Z (Reading database ... 10%
2026-10-04T20:35:58.4436142Z (Reading database ... 15%
2026-10-04T20:35:58.4436487Z (Reading database ... 20%
2026-10-04T20:35:58.4436744Z (Reading database ... 25%
2026-10-04T20:35:58.4437038Z (Reading database ... 30%
2026-10-04T20:35:58.4437308Z (Reading database ... 35%
2026-10-04T20:35:58.4437613Z (Reading database ... 40%
2026-10-04T20:35:58.4437868Z (Reading database ... 45%
2026-10-04T20:35:58.4438188Z (Reading database ... 50%
2026-10-04T20:35:58.4495233Z (Reading database ... 55%
2026-10-04T20:35:58.5241686Z (Reading database ... 60%
2026-10-04T20:35:58.7257138Z (Reading database ... 65%
2026-10-04T20:35:58.9542992Z (Reading database ... 70%
2026-10-04T20:35:59.1187394Z (Reading database ... 75%
2026-10-04T20:35:59.2201212Z (Reading database ... 80%
2026-10-04T20:35:59.3795784Z (Reading database ... 85%
2026-10-04T20:35:59.4776380Z (Reading database ... 90%
2026-10-04T20:35:59.5769291Z (Reading database ... 95%
2026-10-04T20:35:59.5769719Z (Reading database ... 100%
2026-10-04T20:35:59.5770281Z (Reading database ... 202296 files and directories currently installed.)
2026-10-04T20:35:59.5811092Z Preparing to unpack .../00-bzip2-doc_1.0.8-5.1ubuntu0.1_all.deb ...
2026-10-04T20:35:59.5835550Z Unpacking bzip2-doc (1.0.8-5.1ubuntu0.1) ...
2026-10-04T20:35:59.6077630Z Selecting previously unselected package gir1.2-freedesktop:amd64.
2026-10-04T20:35:59.6204461Z Preparing to unpack .../01-gir1.2-freedesktop_1.80.1-1_amd64.deb ...
2026-10-04T20:35:59.6212005Z Unpacking gir1.2-freedesktop:amd64 (1.80.1-1) ...
2026-10-04T20:35:59.6428757Z Selecting previously unselected package gir1.2-glib-2.0-dev:amd64.
2026-10-04T20:35:59.6552729Z Preparing to unpack .../02-gir1.2-glib-2.0-dev_2.80.0-6ubuntu3.9_amd64.deb ...
2026-10-04T20:35:59.6560221Z Unpacking gir1.2-glib-2.0-dev:amd64 (2.80.0-6ubuntu3.9) ...
2026-10-04T20:35:59.7075653Z Selecting previously unselected package gir1.2-freedesktop-dev:amd64.
2026-10-04T20:35:59.7199415Z Preparing to unpack .../03-gir1.2-freedesktop-dev_1.80.1-1_amd64.deb ...
2026-10-04T20:35:59.7206104Z Unpacking gir1.2-freedesktop-dev:amd64 (1.80.1-1) ...
2026-10-04T20:35:59.7447864Z Selecting previously unselected package libharfbuzz-gobject0:amd64.
2026-10-04T20:35:59.7573449Z Preparing to unpack .../04-libharfbuzz-gobject0_8.3.0-2build2_amd64.deb ...
2026-10-04T20:35:59.7595989Z Unpacking libharfbuzz-gobject0:amd64 (8.3.0-2build2) ...
2026-10-04T20:35:59.7798880Z Selecting previously unselected package gir1.2-harfbuzz-0.0:amd64.
2026-10-04T20:35:59.7923085Z Preparing to unpack .../05-gir1.2-harfbuzz-0.0_8.3.0-2build2_amd64.deb ...
2026-10-04T20:35:59.7930685Z Unpacking gir1.2-harfbuzz-0.0:amd64 (8.3.0-2build2) ...
2026-10-04T20:35:59.8131111Z Selecting previously unselected package libpangoxft-1.0-0:amd64.
2026-10-04T20:35:59.8254600Z Preparing to unpack .../06-libpangoxft-1.0-0_1.52.1+ds-1build1_amd64.deb ...
2026-10-04T20:35:59.8261893Z Unpacking libpangoxft-1.0-0:amd64 (1.52.1+ds-1build1) ...
2026-10-04T20:35:59.8458329Z Selecting previously unselected package gir1.2-pango-1.0:amd64.
2026-10-04T20:35:59.8582499Z Preparing to unpack .../07-gir1.2-pango-1.0_1.52.1+ds-1build1_amd64.deb ...
2026-10-04T20:35:59.8589906Z Unpacking gir1.2-pango-1.0:amd64 (1.52.1+ds-1build1) ...
2026-10-04T20:35:59.8794388Z Selecting previously unselected package libbrotli-dev:amd64.
2026-10-04T20:35:59.8918389Z Preparing to unpack .../08-libbrotli-dev_1.1.0-2build2_amd64.deb ...
2026-10-04T20:35:59.8925500Z Unpacking libbrotli-dev:amd64 (1.1.0-2build2) ...
2026-10-04T20:35:59.9177088Z Selecting previously unselected package libbz2-dev:amd64.
2026-10-04T20:35:59.9302644Z Preparing to unpack .../09-libbz2-dev_1.0.8-5.1ubuntu0.1_amd64.deb ...
2026-10-04T20:35:59.9310514Z Unpacking libbz2-dev:amd64 (1.0.8-5.1ubuntu0.1) ...
2026-10-04T20:35:59.9512816Z Selecting previously unselected package libcairo-script-interpreter2:amd64.
2026-10-04T20:35:59.9635095Z Preparing to unpack .../10-libcairo-script-interpreter2_1.18.0-3build1_amd64.deb ...
2026-10-04T20:35:59.9643287Z Unpacking libcairo-script-interpreter2:amd64 (1.18.0-3build1) ...
2026-10-04T20:35:59.9837984Z Selecting previously unselected package libpng-dev:amd64.
2026-10-04T20:35:59.9963615Z Preparing to unpack .../11-libpng-dev_1.6.43-5ubuntu0.6_amd64.deb ...
2026-10-04T20:35:59.9971922Z Unpacking libpng-dev:amd64 (1.6.43-5ubuntu0.6) ...
2026-10-04T20:36:00.0307375Z Selecting previously unselected package libfreetype-dev:amd64.
2026-10-04T20:36:00.0432974Z Preparing to unpack .../12-libfreetype-dev_2.13.2+dfsg-1ubuntu0.1_amd64.deb ...
2026-10-04T20:36:00.0439973Z Unpacking libfreetype-dev:amd64 (2.13.2+dfsg-1ubuntu0.1) ...
2026-10-04T20:36:00.0773135Z Selecting previously unselected package uuid-dev:amd64.
2026-10-04T20:36:00.0897539Z Preparing to unpack .../13-uuid-dev_2.39.3-9ubuntu6.6_amd64.deb ...
2026-10-04T20:36:00.0904975Z Unpacking uuid-dev:amd64 (2.39.3-9ubuntu6.6) ...
2026-10-04T20:36:00.1191964Z Selecting previously unselected package libfontconfig-dev:amd64.
2026-10-04T20:36:00.1293257Z Preparing to unpack .../14-libfontconfig-dev_2.15.0-1.1ubuntu2_amd64.deb ...
2026-10-04T20:36:00.1299526Z Unpacking libfontconfig-dev:amd64 (2.15.0-1.1ubuntu2) ...
2026-10-04T20:36:00.1541822Z Selecting previously unselected package libglib2.0-dev-bin.
2026-10-04T20:36:00.1665919Z Preparing to unpack .../15-libglib2.0-dev-bin_2.80.0-6ubuntu3.9_amd64.deb ...
2026-10-04T20:36:00.1674126Z Unpacking libglib2.0-dev-bin (2.80.0-6ubuntu3.9) ...
2026-10-04T20:36:00.2005019Z Selecting previously unselected package libblkid-dev:amd64.
2026-10-04T20:36:00.2128953Z Preparing to unpack .../16-libblkid-dev_2.39.3-9ubuntu6.6_amd64.deb ...
2026-10-04T20:36:00.2135839Z Unpacking libblkid-dev:amd64 (2.39.3-9ubuntu6.6) ...
2026-10-04T20:36:00.2368003Z Selecting previously unselected package libsepol-dev:amd64.
2026-10-04T20:36:00.2493582Z Preparing to unpack .../17-libsepol-dev_3.5-2build1_amd64.deb ...
2026-10-04T20:36:00.2500302Z Unpacking libsepol-dev:amd64 (3.5-2build1) ...
2026-10-04T20:36:00.2818721Z Selecting previously unselected package libselinux1-dev:amd64.
2026-10-04T20:36:00.2945065Z Preparing to unpack .../18-libselinux1-dev_3.5-2ubuntu2.1_amd64.deb ...
2026-10-04T20:36:00.2953216Z Unpacking libselinux1-dev:amd64 (3.5-2ubuntu2.1) ...
2026-10-04T20:36:00.3377613Z Selecting previously unselected package libmount-dev:amd64.
2026-10-04T20:36:00.3504360Z Preparing to unpack .../19-libmount-dev_2.39.3-9ubuntu6.6_amd64.deb ...
2026-10-04T20:36:00.3512462Z Unpacking libmount-dev:amd64 (2.39.3-9ubuntu6.6) ...
2026-10-04T20:36:00.3718955Z Selecting previously unselected package libgirepository-2.0-0:amd64.
2026-10-04T20:36:00.3842812Z Preparing to unpack .../20-libgirepository-2.0-0_2.80.0-6ubuntu3.9_amd64.deb ...
2026-10-04T20:36:00.3851375Z Unpacking libgirepository-2.0-0:amd64 (2.80.0-6ubuntu3.9) ...
2026-10-04T20:36:00.4062938Z Selecting previously unselected package libglib2.0-dev:amd64.
2026-10-04T20:36:00.4187519Z Preparing to unpack .../21-libglib2.0-dev_2.80.0-6ubuntu3.9_amd64.deb ...
2026-10-04T20:36:00.4195074Z Unpacking libglib2.0-dev:amd64 (2.80.0-6ubuntu3.9) ...
2026-10-04T20:36:00.5180274Z Selecting previously unselected package libpixman-1-dev:amd64.
2026-10-04T20:36:00.5306540Z Preparing to unpack .../22-libpixman-1-dev_0.42.2-1build1_amd64.deb ...
2026-10-04T20:36:00.5314785Z Unpacking libpixman-1-dev:amd64 (0.42.2-1build1) ...
2026-10-04T20:36:00.5548254Z Selecting previously unselected package xorg-sgml-doctools.
2026-10-04T20:36:00.5674022Z Preparing to unpack .../23-xorg-sgml-doctools_1%3a1.11-1.1_all.deb ...
2026-10-04T20:36:00.5681179Z Unpacking xorg-sgml-doctools (1:1.11-1.1) ...
2026-10-04T20:36:00.5907246Z Selecting previously unselected package x11proto-dev.
2026-10-04T20:36:00.6031414Z Preparing to unpack .../24-x11proto-dev_2023.2-1_all.deb ...
2026-10-04T20:36:00.6039401Z Unpacking x11proto-dev (2023.2-1) ...
2026-10-04T20:36:00.6580576Z Selecting previously unselected package x11proto-core-dev.
2026-10-04T20:36:00.6704450Z Preparing to unpack .../25-x11proto-core-dev_2023.2-1_all.deb ...
2026-10-04T20:36:00.6712100Z Unpacking x11proto-core-dev (2023.2-1) ...
2026-10-04T20:36:00.6899843Z Selecting previously unselected package libice-dev:amd64.
2026-10-04T20:36:00.7023891Z Preparing to unpack .../26-libice-dev_2%3a1.0.10-1build3_amd64.deb ...
2026-10-04T20:36:00.7030749Z Unpacking libice-dev:amd64 (2:1.0.10-1build3) ...
2026-10-04T20:36:00.7244446Z Selecting previously unselected package libsm-dev:amd64.
2026-10-04T20:36:00.7369612Z Preparing to unpack .../27-libsm-dev_2%3a1.2.3-1build3_amd64.deb ...
2026-10-04T20:36:00.7376414Z Unpacking libsm-dev:amd64 (2:1.2.3-1build3) ...
2026-10-04T20:36:00.7568083Z Selecting previously unselected package libxau-dev:amd64.
2026-10-04T20:36:00.7695264Z Preparing to unpack .../28-libxau-dev_1%3a1.0.9-1build6_amd64.deb ...
2026-10-04T20:36:00.7702220Z Unpacking libxau-dev:amd64 (1:1.0.9-1build6) ...
2026-10-04T20:36:00.7905675Z Selecting previously unselected package libxdmcp-dev:amd64.
2026-10-04T20:36:00.8029923Z Preparing to unpack .../29-libxdmcp-dev_1%3a1.1.3-0ubuntu6_amd64.deb ...
2026-10-04T20:36:00.8036623Z Unpacking libxdmcp-dev:amd64 (1:1.1.3-0ubuntu6) ...
2026-10-04T20:36:00.8228780Z Selecting previously unselected package xtrans-dev.
2026-10-04T20:36:00.8354381Z Preparing to unpack .../30-xtrans-dev_1.4.0-1_all.deb ...
2026-10-04T20:36:00.8362475Z Unpacking xtrans-dev (1.4.0-1) ...
2026-10-04T20:36:00.8596763Z Selecting previously unselected package libpthread-stubs0-dev:amd64.
2026-10-04T20:36:00.8723400Z Preparing to unpack .../31-libpthread-stubs0-dev_0.4-1build3_amd64.deb ...
2026-10-04T20:36:00.8730899Z Unpacking libpthread-stubs0-dev:amd64 (0.4-1build3) ...
2026-10-04T20:36:00.8919121Z Selecting previously unselected package libxcb1-dev:amd64.
2026-10-04T20:36:00.9042772Z Preparing to unpack .../32-libxcb1-dev_1.15-1ubuntu2_amd64.deb ...
2026-10-04T20:36:00.9050126Z Unpacking libxcb1-dev:amd64 (1.15-1ubuntu2) ...
2026-10-04T20:36:00.9268362Z Selecting previously unselected package libx11-dev:amd64.
2026-10-04T20:36:00.9393333Z Preparing to unpack .../33-libx11-dev_2%3a1.8.7-1build1_amd64.deb ...
2026-10-04T20:36:00.9399980Z Unpacking libx11-dev:amd64 (2:1.8.7-1build1) ...
2026-10-04T20:36:00.9699056Z Selecting previously unselected package libxcb-render0-dev:amd64.
2026-10-04T20:36:00.9825675Z Preparing to unpack .../34-libxcb-render0-dev_1.15-1ubuntu2_amd64.deb ...
2026-10-04T20:36:00.9832184Z Unpacking libxcb-render0-dev:amd64 (1.15-1ubuntu2) ...
2026-10-04T20:36:01.0034310Z Selecting previously unselected package libxcb-shm0-dev:amd64.
2026-10-04T20:36:01.0160878Z Preparing to unpack .../35-libxcb-shm0-dev_1.15-1ubuntu2_amd64.deb ...
2026-10-04T20:36:01.0167651Z Unpacking libxcb-shm0-dev:amd64 (1.15-1ubuntu2) ...
2026-10-04T20:36:01.0367883Z Selecting previously unselected package libxext-dev:amd64.
2026-10-04T20:36:01.0492209Z Preparing to unpack .../36-libxext-dev_2%3a1.3.4-1build2_amd64.deb ...
2026-10-04T20:36:01.0498684Z Unpacking libxext-dev:amd64 (2:1.3.4-1build2) ...
2026-10-04T20:36:01.0792790Z Selecting previously unselected package libxrender-dev:amd64.
2026-10-04T20:36:01.0917255Z Preparing to unpack .../37-libxrender-dev_1%3a0.9.10-1.1build1_amd64.deb ...
2026-10-04T20:36:01.0925961Z Unpacking libxrender-dev:amd64 (1:0.9.10-1.1build1) ...
2026-10-04T20:36:01.1128609Z Selecting previously unselected package libcairo2-dev:amd64.
2026-10-04T20:36:01.1254378Z Preparing to unpack .../38-libcairo2-dev_1.18.0-3build1_amd64.deb ...
2026-10-04T20:36:01.1262345Z Unpacking libcairo2-dev:amd64 (1.18.0-3build1) ...
2026-10-04T20:36:01.1499975Z Selecting previously unselected package libdatrie-dev:amd64.
2026-10-04T20:36:01.1625828Z Preparing to unpack .../39-libdatrie-dev_0.2.13-3build1_amd64.deb ...
2026-10-04T20:36:01.1632088Z Unpacking libdatrie-dev:amd64 (0.2.13-3build1) ...
2026-10-04T20:36:01.1832607Z Selecting previously unselected package libfribidi-dev:amd64.
2026-10-04T20:36:01.1959070Z Preparing to unpack .../40-libfribidi-dev_1.0.13-3build1_amd64.deb ...
2026-10-04T20:36:01.1966210Z Unpacking libfribidi-dev:amd64 (1.0.13-3build1) ...
2026-10-04T20:36:01.2252572Z Selecting previously unselected package libgif7:amd64.
2026-10-04T20:36:01.2377983Z Preparing to unpack .../41-libgif7_5.2.2-1ubuntu1.2_amd64.deb ...
2026-10-04T20:36:01.2385556Z Unpacking libgif7:amd64 (5.2.2-1ubuntu1.2) ...
2026-10-04T20:36:01.2579980Z Selecting previously unselected package libgif-dev:amd64.
2026-10-04T20:36:01.2705485Z Preparing to unpack .../42-libgif-dev_5.2.2-1ubuntu1.2_amd64.deb ...
2026-10-04T20:36:01.2713300Z Unpacking libgif-dev:amd64 (5.2.2-1ubuntu1.2) ...
2026-10-04T20:36:01.2915945Z Selecting previously unselected package libgraphite2-dev:amd64.
2026-10-04T20:36:01.3040446Z Preparing to unpack .../43-libgraphite2-dev_1.3.14-2ubuntu0.24.04.1_amd64.deb ...
2026-10-04T20:36:01.3048144Z Unpacking libgraphite2-dev:amd64 (1.3.14-2ubuntu0.24.04.1) ...
2026-10-04T20:36:01.3256195Z Selecting previously unselected package libharfbuzz-cairo0:amd64.
2026-10-04T20:36:01.3382136Z Preparing to unpack .../44-libharfbuzz-cairo0_8.3.0-2build2_amd64.deb ...
2026-10-04T20:36:01.3390069Z Unpacking libharfbuzz-cairo0:amd64 (8.3.0-2build2) ...
2026-10-04T20:36:01.3591256Z Selecting previously unselected package libharfbuzz-icu0:amd64.
2026-10-04T20:36:01.3716432Z Preparing to unpack .../45-libharfbuzz-icu0_8.3.0-2build2_amd64.deb ...
2026-10-04T20:36:01.3724164Z Unpacking libharfbuzz-icu0:amd64 (8.3.0-2build2) ...
2026-10-04T20:36:01.3922736Z Selecting previously unselected package libharfbuzz-subset0:amd64.
2026-10-04T20:36:01.4047428Z Preparing to unpack .../46-libharfbuzz-subset0_8.3.0-2build2_amd64.deb ...
2026-10-04T20:36:01.4055565Z Unpacking libharfbuzz-subset0:amd64 (8.3.0-2build2) ...
2026-10-04T20:36:01.4287899Z Selecting previously unselected package libharfbuzz-dev:amd64.
2026-10-04T20:36:01.4412317Z Preparing to unpack .../47-libharfbuzz-dev_8.3.0-2build2_amd64.deb ...
2026-10-04T20:36:01.4418987Z Unpacking libharfbuzz-dev:amd64 (8.3.0-2build2) ...
2026-10-04T20:36:01.4735504Z Selecting previously unselected package libjpeg-turbo8-dev:amd64.
2026-10-04T20:36:01.4860029Z Preparing to unpack .../48-libjpeg-turbo8-dev_2.1.5-2ubuntu2_amd64.deb ...
2026-10-04T20:36:01.4867644Z Unpacking libjpeg-turbo8-dev:amd64 (2.1.5-2ubuntu2) ...
2026-10-04T20:36:01.5130466Z Selecting previously unselected package libjpeg8-dev:amd64.
2026-10-04T20:36:01.5282404Z Preparing to unpack .../49-libjpeg8-dev_8c-2ubuntu11_amd64.deb ...
2026-10-04T20:36:01.5289991Z Unpacking libjpeg8-dev:amd64 (8c-2ubuntu11) ...
2026-10-04T20:36:01.5474721Z Selecting previously unselected package libjpeg-dev:amd64.
2026-10-04T20:36:01.5600748Z Preparing to unpack .../50-libjpeg-dev_8c-2ubuntu11_amd64.deb ...
2026-10-04T20:36:01.5607958Z Unpacking libjpeg-dev:amd64 (8c-2ubuntu11) ...
2026-10-04T20:36:01.5789741Z Selecting previously unselected package libthai-dev:amd64.
2026-10-04T20:36:01.5915164Z Preparing to unpack .../51-libthai-dev_0.1.29-2build1_amd64.deb ...
2026-10-04T20:36:01.5922470Z Unpacking libthai-dev:amd64 (0.1.29-2build1) ...
2026-10-04T20:36:01.6142941Z Selecting previously unselected package libxft-dev:amd64.
2026-10-04T20:36:01.6267689Z Preparing to unpack .../52-libxft-dev_2.3.6-1build1_amd64.deb ...
2026-10-04T20:36:01.6274892Z Unpacking libxft-dev:amd64 (2.3.6-1build1) ...
2026-10-04T20:36:01.6544835Z Selecting previously unselected package pango1.0-tools.
2026-10-04T20:36:01.6671248Z Preparing to unpack .../53-pango1.0-tools_1.52.1+ds-1build1_amd64.deb ...
2026-10-04T20:36:01.6678596Z Unpacking pango1.0-tools (1.52.1+ds-1build1) ...
2026-10-04T20:36:01.6880312Z Selecting previously unselected package libpango1.0-dev:amd64.
2026-10-04T20:36:01.7004653Z Preparing to unpack .../54-libpango1.0-dev_1.52.1+ds-1build1_amd64.deb ...
2026-10-04T20:36:01.7013513Z Unpacking libpango1.0-dev:amd64 (1.52.1+ds-1build1) ...
2026-10-04T20:36:01.7332835Z Selecting previously unselected package libpng-tools.
2026-10-04T20:36:01.7463267Z Preparing to unpack .../55-libpng-tools_1.6.43-5ubuntu0.6_amd64.deb ...
2026-10-04T20:36:01.7471086Z Unpacking libpng-tools (1.6.43-5ubuntu0.6) ...
2026-10-04T20:36:01.7982697Z Setting up libcairo-script-interpreter2:amd64 (1.18.0-3build1) ...
2026-10-04T20:36:01.8005227Z Setting up libglib2.0-dev-bin (2.80.0-6ubuntu3.9) ...
2026-10-04T20:36:01.9457961Z Setting up bzip2-doc (1.0.8-5.1ubuntu0.1) ...
2026-10-04T20:36:01.9475457Z Setting up libjpeg-turbo8-dev:amd64 (2.1.5-2ubuntu2) ...
2026-10-04T20:36:01.9493420Z Setting up gir1.2-freedesktop:amd64 (1.80.1-1) ...
2026-10-04T20:36:01.9510283Z Setting up libharfbuzz-icu0:amd64 (8.3.0-2build2) ...
2026-10-04T20:36:01.9529768Z Setting up libpixman-1-dev:amd64 (0.42.2-1build1) ...
2026-10-04T20:36:01.9548386Z Setting up libpangoxft-1.0-0:amd64 (1.52.1+ds-1build1) ...
2026-10-04T20:36:01.9565655Z Setting up libpng-tools (1.6.43-5ubuntu0.6) ...
2026-10-04T20:36:01.9583756Z Setting up libgirepository-2.0-0:amd64 (2.80.0-6ubuntu3.9) ...
2026-10-04T20:36:01.9601866Z Setting up libfribidi-dev:amd64 (1.0.13-3build1) ...
2026-10-04T20:36:01.9619359Z Setting up libpng-dev:amd64 (1.6.43-5ubuntu0.6) ...
2026-10-04T20:36:01.9636386Z Setting up pango1.0-tools (1.52.1+ds-1build1) ...
2026-10-04T20:36:01.9653973Z Setting up libharfbuzz-gobject0:amd64 (8.3.0-2build2) ...
2026-10-04T20:36:01.9670838Z Setting up gir1.2-harfbuzz-0.0:amd64 (8.3.0-2build2) ...
2026-10-04T20:36:01.9702901Z Setting up libpthread-stubs0-dev:amd64 (0.4-1build3) ...
2026-10-04T20:36:01.9720389Z Setting up xtrans-dev (1.4.0-1) ...
2026-10-04T20:36:01.9737950Z Setting up libgraphite2-dev:amd64 (1.3.14-2ubuntu0.24.04.1) ...
2026-10-04T20:36:01.9754991Z Setting up gir1.2-pango-1.0:amd64 (1.52.1+ds-1build1) ...
2026-10-04T20:36:01.9771937Z Setting up libharfbuzz-cairo0:amd64 (8.3.0-2build2) ...
2026-10-04T20:36:01.9790022Z Setting up uuid-dev:amd64 (2.39.3-9ubuntu6.6) ...
2026-10-04T20:36:01.9807156Z Setting up libsepol-dev:amd64 (3.5-2build1) ...
2026-10-04T20:36:01.9824230Z Setting up libgif7:amd64 (5.2.2-1ubuntu1.2) ...
2026-10-04T20:36:01.9843377Z Setting up libdatrie-dev:amd64 (0.2.13-3build1) ...
2026-10-04T20:36:01.9861981Z Setting up libgif-dev:amd64 (5.2.2-1ubuntu1.2) ...
2026-10-04T20:36:01.9882125Z Setting up gir1.2-glib-2.0-dev:amd64 (2.80.0-6ubuntu3.9) ...
2026-10-04T20:36:01.9899656Z Setting up libharfbuzz-subset0:amd64 (8.3.0-2build2) ...
2026-10-04T20:36:01.9917328Z Setting up xorg-sgml-doctools (1:1.11-1.1) ...
2026-10-04T20:36:01.9935401Z Setting up libjpeg8-dev:amd64 (8c-2ubuntu11) ...
2026-10-04T20:36:01.9953151Z Setting up libbrotli-dev:amd64 (1.1.0-2build2) ...
2026-10-04T20:36:01.9970591Z Setting up libbz2-dev:amd64 (1.0.8-5.1ubuntu0.1) ...
2026-10-04T20:36:02.0028565Z Setting up libblkid-dev:amd64 (2.39.3-9ubuntu6.6) ...
2026-10-04T20:36:02.0045713Z Setting up libselinux1-dev:amd64 (3.5-2ubuntu2.1) ...
2026-10-04T20:36:02.0063348Z Setting up libjpeg-dev:amd64 (8c-2ubuntu11) ...
2026-10-04T20:36:02.0082010Z Setting up libfreetype-dev:amd64 (2.13.2+dfsg-1ubuntu0.1) ...
2026-10-04T20:36:02.0099607Z Setting up gir1.2-freedesktop-dev:amd64 (1.80.1-1) ...
2026-10-04T20:36:02.0118345Z Setting up libthai-dev:amd64 (0.1.29-2build1) ...
2026-10-04T20:36:02.0135716Z Setting up libmount-dev:amd64 (2.39.3-9ubuntu6.6) ...
2026-10-04T20:36:02.0154668Z Setting up libfontconfig-dev:amd64 (2.15.0-1.1ubuntu2) ...
2026-10-04T20:36:02.0175699Z Setting up libglib2.0-dev:amd64 (2.80.0-6ubuntu3.9) ...
2026-10-04T20:36:02.0269865Z Processing triggers for sgml-base (1.31) ...
2026-10-04T20:36:02.0388494Z Processing triggers for install-info (7.1-3build2) ...
2026-10-04T20:36:02.1448159Z Setting up x11proto-dev (2023.2-1) ...
2026-10-04T20:36:02.1474325Z Setting up libxau-dev:amd64 (1:1.0.9-1build6) ...
2026-10-04T20:36:02.1494499Z Setting up libice-dev:amd64 (2:1.0.10-1build3) ...
2026-10-04T20:36:02.1512219Z Setting up libsm-dev:amd64 (2:1.2.3-1build3) ...
2026-10-04T20:36:02.1532267Z Processing triggers for libc-bin (2.39-0ubuntu8.9) ...
2026-10-04T20:36:02.1843605Z Processing triggers for man-db (2.12.0-4build2) ...
2026-10-04T20:36:02.1866216Z Not building database; man-db/auto-update is not 'true'.
2026-10-04T20:36:02.1876572Z Setting up libxdmcp-dev:amd64 (1:1.1.3-0ubuntu6) ...
2026-10-04T20:36:02.1898827Z Processing triggers for libglib2.0-0t64:amd64 (2.80.0-6ubuntu3.9) ...
2026-10-04T20:36:02.1987621Z Setting up x11proto-core-dev (2023.2-1) ...
2026-10-04T20:36:02.2029669Z Setting up libharfbuzz-dev:amd64 (8.3.0-2build2) ...
2026-10-04T20:36:02.2048545Z Setting up libxcb1-dev:amd64 (1.15-1ubuntu2) ...
2026-10-04T20:36:02.2070051Z Setting up libx11-dev:amd64 (2:1.8.7-1build1) ...
2026-10-04T20:36:02.2088429Z Setting up libxcb-shm0-dev:amd64 (1.15-1ubuntu2) ...
2026-10-04T20:36:02.2114215Z Setting up libxcb-render0-dev:amd64 (1.15-1ubuntu2) ...
2026-10-04T20:36:02.2134688Z Setting up libxext-dev:amd64 (2:1.3.4-1build2) ...
2026-10-04T20:36:02.2159558Z Setting up libxrender-dev:amd64 (1:0.9.10-1.1build1) ...
2026-10-04T20:36:02.2180045Z Setting up libxft-dev:amd64 (2.3.6-1build1) ...
2026-10-04T20:36:02.2208884Z Setting up libcairo2-dev:amd64 (1.18.0-3build1) ...
2026-10-04T20:36:02.2234465Z Setting up libpango1.0-dev:amd64 (1.52.1+ds-1build1) ...
2026-10-04T20:36:02.8951181Z 
2026-10-04T20:36:02.8952714Z Running kernel seems to be up-to-date.
2026-10-04T20:36:02.8953334Z 
2026-10-04T20:36:02.8953735Z No services need to be restarted.
2026-10-04T20:36:02.8954129Z 
2026-10-04T20:36:02.8954495Z No containers need to be restarted.
2026-10-04T20:36:02.8954832Z 
2026-10-04T20:36:02.8955151Z No user sessions are running outdated binaries.
2026-10-04T20:36:02.8955516Z 
2026-10-04T20:36:02.8956009Z No VM guests are running outdated hypervisor (qemu) binaries on this host.
2026-10-04T20:36:03.9225780Z ##[end-action id=__self.__run;outcome=success;conclusion=success;duration_ms=21617]
2026-10-04T20:36:03.9229261Z ##[start-action display=Run actions/cache/restore@caa296126883cff596d87d8935842f9db880ef25;id=__self.restore-node-modules-cache]
2026-10-04T20:36:03.9898744Z ##[group]Run actions/cache/restore@caa296126883cff596d87d8935842f9db880ef25
2026-10-04T20:36:03.9899155Z with:
2026-10-04T20:36:03.9899629Z   path: node_modules
packages/*/node_modules
packages/*/src/generated
packages/scratch-gui/static/microbit

2026-10-04T20:36:03.9900327Z   key: Linux-npm-b131dc9b62da4f5e57a14df7c7a30194e3dcd7d68a4dd5591979360804232439
2026-10-04T20:36:03.9900788Z   enableCrossOsArchive: false
2026-10-04T20:36:03.9901065Z   fail-on-cache-miss: false
2026-10-04T20:36:03.9901318Z   lookup-only: false
2026-10-04T20:36:03.9901834Z ##[endgroup]
2026-10-04T20:36:04.2168292Z Cache hit for: Linux-npm-b131dc9b62da4f5e57a14df7c7a30194e3dcd7d68a4dd5591979360804232439
2026-10-04T20:36:05.2587661Z Received 268659673 of 268659673 (100.0%), 256.7 MBs/sec
2026-10-04T20:36:05.2590436Z Cache Size: ~256 MB (268659673 B)
2026-10-04T20:36:05.2631007Z [command]/usr/bin/tar -xf ~/work/_temp/e668d24a-b2e8-4f2c-9174-fdc7f62ca785/cache.tzst -P -C ~/work/scratch-editor/scratch-editor --use-compress-program unzstd
2026-10-04T20:36:11.4048044Z Cache restored successfully
2026-10-04T20:36:11.4247763Z Cache restored from key: Linux-npm-b131dc9b62da4f5e57a14df7c7a30194e3dcd7d68a4dd5591979360804232439
2026-10-04T20:36:11.4399604Z ##[end-action id=__self.restore-node-modules-cache;outcome=success;conclusion=success;duration_ms=7516]
2026-10-04T20:36:11.4405374Z ##[start-action display=Install NPM dependencies;id=__self.__run_2]
2026-10-04T20:36:11.4416527Z ##[end-action id=__self.__run_2;outcome=skipped;conclusion=skipped;duration_ms=0]
2026-10-04T20:36:11.4418936Z ##[start-action display=Run actions/cache/save@caa296126883cff596d87d8935842f9db880ef25;id=__self.__actions_cache]
2026-10-04T20:36:11.4425739Z ##[end-action id=__self.__actions_cache;outcome=skipped;conclusion=skipped;duration_ms=0]
2026-10-04T20:36:11.4427804Z ##[start-action display=Acquire verified McRemote consumer fixtures;id=__self.__run_3]
2026-10-04T20:36:11.4445056Z ##[group]Run npm run tooling:fixtures
2026-10-04T20:36:11.4445377Z npm run tooling:fixtures
2026-10-04T20:36:11.4514888Z shell: /usr/bin/bash --noprofile --norc -e -o pipefail {0}
2026-10-04T20:36:11.4515461Z ##[endgroup]
2026-10-04T20:36:11.5661961Z 
2026-10-04T20:36:11.5662621Z > scratch-editor@15.0.1 tooling:fixtures
2026-10-04T20:36:11.5663164Z > node scripts/acquire-mcremote-tooling.mjs --fixtures
2026-10-04T20:36:11.5663449Z 
2026-10-04T20:36:11.7865897Z tooling fixtures: 13 verified at dc1ab834183e29f2eb03059b07e99d2b463776ee
2026-10-04T20:36:11.7979850Z ##[end-action id=__self.__run_3;outcome=success;conclusion=success;duration_ms=355]
2026-10-04T20:36:11.8170462Z ##[group]Run actions/download-artifact@3e5f45b2cfb9172054b4087a40e8e0b5a5461e7c
2026-10-04T20:36:11.8170907Z with:
2026-10-04T20:36:11.8171110Z   name: build
2026-10-04T20:36:11.8171313Z   path: packages
2026-10-04T20:36:11.8171736Z   merge-multiple: false
2026-10-04T20:36:11.8172002Z   repository: Naohiro2g/scratch-editor
2026-10-04T20:36:11.8172285Z   run-id: 37232360354
2026-10-04T20:36:11.8172520Z   skip-decompress: false
2026-10-04T20:36:11.8172761Z   digest-mismatch: error
2026-10-04T20:36:11.8173007Z ##[endgroup]
2026-10-04T20:36:11.9545734Z Downloading single artifact
2026-10-04T20:36:12.0593421Z Preparing to download the following artifacts:
2026-10-04T20:36:12.0595304Z - build (ID: 11313799292, Size: 317098636, Expected Digest: sha256:92ea9e280e0cfd3fec7534d3c84153b22e820c378cafcfca9cc2694f79088b73)
2026-10-04T20:36:12.2084753Z Redirecting to blob download url: https://productionresultssa2.blob.core.windows.net/actions-results/e3ef85fd-b2b9-8f63-b4a8-634197bc04f9/workflow-job-run-68ae494c-5723-5a0f-8113-7efdd5617180/artifacts/44575cf5b28512d75644bf54a517dcef304ff809fd511747621b4d64f19aac66.zip
2026-10-04T20:36:12.2086713Z Starting download of artifact to: ~/work/scratch-editor/scratch-editor/packages
2026-10-04T20:36:12.3153650Z (node:3514) [DEP0005] DeprecationWarning: Buffer() is deprecated due to security and usability issues. Please use the Buffer.alloc(), Buffer.allocUnsafe(), or Buffer.from() methods instead.
2026-10-04T20:36:12.3154966Z (Use `node --trace-deprecation ...` to show where the warning was created)
2026-10-04T20:36:18.9354599Z SHA256 digest of downloaded artifact is 92ea9e280e0cfd3fec7534d3c84153b22e820c378cafcfca9cc2694f79088b73
2026-10-04T20:36:18.9355587Z Artifact download completed successfully.
2026-10-04T20:36:18.9356070Z Total of 1 artifact(s) downloaded
2026-10-04T20:36:18.9361187Z Download artifact has finished successfully
2026-10-04T20:36:18.9678131Z Prepare all required actions
2026-10-04T20:36:18.9678663Z Getting action download info
2026-10-04T20:36:19.0786032Z Download action repository 'actions/upload-artifact@043fb46d1a93c77aae656e7c1c64a875d1fc6a0a' (SHA:043fb46d1a93c77aae656e7c1c64a875d1fc6a0a)
2026-10-04T20:36:19.2027374Z ##[group]Run ./.github/actions/test-package
2026-10-04T20:36:19.2027697Z with:
2026-10-04T20:36:19.2027916Z   package_name: scratch-gui
2026-10-04T20:36:19.2028179Z ##[endgroup]
2026-10-04T20:36:19.2032884Z ##[start-action display=Install Playwright;id=__self_2.__run]
2026-10-04T20:36:19.2051902Z ##[group]Run npx playwright install --with-deps chromium firefox
2026-10-04T20:36:19.2052489Z npx playwright install --with-deps chromium firefox
2026-10-04T20:36:19.2116113Z shell: /usr/bin/bash --noprofile --norc -e -o pipefail {0}
2026-10-04T20:36:19.2116482Z ##[endgroup]
2026-10-04T20:36:20.0466433Z Installing dependencies...
2026-10-04T20:36:20.0551800Z Switching to root user to install dependencies...
2026-10-04T20:36:20.1443543Z Get:1 file:/etc/apt/apt-mirrors.txt Mirrorlist [144 B]
2026-10-04T20:36:20.1789824Z Hit:6 https://packages.microsoft.com/ubuntu/24.04/prod noble InRelease
2026-10-04T20:36:20.1791276Z Hit:2 http://azure.archive.ubuntu.com/ubuntu noble InRelease
2026-10-04T20:36:20.1793936Z Hit:3 http://azure.archive.ubuntu.com/ubuntu noble-updates InRelease
2026-10-04T20:36:20.1799258Z Hit:4 http://azure.archive.ubuntu.com/ubuntu noble-backports InRelease
2026-10-04T20:36:20.1804332Z Hit:5 http://azure.archive.ubuntu.com/ubuntu noble-security InRelease
2026-10-04T20:36:21.4325623Z Reading package lists...
2026-10-04T20:36:21.4557820Z Reading package lists...
2026-10-04T20:36:21.6592244Z Building dependency tree...
2026-10-04T20:36:21.6599945Z Reading state information...
2026-10-04T20:36:21.8105859Z libasound2t64 is already the newest version (1.2.11-1ubuntu0.3).
2026-10-04T20:36:21.8106896Z libasound2t64 set to manually installed.
2026-10-04T20:36:21.8107960Z libatk-bridge2.0-0t64 is already the newest version (2.52.0-1build1).
2026-10-04T20:36:21.8108862Z libatk-bridge2.0-0t64 set to manually installed.
2026-10-04T20:36:21.8109790Z libatk1.0-0t64 is already the newest version (2.52.0-1build1).
2026-10-04T20:36:21.8110559Z libatk1.0-0t64 set to manually installed.
2026-10-04T20:36:21.8111341Z libatspi2.0-0t64 is already the newest version (2.52.0-1build1).
2026-10-04T20:36:21.8112323Z libatspi2.0-0t64 set to manually installed.
2026-10-04T20:36:21.8113057Z libcairo2 is already the newest version (1.18.0-3build1).
2026-10-04T20:36:21.8113755Z libcairo2 set to manually installed.
2026-10-04T20:36:21.8114533Z libcups2t64 is already the newest version (2.4.7-1.2ubuntu7.14).
2026-10-04T20:36:21.8115299Z libcups2t64 set to manually installed.
2026-10-04T20:36:21.8116081Z libdbus-1-3 is already the newest version (1.14.10-4ubuntu4.1).
2026-10-04T20:36:21.8116828Z libdbus-1-3 set to manually installed.
2026-10-04T20:36:21.8117674Z libdrm2 is already the newest version (2.4.125-1ubuntu0.1~24.04.2).
2026-10-04T20:36:21.8118513Z libdrm2 set to manually installed.
2026-10-04T20:36:21.8119333Z libglib2.0-0t64 is already the newest version (2.80.0-6ubuntu3.9).
2026-10-04T20:36:21.8120241Z libglib2.0-0t64 set to manually installed.
2026-10-04T20:36:21.8121035Z libnspr4 is already the newest version (2:4.35-1.1build1).
2026-10-04T20:36:21.8121943Z libnspr4 set to manually installed.
2026-10-04T20:36:21.8122666Z libnss3 is already the newest version (2:3.98-1ubuntu0.2).
2026-10-04T20:36:21.8123324Z libnss3 set to manually installed.
2026-10-04T20:36:21.8124105Z libpango-1.0-0 is already the newest version (1.52.1+ds-1build1).
2026-10-04T20:36:21.8124901Z libpango-1.0-0 set to manually installed.
2026-10-04T20:36:21.8125659Z libx11-6 is already the newest version (2:1.8.7-1build1).
2026-10-04T20:36:21.8126405Z libx11-6 set to manually installed.
2026-10-04T20:36:21.8127097Z libxcb1 is already the newest version (1.15-1ubuntu2).
2026-10-04T20:36:21.8127803Z libxcb1 set to manually installed.
2026-10-04T20:36:21.8129075Z libxcomposite1 is already the newest version (1:0.4.5-1build3).
2026-10-04T20:36:21.8129925Z libxcomposite1 set to manually installed.
2026-10-04T20:36:21.8130754Z libxdamage1 is already the newest version (1:1.1.6-1build1).
2026-10-04T20:36:21.8131783Z libxdamage1 set to manually installed.
2026-10-04T20:36:21.8132559Z libxext6 is already the newest version (2:1.3.4-1build2).
2026-10-04T20:36:21.8133284Z libxext6 set to manually installed.
2026-10-04T20:36:21.8134040Z libxfixes3 is already the newest version (1:6.0.0-2build1).
2026-10-04T20:36:21.8134774Z libxfixes3 set to manually installed.
2026-10-04T20:36:21.8135561Z libxkbcommon0 is already the newest version (1.6.0-1build1).
2026-10-04T20:36:21.8136336Z libxkbcommon0 set to manually installed.
2026-10-04T20:36:21.8137122Z libxrandr2 is already the newest version (2:1.5.2-2build1).
2026-10-04T20:36:21.8137856Z libxrandr2 set to manually installed.
2026-10-04T20:36:21.8138596Z xvfb is already the newest version (2:21.1.12-1ubuntu1.8).
2026-10-04T20:36:21.8139625Z fonts-noto-color-emoji is already the newest version (2.047-0ubuntu0.24.04.1).
2026-10-04T20:36:21.8140702Z libfontconfig1 is already the newest version (2.15.0-1.1ubuntu2).
2026-10-04T20:36:21.8141726Z libfontconfig1 set to manually installed.
2026-10-04T20:36:21.8142617Z libfreetype6 is already the newest version (2.13.2+dfsg-1ubuntu0.1).
2026-10-04T20:36:21.8143427Z libfreetype6 set to manually installed.
2026-10-04T20:36:21.8144213Z fonts-liberation is already the newest version (1:2.1.5-3).
2026-10-04T20:36:21.8144981Z fonts-liberation set to manually installed.
2026-10-04T20:36:21.8145829Z libcairo-gobject2 is already the newest version (1.18.0-3build1).
2026-10-04T20:36:21.8146973Z libcairo-gobject2 set to manually installed.
2026-10-04T20:36:21.8147929Z libgdk-pixbuf-2.0-0 is already the newest version (2.42.10+dfsg-3ubuntu3.3).
2026-10-04T20:36:21.8148866Z libgdk-pixbuf-2.0-0 set to manually installed.
2026-10-04T20:36:21.8149744Z libgtk-3-0t64 is already the newest version (3.24.41-4ubuntu1.3).
2026-10-04T20:36:21.8150514Z libgtk-3-0t64 set to manually installed.
2026-10-04T20:36:21.8151371Z libpangocairo-1.0-0 is already the newest version (1.52.1+ds-1build1).
2026-10-04T20:36:21.8152442Z libpangocairo-1.0-0 set to manually installed.
2026-10-04T20:36:21.8153269Z libx11-xcb1 is already the newest version (2:1.8.7-1build1).
2026-10-04T20:36:21.8154000Z libx11-xcb1 set to manually installed.
2026-10-04T20:36:21.8154746Z libxcb-shm0 is already the newest version (1.15-1ubuntu2).
2026-10-04T20:36:21.8155470Z libxcb-shm0 set to manually installed.
2026-10-04T20:36:21.8156235Z libxcursor1 is already the newest version (1:1.2.1-1build1).
2026-10-04T20:36:21.8156987Z libxcursor1 set to manually installed.
2026-10-04T20:36:21.8157700Z libxi6 is already the newest version (2:1.8.1-1build1).
2026-10-04T20:36:21.8158401Z libxi6 set to manually installed.
2026-10-04T20:36:21.8159173Z libxrender1 is already the newest version (1:0.9.10-1.1build1).
2026-10-04T20:36:21.8159981Z libxrender1 set to manually installed.
2026-10-04T20:36:21.8160802Z The following additional packages will be installed:
2026-10-04T20:36:21.8161792Z   libavutil58 libcodec2-1.2 libdav1d7 libgl1-mesa-dri libglx-mesa0 libgsm1
2026-10-04T20:36:21.8162735Z   libhwy1t64 libjxl0.7 libmp3lame0 libopus0 librav1e0 librsvg2-2 libshine3
2026-10-04T20:36:21.8163645Z   libsoxr0 libspeex1 libsvtav1enc1d1 libswresample4 libtheora0 libtwolame0
2026-10-04T20:36:21.8164543Z   libva-drm2 libva-x11-2 libva2 libvdpau1 libvorbisenc2 libvpl2 libvpx9
2026-10-04T20:36:21.8165364Z   libx264-164 libx265-199 libxvidcore4 libzvbi-common libzvbi0t64
2026-10-04T20:36:21.8166196Z   mesa-libgallium ocl-icd-libopencl1 xfonts-encodings xfonts-utils
2026-10-04T20:36:21.8166846Z Suggested packages:
2026-10-04T20:36:21.8167458Z   libcuda1 libnvcuvid1 libnvidia-encode1 opus-tools librsvg2-bin speex
2026-10-04T20:36:21.8168085Z   opencl-icd
2026-10-04T20:36:21.8168444Z Recommended packages:
2026-10-04T20:36:21.8169276Z   fonts-ipafont-mincho fonts-tlwg-loma librsvg2-common va-driver-all
2026-10-04T20:36:21.8170007Z   | va-driver vdpau-driver-all | vdpau-driver
2026-10-04T20:36:21.8389542Z The following NEW packages will be installed:
2026-10-04T20:36:21.8390798Z   fonts-freefont-ttf fonts-ipafont-gothic fonts-tlwg-loma-otf fonts-unifont
2026-10-04T20:36:21.8392114Z   fonts-wqy-zenhei libavcodec60 libavutil58 libcodec2-1.2 libdav1d7 libgsm1
2026-10-04T20:36:21.8395641Z   libhwy1t64 libjxl0.7 libmp3lame0 libopus0 librav1e0 librsvg2-2 libshine3
2026-10-04T20:36:21.8396859Z   libsoxr0 libspeex1 libsvtav1enc1d1 libswresample4 libtheora0 libtwolame0
2026-10-04T20:36:21.8397934Z   libva-drm2 libva-x11-2 libva2 libvdpau1 libvorbisenc2 libvpl2 libvpx9
2026-10-04T20:36:21.8398983Z   libx264-164 libx265-199 libxvidcore4 libzvbi-common libzvbi0t64
2026-10-04T20:36:21.8400003Z   ocl-icd-libopencl1 xfonts-cyrillic xfonts-encodings xfonts-scalable
2026-10-04T20:36:21.8400736Z   xfonts-utils
2026-10-04T20:36:21.8405434Z The following packages will be upgraded:
2026-10-04T20:36:21.8410602Z   libgbm1 libgl1-mesa-dri libglx-mesa0 mesa-libgallium
2026-10-04T20:36:21.8581279Z 4 upgraded, 40 newly installed, 0 to remove and 21 not upgraded.
2026-10-04T20:36:21.8582342Z Need to get 59.8 MB of archives.
2026-10-04T20:36:21.8583181Z After this operation, 168 MB of additional disk space will be used.
2026-10-04T20:36:21.8584105Z Get:1 file:/etc/apt/apt-mirrors.txt Mirrorlist [144 B]
2026-10-04T20:36:21.9581968Z Get:2 http://azure.archive.ubuntu.com/ubuntu noble/universe amd64 fonts-ipafont-gothic all 00303-21ubuntu1 [3513 kB]
2026-10-04T20:36:22.1298867Z Get:3 http://azure.archive.ubuntu.com/ubuntu noble/main amd64 fonts-freefont-ttf all 20211204+svn4273-2 [5641 kB]
2026-10-04T20:36:22.3555881Z Get:4 http://azure.archive.ubuntu.com/ubuntu noble/universe amd64 fonts-tlwg-loma-otf all 1:0.7.3-1 [107 kB]
2026-10-04T20:36:22.4389147Z Get:5 http://azure.archive.ubuntu.com/ubuntu noble/universe amd64 fonts-unifont all 1:15.1.01-1build1 [2993 kB]
2026-10-04T20:36:22.5960258Z Get:6 http://azure.archive.ubuntu.com/ubuntu noble/universe amd64 fonts-wqy-zenhei all 0.9.45-8 [7472 kB]
2026-10-04T20:36:22.8719032Z Get:7 http://azure.archive.ubuntu.com/ubuntu noble-updates/universe amd64 libva2 amd64 2.20.0-2ubuntu0.2 [66.4 kB]
2026-10-04T20:36:22.9538912Z Get:8 http://azure.archive.ubuntu.com/ubuntu noble-updates/universe amd64 libva-drm2 amd64 2.20.0-2ubuntu0.2 [7124 B]
2026-10-04T20:36:23.0355630Z Get:9 http://azure.archive.ubuntu.com/ubuntu noble-updates/universe amd64 libva-x11-2 amd64 2.20.0-2ubuntu0.2 [12.0 kB]
2026-10-04T20:36:23.1173620Z Get:10 http://azure.archive.ubuntu.com/ubuntu noble/main amd64 libvdpau1 amd64 1.5-2build1 [27.8 kB]
2026-10-04T20:36:23.2023490Z Get:11 http://azure.archive.ubuntu.com/ubuntu noble/universe amd64 libvpl2 amd64 2023.3.0-1build1 [99.8 kB]
2026-10-04T20:36:23.2864377Z Get:12 http://azure.archive.ubuntu.com/ubuntu noble/universe amd64 ocl-icd-libopencl1 amd64 2.3.2-1build1 [38.5 kB]
2026-10-04T20:36:23.3687299Z Get:13 http://azure.archive.ubuntu.com/ubuntu noble/universe amd64 libavutil58 amd64 7:6.1.1-3ubuntu5 [401 kB]
2026-10-04T20:36:23.4590405Z Get:14 http://azure.archive.ubuntu.com/ubuntu noble/universe amd64 libcodec2-1.2 amd64 1.2.0-2build1 [8998 kB]
2026-10-04T20:36:23.7721216Z Get:15 http://azure.archive.ubuntu.com/ubuntu noble/universe amd64 libdav1d7 amd64 1.4.1-1build1 [604 kB]
2026-10-04T20:36:23.8684188Z Get:16 http://azure.archive.ubuntu.com/ubuntu noble/universe amd64 libgsm1 amd64 1.0.22-1build1 [27.8 kB]
2026-10-04T20:36:23.9501779Z Get:17 http://azure.archive.ubuntu.com/ubuntu noble/universe amd64 libhwy1t64 amd64 1.0.7-8.1build1 [584 kB]
2026-10-04T20:36:24.0454921Z Get:18 http://azure.archive.ubuntu.com/ubuntu noble-updates/universe amd64 libjxl0.7 amd64 0.7.0-10.2ubuntu6.1 [1001 kB]
2026-10-04T20:36:24.1511245Z Get:19 http://azure.archive.ubuntu.com/ubuntu noble/main amd64 libmp3lame0 amd64 3.100-6build1 [142 kB]
2026-10-04T20:36:24.2354606Z Get:20 http://azure.archive.ubuntu.com/ubuntu noble/main amd64 libopus0 amd64 1.4-1build1 [208 kB]
2026-10-04T20:36:24.3210818Z Get:21 http://azure.archive.ubuntu.com/ubuntu noble/universe amd64 librav1e0 amd64 0.7.1-2 [1022 kB]
2026-10-04T20:36:24.4278648Z Get:22 http://azure.archive.ubuntu.com/ubuntu noble/main amd64 librsvg2-2 amd64 2.58.0+dfsg-1build1 [2135 kB]
2026-10-04T20:36:24.5630413Z Get:23 http://azure.archive.ubuntu.com/ubuntu noble/universe amd64 libshine3 amd64 3.1.1-2build1 [23.2 kB]
2026-10-04T20:36:24.6448435Z Get:24 http://azure.archive.ubuntu.com/ubuntu noble-updates/main amd64 libspeex1 amd64 1.2.1-2ubuntu2.24.04.1 [59.6 kB]
2026-10-04T20:36:24.7273142Z Get:25 http://azure.archive.ubuntu.com/ubuntu noble/universe amd64 libsvtav1enc1d1 amd64 1.7.0+dfsg-2build1 [2425 kB]
2026-10-04T20:36:24.8697894Z Get:26 http://azure.archive.ubuntu.com/ubuntu noble/universe amd64 libsoxr0 amd64 0.1.3-4build3 [80.0 kB]
2026-10-04T20:36:24.9522053Z Get:27 http://azure.archive.ubuntu.com/ubuntu noble/universe amd64 libswresample4 amd64 7:6.1.1-3ubuntu5 [63.8 kB]
2026-10-04T20:36:25.0341400Z Get:28 http://azure.archive.ubuntu.com/ubuntu noble/main amd64 libtheora0 amd64 1.1.1+dfsg.1-16.1build3 [211 kB]
2026-10-04T20:36:25.1199481Z Get:29 http://azure.archive.ubuntu.com/ubuntu noble/main amd64 libtwolame0 amd64 0.4.0-2build3 [52.3 kB]
2026-10-04T20:36:25.2028448Z Get:30 http://azure.archive.ubuntu.com/ubuntu noble/main amd64 libvorbisenc2 amd64 1.3.7-1build3 [80.8 kB]
2026-10-04T20:36:25.2847676Z Get:31 http://azure.archive.ubuntu.com/ubuntu noble-updates/main amd64 libvpx9 amd64 1.14.0-1ubuntu2.3 [1143 kB]
2026-10-04T20:36:25.3947469Z Get:32 http://azure.archive.ubuntu.com/ubuntu noble/universe amd64 libx264-164 amd64 2:0.164.3108+git31e19f9-1 [604 kB]
2026-10-04T20:36:25.4912822Z Get:33 http://azure.archive.ubuntu.com/ubuntu noble/universe amd64 libx265-199 amd64 3.5-2build1 [1226 kB]
2026-10-04T20:36:25.6059335Z Get:34 http://azure.archive.ubuntu.com/ubuntu noble/universe amd64 libxvidcore4 amd64 2:1.3.7-1build1 [219 kB]
2026-10-04T20:36:25.6918096Z Get:35 http://azure.archive.ubuntu.com/ubuntu noble/universe amd64 libzvbi-common all 0.2.42-2 [42.4 kB]
2026-10-04T20:36:25.7743343Z Get:36 http://azure.archive.ubuntu.com/ubuntu noble/universe amd64 libzvbi0t64 amd64 0.2.42-2 [261 kB]
2026-10-04T20:36:25.8609348Z Get:37 http://azure.archive.ubuntu.com/ubuntu noble/universe amd64 libavcodec60 amd64 7:6.1.1-3ubuntu5 [5851 kB]
2026-10-04T20:36:26.0928955Z Get:38 http://azure.archive.ubuntu.com/ubuntu noble-updates/main amd64 libgl1-mesa-dri amd64 25.2.8-0ubuntu0.24.04.4 [38.0 kB]
2026-10-04T20:36:26.1749300Z Get:39 http://azure.archive.ubuntu.com/ubuntu noble-updates/main amd64 libglx-mesa0 amd64 25.2.8-0ubuntu0.24.04.4 [110 kB]
2026-10-04T20:36:26.2587520Z Get:40 http://azure.archive.ubuntu.com/ubuntu noble-updates/main amd64 libgbm1 amd64 25.2.8-0ubuntu0.24.04.4 [34.2 kB]
2026-10-04T20:36:26.3406002Z Get:41 http://azure.archive.ubuntu.com/ubuntu noble-updates/main amd64 mesa-libgallium amd64 25.2.8-0ubuntu0.24.04.4 [10.8 MB]
2026-10-04T20:36:26.7004119Z Get:42 http://azure.archive.ubuntu.com/ubuntu noble/main amd64 xfonts-encodings all 1:1.0.5-0ubuntu2 [578 kB]
2026-10-04T20:36:26.7955465Z Get:43 http://azure.archive.ubuntu.com/ubuntu noble/main amd64 xfonts-utils amd64 1:7.7+6build3 [94.4 kB]
2026-10-04T20:36:26.8783486Z Get:44 http://azure.archive.ubuntu.com/ubuntu noble/universe amd64 xfonts-cyrillic all 1:1.0.5+nmu1 [384 kB]
2026-10-04T20:36:26.9686779Z Get:45 http://azure.archive.ubuntu.com/ubuntu noble/main amd64 xfonts-scalable all 1:1.0.3-1.3 [304 kB]
2026-10-04T20:36:27.2593959Z Fetched 59.8 MB in 5s (11.7 MB/s)
2026-10-04T20:36:27.2868483Z Selecting previously unselected package fonts-ipafont-gothic.
2026-10-04T20:36:27.2928806Z (Reading database ... 
2026-10-04T20:36:27.2929467Z (Reading database ... 5%
2026-10-04T20:36:27.2929930Z (Reading database ... 10%
2026-10-04T20:36:27.2930386Z (Reading database ... 15%
2026-10-04T20:36:27.2930818Z (Reading database ... 20%
2026-10-04T20:36:27.2931260Z (Reading database ... 25%
2026-10-04T20:36:27.2931808Z (Reading database ... 30%
2026-10-04T20:36:27.2932247Z (Reading database ... 35%
2026-10-04T20:36:27.2933123Z (Reading database ... 40%
2026-10-04T20:36:27.2933876Z (Reading database ... 45%
2026-10-04T20:36:27.2934742Z (Reading database ... 50%
2026-10-04T20:36:27.2949270Z (Reading database ... 55%
2026-10-04T20:36:27.3062455Z (Reading database ... 60%
2026-10-04T20:36:27.3090893Z (Reading database ... 65%
2026-10-04T20:36:27.3114772Z (Reading database ... 70%
2026-10-04T20:36:27.3151164Z (Reading database ... 75%
2026-10-04T20:36:27.3188513Z (Reading database ... 80%
2026-10-04T20:36:27.3320062Z (Reading database ... 85%
2026-10-04T20:36:27.3399177Z (Reading database ... 90%
2026-10-04T20:36:27.3626029Z (Reading database ... 95%
2026-10-04T20:36:27.3626509Z (Reading database ... 100%
2026-10-04T20:36:27.3627111Z (Reading database ... 204047 files and directories currently installed.)
2026-10-04T20:36:27.3667821Z Preparing to unpack .../00-fonts-ipafont-gothic_00303-21ubuntu1_all.deb ...
2026-10-04T20:36:27.3743204Z Unpacking fonts-ipafont-gothic (00303-21ubuntu1) ...
2026-10-04T20:36:27.6059046Z Selecting previously unselected package fonts-freefont-ttf.
2026-10-04T20:36:27.6187014Z Preparing to unpack .../01-fonts-freefont-ttf_20211204+svn4273-2_all.deb ...
2026-10-04T20:36:27.6194735Z Unpacking fonts-freefont-ttf (20211204+svn4273-2) ...
2026-10-04T20:36:27.6970976Z Selecting previously unselected package fonts-tlwg-loma-otf.
2026-10-04T20:36:27.7095661Z Preparing to unpack .../02-fonts-tlwg-loma-otf_1%3a0.7.3-1_all.deb ...
2026-10-04T20:36:27.7104476Z Unpacking fonts-tlwg-loma-otf (1:0.7.3-1) ...
2026-10-04T20:36:27.7305197Z Selecting previously unselected package fonts-unifont.
2026-10-04T20:36:27.7429937Z Preparing to unpack .../03-fonts-unifont_1%3a15.1.01-1build1_all.deb ...
2026-10-04T20:36:27.7436588Z Unpacking fonts-unifont (1:15.1.01-1build1) ...
2026-10-04T20:36:27.8502472Z Selecting previously unselected package fonts-wqy-zenhei.
2026-10-04T20:36:27.8627596Z Preparing to unpack .../04-fonts-wqy-zenhei_0.9.45-8_all.deb ...
2026-10-04T20:36:27.8725925Z Unpacking fonts-wqy-zenhei (0.9.45-8) ...
2026-10-04T20:36:28.3465503Z Selecting previously unselected package libva2:amd64.
2026-10-04T20:36:28.3591338Z Preparing to unpack .../05-libva2_2.20.0-2ubuntu0.2_amd64.deb ...
2026-10-04T20:36:28.3607031Z Unpacking libva2:amd64 (2.20.0-2ubuntu0.2) ...
2026-10-04T20:36:28.3816526Z Selecting previously unselected package libva-drm2:amd64.
2026-10-04T20:36:28.3941224Z Preparing to unpack .../06-libva-drm2_2.20.0-2ubuntu0.2_amd64.deb ...
2026-10-04T20:36:28.3948114Z Unpacking libva-drm2:amd64 (2.20.0-2ubuntu0.2) ...
2026-10-04T20:36:28.4150991Z Selecting previously unselected package libva-x11-2:amd64.
2026-10-04T20:36:28.4275578Z Preparing to unpack .../07-libva-x11-2_2.20.0-2ubuntu0.2_amd64.deb ...
2026-10-04T20:36:28.4283710Z Unpacking libva-x11-2:amd64 (2.20.0-2ubuntu0.2) ...
2026-10-04T20:36:28.4487514Z Selecting previously unselected package libvdpau1:amd64.
2026-10-04T20:36:28.4614491Z Preparing to unpack .../08-libvdpau1_1.5-2build1_amd64.deb ...
2026-10-04T20:36:28.4622181Z Unpacking libvdpau1:amd64 (1.5-2build1) ...
2026-10-04T20:36:28.4841310Z Selecting previously unselected package libvpl2.
2026-10-04T20:36:28.4968340Z Preparing to unpack .../09-libvpl2_2023.3.0-1build1_amd64.deb ...
2026-10-04T20:36:28.4975292Z Unpacking libvpl2 (2023.3.0-1build1) ...
2026-10-04T20:36:28.5192790Z Selecting previously unselected package ocl-icd-libopencl1:amd64.
2026-10-04T20:36:28.5318939Z Preparing to unpack .../10-ocl-icd-libopencl1_2.3.2-1build1_amd64.deb ...
2026-10-04T20:36:28.5326168Z Unpacking ocl-icd-libopencl1:amd64 (2.3.2-1build1) ...
2026-10-04T20:36:28.5562250Z Selecting previously unselected package libavutil58:amd64.
2026-10-04T20:36:28.5689901Z Preparing to unpack .../11-libavutil58_7%3a6.1.1-3ubuntu5_amd64.deb ...
2026-10-04T20:36:28.5698094Z Unpacking libavutil58:amd64 (7:6.1.1-3ubuntu5) ...
2026-10-04T20:36:28.5948607Z Selecting previously unselected package libcodec2-1.2:amd64.
2026-10-04T20:36:28.6074359Z Preparing to unpack .../12-libcodec2-1.2_1.2.0-2build1_amd64.deb ...
2026-10-04T20:36:28.6081484Z Unpacking libcodec2-1.2:amd64 (1.2.0-2build1) ...
2026-10-04T20:36:28.6841171Z Selecting previously unselected package libdav1d7:amd64.
2026-10-04T20:36:28.6965923Z Preparing to unpack .../13-libdav1d7_1.4.1-1build1_amd64.deb ...
2026-10-04T20:36:28.6973444Z Unpacking libdav1d7:amd64 (1.4.1-1build1) ...
2026-10-04T20:36:28.7242012Z Selecting previously unselected package libgsm1:amd64.
2026-10-04T20:36:28.7367174Z Preparing to unpack .../14-libgsm1_1.0.22-1build1_amd64.deb ...
2026-10-04T20:36:28.7374657Z Unpacking libgsm1:amd64 (1.0.22-1build1) ...
2026-10-04T20:36:28.7574402Z Selecting previously unselected package libhwy1t64:amd64.
2026-10-04T20:36:28.7698731Z Preparing to unpack .../15-libhwy1t64_1.0.7-8.1build1_amd64.deb ...
2026-10-04T20:36:28.7705436Z Unpacking libhwy1t64:amd64 (1.0.7-8.1build1) ...
2026-10-04T20:36:28.8033660Z Selecting previously unselected package libjxl0.7:amd64.
2026-10-04T20:36:28.8158499Z Preparing to unpack .../16-libjxl0.7_0.7.0-10.2ubuntu6.1_amd64.deb ...
2026-10-04T20:36:28.8166706Z Unpacking libjxl0.7:amd64 (0.7.0-10.2ubuntu6.1) ...
2026-10-04T20:36:28.8491216Z Selecting previously unselected package libmp3lame0:amd64.
2026-10-04T20:36:28.8616369Z Preparing to unpack .../17-libmp3lame0_3.100-6build1_amd64.deb ...
2026-10-04T20:36:28.8623414Z Unpacking libmp3lame0:amd64 (3.100-6build1) ...
2026-10-04T20:36:28.8835651Z Selecting previously unselected package libopus0:amd64.
2026-10-04T20:36:28.8963069Z Preparing to unpack .../18-libopus0_1.4-1build1_amd64.deb ...
2026-10-04T20:36:28.8971368Z Unpacking libopus0:amd64 (1.4-1build1) ...
2026-10-04T20:36:28.9190340Z Selecting previously unselected package librav1e0:amd64.
2026-10-04T20:36:28.9315899Z Preparing to unpack .../19-librav1e0_0.7.1-2_amd64.deb ...
2026-10-04T20:36:28.9322981Z Unpacking librav1e0:amd64 (0.7.1-2) ...
2026-10-04T20:36:28.9635475Z Selecting previously unselected package librsvg2-2:amd64.
2026-10-04T20:36:28.9760738Z Preparing to unpack .../20-librsvg2-2_2.58.0+dfsg-1build1_amd64.deb ...
2026-10-04T20:36:28.9767781Z Unpacking librsvg2-2:amd64 (2.58.0+dfsg-1build1) ...
2026-10-04T20:36:29.0226930Z Selecting previously unselected package libshine3:amd64.
2026-10-04T20:36:29.0354222Z Preparing to unpack .../21-libshine3_3.1.1-2build1_amd64.deb ...
2026-10-04T20:36:29.0365620Z Unpacking libshine3:amd64 (3.1.1-2build1) ...
2026-10-04T20:36:29.0567844Z Selecting previously unselected package libspeex1:amd64.
2026-10-04T20:36:29.0697498Z Preparing to unpack .../22-libspeex1_1.2.1-2ubuntu2.24.04.1_amd64.deb ...
2026-10-04T20:36:29.0705163Z Unpacking libspeex1:amd64 (1.2.1-2ubuntu2.24.04.1) ...
2026-10-04T20:36:29.0907928Z Selecting previously unselected package libsvtav1enc1d1:amd64.
2026-10-04T20:36:29.1034083Z Preparing to unpack .../23-libsvtav1enc1d1_1.7.0+dfsg-2build1_amd64.deb ...
2026-10-04T20:36:29.1040701Z Unpacking libsvtav1enc1d1:amd64 (1.7.0+dfsg-2build1) ...
2026-10-04T20:36:29.1508752Z Selecting previously unselected package libsoxr0:amd64.
2026-10-04T20:36:29.1635547Z Preparing to unpack .../24-libsoxr0_0.1.3-4build3_amd64.deb ...
2026-10-04T20:36:29.1643498Z Unpacking libsoxr0:amd64 (0.1.3-4build3) ...
2026-10-04T20:36:29.1850958Z Selecting previously unselected package libswresample4:amd64.
2026-10-04T20:36:29.1977390Z Preparing to unpack .../25-libswresample4_7%3a6.1.1-3ubuntu5_amd64.deb ...
2026-10-04T20:36:29.1984124Z Unpacking libswresample4:amd64 (7:6.1.1-3ubuntu5) ...
2026-10-04T20:36:29.2187991Z Selecting previously unselected package libtheora0:amd64.
2026-10-04T20:36:29.2314637Z Preparing to unpack .../26-libtheora0_1.1.1+dfsg.1-16.1build3_amd64.deb ...
2026-10-04T20:36:29.2321992Z Unpacking libtheora0:amd64 (1.1.1+dfsg.1-16.1build3) ...
2026-10-04T20:36:29.2548139Z Selecting previously unselected package libtwolame0:amd64.
2026-10-04T20:36:29.2675372Z Preparing to unpack .../27-libtwolame0_0.4.0-2build3_amd64.deb ...
2026-10-04T20:36:29.2683056Z Unpacking libtwolame0:amd64 (0.4.0-2build3) ...
2026-10-04T20:36:29.2888381Z Selecting previously unselected package libvorbisenc2:amd64.
2026-10-04T20:36:29.3013428Z Preparing to unpack .../28-libvorbisenc2_1.3.7-1build3_amd64.deb ...
2026-10-04T20:36:29.3019492Z Unpacking libvorbisenc2:amd64 (1.3.7-1build3) ...
2026-10-04T20:36:29.3240177Z Selecting previously unselected package libvpx9:amd64.
2026-10-04T20:36:29.3365847Z Preparing to unpack .../29-libvpx9_1.14.0-1ubuntu2.3_amd64.deb ...
2026-10-04T20:36:29.3385672Z Unpacking libvpx9:amd64 (1.14.0-1ubuntu2.3) ...
2026-10-04T20:36:29.3702402Z Selecting previously unselected package libx264-164:amd64.
2026-10-04T20:36:29.3827617Z Preparing to unpack .../30-libx264-164_2%3a0.164.3108+git31e19f9-1_amd64.deb ...
2026-10-04T20:36:29.3836926Z Unpacking libx264-164:amd64 (2:0.164.3108+git31e19f9-1) ...
2026-10-04T20:36:29.4116385Z Selecting previously unselected package libx265-199:amd64.
2026-10-04T20:36:29.4241075Z Preparing to unpack .../31-libx265-199_3.5-2build1_amd64.deb ...
2026-10-04T20:36:29.4247790Z Unpacking libx265-199:amd64 (3.5-2build1) ...
2026-10-04T20:36:29.4866573Z Selecting previously unselected package libxvidcore4:amd64.
2026-10-04T20:36:29.4991877Z Preparing to unpack .../32-libxvidcore4_2%3a1.3.7-1build1_amd64.deb ...
2026-10-04T20:36:29.4998864Z Unpacking libxvidcore4:amd64 (2:1.3.7-1build1) ...
2026-10-04T20:36:29.5214656Z Selecting previously unselected package libzvbi-common.
2026-10-04T20:36:29.5338824Z Preparing to unpack .../33-libzvbi-common_0.2.42-2_all.deb ...
2026-10-04T20:36:29.5345662Z Unpacking libzvbi-common (0.2.42-2) ...
2026-10-04T20:36:29.5631041Z Selecting previously unselected package libzvbi0t64:amd64.
2026-10-04T20:36:29.5756774Z Preparing to unpack .../34-libzvbi0t64_0.2.42-2_amd64.deb ...
2026-10-04T20:36:29.5763945Z Unpacking libzvbi0t64:amd64 (0.2.42-2) ...
2026-10-04T20:36:29.5997280Z Selecting previously unselected package libavcodec60:amd64.
2026-10-04T20:36:29.6122199Z Preparing to unpack .../35-libavcodec60_7%3a6.1.1-3ubuntu5_amd64.deb ...
2026-10-04T20:36:29.6128386Z Unpacking libavcodec60:amd64 (7:6.1.1-3ubuntu5) ...
2026-10-04T20:36:29.7057218Z Preparing to unpack .../36-libgl1-mesa-dri_25.2.8-0ubuntu0.24.04.4_amd64.deb ...
2026-10-04T20:36:29.7199481Z Unpacking libgl1-mesa-dri:amd64 (25.2.8-0ubuntu0.24.04.4) over (25.2.8-0ubuntu0.24.04.2) ...
2026-10-04T20:36:29.7680967Z Preparing to unpack .../37-libglx-mesa0_25.2.8-0ubuntu0.24.04.4_amd64.deb ...
2026-10-04T20:36:29.7701775Z Unpacking libglx-mesa0:amd64 (25.2.8-0ubuntu0.24.04.4) over (25.2.8-0ubuntu0.24.04.2) ...
2026-10-04T20:36:29.8086094Z Preparing to unpack .../38-libgbm1_25.2.8-0ubuntu0.24.04.4_amd64.deb ...
2026-10-04T20:36:29.8112860Z Unpacking libgbm1:amd64 (25.2.8-0ubuntu0.24.04.4) over (25.2.8-0ubuntu0.24.04.2) ...
2026-10-04T20:36:29.8467655Z Preparing to unpack .../39-mesa-libgallium_25.2.8-0ubuntu0.24.04.4_amd64.deb ...
2026-10-04T20:36:29.8492167Z Unpacking mesa-libgallium:amd64 (25.2.8-0ubuntu0.24.04.4) over (25.2.8-0ubuntu0.24.04.2) ...
2026-10-04T20:36:30.0190325Z Selecting previously unselected package xfonts-encodings.
2026-10-04T20:36:30.0317682Z Preparing to unpack .../40-xfonts-encodings_1%3a1.0.5-0ubuntu2_all.deb ...
2026-10-04T20:36:30.0323908Z Unpacking xfonts-encodings (1:1.0.5-0ubuntu2) ...
2026-10-04T20:36:30.0612168Z Selecting previously unselected package xfonts-utils.
2026-10-04T20:36:30.0741187Z Preparing to unpack .../41-xfonts-utils_1%3a7.7+6build3_amd64.deb ...
2026-10-04T20:36:30.0748399Z Unpacking xfonts-utils (1:7.7+6build3) ...
2026-10-04T20:36:30.1062584Z Selecting previously unselected package xfonts-cyrillic.
2026-10-04T20:36:30.1188877Z Preparing to unpack .../42-xfonts-cyrillic_1%3a1.0.5+nmu1_all.deb ...
2026-10-04T20:36:30.1196218Z Unpacking xfonts-cyrillic (1:1.0.5+nmu1) ...
2026-10-04T20:36:30.1547474Z Selecting previously unselected package xfonts-scalable.
2026-10-04T20:36:30.1674159Z Preparing to unpack .../43-xfonts-scalable_1%3a1.0.3-1.3_all.deb ...
2026-10-04T20:36:30.1680491Z Unpacking xfonts-scalable (1:1.0.3-1.3) ...
2026-10-04T20:36:30.2218679Z Setting up libhwy1t64:amd64 (1.0.7-8.1build1) ...
2026-10-04T20:36:30.2253716Z Setting up mesa-libgallium:amd64 (25.2.8-0ubuntu0.24.04.4) ...
2026-10-04T20:36:30.2277308Z Setting up libspeex1:amd64 (1.2.1-2ubuntu2.24.04.1) ...
2026-10-04T20:36:30.2294946Z Setting up libshine3:amd64 (3.1.1-2build1) ...
2026-10-04T20:36:30.2312109Z Setting up libvpl2 (2023.3.0-1build1) ...
2026-10-04T20:36:30.2328764Z Setting up libx264-164:amd64 (2:0.164.3108+git31e19f9-1) ...
2026-10-04T20:36:30.2346276Z Setting up libtwolame0:amd64 (0.4.0-2build3) ...
2026-10-04T20:36:30.2363002Z Setting up libgbm1:amd64 (25.2.8-0ubuntu0.24.04.4) ...
2026-10-04T20:36:30.2381696Z Setting up libgsm1:amd64 (1.0.22-1build1) ...
2026-10-04T20:36:30.2400228Z Setting up libsoxr0:amd64 (0.1.3-4build3) ...
2026-10-04T20:36:30.2416582Z Setting up libcodec2-1.2:amd64 (1.2.0-2build1) ...
2026-10-04T20:36:30.2434326Z Setting up libgl1-mesa-dri:amd64 (25.2.8-0ubuntu0.24.04.4) ...
2026-10-04T20:36:30.2510892Z Setting up fonts-wqy-zenhei (0.9.45-8) ...
2026-10-04T20:36:30.2632941Z Setting up fonts-freefont-ttf (20211204+svn4273-2) ...
2026-10-04T20:36:30.2649159Z Setting up libsvtav1enc1d1:amd64 (1.7.0+dfsg-2build1) ...
2026-10-04T20:36:30.2665603Z Setting up libxvidcore4:amd64 (2:1.3.7-1build1) ...
2026-10-04T20:36:30.2685598Z Setting up librav1e0:amd64 (0.7.1-2) ...
2026-10-04T20:36:30.2706712Z Setting up librsvg2-2:amd64 (2.58.0+dfsg-1build1) ...
2026-10-04T20:36:30.2723997Z Setting up fonts-tlwg-loma-otf (1:0.7.3-1) ...
2026-10-04T20:36:30.2739733Z Setting up libva2:amd64 (2.20.0-2ubuntu0.2) ...
2026-10-04T20:36:30.2756052Z Setting up xfonts-encodings (1:1.0.5-0ubuntu2) ...
2026-10-04T20:36:30.2772947Z Setting up libopus0:amd64 (1.4-1build1) ...
2026-10-04T20:36:30.2788909Z Setting up libjxl0.7:amd64 (0.7.0-10.2ubuntu6.1) ...
2026-10-04T20:36:30.2805026Z Setting up libx265-199:amd64 (3.5-2build1) ...
2026-10-04T20:36:30.2820808Z Setting up libvpx9:amd64 (1.14.0-1ubuntu2.3) ...
2026-10-04T20:36:30.2839113Z Setting up libdav1d7:amd64 (1.4.1-1build1) ...
2026-10-04T20:36:30.2856036Z Setting up libva-drm2:amd64 (2.20.0-2ubuntu0.2) ...
2026-10-04T20:36:30.2872112Z Setting up fonts-ipafont-gothic (00303-21ubuntu1) ...
2026-10-04T20:36:30.2938126Z update-alternatives: using /usr/share/fonts/opentype/ipafont-gothic/ipag.ttf to provide /usr/share/fonts/truetype/fonts-japanese-gothic.ttf (fonts-japanese-gothic.ttf) in auto mode
2026-10-04T20:36:30.2953522Z Setting up ocl-icd-libopencl1:amd64 (2.3.2-1build1) ...
2026-10-04T20:36:30.2969448Z Setting up libvdpau1:amd64 (1.5-2build1) ...
2026-10-04T20:36:30.2995602Z Setting up libtheora0:amd64 (1.1.1+dfsg.1-16.1build3) ...
2026-10-04T20:36:30.3013177Z Setting up libva-x11-2:amd64 (2.20.0-2ubuntu0.2) ...
2026-10-04T20:36:30.3030396Z Setting up libzvbi-common (0.2.42-2) ...
2026-10-04T20:36:30.3047650Z Setting up libmp3lame0:amd64 (3.100-6build1) ...
2026-10-04T20:36:30.3064654Z Setting up libvorbisenc2:amd64 (1.3.7-1build3) ...
2026-10-04T20:36:30.3081865Z Setting up fonts-unifont (1:15.1.01-1build1) ...
2026-10-04T20:36:30.3098999Z Setting up libglx-mesa0:amd64 (25.2.8-0ubuntu0.24.04.4) ...
2026-10-04T20:36:30.3117377Z Setting up libzvbi0t64:amd64 (0.2.42-2) ...
2026-10-04T20:36:30.3133958Z Setting up libavutil58:amd64 (7:6.1.1-3ubuntu5) ...
2026-10-04T20:36:30.3151731Z Setting up xfonts-utils (1:7.7+6build3) ...
2026-10-04T20:36:30.3195176Z Setting up libswresample4:amd64 (7:6.1.1-3ubuntu5) ...
2026-10-04T20:36:30.3212514Z Setting up libavcodec60:amd64 (7:6.1.1-3ubuntu5) ...
2026-10-04T20:36:30.3230028Z Setting up xfonts-cyrillic (1:1.0.5+nmu1) ...
2026-10-04T20:36:30.3548064Z Setting up xfonts-scalable (1:1.0.3-1.3) ...
2026-10-04T20:36:30.3838904Z Processing triggers for libc-bin (2.39-0ubuntu8.9) ...
2026-10-04T20:36:30.3997055Z Processing triggers for man-db (2.12.0-4build2) ...
2026-10-04T20:36:30.4012226Z Not building database; man-db/auto-update is not 'true'.
2026-10-04T20:36:30.4022980Z Processing triggers for fontconfig (2.15.0-1.1ubuntu2) ...
2026-10-04T20:36:31.0383137Z 
2026-10-04T20:36:31.0383995Z Running kernel seems to be up-to-date.
2026-10-04T20:36:31.0384469Z 
2026-10-04T20:36:31.0385170Z No services need to be restarted.
2026-10-04T20:36:31.0385532Z 
2026-10-04T20:36:31.0385803Z No containers need to be restarted.
2026-10-04T20:36:31.0386146Z 
2026-10-04T20:36:31.0386465Z No user sessions are running outdated binaries.
2026-10-04T20:36:31.0386851Z 
2026-10-04T20:36:31.0387343Z No VM guests are running outdated hypervisor (qemu) binaries on this host.
2026-10-04T20:36:31.9642091Z Downloading Chrome for Testing 151.0.7922.34 (playwright chromium v1234) from https://cdn.playwright.dev/builds/cft/151.0.7922.34/linux64/chrome-linux64.zip
2026-10-04T20:36:32.9388747Z |                                                                                |   0% of 184.3 MiB
2026-10-04T20:36:33.1268890Z |■■■■■■■■                                                                        |  10% of 184.3 MiB
2026-10-04T20:36:33.2257675Z |■■■■■■■■■■■■■■■■                                                                |  20% of 184.3 MiB
2026-10-04T20:36:33.3206169Z |■■■■■■■■■■■■■■■■■■■■■■■■                                                        |  30% of 184.3 MiB
2026-10-04T20:36:33.4091815Z |■■■■■■■■■■■■■■■■■■■■■■■■■■■■■■■■                                                |  40% of 184.3 MiB
2026-10-04T20:36:33.4974110Z |■■■■■■■■■■■■■■■■■■■■■■■■■■■■■■■■■■■■■■■■                                        |  50% of 184.3 MiB
2026-10-04T20:36:33.5641984Z |■■■■■■■■■■■■■■■■■■■■■■■■■■■■■■■■■■■■■■■■■■■■■■■■                                |  60% of 184.3 MiB
2026-10-04T20:36:33.6565676Z |■■■■■■■■■■■■■■■■■■■■■■■■■■■■■■■■■■■■■■■■■■■■■■■■■■■■■■■■                        |  70% of 184.3 MiB
2026-10-04T20:36:33.7411340Z |■■■■■■■■■■■■■■■■■■■■■■■■■■■■■■■■■■■■■■■■■■■■■■■■■■■■■■■■■■■■■■■■                |  80% of 184.3 MiB
2026-10-04T20:36:33.8434347Z |■■■■■■■■■■■■■■■■■■■■■■■■■■■■■■■■■■■■■■■■■■■■■■■■■■■■■■■■■■■■■■■■■■■■■■■■        |  90% of 184.3 MiB
2026-10-04T20:36:33.9114450Z |■■■■■■■■■■■■■■■■■■■■■■■■■■■■■■■■■■■■■■■■■■■■■■■■■■■■■■■■■■■■■■■■■■■■■■■■■■■■■■■■| 100% of 184.3 MiB
2026-10-04T20:36:37.7164225Z Chrome for Testing 151.0.7922.34 (playwright chromium v1234) downloaded to ~/.cache/ms-playwright/chromium-1234
2026-10-04T20:36:37.7168701Z Downloading FFmpeg (playwright ffmpeg v1011) from https://cdn.playwright.dev/dbazure/download/playwright/builds/ffmpeg/1011/ffmpeg-linux.zip
2026-10-04T20:36:38.7133535Z |                                                                                |   0% of 2.3 MiB
2026-10-04T20:36:38.7189597Z |■■■■■■■■                                                                        |  10% of 2.3 MiB
2026-10-04T20:36:38.7221332Z |■■■■■■■■■■■■■■■■                                                                |  20% of 2.3 MiB
2026-10-04T20:36:38.7242953Z |■■■■■■■■■■■■■■■■■■■■■■■■                                                        |  30% of 2.3 MiB
2026-10-04T20:36:38.7262917Z |■■■■■■■■■■■■■■■■■■■■■■■■■■■■■■■■                                                |  40% of 2.3 MiB
2026-10-04T20:36:38.7277427Z |■■■■■■■■■■■■■■■■■■■■■■■■■■■■■■■■■■■■■■■■                                        |  50% of 2.3 MiB
2026-10-04T20:36:38.7293190Z |■■■■■■■■■■■■■■■■■■■■■■■■■■■■■■■■■■■■■■■■■■■■■■■■                                |  60% of 2.3 MiB
2026-10-04T20:36:38.7308946Z |■■■■■■■■■■■■■■■■■■■■■■■■■■■■■■■■■■■■■■■■■■■■■■■■■■■■■■■■                        |  70% of 2.3 MiB
2026-10-04T20:36:38.7322746Z |■■■■■■■■■■■■■■■■■■■■■■■■■■■■■■■■■■■■■■■■■■■■■■■■■■■■■■■■■■■■■■■■                |  80% of 2.3 MiB
2026-10-04T20:36:38.7335958Z |■■■■■■■■■■■■■■■■■■■■■■■■■■■■■■■■■■■■■■■■■■■■■■■■■■■■■■■■■■■■■■■■■■■■■■■■        |  90% of 2.3 MiB
2026-10-04T20:36:38.7348566Z |■■■■■■■■■■■■■■■■■■■■■■■■■■■■■■■■■■■■■■■■■■■■■■■■■■■■■■■■■■■■■■■■■■■■■■■■■■■■■■■■| 100% of 2.3 MiB
2026-10-04T20:36:38.7942573Z FFmpeg (playwright ffmpeg v1011) downloaded to ~/.cache/ms-playwright/ffmpeg-1011
2026-10-04T20:36:38.7946446Z Downloading Chrome Headless Shell 151.0.7922.34 (playwright chromium-headless-shell v1234) from https://cdn.playwright.dev/builds/cft/151.0.7922.34/linux64/chrome-headless-shell-linux64.zip
2026-10-04T20:36:39.7755557Z |                                                                                |   0% of 114.7 MiB
2026-10-04T20:36:39.8644831Z |■■■■■■■■                                                                        |  10% of 114.7 MiB
2026-10-04T20:36:39.9293287Z |■■■■■■■■■■■■■■■■                                                                |  20% of 114.7 MiB
2026-10-04T20:36:39.9901213Z |■■■■■■■■■■■■■■■■■■■■■■■■                                                        |  30% of 114.7 MiB
2026-10-04T20:36:40.0434700Z |■■■■■■■■■■■■■■■■■■■■■■■■■■■■■■■■                                                |  40% of 114.7 MiB
2026-10-04T20:36:40.0999002Z |■■■■■■■■■■■■■■■■■■■■■■■■■■■■■■■■■■■■■■■■                                        |  50% of 114.7 MiB
2026-10-04T20:36:40.1634588Z |■■■■■■■■■■■■■■■■■■■■■■■■■■■■■■■■■■■■■■■■■■■■■■■■                                |  60% of 114.7 MiB
2026-10-04T20:36:40.2006101Z |■■■■■■■■■■■■■■■■■■■■■■■■■■■■■■■■■■■■■■■■■■■■■■■■■■■■■■■■                        |  70% of 114.7 MiB
2026-10-04T20:36:40.2399398Z |■■■■■■■■■■■■■■■■■■■■■■■■■■■■■■■■■■■■■■■■■■■■■■■■■■■■■■■■■■■■■■■■                |  80% of 114.7 MiB
2026-10-04T20:36:40.3061929Z |■■■■■■■■■■■■■■■■■■■■■■■■■■■■■■■■■■■■■■■■■■■■■■■■■■■■■■■■■■■■■■■■■■■■■■■■        |  90% of 114.7 MiB
2026-10-04T20:36:40.3493178Z |■■■■■■■■■■■■■■■■■■■■■■■■■■■■■■■■■■■■■■■■■■■■■■■■■■■■■■■■■■■■■■■■■■■■■■■■■■■■■■■■| 100% of 114.7 MiB
2026-10-04T20:36:42.6541862Z Chrome Headless Shell 151.0.7922.34 (playwright chromium-headless-shell v1234) downloaded to ~/.cache/ms-playwright/chromium_headless_shell-1234
2026-10-04T20:36:42.6545196Z Downloading Firefox 153.0 (playwright firefox v1538) from https://cdn.playwright.dev/dbazure/download/playwright/builds/firefox/1538/firefox-ubuntu-24.04.zip
2026-10-04T20:36:43.6262037Z |                                                                                |   0% of 108.2 MiB
2026-10-04T20:36:43.6922431Z |■■■■■■■■                                                                        |  10% of 108.2 MiB
2026-10-04T20:36:43.7612176Z |■■■■■■■■■■■■■■■■                                                                |  20% of 108.2 MiB
2026-10-04T20:36:43.8216517Z |■■■■■■■■■■■■■■■■■■■■■■■■                                                        |  30% of 108.2 MiB
2026-10-04T20:36:43.8715214Z |■■■■■■■■■■■■■■■■■■■■■■■■■■■■■■■■                                                |  40% of 108.2 MiB
2026-10-04T20:36:43.9282313Z |■■■■■■■■■■■■■■■■■■■■■■■■■■■■■■■■■■■■■■■■                                        |  50% of 108.2 MiB
2026-10-04T20:36:43.9906378Z |■■■■■■■■■■■■■■■■■■■■■■■■■■■■■■■■■■■■■■■■■■■■■■■■                                |  60% of 108.2 MiB
2026-10-04T20:36:44.0217414Z |■■■■■■■■■■■■■■■■■■■■■■■■■■■■■■■■■■■■■■■■■■■■■■■■■■■■■■■■                        |  70% of 108.2 MiB
2026-10-04T20:36:44.0680453Z |■■■■■■■■■■■■■■■■■■■■■■■■■■■■■■■■■■■■■■■■■■■■■■■■■■■■■■■■■■■■■■■■                |  80% of 108.2 MiB
2026-10-04T20:36:44.1262306Z |■■■■■■■■■■■■■■■■■■■■■■■■■■■■■■■■■■■■■■■■■■■■■■■■■■■■■■■■■■■■■■■■■■■■■■■■        |  90% of 108.2 MiB
2026-10-04T20:36:44.1747314Z |■■■■■■■■■■■■■■■■■■■■■■■■■■■■■■■■■■■■■■■■■■■■■■■■■■■■■■■■■■■■■■■■■■■■■■■■■■■■■■■■| 100% of 108.2 MiB
2026-10-04T20:36:46.2644142Z Firefox 153.0 (playwright firefox v1538) downloaded to ~/.cache/ms-playwright/firefox-1538
2026-10-04T20:36:46.4626609Z ##[end-action id=__self_2.__run;outcome=success;conclusion=success;duration_ms=27259]
2026-10-04T20:36:46.4636428Z ##[start-action display=Test;id=__self_2.__run_2]
2026-10-04T20:36:46.4657111Z ##[group]Run mkdir -p test-results
2026-10-04T20:36:46.4657462Z mkdir -p test-results
2026-10-04T20:36:46.4657778Z xvfb-run --auto-servernum npm run test
2026-10-04T20:36:46.4722588Z shell: /usr/bin/bash --noprofile --norc -e -o pipefail {0}
2026-10-04T20:36:46.4723159Z env:
2026-10-04T20:36:46.4723370Z   TAP_REPORTER: junit
2026-10-04T20:36:46.4723641Z   TAP_REPORTER_FILE: test-results/junit.xml
2026-10-04T20:36:46.4723945Z ##[endgroup]
2026-10-04T20:36:46.9883812Z 
2026-10-04T20:36:46.9884460Z > @scratch/scratch-gui@15.0.1 test
2026-10-04T20:36:46.9885263Z > npm run test:lint && npm run test:unit && npm run test:integration && npm run test:playwright
2026-10-04T20:36:46.9885743Z 
2026-10-04T20:36:47.1343985Z 
2026-10-04T20:36:47.1344850Z > @scratch/scratch-gui@15.0.1 test:lint
2026-10-04T20:36:47.1345518Z > eslint
2026-10-04T20:36:47.1345757Z 
2026-10-04T20:37:20.0828896Z (node:4799) ESLintEnvWarning: /* eslint-env */ comments are no longer recognized when linting with flat config and will be reported as errors as of v10.0.0. Replace them with /* global */ comments or define globals in your config file. See https://eslint.org/docs/latest/use/configure/migration-guide#eslint-env-configuration-comments for details. Found in ~/work/scratch-editor/scratch-editor/packages/scratch-gui/test/unit/reducers/alerts-reducer.test.js at line 3.
2026-10-04T20:37:20.0831968Z (Use `node --trace-warnings ...` to show where the warning was created)
2026-10-04T20:37:20.1709159Z (node:4799) ESLintEnvWarning: /* eslint-env */ comments are no longer recognized when linting with flat config and will be reported as errors as of v10.0.0. Replace them with /* global */ comments or define globals in your config file. See https://eslint.org/docs/latest/use/configure/migration-guide#eslint-env-configuration-comments for details. Found in ~/work/scratch-editor/scratch-editor/packages/scratch-gui/test/unit/reducers/mode-reducer.test.js at line 1.
2026-10-04T20:37:20.2239683Z (node:4799) ESLintEnvWarning: /* eslint-env */ comments are no longer recognized when linting with flat config and will be reported as errors as of v10.0.0. Replace them with /* global */ comments or define globals in your config file. See https://eslint.org/docs/latest/use/configure/migration-guide#eslint-env-configuration-comments for details. Found in ~/work/scratch-editor/scratch-editor/packages/scratch-gui/test/unit/reducers/monitor-layout-reducer.test.js at line 1.
2026-10-04T20:37:20.3044559Z (node:4799) ESLintEnvWarning: /* eslint-env */ comments are no longer recognized when linting with flat config and will be reported as errors as of v10.0.0. Replace them with /* global */ comments or define globals in your config file. See https://eslint.org/docs/latest/use/configure/migration-guide#eslint-env-configuration-comments for details. Found in ~/work/scratch-editor/scratch-editor/packages/scratch-gui/test/unit/reducers/project-state-reducer.test.js at line 1.
2026-10-04T20:37:20.3144684Z (node:4799) ESLintEnvWarning: /* eslint-env */ comments are no longer recognized when linting with flat config and will be reported as errors as of v10.0.0. Replace them with /* global */ comments or define globals in your config file. See https://eslint.org/docs/latest/use/configure/migration-guide#eslint-env-configuration-comments for details. Found in ~/work/scratch-editor/scratch-editor/packages/scratch-gui/test/unit/reducers/workspace-metrics-reducer.test.js at line 1.
2026-10-04T20:37:21.2421355Z 
2026-10-04T20:37:21.2422856Z ~/work/scratch-editor/scratch-editor/packages/scratch-gui/src/components/action-menu/action-menu.jsx
2026-10-04T20:37:21.2455859Z ##[warning]   28:35  warning  Expected parentheses around arrow function argument  arrow-parens
2026-10-04T20:37:21.2457973Z ##[warning]   62:42  warning  Expected parentheses around arrow function argument  arrow-parens
2026-10-04T20:37:21.2459723Z ##[warning]   84:36  warning  Expected parentheses around arrow function argument  arrow-parens
2026-10-04T20:37:21.2461355Z ##[warning]   99:36  warning  Expected parentheses around arrow function argument  arrow-parens
2026-10-04T20:37:21.2463247Z ##[warning]  120:39  warning  Expected parentheses around arrow function argument  arrow-parens
2026-10-04T20:37:21.2464923Z ##[warning]  150:46  warning  Expected parentheses around arrow function argument  arrow-parens
2026-10-04T20:37:21.2466449Z ##[warning]  166:41  warning  Expected parentheses around arrow function argument  arrow-parens
2026-10-04T20:37:21.2467977Z ##[warning]  166:56  warning  Expected parentheses around arrow function argument  arrow-parens
2026-10-04T20:37:21.2469510Z ##[warning]  235:46  warning  Expected parentheses around arrow function argument  arrow-parens
2026-10-04T20:37:21.2470175Z 
2026-10-04T20:37:21.2470975Z ~/work/scratch-editor/scratch-editor/packages/scratch-gui/src/components/alerts/alerts.jsx
2026-10-04T20:37:21.2472918Z ##[warning]  42:5  warning  Prop type "object" is forbidden  react/forbid-prop-types
2026-10-04T20:37:21.2473500Z 
2026-10-04T20:37:21.2474007Z ~/work/scratch-editor/scratch-editor/packages/scratch-gui/src/components/asset-panel/asset-panel.jsx
2026-10-04T20:37:21.2475139Z ##[warning]  8:20  warning  Expected parentheses around arrow function argument  arrow-parens
2026-10-04T20:37:21.2475526Z 
2026-10-04T20:37:21.2475997Z ~/work/scratch-editor/scratch-editor/packages/scratch-gui/src/components/asset-panel/selector.jsx
2026-10-04T20:37:21.2477225Z ##[warning]  13:18  warning  Expected parentheses around arrow function argument  arrow-parens
2026-10-04T20:37:21.2477614Z 
2026-10-04T20:37:21.2478120Z ~/work/scratch-editor/scratch-editor/packages/scratch-gui/src/components/audio-trimmer/audio-selector.jsx
2026-10-04T20:37:21.2479183Z ##[warning]  9:23  warning  Expected parentheses around arrow function argument  arrow-parens
2026-10-04T20:37:21.2479543Z 
2026-10-04T20:37:21.2480034Z ~/work/scratch-editor/scratch-editor/packages/scratch-gui/src/components/audio-trimmer/audio-trimmer.jsx
2026-10-04T20:37:21.2481012Z ##[warning]  9:22  warning  Expected parentheses around arrow function argument  arrow-parens
2026-10-04T20:37:21.2481382Z 
2026-10-04T20:37:21.2482592Z ~/work/scratch-editor/scratch-editor/packages/scratch-gui/src/components/audio-trimmer/playhead.jsx
2026-10-04T20:37:21.2484294Z ##[warning]  6:18  warning  Expected parentheses around arrow function argument  arrow-parens
2026-10-04T20:37:21.2484770Z 
2026-10-04T20:37:21.2485325Z ~/work/scratch-editor/scratch-editor/packages/scratch-gui/src/components/audio-trimmer/selection-handle.jsx
2026-10-04T20:37:21.2486350Z ##[warning]  8:25  warning  Expected parentheses around arrow function argument  arrow-parens
2026-10-04T20:37:21.2486728Z 
2026-10-04T20:37:21.2487185Z ~/work/scratch-editor/scratch-editor/packages/scratch-gui/src/components/backpack/backpack.jsx
2026-10-04T20:37:21.2488236Z ##[warning]  119:51  warning  Expected parentheses around arrow function argument  arrow-parens
2026-10-04T20:37:21.2488612Z 
2026-10-04T20:37:21.2489034Z ~/work/scratch-editor/scratch-editor/packages/scratch-gui/src/components/blocks/blocks.jsx
2026-10-04T20:37:21.2490046Z ##[warning]  7:25  warning  Expected parentheses around arrow function argument  arrow-parens
2026-10-04T20:37:21.2490626Z 
2026-10-04T20:37:21.2491017Z ~/work/scratch-editor/scratch-editor/packages/scratch-gui/src/components/box/box.jsx
2026-10-04T20:37:21.2492319Z ##[warning]  31:13  warning  Expected parentheses around arrow function argument  arrow-parens
2026-10-04T20:37:21.2492704Z 
2026-10-04T20:37:21.2493206Z ~/work/scratch-editor/scratch-editor/packages/scratch-gui/src/components/browser-modal/browser-modal.jsx
2026-10-04T20:37:21.2494526Z ##[warning]  23:22  warning  Expected parentheses around arrow function argument                                              arrow-parens
2026-10-04T20:37:21.2495553Z   56:27  warning  Unused eslint-enable directive (no matching eslint-disable directives were found for 'max-len')
2026-10-04T20:37:21.2496885Z ##[warning]  85:36  warning  Expected parentheses around arrow function argument                                              arrow-parens
2026-10-04T20:37:21.2497381Z 
2026-10-04T20:37:21.2497804Z ~/work/scratch-editor/scratch-editor/packages/scratch-gui/src/components/cards/cards.jsx
2026-10-04T20:37:21.2498794Z ##[warning]  162:22  warning  Expected parentheses around arrow function argument  arrow-parens
2026-10-04T20:37:21.2499663Z ##[warning]  199:40  warning  Expected parentheses around arrow function argument  arrow-parens
2026-10-04T20:37:21.2500505Z ##[warning]  311:38  warning  Expected parentheses around arrow function argument  arrow-parens
2026-10-04T20:37:21.2501359Z ##[warning]  370:22  warning  Expected parentheses around arrow function argument  arrow-parens
2026-10-04T20:37:21.2502702Z ##[warning]  413:15  warning  Expected parentheses around arrow function argument  arrow-parens
2026-10-04T20:37:21.2503578Z ##[warning]  439:31  warning  Expected parentheses around arrow function argument  arrow-parens
2026-10-04T20:37:21.2503941Z 
2026-10-04T20:37:21.2504439Z ~/work/scratch-editor/scratch-editor/packages/scratch-gui/src/components/close-button/close-button.jsx
2026-10-04T20:37:21.2505516Z ##[warning]  12:21  warning  Expected parentheses around arrow function argument  arrow-parens
2026-10-04T20:37:21.2505884Z 
2026-10-04T20:37:21.2506366Z ~/work/scratch-editor/scratch-editor/packages/scratch-gui/src/components/coming-soon/coming-soon.jsx
2026-10-04T20:37:21.2507592Z ##[warning]  106:27  warning  Expected parentheses around arrow function argument  arrow-parens
2026-10-04T20:37:21.2507977Z 
2026-10-04T20:37:21.2508524Z ~/work/scratch-editor/scratch-editor/packages/scratch-gui/src/components/connection-modal/auto-scanning-step.jsx
2026-10-04T20:37:21.2509622Z ##[warning]  39:26  warning  Expected parentheses around arrow function argument  arrow-parens
2026-10-04T20:37:21.2510000Z 
2026-10-04T20:37:21.2510512Z ~/work/scratch-editor/scratch-editor/packages/scratch-gui/src/components/connection-modal/connected-step.jsx
2026-10-04T20:37:21.2511741Z ##[warning]  11:23  warning  Expected parentheses around arrow function argument  arrow-parens
2026-10-04T20:37:21.2512138Z 
2026-10-04T20:37:21.2512669Z ~/work/scratch-editor/scratch-editor/packages/scratch-gui/src/components/connection-modal/connecting-step.jsx
2026-10-04T20:37:21.2513676Z ##[warning]  14:24  warning  Expected parentheses around arrow function argument  arrow-parens
2026-10-04T20:37:21.2514047Z 
2026-10-04T20:37:21.2514582Z ~/work/scratch-editor/scratch-editor/packages/scratch-gui/src/components/connection-modal/connection-modal.jsx
2026-10-04T20:37:21.2515588Z ##[warning]  27:34  warning  Expected parentheses around arrow function argument  arrow-parens
2026-10-04T20:37:21.2515953Z 
2026-10-04T20:37:21.2516420Z ~/work/scratch-editor/scratch-editor/packages/scratch-gui/src/components/connection-modal/dots.jsx
2026-10-04T20:37:21.2517381Z ##[warning]   8:14  warning  Expected parentheses around arrow function argument  arrow-parens
2026-10-04T20:37:21.2518328Z ##[warning]  30:30  warning  'Dot' was used before it was defined                 @typescript-eslint/no-use-before-define
2026-10-04T20:37:21.2519405Z ##[warning]  47:13  warning  Expected parentheses around arrow function argument  arrow-parens
2026-10-04T20:37:21.2519769Z 
2026-10-04T20:37:21.2520271Z ~/work/scratch-editor/scratch-editor/packages/scratch-gui/src/components/connection-modal/error-step.jsx
2026-10-04T20:37:21.2521236Z ##[warning]  13:19  warning  Expected parentheses around arrow function argument  arrow-parens
2026-10-04T20:37:21.2521852Z 
2026-10-04T20:37:21.2522366Z ~/work/scratch-editor/scratch-editor/packages/scratch-gui/src/components/connection-modal/scanning-step.jsx
2026-10-04T20:37:21.2523358Z ##[warning]  18:22  warning  Expected parentheses around arrow function argument  arrow-parens
2026-10-04T20:37:21.2524187Z ##[warning]  39:51  warning  Expected parentheses around arrow function argument  arrow-parens
2026-10-04T20:37:21.2524542Z 
2026-10-04T20:37:21.2525069Z ~/work/scratch-editor/scratch-editor/packages/scratch-gui/src/components/connection-modal/unavailable-step.jsx
2026-10-04T20:37:21.2526053Z ##[warning]  15:25  warning  Expected parentheses around arrow function argument  arrow-parens
2026-10-04T20:37:21.2526413Z 
2026-10-04T20:37:21.2526972Z ~/work/scratch-editor/scratch-editor/packages/scratch-gui/src/components/connection-modal/update-peripheral-step.jsx
2026-10-04T20:37:21.2528012Z ##[warning]   19:1   warning  Invalid JSDoc tag name "enum{string}"                jsdoc/check-tag-names
2026-10-04T20:37:21.2528909Z ##[warning]   44:1   warning  Prefer a more specific type to `any`                 jsdoc/reject-any-type
2026-10-04T20:37:21.2529818Z ##[warning]   57:65  warning  Expected parentheses around arrow function argument  arrow-parens
2026-10-04T20:37:21.2530670Z ##[warning]  152:24  warning  Expected parentheses around arrow function argument  arrow-parens
2026-10-04T20:37:21.2531040Z 
2026-10-04T20:37:21.2531824Z ~/work/scratch-editor/scratch-editor/packages/scratch-gui/src/components/crash-message/crash-message.jsx
2026-10-04T20:37:21.2532952Z ##[warning]  9:22  warning  Expected parentheses around arrow function argument  arrow-parens
2026-10-04T20:37:21.2533317Z 
2026-10-04T20:37:21.2533994Z ~/work/scratch-editor/scratch-editor/packages/scratch-gui/src/components/custom-procedures/custom-procedures.jsx
2026-10-04T20:37:21.2535105Z ##[warning]  21:26  warning  Expected parentheses around arrow function argument  arrow-parens
2026-10-04T20:37:21.2535476Z 
2026-10-04T20:37:21.2535955Z ~/work/scratch-editor/scratch-editor/packages/scratch-gui/src/components/debug-modal/debug-modal.jsx
2026-10-04T20:37:21.2536990Z ##[warning]  35:24  warning  Expected parentheses around arrow function argument  arrow-parens
2026-10-04T20:37:21.2537838Z ##[warning]  47:26  warning  Expected parentheses around arrow function argument  arrow-parens
2026-10-04T20:37:21.2538668Z ##[warning]  66:43  warning  Expected parentheses around arrow function argument  arrow-parens
2026-10-04T20:37:21.2539498Z ##[warning]  78:45  warning  Expected parentheses around arrow function argument  arrow-parens
2026-10-04T20:37:21.2540320Z ##[warning]  82:35  warning  Expected parentheses around arrow function argument  arrow-parens
2026-10-04T20:37:21.2540683Z 
2026-10-04T20:37:21.2541188Z ~/work/scratch-editor/scratch-editor/packages/scratch-gui/src/components/delete-button/delete-button.jsx
2026-10-04T20:37:21.2542527Z ##[warning]  8:22  warning  Expected parentheses around arrow function argument  arrow-parens
2026-10-04T20:37:21.2542894Z 
2026-10-04T20:37:21.2543538Z ~/work/scratch-editor/scratch-editor/packages/scratch-gui/src/components/delete-confirmation-prompt/delete-confirmation-prompt.jsx
2026-10-04T20:37:21.2544704Z ##[warning]   32:20  warning  Expected parentheses around arrow function argument  arrow-parens
2026-10-04T20:37:21.2545598Z ##[warning]  101:5   warning  Prop type "object" is forbidden                      react/forbid-prop-types
2026-10-04T20:37:21.2546146Z 
2026-10-04T20:37:21.2546684Z ~/work/scratch-editor/scratch-editor/packages/scratch-gui/src/components/direction-picker/direction-picker.jsx
2026-10-04T20:37:21.2547768Z ##[warning]  52:25  warning  Expected parentheses around arrow function argument  arrow-parens
2026-10-04T20:37:21.2548623Z ##[warning]  62:31  warning  Expected parentheses around arrow function argument  arrow-parens
2026-10-04T20:37:21.2548988Z 
2026-10-04T20:37:21.2549510Z ~/work/scratch-editor/scratch-editor/packages/scratch-gui/src/components/extension-button/extension-button.jsx
2026-10-04T20:37:21.2550554Z ##[warning]  20:25  warning  Expected parentheses around arrow function argument  arrow-parens
2026-10-04T20:37:21.2550920Z 
2026-10-04T20:37:21.2551345Z ~/work/scratch-editor/scratch-editor/packages/scratch-gui/src/components/filter/filter.jsx
2026-10-04T20:37:21.2552745Z ##[warning]  16:25  warning  Expected parentheses around arrow function argument  arrow-parens
2026-10-04T20:37:21.2553610Z ##[warning]  28:37  warning  Expected parentheses around arrow function argument  arrow-parens
2026-10-04T20:37:21.2553974Z 
2026-10-04T20:37:21.2554389Z ~/work/scratch-editor/scratch-editor/packages/scratch-gui/src/components/forms/input.jsx
2026-10-04T20:37:21.2555372Z ##[warning]  7:15  warning  Expected parentheses around arrow function argument  arrow-parens
2026-10-04T20:37:21.2555737Z 
2026-10-04T20:37:21.2556207Z ~/work/scratch-editor/scratch-editor/packages/scratch-gui/src/components/green-flag/green-flag.jsx
2026-10-04T20:37:21.2557205Z ##[warning]  29:39  warning  Expected parentheses around arrow function argument  arrow-parens
2026-10-04T20:37:21.2557564Z 
2026-10-04T20:37:21.2557956Z ~/work/scratch-editor/scratch-editor/packages/scratch-gui/src/components/gui/gui.jsx
2026-10-04T20:37:21.2558902Z ##[warning]  116:22  warning  Expected parentheses around arrow function argument  arrow-parens
2026-10-04T20:37:21.2559740Z ##[warning]  257:61  warning  Expected parentheses around arrow function argument  arrow-parens
2026-10-04T20:37:21.2560585Z ##[warning]  748:25  warning  Expected parentheses around arrow function argument  arrow-parens
2026-10-04T20:37:21.2561416Z ##[warning]  757:28  warning  Expected parentheses around arrow function argument  arrow-parens
2026-10-04T20:37:21.2562706Z ##[warning]  758:18  warning  Expected parentheses around arrow function argument  arrow-parens
2026-10-04T20:37:21.2563573Z ##[warning]  759:15  warning  Expected parentheses around arrow function argument  arrow-parens
2026-10-04T20:37:21.2563980Z 
2026-10-04T20:37:21.2564520Z ~/work/scratch-editor/scratch-editor/packages/scratch-gui/src/components/language-selector/language-selector.jsx
2026-10-04T20:37:21.2565598Z ##[warning]  19:25  warning  Expected parentheses around arrow function argument  arrow-parens
2026-10-04T20:37:21.2566436Z ##[warning]  20:22  warning  Expected parentheses around arrow function argument  arrow-parens
2026-10-04T20:37:21.2566802Z 
2026-10-04T20:37:21.2567242Z ~/work/scratch-editor/scratch-editor/packages/scratch-gui/src/components/library/library.jsx
2026-10-04T20:37:21.2568556Z ##[warning]   67:1   warning  JSDoc @returns declaration present but return expression not available in function  jsdoc/require-returns-check
2026-10-04T20:37:21.2569751Z ##[warning]   70:1   warning  The type 'AssetType' is undefined                                                   jsdoc/no-undefined-types
2026-10-04T20:37:21.2570960Z ##[warning]   86:1   warning  JSDoc @returns declaration present but return expression not available in function  jsdoc/require-returns-check
2026-10-04T20:37:21.2572517Z ##[warning]  125:27  warning  Expected parentheses around arrow function argument                                 arrow-parens
2026-10-04T20:37:21.2573670Z ##[warning]  125:54  warning  Expected parentheses around arrow function argument                                 arrow-parens
2026-10-04T20:37:21.2574804Z ##[warning]  172:58  warning  Expected parentheses around arrow function argument                                 arrow-parens
2026-10-04T20:37:21.2576110Z ##[warning]  189:23  warning  Expected parentheses around arrow function argument                                 arrow-parens
2026-10-04T20:37:21.2577254Z ##[warning]  201:23  warning  Expected parentheses around arrow function argument                                 arrow-parens
2026-10-04T20:37:21.2578404Z ##[warning]  210:23  warning  Expected parentheses around arrow function argument                                 arrow-parens
2026-10-04T20:37:21.2579534Z ##[warning]  231:23  warning  Expected parentheses around arrow function argument                                 arrow-parens
2026-10-04T20:37:21.2580670Z ##[warning]  245:43  warning  Expected parentheses around arrow function argument                                 arrow-parens
2026-10-04T20:37:21.2582047Z ##[warning]  259:39  warning  Expected parentheses around arrow function argument                                 arrow-parens
2026-10-04T20:37:21.2583224Z ##[warning]  302:29  warning  Expected parentheses around arrow function argument                                 arrow-parens
2026-10-04T20:37:21.2584357Z ##[warning]  329:37  warning  Expected parentheses around arrow function argument                                 arrow-parens
2026-10-04T20:37:21.2584813Z 
2026-10-04T20:37:21.2585410Z ~/work/scratch-editor/scratch-editor/packages/scratch-gui/src/components/mcremote-block-picker/mcremote-block-picker.jsx
2026-10-04T20:37:21.2586540Z ##[warning]   71:37  warning  Expected parentheses around arrow function argument  arrow-parens
2026-10-04T20:37:21.2587407Z ##[warning]   87:50  warning  Expected parentheses around arrow function argument  arrow-parens
2026-10-04T20:37:21.2588250Z ##[warning]   96:48  warning  Expected parentheses around arrow function argument  arrow-parens
2026-10-04T20:37:21.2589082Z ##[warning]  111:44  warning  Expected parentheses around arrow function argument  arrow-parens
2026-10-04T20:37:21.2589924Z ##[warning]  112:42  warning  Expected parentheses around arrow function argument  arrow-parens
2026-10-04T20:37:21.2590755Z ##[warning]  115:43  warning  Expected parentheses around arrow function argument  arrow-parens
2026-10-04T20:37:21.2592043Z ##[warning]  238:50  warning  Expected parentheses around arrow function argument  arrow-parens
2026-10-04T20:37:21.2593145Z ##[warning]  298:34  warning  Expected parentheses around arrow function argument  arrow-parens
2026-10-04T20:37:21.2594013Z ##[warning]  302:52  warning  Expected parentheses around arrow function argument  arrow-parens
2026-10-04T20:37:21.2594380Z 
2026-10-04T20:37:21.2594849Z ~/work/scratch-editor/scratch-editor/packages/scratch-gui/src/components/menu-bar/about-menu.jsx
2026-10-04T20:37:21.2595883Z ##[warning]   22:21  warning  Expected parentheses around arrow function argument  arrow-parens
2026-10-04T20:37:21.2596739Z ##[warning]   71:9   warning  Expected parentheses around arrow function argument  arrow-parens
2026-10-04T20:37:21.2597606Z ##[warning]  100:33  warning  Expected parentheses around arrow function argument  arrow-parens
2026-10-04T20:37:21.2598458Z ##[warning]  130:25  warning  Expected parentheses around arrow function argument  arrow-parens
2026-10-04T20:37:21.2598822Z 
2026-10-04T20:37:21.2599310Z ~/work/scratch-editor/scratch-editor/packages/scratch-gui/src/components/menu-bar/account-menu.jsx
2026-10-04T20:37:21.2600266Z ##[warning]  198:25  warning  Expected parentheses around arrow function argument  arrow-parens
2026-10-04T20:37:21.2600633Z 
2026-10-04T20:37:21.2601099Z ~/work/scratch-editor/scratch-editor/packages/scratch-gui/src/components/menu-bar/author-info.jsx
2026-10-04T20:37:21.2602445Z ##[warning]  20:5   warning  'userId' is defined but never used                   @typescript-eslint/no-unused-vars
2026-10-04T20:37:21.2603354Z ##[warning]  56:35  warning  Expected parentheses around arrow function argument  arrow-parens
2026-10-04T20:37:21.2603884Z 
2026-10-04T20:37:21.2604347Z ~/work/scratch-editor/scratch-editor/packages/scratch-gui/src/components/menu-bar/edit-menu.jsx
2026-10-04T20:37:21.2605307Z ##[warning]  114:25  warning  Expected parentheses around arrow function argument  arrow-parens
2026-10-04T20:37:21.2605679Z 
2026-10-04T20:37:21.2606134Z ~/work/scratch-editor/scratch-editor/packages/scratch-gui/src/components/menu-bar/file-menu.jsx
2026-10-04T20:37:21.2607067Z ##[warning]   64:14  warning  Expected parentheses around arrow function argument  arrow-parens
2026-10-04T20:37:21.2607901Z ##[warning]   65:37  warning  Expected parentheses around arrow function argument  arrow-parens
2026-10-04T20:37:21.2608747Z ##[warning]  111:45  warning  Expected parentheses around arrow function argument  arrow-parens
2026-10-04T20:37:21.2609599Z ##[warning]  173:56  warning  Expected parentheses around arrow function argument  arrow-parens
2026-10-04T20:37:21.2610447Z ##[warning]  176:55  warning  Expected parentheses around arrow function argument  arrow-parens
2026-10-04T20:37:21.2611301Z ##[warning]  181:55  warning  Expected parentheses around arrow function argument  arrow-parens
2026-10-04T20:37:21.2612452Z ##[warning]  184:54  warning  Expected parentheses around arrow function argument  arrow-parens
2026-10-04T20:37:21.2613308Z ##[warning]  290:81  warning  Expected parentheses around arrow function argument  arrow-parens
2026-10-04T20:37:21.2614148Z ##[warning]  332:79  warning  Expected parentheses around arrow function argument  arrow-parens
2026-10-04T20:37:21.2614981Z ##[warning]  396:25  warning  Expected parentheses around arrow function argument  arrow-parens
2026-10-04T20:37:21.2615823Z ##[warning]  402:28  warning  Expected parentheses around arrow function argument  arrow-parens
2026-10-04T20:37:21.2616663Z ##[warning]  404:28  warning  Expected parentheses around arrow function argument  arrow-parens
2026-10-04T20:37:21.2617494Z ##[warning]  405:27  warning  Expected parentheses around arrow function argument  arrow-parens
2026-10-04T20:37:21.2618338Z ##[warning]  406:27  warning  Expected parentheses around arrow function argument  arrow-parens
2026-10-04T20:37:21.2619177Z ##[warning]  407:26  warning  Expected parentheses around arrow function argument  arrow-parens
2026-10-04T20:37:21.2619535Z 
2026-10-04T20:37:21.2620150Z ~/work/scratch-editor/scratch-editor/packages/scratch-gui/src/components/menu-bar/language-menu.jsx
2026-10-04T20:37:21.2621117Z ##[warning]   47:32  warning  Expected parentheses around arrow function argument  arrow-parens
2026-10-04T20:37:21.2622238Z ##[warning]   94:30  warning  Expected parentheses around arrow function argument  arrow-parens
2026-10-04T20:37:21.2623084Z ##[warning]  129:25  warning  Expected parentheses around arrow function argument  arrow-parens
2026-10-04T20:37:21.2623924Z ##[warning]  135:28  warning  Expected parentheses around arrow function argument  arrow-parens
2026-10-04T20:37:21.2624757Z ##[warning]  136:23  warning  Expected parentheses around arrow function argument  arrow-parens
2026-10-04T20:37:21.2625127Z 
2026-10-04T20:37:21.2625610Z ~/work/scratch-editor/scratch-editor/packages/scratch-gui/src/components/menu-bar/login-dropdown.jsx
2026-10-04T20:37:21.2627004Z ##[warning]  18:7  warning  'LoginDropdownMessages' is assigned a value but never used. Allowed unused vars must match /^_/u  @typescript-eslint/no-unused-vars
2026-10-04T20:37:21.2627595Z 
2026-10-04T20:37:21.2628041Z ~/work/scratch-editor/scratch-editor/packages/scratch-gui/src/components/menu-bar/menu-bar.jsx
2026-10-04T20:37:21.2628975Z ##[warning]  104:24  warning  Expected parentheses around arrow function argument  arrow-parens
2026-10-04T20:37:21.2629826Z ##[warning]  416:41  warning  Expected parentheses around arrow function argument  arrow-parens
2026-10-04T20:37:21.2630659Z ##[warning]  444:41  warning  Expected parentheses around arrow function argument  arrow-parens
2026-10-04T20:37:21.2631759Z ##[warning]  783:17  warning  Expected parentheses around arrow function argument  arrow-parens
2026-10-04T20:37:21.2632838Z ##[warning]  789:26  warning  Expected parentheses around arrow function argument  arrow-parens
2026-10-04T20:37:21.2633213Z 
2026-10-04T20:37:21.2633675Z ~/work/scratch-editor/scratch-editor/packages/scratch-gui/src/components/menu-bar/mode-menu.jsx
2026-10-04T20:37:21.2634621Z ##[warning]  113:25  warning  Expected parentheses around arrow function argument  arrow-parens
2026-10-04T20:37:21.2634989Z 
2026-10-04T20:37:21.2635480Z ~/work/scratch-editor/scratch-editor/packages/scratch-gui/src/components/menu-bar/preference-menu.jsx
2026-10-04T20:37:21.2636430Z ##[warning]   21:24  warning  Expected parentheses around arrow function argument  arrow-parens
2026-10-04T20:37:21.2637276Z ##[warning]  108:31  warning  Expected parentheses around arrow function argument  arrow-parens
2026-10-04T20:37:21.2638120Z ##[warning]  137:25  warning  Expected parentheses around arrow function argument  arrow-parens
2026-10-04T20:37:21.2638481Z 
2026-10-04T20:37:21.2638982Z ~/work/scratch-editor/scratch-editor/packages/scratch-gui/src/components/menu-bar/project-title-input.jsx
2026-10-04T20:37:21.2639947Z ##[warning]  47:25  warning  Expected parentheses around arrow function argument  arrow-parens
2026-10-04T20:37:21.2640785Z ##[warning]  51:28  warning  Expected parentheses around arrow function argument  arrow-parens
2026-10-04T20:37:21.2641871Z ##[warning]  52:15  warning  Expected parentheses around arrow function argument  arrow-parens
2026-10-04T20:37:21.2642248Z 
2026-10-04T20:37:21.2642717Z ~/work/scratch-editor/scratch-editor/packages/scratch-gui/src/components/menu-bar/save-status.jsx
2026-10-04T20:37:21.2643724Z ##[warning]  48:5   warning  Prop type "object" is forbidden                      react/forbid-prop-types
2026-10-04T20:37:21.2644593Z ##[warning]  53:25  warning  Expected parentheses around arrow function argument  arrow-parens
2026-10-04T20:37:21.2645435Z ##[warning]  58:28  warning  Expected parentheses around arrow function argument  arrow-parens
2026-10-04T20:37:21.2645805Z 
2026-10-04T20:37:21.2646272Z ~/work/scratch-editor/scratch-editor/packages/scratch-gui/src/components/menu-bar/settings-menu.jsx
2026-10-04T20:37:21.2647219Z ##[warning]  152:25  warning  Expected parentheses around arrow function argument  arrow-parens
2026-10-04T20:37:21.2648208Z ##[warning]  158:28  warning  Expected parentheses around arrow function argument  arrow-parens
2026-10-04T20:37:21.2649070Z ##[warning]  159:24  warning  Expected parentheses around arrow function argument  arrow-parens
2026-10-04T20:37:21.2649910Z ##[warning]  163:20  warning  Expected parentheses around arrow function argument  arrow-parens
2026-10-04T20:37:21.2650271Z 
2026-10-04T20:37:21.2650687Z ~/work/scratch-editor/scratch-editor/packages/scratch-gui/src/components/meter/meter.jsx
2026-10-04T20:37:21.2651977Z ##[warning]  5:15  warning  Expected parentheses around arrow function argument  arrow-parens
2026-10-04T20:37:21.2652371Z 
2026-10-04T20:37:21.2652877Z ~/work/scratch-editor/scratch-editor/packages/scratch-gui/src/components/mic-indicator/mic-indicator.jsx
2026-10-04T20:37:21.2653973Z ##[warning]  7:31  warning  Expected parentheses around arrow function argument  arrow-parens
2026-10-04T20:37:21.2654334Z 
2026-10-04T20:37:21.2654867Z ~/work/scratch-editor/scratch-editor/packages/scratch-gui/src/components/modal-with-arrow/modal-with-arrow.jsx
2026-10-04T20:37:21.2655930Z ##[warning]  85:38  warning  Expected parentheses around arrow function argument  arrow-parens
2026-10-04T20:37:21.2656295Z 
2026-10-04T20:37:21.2656713Z ~/work/scratch-editor/scratch-editor/packages/scratch-gui/src/components/modal/modal.jsx
2026-10-04T20:37:21.2657672Z ##[warning]  16:24  warning  Expected parentheses around arrow function argument  arrow-parens
2026-10-04T20:37:21.2658037Z 
2026-10-04T20:37:21.2658521Z ~/work/scratch-editor/scratch-editor/packages/scratch-gui/src/components/monitor-list/monitor-list.jsx
2026-10-04T20:37:21.2659748Z ##[warning]  11:21  warning  Expected parentheses around arrow function argument  arrow-parens
2026-10-04T20:37:21.2660586Z ##[warning]  24:47  warning  Expected parentheses around arrow function argument  arrow-parens
2026-10-04T20:37:21.2661653Z ##[warning]  25:22  warning  Expected parentheses around arrow function argument  arrow-parens
2026-10-04T20:37:21.2662064Z 
2026-10-04T20:37:21.2662580Z ~/work/scratch-editor/scratch-editor/packages/scratch-gui/src/components/monitor/list-monitor-scroller.jsx
2026-10-04T20:37:21.2663629Z ##[warning]  43:21  warning  Unknown property 'dataIndex' found  react/no-unknown-property
2026-10-04T20:37:21.2664015Z 
2026-10-04T20:37:21.2664459Z ~/work/scratch-editor/scratch-editor/packages/scratch-gui/src/components/monitor/monitor.jsx
2026-10-04T20:37:21.2665389Z ##[warning]  47:26  warning  Expected parentheses around arrow function argument  arrow-parens
2026-10-04T20:37:21.2665749Z 
2026-10-04T20:37:21.2666250Z ~/work/scratch-editor/scratch-editor/packages/scratch-gui/src/components/nineties-mode/nineties-mode.jsx
2026-10-04T20:37:21.2667264Z ##[warning]   7:22  warning  Expected parentheses around arrow function argument  arrow-parens
2026-10-04T20:37:21.2668103Z ##[warning]  16:25  warning  Expected parentheses around arrow function argument  arrow-parens
2026-10-04T20:37:21.2668468Z 
2026-10-04T20:37:21.2668967Z ~/work/scratch-editor/scratch-editor/packages/scratch-gui/src/components/notice-overlay/notice-overlay.jsx
2026-10-04T20:37:21.2669982Z ##[warning]  15:27  warning  Expected parentheses around arrow function argument  arrow-parens
2026-10-04T20:37:21.2670342Z 
2026-10-04T20:37:21.2670830Z ~/work/scratch-editor/scratch-editor/packages/scratch-gui/src/components/oldtimey-mode/oldtimey-mode.jsx
2026-10-04T20:37:21.2672161Z ##[warning]   8:22  warning  Expected parentheses around arrow function argument  arrow-parens
2026-10-04T20:37:21.2673053Z ##[warning]  14:22  warning  Expected parentheses around arrow function argument  arrow-parens
2026-10-04T20:37:21.2673912Z ##[warning]  28:25  warning  Expected parentheses around arrow function argument  arrow-parens
2026-10-04T20:37:21.2674278Z 
2026-10-04T20:37:21.2674812Z ~/work/scratch-editor/scratch-editor/packages/scratch-gui/src/components/prehistoric-mode/prehistoric-mode.jsx
2026-10-04T20:37:21.2675999Z ##[warning]  61:25  warning  Expected parentheses around arrow function argument  arrow-parens
2026-10-04T20:37:21.2676382Z 
2026-10-04T20:37:21.2676825Z ~/work/scratch-editor/scratch-editor/packages/scratch-gui/src/components/prompt/prompt.jsx
2026-10-04T20:37:21.2677821Z ##[warning]  42:25  warning  Expected parentheses around arrow function argument  arrow-parens
2026-10-04T20:37:21.2678181Z 
2026-10-04T20:37:21.2678633Z ~/work/scratch-editor/scratch-editor/packages/scratch-gui/src/components/question/question.jsx
2026-10-04T20:37:21.2679608Z ##[warning]  7:27  warning  Expected parentheses around arrow function argument  arrow-parens
2026-10-04T20:37:21.2679991Z 
2026-10-04T20:37:21.2680482Z ~/work/scratch-editor/scratch-editor/packages/scratch-gui/src/components/record-modal/playback-step.jsx
2026-10-04T20:37:21.2681762Z ##[warning]  42:22  warning  Expected parentheses around arrow function argument  arrow-parens
2026-10-04T20:37:21.2682150Z 
2026-10-04T20:37:21.2682642Z ~/work/scratch-editor/scratch-editor/packages/scratch-gui/src/components/record-modal/record-modal.jsx
2026-10-04T20:37:21.2683620Z ##[warning]  18:21  warning  Expected parentheses around arrow function argument  arrow-parens
2026-10-04T20:37:21.2683988Z 
2026-10-04T20:37:21.2684471Z ~/work/scratch-editor/scratch-editor/packages/scratch-gui/src/components/record-modal/recording-step.jsx
2026-10-04T20:37:21.2685430Z ##[warning]  34:23  warning  Expected parentheses around arrow function argument  arrow-parens
2026-10-04T20:37:21.2685789Z 
2026-10-04T20:37:21.2686270Z ~/work/scratch-editor/scratch-editor/packages/scratch-gui/src/components/scratch-image/scratch-image.jsx
2026-10-04T20:37:21.2688363Z ##[warning]  42:23  warning  Expected parentheses around arrow function argument                                                                                                                                                                                                                                                          arrow-parens
2026-10-04T20:37:21.2691909Z ##[warning]  61:5   warning  componentWillReceiveProps is deprecated since React 16.9.0, use UNSAFE_componentWillReceiveProps instead, see https://reactjs.org/docs/react-component.html#unsafe_componentwillreceiveprops. Use https://github.com/reactjs/react-codemod#rename-unsafe-lifecycles to automatically update your components  react/no-deprecated
2026-10-04T20:37:21.2693231Z 
2026-10-04T20:37:21.2693732Z ~/work/scratch-editor/scratch-editor/packages/scratch-gui/src/components/slider-prompt/slider-prompt.jsx
2026-10-04T20:37:21.2694816Z ##[warning]  29:31  warning  Expected parentheses around arrow function argument  arrow-parens
2026-10-04T20:37:21.2695186Z 
2026-10-04T20:37:21.2695670Z ~/work/scratch-editor/scratch-editor/packages/scratch-gui/src/components/sound-editor/sound-editor.jsx
2026-10-04T20:37:21.2696812Z ##[warning]  140:21  warning  Expected parentheses around arrow function argument  arrow-parens
2026-10-04T20:37:21.2697252Z 
2026-10-04T20:37:21.2698058Z ~/work/scratch-editor/scratch-editor/packages/scratch-gui/src/components/sprite-selector-item/sprite-selector-item.jsx
2026-10-04T20:37:21.2699358Z ##[warning]  12:28  warning  Expected parentheses around arrow function argument  arrow-parens
2026-10-04T20:37:21.2719901Z ##[warning]  25:39  warning  Expected parentheses around arrow function argument  arrow-parens
2026-10-04T20:37:21.2720558Z 
2026-10-04T20:37:21.2721730Z ~/work/scratch-editor/scratch-editor/packages/scratch-gui/src/components/sprite-selector/sprite-selector.jsx
2026-10-04T20:37:21.2723051Z ##[warning]  107:49  warning  Expected parentheses around arrow function argument  arrow-parens
2026-10-04T20:37:21.2723442Z 
2026-10-04T20:37:21.2723952Z ~/work/scratch-editor/scratch-editor/packages/scratch-gui/src/components/stage-header/stage-header.jsx
2026-10-04T20:37:21.2725246Z ##[warning]  154:39  warning  Expected parentheses around arrow function argument  arrow-parens
2026-10-04T20:37:21.2726170Z ##[warning]  301:44  warning  Expected parentheses around arrow function argument  arrow-parens
2026-10-04T20:37:21.2726545Z 
2026-10-04T20:37:21.2727067Z ~/work/scratch-editor/scratch-editor/packages/scratch-gui/src/components/stage-selector/stage-selector.jsx
2026-10-04T20:37:21.2728133Z ##[warning]  40:23  warning  Expected parentheses around arrow function argument  arrow-parens
2026-10-04T20:37:21.2728508Z 
2026-10-04T20:37:21.2728929Z ~/work/scratch-editor/scratch-editor/packages/scratch-gui/src/components/stage/stage.jsx
2026-10-04T20:37:21.2729913Z ##[warning]  17:24  warning  Expected parentheses around arrow function argument  arrow-parens
2026-10-04T20:37:21.2730274Z 
2026-10-04T20:37:21.2730741Z ~/work/scratch-editor/scratch-editor/packages/scratch-gui/src/components/tag-button/tag-button.jsx
2026-10-04T20:37:21.2732020Z ##[warning]  14:5  warning  'tag' is defined but never used  @typescript-eslint/no-unused-vars
2026-10-04T20:37:21.2732400Z 
2026-10-04T20:37:21.2732923Z ~/work/scratch-editor/scratch-editor/packages/scratch-gui/src/components/telemetry-modal/telemetry-modal.jsx
2026-10-04T20:37:21.2734044Z ##[warning]  152:32  warning  Expected parentheses around arrow function argument  arrow-parens
2026-10-04T20:37:21.2734413Z 
2026-10-04T20:37:21.2734868Z ~/work/scratch-editor/scratch-editor/packages/scratch-gui/src/components/watermark/watermark.jsx
2026-10-04T20:37:21.2735877Z ##[warning]  6:19  warning  Expected parentheses around arrow function argument  arrow-parens
2026-10-04T20:37:21.2736398Z 
2026-10-04T20:37:21.2736885Z ~/work/scratch-editor/scratch-editor/packages/scratch-gui/src/components/webgl-modal/webgl-modal.jsx
2026-10-04T20:37:21.2738191Z ##[warning]  17:20  warning  Expected parentheses around arrow function argument                                              arrow-parens
2026-10-04T20:37:21.2739421Z ##[warning]  48:36  warning  Expected parentheses around arrow function argument                                              arrow-parens
2026-10-04T20:37:21.2740413Z   58:27  warning  Unused eslint-enable directive (no matching eslint-disable directives were found for 'max-len')
2026-10-04T20:37:21.2742005Z ##[warning]  87:36  warning  Expected parentheses around arrow function argument                                              arrow-parens
2026-10-04T20:37:21.2742520Z 
2026-10-04T20:37:21.2742925Z ~/work/scratch-editor/scratch-editor/packages/scratch-gui/src/containers/alert.jsx
2026-10-04T20:37:21.2744241Z ##[warning]  31:13  warning  'index' is assigned a value but never used. Allowed unused vars must match /^_/u  @typescript-eslint/no-unused-vars
2026-10-04T20:37:21.2745479Z ##[warning]  66:28  warning  Expected parentheses around arrow function argument                               arrow-parens
2026-10-04T20:37:21.2746611Z ##[warning]  67:28  warning  Expected parentheses around arrow function argument                               arrow-parens
2026-10-04T20:37:21.2747065Z 
2026-10-04T20:37:21.2747461Z ~/work/scratch-editor/scratch-editor/packages/scratch-gui/src/containers/alerts.jsx
2026-10-04T20:37:21.2748401Z ##[warning]  26:5   warning  Prop type "object" is forbidden                      react/forbid-prop-types
2026-10-04T20:37:21.2749273Z ##[warning]  31:25  warning  Expected parentheses around arrow function argument  arrow-parens
2026-10-04T20:37:21.2750126Z ##[warning]  35:28  warning  Expected parentheses around arrow function argument  arrow-parens
2026-10-04T20:37:21.2750961Z ##[warning]  36:19  warning  Expected parentheses around arrow function argument  arrow-parens
2026-10-04T20:37:21.2751326Z 
2026-10-04T20:37:21.2752034Z ~/work/scratch-editor/scratch-editor/packages/scratch-gui/src/containers/audio-selector.jsx
2026-10-04T20:37:21.2755128Z ##[warning]  45:5  warning  componentWillReceiveProps is deprecated since React 16.9.0, use UNSAFE_componentWillReceiveProps instead, see https://reactjs.org/docs/react-component.html#unsafe_componentwillreceiveprops. Use https://github.com/reactjs/react-codemod#rename-unsafe-lifecycles to automatically update your components  react/no-deprecated
2026-10-04T20:37:21.2756446Z 
2026-10-04T20:37:21.2756903Z ~/work/scratch-editor/scratch-editor/packages/scratch-gui/src/containers/auto-scanning-step.jsx
2026-10-04T20:37:21.2757848Z ##[warning]  40:58  warning  Expected parentheses around arrow function argument  arrow-parens
2026-10-04T20:37:21.2758207Z 
2026-10-04T20:37:21.2758649Z ~/work/scratch-editor/scratch-editor/packages/scratch-gui/src/containers/backdrop-library.jsx
2026-10-04T20:37:21.2759577Z ##[warning]  70:25  warning  Expected parentheses around arrow function argument  arrow-parens
2026-10-04T20:37:21.2759943Z 
2026-10-04T20:37:21.2760345Z ~/work/scratch-editor/scratch-editor/packages/scratch-gui/src/containers/backpack.jsx
2026-10-04T20:37:21.2761248Z ##[warning]   95:25  warning  Expected parentheses around arrow function argument  arrow-parens
2026-10-04T20:37:21.2762411Z ##[warning]  119:23  warning  Expected parentheses around arrow function argument  arrow-parens
2026-10-04T20:37:21.2763260Z ##[warning]  132:23  warning  Expected parentheses around arrow function argument  arrow-parens
2026-10-04T20:37:21.2764135Z ##[warning]  152:23  warning  Expected parentheses around arrow function argument  arrow-parens
2026-10-04T20:37:21.2764981Z ##[warning]  158:24  warning  Expected parentheses around arrow function argument  arrow-parens
2026-10-04T20:37:21.2765818Z ##[warning]  170:62  warning  Expected parentheses around arrow function argument  arrow-parens
2026-10-04T20:37:21.2766840Z ##[warning]  173:24  warning  Expected parentheses around arrow function argument  arrow-parens
2026-10-04T20:37:21.2767671Z ##[warning]  185:23  warning  Expected parentheses around arrow function argument  arrow-parens
2026-10-04T20:37:21.2768514Z ##[warning]  192:24  warning  Expected parentheses around arrow function argument  arrow-parens
2026-10-04T20:37:21.2769358Z ##[warning]  265:29  warning  Expected parentheses around arrow function argument  arrow-parens
2026-10-04T20:37:21.2770205Z ##[warning]  283:25  warning  Expected parentheses around arrow function argument  arrow-parens
2026-10-04T20:37:21.2770568Z 
2026-10-04T20:37:21.2771069Z ~/work/scratch-editor/scratch-editor/packages/scratch-gui/src/containers/balanced-formatted-message.jsx
2026-10-04T20:37:21.2772356Z ##[warning]   7:34  warning  Expected parentheses around arrow function argument  arrow-parens
2026-10-04T20:37:21.2773201Z ##[warning]  11:10  warning  Expected parentheses around arrow function argument  arrow-parens
2026-10-04T20:37:21.2773570Z 
2026-10-04T20:37:21.2774000Z ~/work/scratch-editor/scratch-editor/packages/scratch-gui/src/containers/balanced-text.jsx
2026-10-04T20:37:21.2775210Z ##[warning]  61:13  warning  'resize' is assigned a value but never used. Allowed unused vars must match /^_/u  @typescript-eslint/no-unused-vars
2026-10-04T20:37:21.2776438Z ##[warning]  76:26  warning  Expected parentheses around arrow function argument                                arrow-parens
2026-10-04T20:37:21.2776904Z 
2026-10-04T20:37:21.2777304Z ~/work/scratch-editor/scratch-editor/packages/scratch-gui/src/containers/blocks.jsx
2026-10-04T20:37:21.2778513Z ##[warning]  144:44  warning  Expected parentheses around arrow function argument                                                        arrow-parens
2026-10-04T20:37:21.2779809Z ##[warning]  168:39  warning  Expected parentheses around arrow function argument                                                        arrow-parens
2026-10-04T20:37:21.2781091Z ##[warning]  330:23  warning  Expected parentheses around arrow function argument                                                        arrow-parens
2026-10-04T20:37:21.2782844Z ##[warning]  391:46  warning  Expected parentheses around arrow function argument                                                        arrow-parens
2026-10-04T20:37:21.2784134Z ##[warning]  540:30  warning  Expected parentheses around arrow function argument                                                        arrow-parens
2026-10-04T20:37:21.2785400Z ##[warning]  544:40  warning  Expected parentheses around arrow function argument                                                        arrow-parens
2026-10-04T20:37:21.2786659Z ##[warning]  554:43  warning  Expected parentheses around arrow function argument                                                        arrow-parens
2026-10-04T20:37:21.2787909Z ##[warning]  570:22  warning  Expected parentheses around arrow function argument                                                        arrow-parens
2026-10-04T20:37:21.2789174Z ##[warning]  620:61  warning  Expected parentheses around arrow function argument                                                        arrow-parens
2026-10-04T20:37:21.2790432Z ##[warning]  637:30  warning  Expected parentheses around arrow function argument                                                        arrow-parens
2026-10-04T20:37:21.2791987Z ##[warning]  672:46  warning  Expected parentheses around arrow function argument                                                        arrow-parens
2026-10-04T20:37:21.2793328Z ##[warning]  731:19  warning  Expected parentheses around arrow function argument                                                        arrow-parens
2026-10-04T20:37:21.2794599Z ##[warning]  732:19  warning  Expected parentheses around arrow function argument                                                        arrow-parens
2026-10-04T20:37:21.2796027Z ##[warning]  740:13  warning  'anyModalVisible' is assigned a value but never used. Allowed unused vars must match /^_/u                 @typescript-eslint/no-unused-vars
2026-10-04T20:37:21.2797719Z ##[warning]  741:13  warning  'canUseCloud' is assigned a value but never used. Allowed unused vars must match /^_/u                     @typescript-eslint/no-unused-vars
2026-10-04T20:37:21.2799204Z ##[warning]  745:13  warning  'stageSize' is assigned a value but never used. Allowed unused vars must match /^_/u                       @typescript-eslint/no-unused-vars
2026-10-04T20:37:21.2800643Z ##[warning]  747:13  warning  'isRtl' is assigned a value but never used. Allowed unused vars must match /^_/u                           @typescript-eslint/no-unused-vars
2026-10-04T20:37:21.2802439Z ##[warning]  748:13  warning  'isVisible' is assigned a value but never used. Allowed unused vars must match /^_/u                       @typescript-eslint/no-unused-vars
2026-10-04T20:37:21.2804006Z ##[warning]  750:13  warning  'onActivateColorPicker' is assigned a value but never used. Allowed unused vars must match /^_/u           @typescript-eslint/no-unused-vars
2026-10-04T20:37:21.2805562Z ##[warning]  751:13  warning  'onOpenConnectionModal' is assigned a value but never used. Allowed unused vars must match /^_/u           @typescript-eslint/no-unused-vars
2026-10-04T20:37:21.2807078Z ##[warning]  752:13  warning  'onOpenSoundRecorder' is assigned a value but never used. Allowed unused vars must match /^_/u             @typescript-eslint/no-unused-vars
2026-10-04T20:37:21.2808596Z ##[warning]  753:13  warning  'updateToolboxState' is assigned a value but never used. Allowed unused vars must match /^_/u              @typescript-eslint/no-unused-vars
2026-10-04T20:37:21.2810145Z ##[warning]  754:13  warning  'onActivateCustomProcedures' is assigned a value but never used. Allowed unused vars must match /^_/u      @typescript-eslint/no-unused-vars
2026-10-04T20:37:21.2811954Z ##[warning]  756:13  warning  'onRequestCloseCustomProcedures' is assigned a value but never used. Allowed unused vars must match /^_/u  @typescript-eslint/no-unused-vars
2026-10-04T20:37:21.2813519Z ##[warning]  757:13  warning  'toolboxXML' is assigned a value but never used. Allowed unused vars must match /^_/u                      @typescript-eslint/no-unused-vars
2026-10-04T20:37:21.2815150Z ##[warning]  758:28  warning  'updateMetricsProp' is assigned a value but never used. Allowed unused vars must match /^_/u               @typescript-eslint/no-unused-vars
2026-10-04T20:37:21.2816659Z ##[warning]  759:13  warning  'useCatBlocks' is assigned a value but never used. Allowed unused vars must match /^_/u                    @typescript-eslint/no-unused-vars
2026-10-04T20:37:21.2818138Z ##[warning]  760:13  warning  'workspaceMetrics' is assigned a value but never used. Allowed unused vars must match /^_/u                @typescript-eslint/no-unused-vars
2026-10-04T20:37:21.2819443Z ##[warning]  829:5   warning  Prop type "object" is forbidden                                                                            react/forbid-prop-types
2026-10-04T20:37:21.2820612Z ##[warning]  854:9   warning  Prop type "object" is forbidden                                                                            react/forbid-prop-types
2026-10-04T20:37:21.2822146Z ##[warning]  886:25  warning  Expected parentheses around arrow function argument                                                        arrow-parens
2026-10-04T20:37:21.2823469Z ##[warning]  888:51  warning  Expected parentheses around arrow function argument                                                        arrow-parens
2026-10-04T20:37:21.2824746Z ##[warning]  902:28  warning  Expected parentheses around arrow function argument                                                        arrow-parens
2026-10-04T20:37:21.2826011Z ##[warning]  903:28  warning  Expected parentheses around arrow function argument                                                        arrow-parens
2026-10-04T20:37:21.2827271Z ##[warning]  905:28  warning  Expected parentheses around arrow function argument                                                        arrow-parens
2026-10-04T20:37:21.2828693Z ##[warning]  916:37  warning  Expected parentheses around arrow function argument                                                        arrow-parens
2026-10-04T20:37:21.2829960Z ##[warning]  919:25  warning  Expected parentheses around arrow function argument                                                        arrow-parens
2026-10-04T20:37:21.2831218Z ##[warning]  922:20  warning  Expected parentheses around arrow function argument                                                        arrow-parens
2026-10-04T20:37:21.2831953Z 
2026-10-04T20:37:21.2832364Z ~/work/scratch-editor/scratch-editor/packages/scratch-gui/src/containers/cards.jsx
2026-10-04T20:37:21.2833288Z ##[warning]  54:25  warning  Expected parentheses around arrow function argument  arrow-parens
2026-10-04T20:37:21.2834129Z ##[warning]  68:28  warning  Expected parentheses around arrow function argument  arrow-parens
2026-10-04T20:37:21.2834987Z ##[warning]  69:28  warning  Expected parentheses around arrow function argument  arrow-parens
2026-10-04T20:37:21.2835349Z 
2026-10-04T20:37:21.2835794Z ~/work/scratch-editor/scratch-editor/packages/scratch-gui/src/containers/connection-modal.jsx
2026-10-04T20:37:21.2836729Z ##[warning]   28:43  warning  Expected parentheses around arrow function argument  arrow-parens
2026-10-04T20:37:21.2837593Z ##[warning]  173:25  warning  Expected parentheses around arrow function argument  arrow-parens
2026-10-04T20:37:21.2838432Z ##[warning]  177:28  warning  Expected parentheses around arrow function argument  arrow-parens
2026-10-04T20:37:21.2838797Z 
2026-10-04T20:37:21.2839198Z ~/work/scratch-editor/scratch-editor/packages/scratch-gui/src/containers/controls.jsx
2026-10-04T20:37:21.2840377Z ##[warning]  34:13  warning  'vm' is assigned a value but never used. Allowed unused vars must match /^_/u         @typescript-eslint/no-unused-vars
2026-10-04T20:37:21.2841953Z ##[warning]  35:13  warning  'isStarted' is assigned a value but never used. Allowed unused vars must match /^_/u  @typescript-eslint/no-unused-vars
2026-10-04T20:37:21.2843224Z ##[warning]  62:25  warning  Expected parentheses around arrow function argument                                   arrow-parens
2026-10-04T20:37:21.2843689Z 
2026-10-04T20:37:21.2844280Z ~/work/scratch-editor/scratch-editor/packages/scratch-gui/src/containers/costume-library.jsx
2026-10-04T20:37:21.2845237Z ##[warning]  68:25  warning  Expected parentheses around arrow function argument  arrow-parens
2026-10-04T20:37:21.2845612Z 
2026-10-04T20:37:21.2846032Z ~/work/scratch-editor/scratch-editor/packages/scratch-gui/src/containers/costume-tab.jsx
2026-10-04T20:37:21.2848954Z ##[warning]  125:5   warning  componentWillReceiveProps is deprecated since React 16.9.0, use UNSAFE_componentWillReceiveProps instead, see https://reactjs.org/docs/react-component.html#unsafe_componentwillreceiveprops. Use https://github.com/reactjs/react-codemod#rename-unsafe-lifecycles to automatically update your components  react/no-deprecated
2026-10-04T20:37:21.2851979Z ##[warning]  201:41  warning  Expected parentheses around arrow function argument                                                                                                                                                                                                                                                          arrow-parens
2026-10-04T20:37:21.2854153Z ##[warning]  214:46  warning  Expected parentheses around arrow function argument                                                                                                                                                                                                                                                          arrow-parens
2026-10-04T20:37:21.2856267Z ##[warning]  222:45  warning  Expected parentheses around arrow function argument                                                                                                                                                                                                                                                          arrow-parens
2026-10-04T20:37:21.2858542Z ##[warning]  266:54  warning  Expected parentheses around arrow function argument                                                                                                                                                                                                                                                          arrow-parens
2026-10-04T20:37:21.2860897Z ##[warning]  315:13  warning  'dispatchUpdateRestore' is assigned a value but never used. Allowed unused vars must match /^_/u                                                                                                                                                                                                             @typescript-eslint/no-unused-vars
2026-10-04T20:37:21.2863568Z ##[warning]  334:67  warning  Expected parentheses around arrow function argument                                                                                                                                                                                                                                                          arrow-parens
2026-10-04T20:37:21.2865762Z ##[warning]  428:25  warning  Expected parentheses around arrow function argument                                                                                                                                                                                                                                                          arrow-parens
2026-10-04T20:37:21.2867903Z ##[warning]  438:28  warning  Expected parentheses around arrow function argument                                                                                                                                                                                                                                                          arrow-parens
2026-10-04T20:37:21.2870172Z ##[warning]  446:28  warning  Expected parentheses around arrow function argument                                                                                                                                                                                                                                                          arrow-parens
2026-10-04T20:37:21.2870939Z 
2026-10-04T20:37:21.2871409Z ~/work/scratch-editor/scratch-editor/packages/scratch-gui/src/containers/custom-procedures.jsx
2026-10-04T20:37:21.2872697Z ##[warning]  208:25  warning  Expected parentheses around arrow function argument  arrow-parens
2026-10-04T20:37:21.2873087Z 
2026-10-04T20:37:21.2873546Z ~/work/scratch-editor/scratch-editor/packages/scratch-gui/src/containers/deletion-restorer.jsx
2026-10-04T20:37:21.2874858Z ##[warning]  37:13  warning  'children' is assigned a value but never used. Allowed unused vars must match /^_/u               @typescript-eslint/no-unused-vars
2026-10-04T20:37:21.2876322Z ##[warning]  38:13  warning  'dispatchUpdateRestore' is assigned a value but never used. Allowed unused vars must match /^_/u  @typescript-eslint/no-unused-vars
2026-10-04T20:37:21.2877663Z ##[warning]  57:25  warning  Expected parentheses around arrow function argument                                               arrow-parens
2026-10-04T20:37:21.2878909Z ##[warning]  61:28  warning  Expected parentheses around arrow function argument                                               arrow-parens
2026-10-04T20:37:21.2880127Z ##[warning]  62:28  warning  Expected parentheses around arrow function argument                                               arrow-parens
2026-10-04T20:37:21.2880603Z 
2026-10-04T20:37:21.2881017Z ~/work/scratch-editor/scratch-editor/packages/scratch-gui/src/containers/drag-layer.jsx
2026-10-04T20:37:21.2882196Z ##[warning]  4:25  warning  Expected parentheses around arrow function argument  arrow-parens
2026-10-04T20:37:21.2882724Z 
2026-10-04T20:37:21.2883159Z ~/work/scratch-editor/scratch-editor/packages/scratch-gui/src/containers/error-boundary.jsx
2026-10-04T20:37:21.2884102Z ##[warning]  81:25  warning  Expected parentheses around arrow function argument  arrow-parens
2026-10-04T20:37:21.2884470Z 
2026-10-04T20:37:21.2884922Z ~/work/scratch-editor/scratch-editor/packages/scratch-gui/src/containers/extension-library.jsx
2026-10-04T20:37:21.2885854Z ##[warning]  51:75  warning  Expected parentheses around arrow function argument  arrow-parens
2026-10-04T20:37:21.2886221Z 
2026-10-04T20:37:21.2886668Z ~/work/scratch-editor/scratch-editor/packages/scratch-gui/src/containers/green-flag-overlay.jsx
2026-10-04T20:37:21.2887590Z ##[warning]  47:25  warning  Expected parentheses around arrow function argument  arrow-parens
2026-10-04T20:37:21.2887953Z 
2026-10-04T20:37:21.2888330Z ~/work/scratch-editor/scratch-editor/packages/scratch-gui/src/containers/gui.jsx
2026-10-04T20:37:21.2889457Z ##[warning]  104:13  warning  Expected parentheses around arrow function argument                                           arrow-parens
2026-10-04T20:37:21.2890784Z ##[warning]  115:13  warning  'assetHost' is assigned a value but never used. Allowed unused vars must match /^_/u          @typescript-eslint/no-unused-vars
2026-10-04T20:37:21.2892497Z ##[warning]  116:13  warning  'cloudHost' is assigned a value but never used. Allowed unused vars must match /^_/u          @typescript-eslint/no-unused-vars
2026-10-04T20:37:21.2893893Z ##[warning]  117:13  warning  'error' is assigned a value but never used. Allowed unused vars must match /^_/u              @typescript-eslint/no-unused-vars
2026-10-04T20:37:21.2895260Z ##[warning]  118:13  warning  'isError' is assigned a value but never used. Allowed unused vars must match /^_/u            @typescript-eslint/no-unused-vars
2026-10-04T20:37:21.2896651Z ##[warning]  119:13  warning  'isShowingProject' is assigned a value but never used. Allowed unused vars must match /^_/u   @typescript-eslint/no-unused-vars
2026-10-04T20:37:21.2898058Z ##[warning]  120:13  warning  'onProjectLoaded' is assigned a value but never used. Allowed unused vars must match /^_/u    @typescript-eslint/no-unused-vars
2026-10-04T20:37:21.2899613Z ##[warning]  121:13  warning  'onStorageInit' is assigned a value but never used. Allowed unused vars must match /^_/u      @typescript-eslint/no-unused-vars
2026-10-04T20:37:21.2901041Z ##[warning]  122:13  warning  'onUpdateProjectId' is assigned a value but never used. Allowed unused vars must match /^_/u  @typescript-eslint/no-unused-vars
2026-10-04T20:37:21.2902705Z ##[warning]  123:13  warning  'onVmInit' is assigned a value but never used. Allowed unused vars must match /^_/u           @typescript-eslint/no-unused-vars
2026-10-04T20:37:21.2904086Z ##[warning]  124:13  warning  'projectHost' is assigned a value but never used. Allowed unused vars must match /^_/u        @typescript-eslint/no-unused-vars
2026-10-04T20:37:21.2905479Z ##[warning]  125:13  warning  'projectId' is assigned a value but never used. Allowed unused vars must match /^_/u          @typescript-eslint/no-unused-vars
2026-10-04T20:37:21.2906825Z ##[warning]  271:28  warning  Expected parentheses around arrow function argument                                           arrow-parens
2026-10-04T20:37:21.2908046Z ##[warning]  273:20  warning  Expected parentheses around arrow function argument                                           arrow-parens
2026-10-04T20:37:21.2909251Z ##[warning]  274:28  warning  Expected parentheses around arrow function argument                                           arrow-parens
2026-10-04T20:37:21.2910447Z ##[warning]  277:18  warning  Expected parentheses around arrow function argument                                           arrow-parens
2026-10-04T20:37:21.2910917Z 
2026-10-04T20:37:21.2911365Z ~/work/scratch-editor/scratch-editor/packages/scratch-gui/src/containers/inline-messages.jsx
2026-10-04T20:37:21.2912999Z ##[warning]  43:5   warning  Prop type "object" is forbidden                      react/forbid-prop-types
2026-10-04T20:37:21.2913912Z ##[warning]  47:25  warning  Expected parentheses around arrow function argument  arrow-parens
2026-10-04T20:37:21.2914293Z 
2026-10-04T20:37:21.2914760Z ~/work/scratch-editor/scratch-editor/packages/scratch-gui/src/containers/language-selector.jsx
2026-10-04T20:37:21.2916073Z ##[warning]  26:13  warning  'onChangeLanguage' is assigned a value but never used. Allowed unused vars must match /^_/u  @typescript-eslint/no-unused-vars
2026-10-04T20:37:21.2917480Z ##[warning]  27:13  warning  'messagesByLocale' is assigned a value but never used. Allowed unused vars must match /^_/u  @typescript-eslint/no-unused-vars
2026-10-04T20:37:21.2918772Z ##[warning]  50:25  warning  Expected parentheses around arrow function argument                                          arrow-parens
2026-10-04T20:37:21.2919969Z ##[warning]  55:28  warning  Expected parentheses around arrow function argument                                          arrow-parens
2026-10-04T20:37:21.2921162Z ##[warning]  56:23  warning  Expected parentheses around arrow function argument                                          arrow-parens
2026-10-04T20:37:21.2921877Z 
2026-10-04T20:37:21.2922320Z ~/work/scratch-editor/scratch-editor/packages/scratch-gui/src/containers/library-item.jsx
2026-10-04T20:37:21.2923277Z ##[warning]  163:25  warning  Expected parentheses around arrow function argument  arrow-parens
2026-10-04T20:37:21.2923651Z 
2026-10-04T20:37:21.2924069Z ~/work/scratch-editor/scratch-editor/packages/scratch-gui/src/containers/list-monitor.jsx
2026-10-04T20:37:21.2925157Z ##[warning]  130:29  warning  Expected parentheses around arrow function argument                            arrow-parens
2026-10-04T20:37:21.2926269Z ##[warning]  140:27  warning  Expected parentheses around arrow function argument                            arrow-parens
2026-10-04T20:37:21.2927450Z ##[warning]  162:13  warning  'vm' is assigned a value but never used. Allowed unused vars must match /^_/u  @typescript-eslint/no-unused-vars
2026-10-04T20:37:21.2928612Z ##[warning]  199:25  warning  Expected parentheses around arrow function argument                            arrow-parens
2026-10-04T20:37:21.2929061Z 
2026-10-04T20:37:21.2929640Z ~/work/scratch-editor/scratch-editor/packages/scratch-gui/src/containers/menu-bar-hoc.jsx
2026-10-04T20:37:21.2930932Z ##[warning]  29:17  warning  'projectChanged' is assigned a value but never used. Allowed unused vars must match /^_/u  @typescript-eslint/no-unused-vars
2026-10-04T20:37:21.2932541Z ##[warning]  49:29  warning  Expected parentheses around arrow function argument                                        arrow-parens
2026-10-04T20:37:21.2933735Z ##[warning]  51:29  warning  Expected parentheses around arrow function argument                                        arrow-parens
2026-10-04T20:37:21.2934206Z 
2026-10-04T20:37:21.2934605Z ~/work/scratch-editor/scratch-editor/packages/scratch-gui/src/containers/modal.jsx
2026-10-04T20:37:21.2935496Z ##[warning]  56:25  warning  Expected parentheses around arrow function argument  arrow-parens
2026-10-04T20:37:21.2935863Z 
2026-10-04T20:37:21.2936285Z ~/work/scratch-editor/scratch-editor/packages/scratch-gui/src/containers/monitor-list.jsx
2026-10-04T20:37:21.2937177Z ##[warning]  40:25  warning  Expected parentheses around arrow function argument  arrow-parens
2026-10-04T20:37:21.2938009Z ##[warning]  43:28  warning  Expected parentheses around arrow function argument  arrow-parens
2026-10-04T20:37:21.2938370Z 
2026-10-04T20:37:21.2938761Z ~/work/scratch-editor/scratch-editor/packages/scratch-gui/src/containers/monitor.jsx
2026-10-04T20:37:21.2939633Z ##[warning]   20:24  warning  Expected parentheses around arrow function argument  arrow-parens
2026-10-04T20:37:21.2940472Z ##[warning]   21:25  warning  Expected parentheses around arrow function argument  arrow-parens
2026-10-04T20:37:21.2941693Z ##[warning]   63:23  warning  Expected parentheses around arrow function argument  arrow-parens
2026-10-04T20:37:21.2942587Z ##[warning]  175:26  warning  Expected parentheses around arrow function argument  arrow-parens
2026-10-04T20:37:21.2943432Z ##[warning]  182:43  warning  Expected parentheses around arrow function argument  arrow-parens
2026-10-04T20:37:21.2944271Z ##[warning]  183:25  warning  Expected parentheses around arrow function argument  arrow-parens
2026-10-04T20:37:21.2945113Z ##[warning]  274:25  warning  Expected parentheses around arrow function argument  arrow-parens
2026-10-04T20:37:21.2945952Z ##[warning]  281:28  warning  Expected parentheses around arrow function argument  arrow-parens
2026-10-04T20:37:21.2946783Z ##[warning]  285:24  warning  Expected parentheses around arrow function argument  arrow-parens
2026-10-04T20:37:21.2947143Z 
2026-10-04T20:37:21.2947564Z ~/work/scratch-editor/scratch-editor/packages/scratch-gui/src/containers/play-button.jsx
2026-10-04T20:37:21.2948772Z ##[warning]  91:13  warning  'onPlay' is assigned a value but never used. Allowed unused vars must match /^_/u  @typescript-eslint/no-unused-vars
2026-10-04T20:37:21.2950042Z ##[warning]  92:13  warning  'onStop' is assigned a value but never used. Allowed unused vars must match /^_/u  @typescript-eslint/no-unused-vars
2026-10-04T20:37:21.2950562Z 
2026-10-04T20:37:21.2950993Z ~/work/scratch-editor/scratch-editor/packages/scratch-gui/src/containers/playback-step.jsx
2026-10-04T20:37:21.2952507Z ##[warning]  36:13  warning  'sampleRate' is assigned a value but never used. Allowed unused vars must match /^_/u     @typescript-eslint/no-unused-vars
2026-10-04T20:37:21.2953856Z ##[warning]  37:13  warning  'onPlay' is assigned a value but never used. Allowed unused vars must match /^_/u         @typescript-eslint/no-unused-vars
2026-10-04T20:37:21.2955197Z ##[warning]  38:13  warning  'onStopPlaying' is assigned a value but never used. Allowed unused vars must match /^_/u  @typescript-eslint/no-unused-vars
2026-10-04T20:37:21.2956562Z ##[warning]  39:13  warning  'onSetPlayhead' is assigned a value but never used. Allowed unused vars must match /^_/u  @typescript-eslint/no-unused-vars
2026-10-04T20:37:21.2957102Z 
2026-10-04T20:37:21.2957713Z ~/work/scratch-editor/scratch-editor/packages/scratch-gui/src/containers/project-watcher.jsx
2026-10-04T20:37:21.2958701Z ##[warning]  84:25  warning  Expected parentheses around arrow function argument  arrow-parens
2026-10-04T20:37:21.2959075Z 
2026-10-04T20:37:21.2959496Z ~/work/scratch-editor/scratch-editor/packages/scratch-gui/src/containers/record-modal.jsx
2026-10-04T20:37:21.2960411Z ##[warning]  118:25  warning  Expected parentheses around arrow function argument  arrow-parens
2026-10-04T20:37:21.2961261Z ##[warning]  122:28  warning  Expected parentheses around arrow function argument  arrow-parens
2026-10-04T20:37:21.2962015Z 
2026-10-04T20:37:21.2962478Z ~/work/scratch-editor/scratch-editor/packages/scratch-gui/src/containers/recording-step.jsx
2026-10-04T20:37:21.2963872Z ##[warning]  63:13  warning  'onRecord' is assigned a value but never used. Allowed unused vars must match /^_/u         @typescript-eslint/no-unused-vars
2026-10-04T20:37:21.2965276Z ##[warning]  64:13  warning  'onStopRecording' is assigned a value but never used. Allowed unused vars must match /^_/u  @typescript-eslint/no-unused-vars
2026-10-04T20:37:21.2965835Z 
2026-10-04T20:37:21.2966282Z ~/work/scratch-editor/scratch-editor/packages/scratch-gui/src/containers/sb3-downloader.jsx
2026-10-04T20:37:21.2967212Z ##[warning]  29:42  warning  Expected parentheses around arrow function argument  arrow-parens
2026-10-04T20:37:21.2968065Z ##[warning]  66:25  warning  Expected parentheses around arrow function argument  arrow-parens
2026-10-04T20:37:21.2968428Z 
2026-10-04T20:37:21.2968853Z ~/work/scratch-editor/scratch-editor/packages/scratch-gui/src/containers/scanning-step.jsx
2026-10-04T20:37:21.2969958Z ##[warning]  51:58  warning  Expected parentheses around arrow function argument  arrow-parens
2026-10-04T20:37:21.2970798Z ##[warning]  57:58  warning  Expected parentheses around arrow function argument  arrow-parens
2026-10-04T20:37:21.2971157Z 
2026-10-04T20:37:21.2972002Z ~/work/scratch-editor/scratch-editor/packages/scratch-gui/src/containers/slider-monitor.jsx
2026-10-04T20:37:21.2974985Z ##[warning]  21:5   warning  componentWillReceiveProps is deprecated since React 16.9.0, use UNSAFE_componentWillReceiveProps instead, see https://reactjs.org/docs/react-component.html#unsafe_componentwillreceiveprops. Use https://github.com/reactjs/react-codemod#rename-unsafe-lifecycles to automatically update your components  react/no-deprecated
2026-10-04T20:37:21.2977812Z ##[warning]  33:13  warning  'vm' is assigned a value but never used. Allowed unused vars must match /^_/u                                                                                                                                                                                                                                @typescript-eslint/no-unused-vars
2026-10-04T20:37:21.2980122Z ##[warning]  34:13  warning  'value' is assigned a value but never used. Allowed unused vars must match /^_/u                                                                                                                                                                                                                             @typescript-eslint/no-unused-vars
2026-10-04T20:37:21.2982802Z ##[warning]  57:25  warning  Expected parentheses around arrow function argument                                                                                                                                                                                                                                                          arrow-parens
2026-10-04T20:37:21.2983566Z 
2026-10-04T20:37:21.2984002Z ~/work/scratch-editor/scratch-editor/packages/scratch-gui/src/containers/sound-editor.jsx
2026-10-04T20:37:21.2987129Z ##[warning]   68:5   warning  componentWillReceiveProps is deprecated since React 16.9.0, use UNSAFE_componentWillReceiveProps instead, see https://reactjs.org/docs/react-component.html#unsafe_componentwillreceiveprops. Use https://github.com/reactjs/react-codemod#rename-unsafe-lifecycles to automatically update your components  react/no-deprecated
2026-10-04T20:37:21.2989859Z ##[warning]  150:25  warning  Expected parentheses around arrow function argument                                                                                                                                                                                                                                                          arrow-parens
2026-10-04T20:37:21.2992216Z ##[warning]  166:20  warning  Expected parentheses around arrow function argument                                                                                                                                                                                                                                                          arrow-parens
2026-10-04T20:37:21.2994391Z ##[warning]  226:64  warning  Expected parentheses around arrow function argument                                                                                                                                                                                                                                                          arrow-parens
2026-10-04T20:37:21.2996515Z ##[warning]  262:61  warning  Expected parentheses around arrow function argument                                                                                                                                                                                                                                                          arrow-parens
2026-10-04T20:37:21.2998628Z ##[warning]  293:74  warning  Expected parentheses around arrow function argument                                                                                                                                                                                                                                                          arrow-parens
2026-10-04T20:37:21.3000894Z ##[warning]  304:74  warning  Expected parentheses around arrow function argument                                                                                                                                                                                                                                                          arrow-parens
2026-10-04T20:37:21.3003179Z ##[warning]  377:82  warning  Expected parentheses around arrow function argument                                                                                                                                                                                                                                                          arrow-parens
2026-10-04T20:37:21.3005292Z ##[warning]  400:82  warning  Expected parentheses around arrow function argument                                                                                                                                                                                                                                                          arrow-parens
2026-10-04T20:37:21.3007414Z ##[warning]  415:90  warning  Expected parentheses around arrow function argument                                                                                                                                                                                                                                                          arrow-parens
2026-10-04T20:37:21.3008155Z 
2026-10-04T20:37:21.3008588Z ~/work/scratch-editor/scratch-editor/packages/scratch-gui/src/containers/sound-library.jsx
2026-10-04T20:37:21.3009556Z ##[warning]   49:1   warning  The type 'SoundPlayer' is undefined                  jsdoc/no-undefined-types
2026-10-04T20:37:21.3010456Z ##[warning]   68:43  warning  Expected parentheses around arrow function argument  arrow-parens
2026-10-04T20:37:21.3011323Z ##[warning]   82:43  warning  Expected parentheses around arrow function argument  arrow-parens
2026-10-04T20:37:21.3012647Z ##[warning]   87:47  warning  Expected parentheses around arrow function argument  arrow-parens
2026-10-04T20:37:21.3013663Z ##[warning]   95:47  warning  Expected parentheses around arrow function argument  arrow-parens
2026-10-04T20:37:21.3014544Z ##[warning]  117:19  warning  Expected parentheses around arrow function argument  arrow-parens
2026-10-04T20:37:21.3015412Z ##[warning]  126:31  warning  Expected parentheses around arrow function argument  arrow-parens
2026-10-04T20:37:21.3016280Z ##[warning]  171:52  warning  Expected parentheses around arrow function argument  arrow-parens
2026-10-04T20:37:21.3017123Z ##[warning]  209:25  warning  Expected parentheses around arrow function argument  arrow-parens
2026-10-04T20:37:21.3017487Z 
2026-10-04T20:37:21.3017911Z ~/work/scratch-editor/scratch-editor/packages/scratch-gui/src/containers/sound-tab.jsx
2026-10-04T20:37:21.3020806Z ##[warning]   68:5   warning  componentWillReceiveProps is deprecated since React 16.9.0, use UNSAFE_componentWillReceiveProps instead, see https://reactjs.org/docs/react-component.html#unsafe_componentwillreceiveprops. Use https://github.com/reactjs/react-codemod#rename-unsafe-lifecycles to automatically update your components  react/no-deprecated
2026-10-04T20:37:21.3023956Z ##[warning]  164:52  warning  Expected parentheses around arrow function argument                                                                                                                                                                                                                                                          arrow-parens
2026-10-04T20:37:21.3026335Z ##[warning]  206:13  warning  'dispatchUpdateRestore' is assigned a value but never used. Allowed unused vars must match /^_/u                                                                                                                                                                                                             @typescript-eslint/no-unused-vars
2026-10-04T20:37:21.3028993Z ##[warning]  210:13  warning  'onNewSoundFromLibraryClick' is assigned a value but never used. Allowed unused vars must match /^_/u                                                                                                                                                                                                        @typescript-eslint/no-unused-vars
2026-10-04T20:37:21.3031255Z ##[warning]  220:58  warning  Expected parentheses around arrow function argument                                                                                                                                                                                                                                                          arrow-parens
2026-10-04T20:37:21.3033610Z ##[warning]  342:25  warning  Expected parentheses around arrow function argument                                                                                                                                                                                                                                                          arrow-parens
2026-10-04T20:37:21.3035732Z ##[warning]  352:28  warning  Expected parentheses around arrow function argument                                                                                                                                                                                                                                                          arrow-parens
2026-10-04T20:37:21.3037848Z ##[warning]  354:33  warning  Expected parentheses around arrow function argument                                                                                                                                                                                                                                                          arrow-parens
2026-10-04T20:37:21.3040087Z ##[warning]  364:28  warning  Expected parentheses around arrow function argument                                                                                                                                                                                                                                                          arrow-parens
2026-10-04T20:37:21.3040845Z 
2026-10-04T20:37:21.3041291Z ~/work/scratch-editor/scratch-editor/packages/scratch-gui/src/containers/sprite-library.jsx
2026-10-04T20:37:21.3042397Z ##[warning]  66:25  warning  Expected parentheses around arrow function argument  arrow-parens
2026-10-04T20:37:21.3042770Z 
2026-10-04T20:37:21.3043240Z ~/work/scratch-editor/scratch-editor/packages/scratch-gui/src/containers/sprite-selector-item.jsx
2026-10-04T20:37:21.3044541Z ##[warning]  149:13  warning  'asset' is assigned a value but never used. Allowed unused vars must match /^_/u           @typescript-eslint/no-unused-vars
2026-10-04T20:37:21.3045876Z ##[warning]  150:13  warning  'id' is assigned a value but never used. Allowed unused vars must match /^_/u              @typescript-eslint/no-unused-vars
2026-10-04T20:37:21.3047210Z ##[warning]  151:13  warning  'index' is assigned a value but never used. Allowed unused vars must match /^_/u           @typescript-eslint/no-unused-vars
2026-10-04T20:37:21.3048536Z ##[warning]  152:13  warning  'onClick' is assigned a value but never used. Allowed unused vars must match /^_/u         @typescript-eslint/no-unused-vars
2026-10-04T20:37:21.3049875Z ##[warning]  157:13  warning  'dragPayload' is assigned a value but never used. Allowed unused vars must match /^_/u     @typescript-eslint/no-unused-vars
2026-10-04T20:37:21.3051244Z ##[warning]  158:13  warning  'receivedBlocks' is assigned a value but never used. Allowed unused vars must match /^_/u  @typescript-eslint/no-unused-vars
2026-10-04T20:37:21.3052993Z ##[warning]  159:13  warning  'costumeURL' is assigned a value but never used. Allowed unused vars must match /^_/u      @typescript-eslint/no-unused-vars
2026-10-04T20:37:21.3054503Z ##[warning]  160:13  warning  'vm' is assigned a value but never used. Allowed unused vars must match /^_/u              @typescript-eslint/no-unused-vars
2026-10-04T20:37:21.3055699Z ##[warning]  194:5   warning  Prop type "object" is forbidden                                                            react/forbid-prop-types
2026-10-04T20:37:21.3056888Z ##[warning]  223:28  warning  Expected parentheses around arrow function argument                                        arrow-parens
2026-10-04T20:37:21.3058089Z ##[warning]  224:31  warning  Expected parentheses around arrow function argument                                        arrow-parens
2026-10-04T20:37:21.3059275Z ##[warning]  227:13  warning  Expected parentheses around arrow function argument                                        arrow-parens
2026-10-04T20:37:21.3059751Z 
2026-10-04T20:37:21.3060186Z ~/work/scratch-editor/scratch-editor/packages/scratch-gui/src/containers/stage-header.jsx
2026-10-04T20:37:21.3061106Z ##[warning]  60:25  warning  Expected parentheses around arrow function argument  arrow-parens
2026-10-04T20:37:21.3062430Z ##[warning]  74:28  warning  Expected parentheses around arrow function argument  arrow-parens
2026-10-04T20:37:21.3062818Z 
2026-10-04T20:37:21.3063269Z ~/work/scratch-editor/scratch-editor/packages/scratch-gui/src/containers/stage-selector.jsx
2026-10-04T20:37:21.3064249Z ##[warning]  109:39  warning  Expected parentheses around arrow function argument  arrow-parens
2026-10-04T20:37:21.3065115Z ##[warning]  115:42  warning  Expected parentheses around arrow function argument  arrow-parens
2026-10-04T20:37:21.3065964Z ##[warning]  140:54  warning  Expected parentheses around arrow function argument  arrow-parens
2026-10-04T20:37:21.3066808Z ##[warning]  179:23  warning  Expected parentheses around arrow function argument  arrow-parens
2026-10-04T20:37:21.3067656Z ##[warning]  232:28  warning  Expected parentheses around arrow function argument  arrow-parens
2026-10-04T20:37:21.3068490Z ##[warning]  236:20  warning  Expected parentheses around arrow function argument  arrow-parens
2026-10-04T20:37:21.3069475Z ##[warning]  239:31  warning  Expected parentheses around arrow function argument  arrow-parens
2026-10-04T20:37:21.3069849Z 
2026-10-04T20:37:21.3070287Z ~/work/scratch-editor/scratch-editor/packages/scratch-gui/src/containers/stage-wrapper.jsx
2026-10-04T20:37:21.3071212Z ##[warning]  7:22  warning  Expected parentheses around arrow function argument  arrow-parens
2026-10-04T20:37:21.3071749Z 
2026-10-04T20:37:21.3072138Z ~/work/scratch-editor/scratch-editor/packages/scratch-gui/src/containers/stage.jsx
2026-10-04T20:37:21.3073317Z ##[warning]  242:39  warning  Expected parentheses around arrow function argument                                               arrow-parens
2026-10-04T20:37:21.3074568Z ##[warning]  307:1   warning  The type 'DrawableExtraction' is undefined                                                        jsdoc/no-undefined-types
2026-10-04T20:37:21.3075806Z ##[warning]  346:13  warning  Expected parentheses around arrow function argument                                               arrow-parens
2026-10-04T20:37:21.3077045Z ##[warning]  353:17  warning  Expected parentheses around arrow function argument                                               arrow-parens
2026-10-04T20:37:21.3078265Z ##[warning]  358:51  warning  Expected parentheses around arrow function argument                                               arrow-parens
2026-10-04T20:37:21.3079592Z ##[warning]  423:13  warning  'vm' is assigned a value but never used. Allowed unused vars must match /^_/u                     @typescript-eslint/no-unused-vars
2026-10-04T20:37:21.3081054Z ##[warning]  424:13  warning  'onActivateColorPicker' is assigned a value but never used. Allowed unused vars must match /^_/u  @typescript-eslint/no-unused-vars
2026-10-04T20:37:21.3082866Z ##[warning]  457:25  warning  Expected parentheses around arrow function argument                                               arrow-parens
2026-10-04T20:37:21.3084111Z ##[warning]  466:28  warning  Expected parentheses around arrow function argument                                               arrow-parens
2026-10-04T20:37:21.3085346Z ##[warning]  468:30  warning  Expected parentheses around arrow function argument                                               arrow-parens
2026-10-04T20:37:21.3085830Z 
2026-10-04T20:37:21.3086287Z ~/work/scratch-editor/scratch-editor/packages/scratch-gui/src/containers/target-highlight.jsx
2026-10-04T20:37:21.3087234Z ##[warning]  71:25  warning  Expected parentheses around arrow function argument  arrow-parens
2026-10-04T20:37:21.3087605Z 
2026-10-04T20:37:21.3088024Z ~/work/scratch-editor/scratch-editor/packages/scratch-gui/src/containers/target-pane.jsx
2026-10-04T20:37:21.3089208Z ##[warning]  120:45  warning  Expected parentheses around arrow function argument                                               arrow-parens
2026-10-04T20:37:21.3090446Z ##[warning]  133:48  warning  Expected parentheses around arrow function argument                                               arrow-parens
2026-10-04T20:37:21.3092036Z ##[warning]  173:63  warning  Expected parentheses around arrow function argument                                               arrow-parens
2026-10-04T20:37:21.3093327Z ##[warning]  195:38  warning  Expected parentheses around arrow function argument                                               arrow-parens
2026-10-04T20:37:21.3094558Z ##[warning]  234:23  warning  Expected parentheses around arrow function argument                                               arrow-parens
2026-10-04T20:37:21.3095780Z ##[warning]  260:27  warning  Expected parentheses around arrow function argument                                               arrow-parens
2026-10-04T20:37:21.3097155Z ##[warning]  268:13  warning  'dispatchUpdateRestore' is assigned a value but never used. Allowed unused vars must match /^_/u  @typescript-eslint/no-unused-vars
2026-10-04T20:37:21.3098591Z ##[warning]  269:13  warning  'isRtl' is assigned a value but never used. Allowed unused vars must match /^_/u                  @typescript-eslint/no-unused-vars
2026-10-04T20:37:21.3100144Z ##[warning]  270:13  warning  'onActivateTab' is assigned a value but never used. Allowed unused vars must match /^_/u          @typescript-eslint/no-unused-vars
2026-10-04T20:37:21.3101972Z ##[warning]  271:13  warning  'onCloseImporting' is assigned a value but never used. Allowed unused vars must match /^_/u       @typescript-eslint/no-unused-vars
2026-10-04T20:37:21.3103515Z ##[warning]  272:13  warning  'onHighlightTarget' is assigned a value but never used. Allowed unused vars must match /^_/u      @typescript-eslint/no-unused-vars
2026-10-04T20:37:21.3104967Z ##[warning]  273:13  warning  'onNewSpriteClick' is assigned a value but never used. Allowed unused vars must match /^_/u       @typescript-eslint/no-unused-vars
2026-10-04T20:37:21.3106418Z ##[warning]  274:13  warning  'onReceivedBlocks' is assigned a value but never used. Allowed unused vars must match /^_/u       @typescript-eslint/no-unused-vars
2026-10-04T20:37:21.3107867Z ##[warning]  275:13  warning  'onShowImporting' is assigned a value but never used. Allowed unused vars must match /^_/u        @typescript-eslint/no-unused-vars
2026-10-04T20:37:21.3109314Z ##[warning]  276:13  warning  'workspaceMetrics' is assigned a value but never used. Allowed unused vars must match /^_/u       @typescript-eslint/no-unused-vars
2026-10-04T20:37:21.3110742Z ##[warning]  308:5   warning  'onSelectSprite' is assigned a value but never used. Allowed unused vars must match /^_/u         @typescript-eslint/no-unused-vars
2026-10-04T20:37:21.3112361Z ##[warning]  309:5   warning  'onActivateBlocksTab' is assigned a value but never used. Allowed unused vars must match /^_/u    @typescript-eslint/no-unused-vars
2026-10-04T20:37:21.3113938Z ##[warning]  321:25  warning  Expected parentheses around arrow function argument                                               arrow-parens
2026-10-04T20:37:21.3115192Z ##[warning]  333:28  warning  Expected parentheses around arrow function argument                                               arrow-parens
2026-10-04T20:37:21.3116416Z ##[warning]  340:20  warning  Expected parentheses around arrow function argument                                               arrow-parens
2026-10-04T20:37:21.3117636Z ##[warning]  343:23  warning  Expected parentheses around arrow function argument                                               arrow-parens
2026-10-04T20:37:21.3118856Z ##[warning]  346:28  warning  Expected parentheses around arrow function argument                                               arrow-parens
2026-10-04T20:37:21.3120070Z ##[warning]  349:24  warning  Expected parentheses around arrow function argument                                               arrow-parens
2026-10-04T20:37:21.3121289Z ##[warning]  354:28  warning  Expected parentheses around arrow function argument                                               arrow-parens
2026-10-04T20:37:21.3121926Z 
2026-10-04T20:37:21.3122366Z ~/work/scratch-editor/scratch-editor/packages/scratch-gui/src/containers/tips-library.jsx
2026-10-04T20:37:21.3123316Z ##[warning]   69:21  warning  Expected parentheses around arrow function argument  arrow-parens
2026-10-04T20:37:21.3124180Z ##[warning]   78:82  warning  Expected parentheses around arrow function argument  arrow-parens
2026-10-04T20:37:21.3125024Z ##[warning]   95:18  warning  Expected parentheses around arrow function argument  arrow-parens
2026-10-04T20:37:21.3125860Z ##[warning]  135:25  warning  Expected parentheses around arrow function argument  arrow-parens
2026-10-04T20:37:21.3126696Z ##[warning]  141:28  warning  Expected parentheses around arrow function argument  arrow-parens
2026-10-04T20:37:21.3127525Z ##[warning]  142:21  warning  Expected parentheses around arrow function argument  arrow-parens
2026-10-04T20:37:21.3127895Z 
2026-10-04T20:37:21.3128308Z ~/work/scratch-editor/scratch-editor/packages/scratch-gui/src/containers/turbo-mode.jsx
2026-10-04T20:37:21.3129659Z ##[warning]  35:13  warning  'children' is assigned a value but never used. Allowed unused vars must match /^_/u  @typescript-eslint/no-unused-vars
2026-10-04T20:37:21.3130992Z ##[warning]  36:13  warning  'vm' is assigned a value but never used. Allowed unused vars must match /^_/u        @typescript-eslint/no-unused-vars
2026-10-04T20:37:21.3132589Z ##[warning]  52:25  warning  Expected parentheses around arrow function argument                                  arrow-parens
2026-10-04T20:37:21.3133058Z 
2026-10-04T20:37:21.3133472Z ~/work/scratch-editor/scratch-editor/packages/scratch-gui/src/containers/watermark.jsx
2026-10-04T20:37:21.3134419Z ##[warning]  42:5   warning  Prop type "object" is forbidden                      react/forbid-prop-types
2026-10-04T20:37:21.3135310Z ##[warning]  46:25  warning  Expected parentheses around arrow function argument  arrow-parens
2026-10-04T20:37:21.3135679Z 
2026-10-04T20:37:21.3136116Z ~/work/scratch-editor/scratch-editor/packages/scratch-gui/src/contexts/menu-ref-context.jsx
2026-10-04T20:37:21.3137156Z ##[warning]  34:40  warning  Expected parentheses around arrow function argument  arrow-parens
2026-10-04T20:37:21.3138013Z ##[warning]  35:21  warning  Expected parentheses around arrow function argument  arrow-parens
2026-10-04T20:37:21.3138846Z ##[warning]  43:21  warning  Expected parentheses around arrow function argument  arrow-parens
2026-10-04T20:37:21.3139670Z ##[warning]  59:21  warning  Expected parentheses around arrow function argument  arrow-parens
2026-10-04T20:37:21.3140500Z ##[warning]  68:41  warning  Expected parentheses around arrow function argument  arrow-parens
2026-10-04T20:37:21.3141316Z ##[warning]  71:41  warning  Expected parentheses around arrow function argument  arrow-parens
2026-10-04T20:37:21.3142789Z ##[warning]  74:36  warning  Expected parentheses around arrow function argument  arrow-parens
2026-10-04T20:37:21.3143169Z 
2026-10-04T20:37:21.3143537Z ~/work/scratch-editor/scratch-editor/packages/scratch-gui/src/gui-config.ts
2026-10-04T20:37:21.3144406Z ##[warning]  138:1  warning  Expected only 0 lines after block description  jsdoc/tag-lines
2026-10-04T20:37:21.3145261Z ##[warning]  201:5  warning  Prop type "object" is forbidden                react/forbid-prop-types
2026-10-04T20:37:21.3145642Z 
2026-10-04T20:37:21.3146046Z ~/work/scratch-editor/scratch-editor/packages/scratch-gui/src/hooks/use-focus-trap.js
2026-10-04T20:37:21.3147034Z ##[warning]  17:18  warning  Expected parentheses around arrow function argument  arrow-parens
2026-10-04T20:37:21.3147890Z ##[warning]  20:39  warning  Expected parentheses around arrow function argument  arrow-parens
2026-10-04T20:37:21.3148258Z 
2026-10-04T20:37:21.3148692Z ~/work/scratch-editor/scratch-editor/packages/scratch-gui/src/hooks/use-menu-navigation.js
2026-10-04T20:37:21.3149611Z ##[warning]   64:40  warning  Expected parentheses around arrow function argument  arrow-parens
2026-10-04T20:37:21.3150450Z ##[warning]   89:74  warning  Expected parentheses around arrow function argument  arrow-parens
2026-10-04T20:37:21.3151282Z ##[warning]   92:38  warning  Expected parentheses around arrow function argument  arrow-parens
2026-10-04T20:37:21.3152390Z ##[warning]  109:42  warning  'wrapper' is defined but never used                  @typescript-eslint/no-unused-vars
2026-10-04T20:37:21.3153299Z ##[warning]  118:35  warning  Expected parentheses around arrow function argument  arrow-parens
2026-10-04T20:37:21.3154139Z ##[warning]  143:39  warning  Expected parentheses around arrow function argument  arrow-parens
2026-10-04T20:37:21.3154979Z ##[warning]  154:36  warning  Expected parentheses around arrow function argument  arrow-parens
2026-10-04T20:37:21.3155815Z ##[warning]  163:47  warning  Expected parentheses around arrow function argument  arrow-parens
2026-10-04T20:37:21.3156664Z ##[warning]  210:39  warning  Expected parentheses around arrow function argument  arrow-parens
2026-10-04T20:37:21.3157027Z 
2026-10-04T20:37:21.3157416Z ~/work/scratch-editor/scratch-editor/packages/scratch-gui/src/index-standalone.tsx
2026-10-04T20:37:21.3158856Z ##[warning]  34:1   warning  Missing JSDoc @param "root0" description                                                                                                       jsdoc/require-param-description
2026-10-04T20:37:21.3160255Z ##[warning]  34:1   warning  Missing JSDoc @param "root0" type                                                                                                              jsdoc/require-param-type
2026-10-04T20:37:21.3161867Z ##[warning]  35:1   warning  Missing JSDoc @param "root0.wrappers" description                                                                                              jsdoc/require-param-description
2026-10-04T20:37:21.3163334Z ##[warning]  35:1   warning  Missing JSDoc @param "root0.wrappers" type                                                                                                     jsdoc/require-param-type
2026-10-04T20:37:21.3164945Z ##[warning]  36:1   warning  Syntax error in type: { render: function(props: GUIProps): void, unmount: function(): void }                                                   jsdoc/valid-types
2026-10-04T20:37:21.3166724Z ##[warning]  53:13  warning  ReactDOM.render is deprecated since React 18.0.0, use createRoot instead, see https://reactjs.org/link/switch-to-createroot                    react/no-deprecated
2026-10-04T20:37:21.3168595Z ##[warning]  63:13  warning  ReactDOM.unmountComponentAtNode is deprecated since React 18.0.0, use root.unmount instead, see https://reactjs.org/link/switch-to-createroot  react/no-deprecated
2026-10-04T20:37:21.3169297Z 
2026-10-04T20:37:21.3169687Z ~/work/scratch-editor/scratch-editor/packages/scratch-gui/src/lib/alerts/index.jsx
2026-10-04T20:37:21.3170941Z ##[warning]  191:24  warning  Expected parentheses around arrow function argument  arrow-parens
2026-10-04T20:37:21.3171314Z 
2026-10-04T20:37:21.3172009Z ~/work/scratch-editor/scratch-editor/packages/scratch-gui/src/lib/app-state-hoc.jsx
2026-10-04T20:37:21.3172953Z ##[warning]  14:1  warning  The type 'GUIConfigFactory' is undefined  jsdoc/no-undefined-types
2026-10-04T20:37:21.3173322Z 
2026-10-04T20:37:21.3173773Z ~/work/scratch-editor/scratch-editor/packages/scratch-gui/src/lib/app-state-provider-hoc.jsx
2026-10-04T20:37:21.3175085Z ##[warning]  31:17  warning  'isFullScreen' is assigned a value but never used. Allowed unused vars must match /^_/u        @typescript-eslint/no-unused-vars
2026-10-04T20:37:21.3176487Z ##[warning]  32:17  warning  'isPlayerOnly' is assigned a value but never used. Allowed unused vars must match /^_/u        @typescript-eslint/no-unused-vars
2026-10-04T20:37:21.3177897Z ##[warning]  33:17  warning  'showTelemetryModal' is assigned a value but never used. Allowed unused vars must match /^_/u  @typescript-eslint/no-unused-vars
2026-10-04T20:37:21.3179292Z ##[warning]  34:17  warning  'isEmbedded' is assigned a value but never used. Allowed unused vars must match /^_/u          @typescript-eslint/no-unused-vars
2026-10-04T20:37:21.3179845Z 
2026-10-04T20:37:21.3180282Z ~/work/scratch-editor/scratch-editor/packages/scratch-gui/src/lib/audio/audio-recorder.js
2026-10-04T20:37:21.3181301Z ##[warning]  27:23  warning  Expected parentheses around arrow function argument  arrow-parens
2026-10-04T20:37:21.3182676Z ##[warning]  34:24  warning  Expected parentheses around arrow function argument  arrow-parens
2026-10-04T20:37:21.3183539Z ##[warning]  56:51  warning  Expected parentheses around arrow function argument  arrow-parens
2026-10-04T20:37:21.3183909Z 
2026-10-04T20:37:21.3184315Z ~/work/scratch-editor/scratch-editor/packages/scratch-gui/src/lib/audio/audio-util.js
2026-10-04T20:37:21.3185223Z ##[warning]  32:13  warning  Expected parentheses around arrow function argument  arrow-parens
2026-10-04T20:37:21.3186058Z ##[warning]  97:30  warning  Expected parentheses around arrow function argument  arrow-parens
2026-10-04T20:37:21.3186426Z 
2026-10-04T20:37:21.3187020Z ~/work/scratch-editor/scratch-editor/packages/scratch-gui/src/lib/backpack/block-to-image.js
2026-10-04T20:37:21.3188043Z ##[warning]  24:24  warning  Expected parentheses around arrow function argument  arrow-parens
2026-10-04T20:37:21.3188409Z 
2026-10-04T20:37:21.3188836Z ~/work/scratch-editor/scratch-editor/packages/scratch-gui/src/lib/backpack/code-payload.js
2026-10-04T20:37:21.3189759Z ##[warning]  17:15  warning  Expected parentheses around arrow function argument  arrow-parens
2026-10-04T20:37:21.3190122Z 
2026-10-04T20:37:21.3190564Z ~/work/scratch-editor/scratch-editor/packages/scratch-gui/src/lib/backpack/costume-payload.js
2026-10-04T20:37:21.3191683Z ##[warning]  33:51  warning  Expected parentheses around arrow function argument  arrow-parens
2026-10-04T20:37:21.3192076Z 
2026-10-04T20:37:21.3192516Z ~/work/scratch-editor/scratch-editor/packages/scratch-gui/src/lib/backpack/jpeg-thumbnail.js
2026-10-04T20:37:21.3193475Z ##[warning]   1:23  warning  Expected parentheses around arrow function argument   arrow-parens
2026-10-04T20:37:21.3194340Z ##[warning]  29:21  warning  Expected parentheses around arrow function argument   arrow-parens
2026-10-04T20:37:21.3195359Z ##[warning]  30:9   warning  Expected the Promise rejection reason to be an Error  @typescript-eslint/prefer-promise-reject-errors
2026-10-04T20:37:21.3195855Z 
2026-10-04T20:37:21.3196353Z ~/work/scratch-editor/scratch-editor/packages/scratch-gui/src/lib/backpack/payload-serializable-data.ts
2026-10-04T20:37:21.3197260Z ##[warning]  38:5  warning  Missing JSDoc @returns declaration  jsdoc/require-returns
2026-10-04T20:37:21.3198010Z ##[warning]  45:5  warning  Missing JSDoc @returns declaration  jsdoc/require-returns
2026-10-04T20:37:21.3212951Z 
2026-10-04T20:37:21.3213467Z ~/work/scratch-editor/scratch-editor/packages/scratch-gui/src/lib/backpack/sound-payload.js
2026-10-04T20:37:21.3214600Z ##[warning]   3:22  warning  Expected parentheses around arrow function argument  arrow-parens
2026-10-04T20:37:21.3215531Z ##[warning]  32:24  warning  Expected parentheses around arrow function argument  arrow-parens
2026-10-04T20:37:21.3215909Z 
2026-10-04T20:37:21.3216381Z ~/work/scratch-editor/scratch-editor/packages/scratch-gui/src/lib/backpack/sprite-payload.js
2026-10-04T20:37:21.3217354Z ##[warning]  10:12  warning  Expected parentheses around arrow function argument  arrow-parens
2026-10-04T20:37:21.3218226Z ##[warning]  22:51  warning  Expected parentheses around arrow function argument  arrow-parens
2026-10-04T20:37:21.3218589Z 
2026-10-04T20:37:21.3219085Z ~/work/scratch-editor/scratch-editor/packages/scratch-gui/src/lib/blockly-input-editing-shortcuts.js
2026-10-04T20:37:21.3220090Z ##[warning]  1:48  warning  Expected parentheses around arrow function argument  arrow-parens
2026-10-04T20:37:21.3220467Z 
2026-10-04T20:37:21.3220840Z ~/work/scratch-editor/scratch-editor/packages/scratch-gui/src/lib/blocks.js
2026-10-04T20:37:21.3222170Z ##[warning]    6:1   warning  The type 'VirtualMachine' is undefined               jsdoc/no-undefined-types
2026-10-04T20:37:21.3223216Z ##[warning]    7:1   warning  The type 'ScratchBlocks' is undefined                jsdoc/no-undefined-types
2026-10-04T20:37:21.3224130Z ##[warning]   75:55  warning  Expected parentheses around arrow function argument  arrow-parens
2026-10-04T20:37:21.3224999Z ##[warning]   86:55  warning  Expected parentheses around arrow function argument  arrow-parens
2026-10-04T20:37:21.3225848Z ##[warning]   96:60  warning  Expected parentheses around arrow function argument  arrow-parens
2026-10-04T20:37:21.3226697Z ##[warning]  107:44  warning  Expected parentheses around arrow function argument  arrow-parens
2026-10-04T20:37:21.3227579Z ##[warning]  143:50  warning  Expected parentheses around arrow function argument  arrow-parens
2026-10-04T20:37:21.3228441Z ##[warning]  212:37  warning  Expected parentheses around arrow function argument  arrow-parens
2026-10-04T20:37:21.3229311Z ##[warning]  257:73  warning  Expected parentheses around arrow function argument  arrow-parens
2026-10-04T20:37:21.3230361Z ##[warning]  277:75  warning  Expected parentheses around arrow function argument  arrow-parens
2026-10-04T20:37:21.3230752Z 
2026-10-04T20:37:21.3231171Z ~/work/scratch-editor/scratch-editor/packages/scratch-gui/src/lib/bmp-converter.js
2026-10-04T20:37:21.3232319Z ##[warning]  1:16  warning  Expected parentheses around arrow function argument  arrow-parens
2026-10-04T20:37:21.3233179Z ##[warning]  1:40  warning  Expected parentheses around arrow function argument  arrow-parens
2026-10-04T20:37:21.3233547Z 
2026-10-04T20:37:21.3234025Z ~/work/scratch-editor/scratch-editor/packages/scratch-gui/src/lib/browser-storage-persistence.js
2026-10-04T20:37:21.3235002Z ##[warning]  22:16  warning  Expected parentheses around arrow function argument  arrow-parens
2026-10-04T20:37:21.3235851Z ##[warning]  38:16  warning  Expected parentheses around arrow function argument  arrow-parens
2026-10-04T20:37:21.3236215Z 
2026-10-04T20:37:21.3236636Z ~/work/scratch-editor/scratch-editor/packages/scratch-gui/src/lib/cloud-manager-hoc.jsx
2026-10-04T20:37:21.3237945Z ##[warning]  136:17  warning  'canModifyCloudData' is assigned a value but never used. Allowed unused vars must match /^_/u  @typescript-eslint/no-unused-vars
2026-10-04T20:37:21.3239357Z ##[warning]  137:17  warning  'cloudHost' is assigned a value but never used. Allowed unused vars must match /^_/u           @typescript-eslint/no-unused-vars
2026-10-04T20:37:21.3240747Z ##[warning]  138:17  warning  'projectId' is assigned a value but never used. Allowed unused vars must match /^_/u           @typescript-eslint/no-unused-vars
2026-10-04T20:37:21.3242552Z ##[warning]  139:17  warning  'hasCloudPermission' is assigned a value but never used. Allowed unused vars must match /^_/u  @typescript-eslint/no-unused-vars
2026-10-04T20:37:21.3243972Z ##[warning]  140:17  warning  'isShowingWithId' is assigned a value but never used. Allowed unused vars must match /^_/u     @typescript-eslint/no-unused-vars
2026-10-04T20:37:21.3245383Z ##[warning]  141:17  warning  'onShowCloudInfo' is assigned a value but never used. Allowed unused vars must match /^_/u     @typescript-eslint/no-unused-vars
2026-10-04T20:37:21.3246695Z ##[warning]  203:32  warning  Expected parentheses around arrow function argument                                            arrow-parens
2026-10-04T20:37:21.3247180Z 
2026-10-04T20:37:21.3247579Z ~/work/scratch-editor/scratch-editor/packages/scratch-gui/src/lib/cloud-provider.ts
2026-10-04T20:37:21.3248595Z ##[warning]   24:1   warning  The type 'VirtualMachine' is undefined                            jsdoc/no-undefined-types
2026-10-04T20:37:21.3249658Z ##[warning]   63:1   warning  @param "cloudHost" does not match an existing function parameter  jsdoc/check-param-names
2026-10-04T20:37:21.3250696Z ##[warning]   71:30  warning  Expected parentheses around arrow function argument               arrow-parens
2026-10-04T20:37:21.3252019Z ##[warning]   73:22  warning  Expected parentheses around arrow function argument               arrow-parens
2026-10-04T20:37:21.3253054Z ##[warning]  106:43  warning  Expected parentheses around arrow function argument               arrow-parens
2026-10-04T20:37:21.3254029Z ##[warning]  123:33  warning  Expected parentheses around arrow function argument               arrow-parens
2026-10-04T20:37:21.3255050Z ##[warning]  148:1   warning  Prefer a more specific type to `Function`                         jsdoc/reject-function-type
2026-10-04T20:37:21.3255491Z 
2026-10-04T20:37:21.3255906Z ~/work/scratch-editor/scratch-editor/packages/scratch-gui/src/lib/collect-metadata.js
2026-10-04T20:37:21.3257025Z ##[warning]  1:1  warning  Missing JSDoc @returns declaration                                                           jsdoc/require-returns
2026-10-04T20:37:21.3258266Z ##[warning]  3:1  warning  Expected @param names to be "vm, projectName, locale". Got "event, vm, projectName, locale"  jsdoc/check-param-names
2026-10-04T20:37:21.3259653Z ##[warning]  4:1  warning  Missing JSDoc @param "vm" description                                                        jsdoc/require-param-description
2026-10-04T20:37:21.3260777Z ##[warning]  4:1  warning  Missing JSDoc @param "vm" type                                                               jsdoc/require-param-type
2026-10-04T20:37:21.3262339Z ##[warning]  5:1  warning  Missing JSDoc @param "projectName" description                                               jsdoc/require-param-description
2026-10-04T20:37:21.3263611Z ##[warning]  5:1  warning  Missing JSDoc @param "projectName" type                                                      jsdoc/require-param-type
2026-10-04T20:37:21.3264856Z ##[warning]  6:1  warning  Missing JSDoc @param "locale" description                                                    jsdoc/require-param-description
2026-10-04T20:37:21.3266000Z ##[warning]  6:1  warning  Missing JSDoc @param "locale" type                                                           jsdoc/require-param-type
2026-10-04T20:37:21.3266448Z 
2026-10-04T20:37:21.3266963Z ~/work/scratch-editor/scratch-editor/packages/scratch-gui/src/lib/configure-mcremote-block-rendering.js
2026-10-04T20:37:21.3267958Z ##[warning]   8:38  warning  Expected parentheses around arrow function argument  arrow-parens
2026-10-04T20:37:21.3268817Z ##[warning]  11:59  warning  Expected parentheses around arrow function argument  arrow-parens
2026-10-04T20:37:21.3269182Z 
2026-10-04T20:37:21.3269640Z ~/work/scratch-editor/scratch-editor/packages/scratch-gui/src/lib/connected-intl-provider.jsx
2026-10-04T20:37:21.3270578Z ##[warning]  4:25  warning  Expected parentheses around arrow function argument  arrow-parens
2026-10-04T20:37:21.3271205Z 
2026-10-04T20:37:21.3271934Z ~/work/scratch-editor/scratch-editor/packages/scratch-gui/src/lib/default-project/project-data.ts
2026-10-04T20:37:21.3272948Z ##[warning]  12:1  warning  Syntax error in type: function  jsdoc/valid-types
2026-10-04T20:37:21.3273261Z 
2026-10-04T20:37:21.3273701Z ~/work/scratch-editor/scratch-editor/packages/scratch-gui/src/lib/define-dynamic-block.js
2026-10-04T20:37:21.3274570Z ##[warning]  5:1  warning  Missing JSDoc @returns declaration  jsdoc/require-returns
2026-10-04T20:37:21.3274903Z 
2026-10-04T20:37:21.3275282Z ~/work/scratch-editor/scratch-editor/packages/scratch-gui/src/lib/drag-utils.js
2026-10-04T20:37:21.3276179Z ##[warning]  15:1   warning  The type 'bool' is undefined                         jsdoc/no-undefined-types
2026-10-04T20:37:21.3277058Z ##[warning]  21:53  warning  Expected parentheses around arrow function argument  arrow-parens
2026-10-04T20:37:21.3277912Z ##[warning]  22:54  warning  Expected parentheses around arrow function argument  arrow-parens
2026-10-04T20:37:21.3278751Z ##[warning]  23:52  warning  Expected parentheses around arrow function argument  arrow-parens
2026-10-04T20:37:21.3279594Z ##[warning]  24:55  warning  Expected parentheses around arrow function argument  arrow-parens
2026-10-04T20:37:21.3279958Z 
2026-10-04T20:37:21.3280351Z ~/work/scratch-editor/scratch-editor/packages/scratch-gui/src/lib/drop-area-hoc.jsx
2026-10-04T20:37:21.3282203Z ##[warning]   26:1   warning  Syntax error in type: function                                                                                                                                                                                                                                                                               jsdoc/valid-types
2026-10-04T20:37:21.3285405Z ##[warning]   50:13  warning  componentWillReceiveProps is deprecated since React 16.9.0, use UNSAFE_componentWillReceiveProps instead, see https://reactjs.org/docs/react-component.html#unsafe_componentwillreceiveprops. Use https://github.com/reactjs/react-codemod#rename-unsafe-lifecycles to automatically update your components  react/no-deprecated
2026-10-04T20:37:21.3288242Z ##[warning]  105:33  warning  Expected parentheses around arrow function argument                                                                                                                                                                                                                                                          arrow-parens
2026-10-04T20:37:21.3288997Z 
2026-10-04T20:37:21.3289383Z ~/work/scratch-editor/scratch-editor/packages/scratch-gui/src/lib/empty-assets.js
2026-10-04T20:37:21.3290279Z ##[warning]  11:22  warning  Expected parentheses around arrow function argument  arrow-parens
2026-10-04T20:37:21.3290646Z 
2026-10-04T20:37:21.3291064Z ~/work/scratch-editor/scratch-editor/packages/scratch-gui/src/lib/error-boundary-hoc.jsx
2026-10-04T20:37:21.3292318Z ##[warning]  17:38  warning  Expected parentheses around arrow function argument  arrow-parens
2026-10-04T20:37:21.3292692Z 
2026-10-04T20:37:21.3293080Z ~/work/scratch-editor/scratch-editor/packages/scratch-gui/src/lib/file-uploader.js
2026-10-04T20:37:21.3293998Z ##[warning]   21:1   warning  The type 'Input' is undefined                        jsdoc/no-undefined-types
2026-10-04T20:37:21.3294936Z ##[warning]   22:1   warning  Prefer a more specific type to `Function`            jsdoc/reject-function-type
2026-10-04T20:37:21.3295865Z ##[warning]   23:1   warning  Prefer a more specific type to `Function`            jsdoc/reject-function-type
2026-10-04T20:37:21.3296780Z ##[warning]   63:1   warning  The type 'ScratchStorage' is undefined               jsdoc/no-undefined-types
2026-10-04T20:37:21.3297677Z ##[warning]   64:1   warning  The type 'AssetType' is undefined                    jsdoc/no-undefined-types
2026-10-04T20:37:21.3298560Z ##[warning]   67:1   warning  The type 'UInt8Array' is undefined                   jsdoc/no-undefined-types
2026-10-04T20:37:21.3299634Z ##[warning]   94:1   warning  The type 'ScratchStorage' is undefined               jsdoc/no-undefined-types
2026-10-04T20:37:21.3300564Z ##[warning]   95:1   warning  Prefer a more specific type to `Function`            jsdoc/reject-function-type
2026-10-04T20:37:21.3301772Z ##[warning]   98:1   warning  Prefer a more specific type to `Function`            jsdoc/reject-function-type
2026-10-04T20:37:21.3302832Z ##[warning]  120:37  warning  Expected parentheses around arrow function argument  arrow-parens
2026-10-04T20:37:21.3303710Z ##[warning]  133:58  warning  Expected parentheses around arrow function argument  arrow-parens
2026-10-04T20:37:21.3304604Z ##[warning]  176:1   warning  The type 'ScratchStorage' is undefined               jsdoc/no-undefined-types
2026-10-04T20:37:21.3305538Z ##[warning]  177:1   warning  Prefer a more specific type to `Function`            jsdoc/reject-function-type
2026-10-04T20:37:21.3306480Z ##[warning]  180:1   warning  Prefer a more specific type to `Function`            jsdoc/reject-function-type
2026-10-04T20:37:21.3307363Z ##[warning]  225:52  warning  Expected parentheses around arrow function argument  arrow-parens
2026-10-04T20:37:21.3307735Z 
2026-10-04T20:37:21.3308153Z ~/work/scratch-editor/scratch-editor/packages/scratch-gui/src/lib/font-loader-hoc.jsx
2026-10-04T20:37:21.3309078Z ##[warning]  77:29  warning  Expected parentheses around arrow function argument  arrow-parens
2026-10-04T20:37:21.3309934Z ##[warning]  80:32  warning  Expected parentheses around arrow function argument  arrow-parens
2026-10-04T20:37:21.3310298Z 
2026-10-04T20:37:21.3310683Z ~/work/scratch-editor/scratch-editor/packages/scratch-gui/src/lib/gif-decoder.js
2026-10-04T20:37:21.3311743Z ##[warning]  14:23  warning  Expected parentheses around arrow function argument  arrow-parens
2026-10-04T20:37:21.3312118Z 
2026-10-04T20:37:21.3312534Z ~/work/scratch-editor/scratch-editor/packages/scratch-gui/src/lib/hash-parser-hoc.jsx
2026-10-04T20:37:21.3313889Z ##[warning]  47:38  warning  'isFetchingWithoutIdProp' is assigned a value but never used. Allowed unused vars must match /^_/u  @typescript-eslint/no-unused-vars
2026-10-04T20:37:21.3315525Z ##[warning]  48:17  warning  'reduxProjectId' is assigned a value but never used. Allowed unused vars must match /^_/u           @typescript-eslint/no-unused-vars
2026-10-04T20:37:21.3316997Z ##[warning]  49:31  warning  'setProjectIdProp' is assigned a value but never used. Allowed unused vars must match /^_/u         @typescript-eslint/no-unused-vars
2026-10-04T20:37:21.3318332Z ##[warning]  65:29  warning  Expected parentheses around arrow function argument                                                 arrow-parens
2026-10-04T20:37:21.3319575Z ##[warning]  72:32  warning  Expected parentheses around arrow function argument                                                 arrow-parens
2026-10-04T20:37:21.3320809Z ##[warning]  73:23  warning  Expected parentheses around arrow function argument                                                 arrow-parens
2026-10-04T20:37:21.3321289Z 
2026-10-04T20:37:21.3321841Z ~/work/scratch-editor/scratch-editor/packages/scratch-gui/src/lib/import-csv.js
2026-10-04T20:37:21.3322763Z ##[warning]   7:26  warning  Expected parentheses around arrow function argument   arrow-parens
2026-10-04T20:37:21.3323632Z ##[warning]  11:23  warning  Expected parentheses around arrow function argument   arrow-parens
2026-10-04T20:37:21.3324476Z ##[warning]  15:20  warning  Expected parentheses around arrow function argument   arrow-parens
2026-10-04T20:37:21.3325489Z ##[warning]  17:17  warning  Expected the Promise rejection reason to be an Error  @typescript-eslint/prefer-promise-reject-errors
2026-10-04T20:37:21.3325975Z 
2026-10-04T20:37:21.3326427Z ~/work/scratch-editor/scratch-editor/packages/scratch-gui/src/lib/indexeddb-local-database.js
2026-10-04T20:37:21.3327514Z ##[warning]  23:27  warning  Expected parentheses around arrow function argument  arrow-parens
2026-10-04T20:37:21.3327885Z 
2026-10-04T20:37:21.3328330Z ~/work/scratch-editor/scratch-editor/packages/scratch-gui/src/lib/indexeddb-project-store.js
2026-10-04T20:37:21.3329281Z ##[warning]   30:23  warning  Expected parentheses around arrow function argument   arrow-parens
2026-10-04T20:37:21.3330221Z ##[warning]   69:1   warning  Missing JSDoc @returns description                    jsdoc/require-returns-description
2026-10-04T20:37:21.3331138Z ##[warning]   72:34  warning  Expected parentheses around arrow function argument   arrow-parens
2026-10-04T20:37:21.3332318Z ##[warning]  103:34  warning  Expected parentheses around arrow function argument   arrow-parens
2026-10-04T20:37:21.3333189Z ##[warning]  130:34  warning  Expected parentheses around arrow function argument   arrow-parens
2026-10-04T20:37:21.3334216Z ##[warning]  137:21  warning  Expected the Promise rejection reason to be an Error  @typescript-eslint/prefer-promise-reject-errors
2026-10-04T20:37:21.3335206Z ##[warning]  158:34  warning  Expected parentheses around arrow function argument   arrow-parens
2026-10-04T20:37:21.3335574Z 
2026-10-04T20:37:21.3336016Z ~/work/scratch-editor/scratch-editor/packages/scratch-gui/src/lib/indexeddb-sprite-store.js
2026-10-04T20:37:21.3336962Z ##[warning]   25:23  warning  Expected parentheses around arrow function argument   arrow-parens
2026-10-04T20:37:21.3337889Z ##[warning]   62:1   warning  Missing JSDoc @returns description                    jsdoc/require-returns-description
2026-10-04T20:37:21.3338793Z ##[warning]   65:34  warning  Expected parentheses around arrow function argument   arrow-parens
2026-10-04T20:37:21.3339639Z ##[warning]   95:34  warning  Expected parentheses around arrow function argument   arrow-parens
2026-10-04T20:37:21.3340486Z ##[warning]  122:34  warning  Expected parentheses around arrow function argument   arrow-parens
2026-10-04T20:37:21.3341792Z ##[warning]  129:21  warning  Expected the Promise rejection reason to be an Error  @typescript-eslint/prefer-promise-reject-errors
2026-10-04T20:37:21.3342893Z ##[warning]  148:34  warning  Expected parentheses around arrow function argument   arrow-parens
2026-10-04T20:37:21.3343270Z 
2026-10-04T20:37:21.3343867Z ~/work/scratch-editor/scratch-editor/packages/scratch-gui/src/lib/legacy-backpack-storage.ts
2026-10-04T20:37:21.3344851Z ##[warning]   59:5   warning  Missing JSDoc @param "session" declaration           jsdoc/require-param
2026-10-04T20:37:21.3345729Z ##[warning]  106:42  warning  Expected parentheses around arrow function argument  arrow-parens
2026-10-04T20:37:21.3346103Z 
2026-10-04T20:37:21.3346495Z ~/work/scratch-editor/scratch-editor/packages/scratch-gui/src/lib/legacy-storage.ts
2026-10-04T20:37:21.3347378Z ##[warning]   96:38  warning  Expected parentheses around arrow function argument  arrow-parens
2026-10-04T20:37:21.3348216Z ##[warning]  124:13  warning  Expected parentheses around arrow function argument  arrow-parens
2026-10-04T20:37:21.3348588Z 
2026-10-04T20:37:21.3349066Z ~/work/scratch-editor/scratch-editor/packages/scratch-gui/src/lib/libraries/decks/translate-image.js
2026-10-04T20:37:21.3350183Z ##[warning]  81:19  warning  Expected parentheses around arrow function argument  arrow-parens
2026-10-04T20:37:21.3350552Z 
2026-10-04T20:37:21.3350954Z ~/work/scratch-editor/scratch-editor/packages/scratch-gui/src/lib/local-project-id.js
2026-10-04T20:37:21.3352052Z ##[warning]  28:23  warning  Expected parentheses around arrow function argument  arrow-parens
2026-10-04T20:37:21.3352895Z ##[warning]  65:32  warning  Expected parentheses around arrow function argument  arrow-parens
2026-10-04T20:37:21.3353260Z 
2026-10-04T20:37:21.3353710Z ~/work/scratch-editor/scratch-editor/packages/scratch-gui/src/lib/local-project-saver-hoc.jsx
2026-10-04T20:37:21.3354937Z ##[warning]  117:23  warning  Expected parentheses around arrow function argument                                                   arrow-parens
2026-10-04T20:37:21.3356354Z ##[warning]  128:24  warning  Expected parentheses around arrow function argument                                                   arrow-parens
2026-10-04T20:37:21.3357617Z ##[warning]  143:24  warning  Expected parentheses around arrow function argument                                                   arrow-parens
2026-10-04T20:37:21.3358869Z ##[warning]  152:23  warning  Expected parentheses around arrow function argument                                                   arrow-parens
2026-10-04T20:37:21.3360100Z ##[warning]  157:31  warning  Expected parentheses around arrow function argument                                                   arrow-parens
2026-10-04T20:37:21.3361336Z ##[warning]  167:24  warning  Expected parentheses around arrow function argument                                                   arrow-parens
2026-10-04T20:37:21.3362773Z ##[warning]  183:24  warning  Expected parentheses around arrow function argument                                                   arrow-parens
2026-10-04T20:37:21.3364197Z ##[warning]  191:17  warning  'isLoading' is assigned a value but never used. Allowed unused vars must match /^_/u                  @typescript-eslint/no-unused-vars
2026-10-04T20:37:21.3365688Z ##[warning]  192:17  warning  'pendingDeleteId' is assigned a value but never used. Allowed unused vars must match /^_/u            @typescript-eslint/no-unused-vars
2026-10-04T20:37:21.3367164Z ##[warning]  193:17  warning  'pendingRestoreId' is assigned a value but never used. Allowed unused vars must match /^_/u           @typescript-eslint/no-unused-vars
2026-10-04T20:37:21.3368626Z ##[warning]  194:17  warning  'projectChanged' is assigned a value but never used. Allowed unused vars must match /^_/u             @typescript-eslint/no-unused-vars
2026-10-04T20:37:21.3370094Z ##[warning]  195:17  warning  'onLocalProjectsBusy' is assigned a value but never used. Allowed unused vars must match /^_/u        @typescript-eslint/no-unused-vars
2026-10-04T20:37:21.3371915Z ##[warning]  196:17  warning  'onLocalProjectsError' is assigned a value but never used. Allowed unused vars must match /^_/u       @typescript-eslint/no-unused-vars
2026-10-04T20:37:21.3373622Z ##[warning]  197:17  warning  'onLocalProjectsIdle' is assigned a value but never used. Allowed unused vars must match /^_/u        @typescript-eslint/no-unused-vars
2026-10-04T20:37:21.3375135Z ##[warning]  198:17  warning  'onSetProjectTitle' is assigned a value but never used. Allowed unused vars must match /^_/u          @typescript-eslint/no-unused-vars
2026-10-04T20:37:21.3376632Z ##[warning]  199:17  warning  'onSetProjectUnchanged' is assigned a value but never used. Allowed unused vars must match /^_/u      @typescript-eslint/no-unused-vars
2026-10-04T20:37:21.3378148Z ##[warning]  200:17  warning  'onUpdateLocalProjectsList' is assigned a value but never used. Allowed unused vars must match /^_/u  @typescript-eslint/no-unused-vars
2026-10-04T20:37:21.3379644Z ##[warning]  201:17  warning  'reduxProjectTitle' is assigned a value but never used. Allowed unused vars must match /^_/u          @typescript-eslint/no-unused-vars
2026-10-04T20:37:21.3381010Z ##[warning]  225:29  warning  Expected parentheses around arrow function argument                                                   arrow-parens
2026-10-04T20:37:21.3382732Z ##[warning]  233:32  warning  Expected parentheses around arrow function argument                                                   arrow-parens
2026-10-04T20:37:21.3383998Z ##[warning]  235:31  warning  Expected parentheses around arrow function argument                                                   arrow-parens
2026-10-04T20:37:21.3385244Z ##[warning]  237:28  warning  Expected parentheses around arrow function argument                                                   arrow-parens
2026-10-04T20:37:21.3385730Z 
2026-10-04T20:37:21.3386179Z ~/work/scratch-editor/scratch-editor/packages/scratch-gui/src/lib/local-sprite-saver-hoc.jsx
2026-10-04T20:37:21.3387550Z ##[warning]   59:24  warning  Expected parentheses around arrow function argument                                                  arrow-parens
2026-10-04T20:37:21.3388804Z ##[warning]   79:23  warning  Expected parentheses around arrow function argument                                                  arrow-parens
2026-10-04T20:37:21.3390046Z ##[warning]   87:24  warning  Expected parentheses around arrow function argument                                                  arrow-parens
2026-10-04T20:37:21.3391301Z ##[warning]   96:23  warning  Expected parentheses around arrow function argument                                                  arrow-parens
2026-10-04T20:37:21.3392714Z ##[warning]  101:31  warning  Expected parentheses around arrow function argument                                                  arrow-parens
2026-10-04T20:37:21.3393955Z ##[warning]  104:24  warning  Expected parentheses around arrow function argument                                                  arrow-parens
2026-10-04T20:37:21.3395200Z ##[warning]  114:24  warning  Expected parentheses around arrow function argument                                                  arrow-parens
2026-10-04T20:37:21.3396587Z ##[warning]  122:17  warning  'pendingDeleteId' is assigned a value but never used. Allowed unused vars must match /^_/u           @typescript-eslint/no-unused-vars
2026-10-04T20:37:21.3398072Z ##[warning]  123:17  warning  'pendingRestoreId' is assigned a value but never used. Allowed unused vars must match /^_/u          @typescript-eslint/no-unused-vars
2026-10-04T20:37:21.3399552Z ##[warning]  124:17  warning  'pendingSaveTargetId' is assigned a value but never used. Allowed unused vars must match /^_/u       @typescript-eslint/no-unused-vars
2026-10-04T20:37:21.3401023Z ##[warning]  125:17  warning  'onLocalSpritesBusy' is assigned a value but never used. Allowed unused vars must match /^_/u        @typescript-eslint/no-unused-vars
2026-10-04T20:37:21.3402650Z ##[warning]  126:17  warning  'onLocalSpritesError' is assigned a value but never used. Allowed unused vars must match /^_/u       @typescript-eslint/no-unused-vars
2026-10-04T20:37:21.3404137Z ##[warning]  127:17  warning  'onLocalSpritesIdle' is assigned a value but never used. Allowed unused vars must match /^_/u        @typescript-eslint/no-unused-vars
2026-10-04T20:37:21.3405760Z ##[warning]  128:17  warning  'onUpdateLocalSpritesList' is assigned a value but never used. Allowed unused vars must match /^_/u  @typescript-eslint/no-unused-vars
2026-10-04T20:37:21.3407146Z ##[warning]  148:29  warning  Expected parentheses around arrow function argument                                                  arrow-parens
2026-10-04T20:37:21.3408393Z ##[warning]  154:32  warning  Expected parentheses around arrow function argument                                                  arrow-parens
2026-10-04T20:37:21.3409632Z ##[warning]  156:30  warning  Expected parentheses around arrow function argument                                                  arrow-parens
2026-10-04T20:37:21.3410129Z 
2026-10-04T20:37:21.3410528Z ~/work/scratch-editor/scratch-editor/packages/scratch-gui/src/lib/local-storage.js
2026-10-04T20:37:21.3411709Z ##[warning]  6:16  warning  Expected parentheses around arrow function argument  arrow-parens
2026-10-04T20:37:21.3412184Z 
2026-10-04T20:37:21.3412588Z ~/work/scratch-editor/scratch-editor/packages/scratch-gui/src/lib/locale-utils.js
2026-10-04T20:37:21.3413573Z ##[warning]  23:1   warning  The type 'bool' is undefined                         jsdoc/no-undefined-types
2026-10-04T20:37:21.3414446Z ##[warning]  26:22  warning  Expected parentheses around arrow function argument  arrow-parens
2026-10-04T20:37:21.3414812Z 
2026-10-04T20:37:21.3415224Z ~/work/scratch-editor/scratch-editor/packages/scratch-gui/src/lib/localization-hoc.jsx
2026-10-04T20:37:21.3416461Z ##[warning]  23:17  warning  'locale' is assigned a value but never used. Allowed unused vars must match /^_/u         @typescript-eslint/no-unused-vars
2026-10-04T20:37:21.3418041Z ##[warning]  24:17  warning  'onSetLanguage' is assigned a value but never used. Allowed unused vars must match /^_/u  @typescript-eslint/no-unused-vars
2026-10-04T20:37:21.3419315Z ##[warning]  43:29  warning  Expected parentheses around arrow function argument                                       arrow-parens
2026-10-04T20:37:21.3419793Z 
2026-10-04T20:37:21.3420199Z ~/work/scratch-editor/scratch-editor/packages/scratch-gui/src/lib/make-toolbox-xml.js
2026-10-04T20:37:21.3421110Z ##[warning]  151:39  warning  Expected parentheses around arrow function argument  arrow-parens
2026-10-04T20:37:21.3422419Z ##[warning]  807:26  warning  Expected parentheses around arrow function argument  arrow-parens
2026-10-04T20:37:21.3423307Z ##[warning]  808:47  warning  Expected parentheses around arrow function argument  arrow-parens
2026-10-04T20:37:21.3423682Z 
2026-10-04T20:37:21.3424113Z ~/work/scratch-editor/scratch-editor/packages/scratch-gui/src/lib/mcremote-block-names.js
2026-10-04T20:37:21.3425056Z ##[warning]  14:25  warning  Expected parentheses around arrow function argument  arrow-parens
2026-10-04T20:37:21.3425903Z ##[warning]  20:28  warning  Expected parentheses around arrow function argument  arrow-parens
2026-10-04T20:37:21.3426748Z ##[warning]  23:28  warning  Expected parentheses around arrow function argument  arrow-parens
2026-10-04T20:37:21.3427114Z 
2026-10-04T20:37:21.3427773Z ~/work/scratch-editor/scratch-editor/packages/scratch-gui/src/lib/mcremote-block-ref.js
2026-10-04T20:37:21.3428814Z ##[warning]   1:23  warning  Expected parentheses around arrow function argument  arrow-parens
2026-10-04T20:37:21.3429668Z ##[warning]   5:24  warning  Expected parentheses around arrow function argument  arrow-parens
2026-10-04T20:37:21.3430512Z ##[warning]   9:24  warning  Expected parentheses around arrow function argument  arrow-parens
2026-10-04T20:37:21.3431346Z ##[warning]  14:24  warning  Expected parentheses around arrow function argument  arrow-parens
2026-10-04T20:37:21.3432365Z ##[warning]  16:17  warning  Expected parentheses around arrow function argument  arrow-parens
2026-10-04T20:37:21.3433195Z ##[warning]  18:27  warning  Expected parentheses around arrow function argument  arrow-parens
2026-10-04T20:37:21.3434168Z ##[warning]  38:40  warning  Expected parentheses around arrow function argument  arrow-parens
2026-10-04T20:37:21.3434541Z 
2026-10-04T20:37:21.3434994Z ~/work/scratch-editor/scratch-editor/packages/scratch-gui/src/lib/mcremote-runtime-config.js
2026-10-04T20:37:21.3435945Z ##[warning]  168:19  warning  Expected parentheses around arrow function argument  arrow-parens
2026-10-04T20:37:21.3436313Z 
2026-10-04T20:37:21.3436770Z ~/work/scratch-editor/scratch-editor/packages/scratch-gui/src/lib/mcremote-wirescope-source.js
2026-10-04T20:37:21.3437711Z ##[warning]   45:56  warning  Expected parentheses around arrow function argument  arrow-parens
2026-10-04T20:37:21.3438559Z ##[warning]  214:74  warning  Expected parentheses around arrow function argument  arrow-parens
2026-10-04T20:37:21.3439403Z ##[warning]  257:38  warning  Expected parentheses around arrow function argument  arrow-parens
2026-10-04T20:37:21.3440248Z ##[warning]  359:25  warning  Expected parentheses around arrow function argument  arrow-parens
2026-10-04T20:37:21.3441083Z ##[warning]  473:43  warning  Expected parentheses around arrow function argument  arrow-parens
2026-10-04T20:37:21.3442133Z ##[warning]  557:25  warning  Expected parentheses around arrow function argument  arrow-parens
2026-10-04T20:37:21.3442498Z 
2026-10-04T20:37:21.3442926Z ~/work/scratch-editor/scratch-editor/packages/scratch-gui/src/lib/merge-dynamic-assets.js
2026-10-04T20:37:21.3443880Z ##[warning]  11:25  warning  Expected parentheses around arrow function argument     arrow-parens
2026-10-04T20:37:21.3444786Z ##[warning]  30:1   warning  Invalid JSDoc @returns type "Object"; prefer: "object"  jsdoc/check-types
2026-10-04T20:37:21.3445839Z ##[warning]  40:30  warning  Expected parentheses around arrow function argument     arrow-parens
2026-10-04T20:37:21.3446708Z ##[warning]  41:40  warning  Expected parentheses around arrow function argument     arrow-parens
2026-10-04T20:37:21.3447077Z 
2026-10-04T20:37:21.3447484Z ~/work/scratch-editor/scratch-editor/packages/scratch-gui/src/lib/microbit-update.js
2026-10-04T20:37:21.3448369Z ##[warning]   34:26  warning  Expected parentheses around arrow function argument  arrow-parens
2026-10-04T20:37:21.3449206Z ##[warning]   56:23  warning  Expected parentheses around arrow function argument  arrow-parens
2026-10-04T20:37:21.3450042Z ##[warning]  140:39  warning  Expected parentheses around arrow function argument  arrow-parens
2026-10-04T20:37:21.3450400Z 
2026-10-04T20:37:21.3450790Z ~/work/scratch-editor/scratch-editor/packages/scratch-gui/src/lib/monitor-adapter.js
2026-10-04T20:37:21.3452152Z ##[warning]   3:21  warning  Expected parentheses around arrow function argument                     arrow-parens
2026-10-04T20:37:21.3453298Z ##[warning]   8:1   warning  @param path declaration ("block.id") appears before any real parameter  jsdoc/check-param-names
2026-10-04T20:37:21.3454395Z ##[warning]  14:1   warning  The type 'VirtualMachine' is undefined                                  jsdoc/no-undefined-types
2026-10-04T20:37:21.3455479Z ##[warning]  15:1   warning  Missing JSDoc @param "root0" description                                jsdoc/require-param-description
2026-10-04T20:37:21.3456537Z ##[warning]  15:1   warning  Missing JSDoc @param "root0" type                                       jsdoc/require-param-type
2026-10-04T20:37:21.3457599Z ##[warning]  16:1   warning  Missing JSDoc @param "root0.id" description                             jsdoc/require-param-description
2026-10-04T20:37:21.3458653Z ##[warning]  16:1   warning  Missing JSDoc @param "root0.id" type                                    jsdoc/require-param-type
2026-10-04T20:37:21.3459747Z ##[warning]  17:1   warning  Missing JSDoc @param "root0.spriteName" description                     jsdoc/require-param-description
2026-10-04T20:37:21.3460849Z ##[warning]  17:1   warning  Missing JSDoc @param "root0.spriteName" type                            jsdoc/require-param-type
2026-10-04T20:37:21.3462883Z ##[warning]  18:1   warning  Missing JSDoc @param "root0.opcode" description                         jsdoc/require-param-description
2026-10-04T20:37:21.3464145Z ##[warning]  18:1   warning  Missing JSDoc @param "root0.opcode" type                                jsdoc/require-param-type
2026-10-04T20:37:21.3465264Z ##[warning]  19:1   warning  Missing JSDoc @param "root0.params" description                         jsdoc/require-param-description
2026-10-04T20:37:21.3466356Z ##[warning]  19:1   warning  Missing JSDoc @param "root0.params" type                                jsdoc/require-param-type
2026-10-04T20:37:21.3467443Z ##[warning]  20:1   warning  Missing JSDoc @param "root0.value" description                          jsdoc/require-param-description
2026-10-04T20:37:21.3468523Z ##[warning]  20:1   warning  Missing JSDoc @param "root0.value" type                                 jsdoc/require-param-type
2026-10-04T20:37:21.3469603Z ##[warning]  21:1   warning  Missing JSDoc @param "root0.vm" description                             jsdoc/require-param-description
2026-10-04T20:37:21.3470646Z ##[warning]  21:1   warning  Missing JSDoc @param "root0.vm" type                                    jsdoc/require-param-type
2026-10-04T20:37:21.3471873Z ##[warning]  49:27  warning  Expected parentheses around arrow function argument                     arrow-parens
2026-10-04T20:37:21.3472326Z 
2026-10-04T20:37:21.3472732Z ~/work/scratch-editor/scratch-editor/packages/scratch-gui/src/lib/opcode-labels.js
2026-10-04T20:37:21.3473654Z ##[warning]  131:28  warning  Expected parentheses around arrow function argument  arrow-parens
2026-10-04T20:37:21.3474524Z ##[warning]  173:1   warning  Syntax error in type: function                       jsdoc/valid-types
2026-10-04T20:37:21.3475552Z ##[warning]  192:59  warning  Expected parentheses around arrow function argument  arrow-parens
2026-10-04T20:37:21.3476400Z ##[warning]  198:60  warning  Expected parentheses around arrow function argument  arrow-parens
2026-10-04T20:37:21.3477244Z ##[warning]  207:49  warning  Expected parentheses around arrow function argument  arrow-parens
2026-10-04T20:37:21.3478081Z ##[warning]  208:53  warning  Expected parentheses around arrow function argument  arrow-parens
2026-10-04T20:37:21.3478923Z ##[warning]  219:51  warning  Expected parentheses around arrow function argument  arrow-parens
2026-10-04T20:37:21.3479287Z 
2026-10-04T20:37:21.3479715Z ~/work/scratch-editor/scratch-editor/packages/scratch-gui/src/lib/project-fetcher-hoc.jsx
2026-10-04T20:37:21.3480927Z ##[warning]   86:23  warning  Expected parentheses around arrow function argument                                                  arrow-parens
2026-10-04T20:37:21.3482424Z ##[warning]   95:24  warning  Expected parentheses around arrow function argument                                                  arrow-parens
2026-10-04T20:37:21.3483800Z ##[warning]  103:17  warning  'assetHost' is assigned a value but never used. Allowed unused vars must match /^_/u                 @typescript-eslint/no-unused-vars
2026-10-04T20:37:21.3485220Z ##[warning]  104:17  warning  'intl' is assigned a value but never used. Allowed unused vars must match /^_/u                      @typescript-eslint/no-unused-vars
2026-10-04T20:37:21.3486678Z ##[warning]  105:35  warning  'isLoadingProjectProp' is assigned a value but never used. Allowed unused vars must match /^_/u      @typescript-eslint/no-unused-vars
2026-10-04T20:37:21.3488140Z ##[warning]  106:17  warning  'loadingState' is assigned a value but never used. Allowed unused vars must match /^_/u              @typescript-eslint/no-unused-vars
2026-10-04T20:37:21.3489588Z ##[warning]  107:17  warning  'onActivateTab' is assigned a value but never used. Allowed unused vars must match /^_/u             @typescript-eslint/no-unused-vars
2026-10-04T20:37:21.3491024Z ##[warning]  108:26  warning  'onErrorProp' is assigned a value but never used. Allowed unused vars must match /^_/u               @typescript-eslint/no-unused-vars
2026-10-04T20:37:21.3493016Z ##[warning]  109:39  warning  'onFetchedProjectDataProp' is assigned a value but never used. Allowed unused vars must match /^_/u  @typescript-eslint/no-unused-vars
2026-10-04T20:37:21.3494535Z ##[warning]  110:17  warning  'onProjectUnchanged' is assigned a value but never used. Allowed unused vars must match /^_/u        @typescript-eslint/no-unused-vars
2026-10-04T20:37:21.3495991Z ##[warning]  111:17  warning  'projectHost' is assigned a value but never used. Allowed unused vars must match /^_/u               @typescript-eslint/no-unused-vars
2026-10-04T20:37:21.3497420Z ##[warning]  112:17  warning  'projectId' is assigned a value but never used. Allowed unused vars must match /^_/u                 @typescript-eslint/no-unused-vars
2026-10-04T20:37:21.3498874Z ##[warning]  113:17  warning  'projectToken' is assigned a value but never used. Allowed unused vars must match /^_/u              @typescript-eslint/no-unused-vars
2026-10-04T20:37:21.3500335Z ##[warning]  114:17  warning  'reduxProjectId' is assigned a value but never used. Allowed unused vars must match /^_/u            @typescript-eslint/no-unused-vars
2026-10-04T20:37:21.3502047Z ##[warning]  115:31  warning  'setProjectIdProp' is assigned a value but never used. Allowed unused vars must match /^_/u          @typescript-eslint/no-unused-vars
2026-10-04T20:37:21.3503433Z ##[warning]  153:29  warning  Expected parentheses around arrow function argument                                                  arrow-parens
2026-10-04T20:37:21.3504693Z ##[warning]  162:32  warning  Expected parentheses around arrow function argument                                                  arrow-parens
2026-10-04T20:37:21.3506092Z ##[warning]  163:24  warning  Expected parentheses around arrow function argument                                                  arrow-parens
2026-10-04T20:37:21.3507340Z ##[warning]  164:18  warning  Expected parentheses around arrow function argument                                                  arrow-parens
2026-10-04T20:37:21.3508581Z ##[warning]  167:23  warning  Expected parentheses around arrow function argument                                                  arrow-parens
2026-10-04T20:37:21.3509063Z 
2026-10-04T20:37:21.3509487Z ~/work/scratch-editor/scratch-editor/packages/scratch-gui/src/lib/project-saver-hoc.jsx
2026-10-04T20:37:21.3512376Z ##[warning]   55:9   warning  componentWillMount is deprecated since React 16.9.0, use UNSAFE_componentWillMount instead, see https://reactjs.org/docs/react-component.html#unsafe_componentwillmount. Use https://github.com/reactjs/react-codemod#rename-unsafe-lifecycles to automatically update your components  react/no-deprecated
2026-10-04T20:37:21.3514958Z ##[warning]   59:41  warning  Expected parentheses around arrow function argument                                                                                                                                                                                                                                     arrow-parens
2026-10-04T20:37:21.3516977Z ##[warning]   64:48  warning  Expected parentheses around arrow function argument                                                                                                                                                                                                                                     arrow-parens
2026-10-04T20:37:21.3518982Z ##[warning]   83:58  warning  Expected parentheses around arrow function argument                                                                                                                                                                                                                                     arrow-parens
2026-10-04T20:37:21.3520996Z ##[warning]  179:24  warning  Expected parentheses around arrow function argument                                                                                                                                                                                                                                     arrow-parens
2026-10-04T20:37:21.3523307Z ##[warning]  188:23  warning  Expected parentheses around arrow function argument                                                                                                                                                                                                                                     arrow-parens
2026-10-04T20:37:21.3525444Z ##[warning]  191:24  warning  Expected parentheses around arrow function argument                                                                                                                                                                                                                                     arrow-parens
2026-10-04T20:37:21.3527478Z ##[warning]  203:23  warning  Expected parentheses around arrow function argument                                                                                                                                                                                                                                     arrow-parens
2026-10-04T20:37:21.3529499Z ##[warning]  207:24  warning  Expected parentheses around arrow function argument                                                                                                                                                                                                                                     arrow-parens
2026-10-04T20:37:21.3531867Z ##[warning]  219:23  warning  Expected parentheses around arrow function argument                                                                                                                                                                                                                                     arrow-parens
2026-10-04T20:37:21.3534166Z ##[warning]  223:24  warning  Expected parentheses around arrow function argument                                                                                                                                                                                                                                     arrow-parens
2026-10-04T20:37:21.3536205Z ##[warning]  251:25  warning  Expected parentheses around arrow function argument                                                                                                                                                                                                                                     arrow-parens
2026-10-04T20:37:21.3538228Z ##[warning]  253:21  warning  Expected parentheses around arrow function argument                                                                                                                                                                                                                                     arrow-parens
2026-10-04T20:37:21.3540249Z ##[warning]  258:28  warning  Expected parentheses around arrow function argument                                                                                                                                                                                                                                     arrow-parens
2026-10-04T20:37:21.3542576Z ##[warning]  262:36  warning  Expected the Promise rejection reason to be an Error                                                                                                                                                                                                                                    @typescript-eslint/prefer-promise-reject-errors
2026-10-04T20:37:21.3544692Z ##[warning]  269:23  warning  Expected parentheses around arrow function argument                                                                                                                                                                                                                                     arrow-parens
2026-10-04T20:37:21.3546861Z ##[warning]  276:62  warning  Expected parentheses around arrow function argument                                                                                                                                                                                                                                     arrow-parens
2026-10-04T20:37:21.3548921Z ##[warning]  286:24  warning  Expected parentheses around arrow function argument                                                                                                                                                                                                                                     arrow-parens
2026-10-04T20:37:21.3551148Z ##[warning]  313:17  warning  'autoSaveTimeoutId' is assigned a value but never used. Allowed unused vars must match /^_/u                                                                                                                                                                                            @typescript-eslint/no-unused-vars
2026-10-04T20:37:21.3553667Z ##[warning]  314:17  warning  'autoSaveIntervalSecs' is assigned a value but never used. Allowed unused vars must match /^_/u                                                                                                                                                                                         @typescript-eslint/no-unused-vars
2026-10-04T20:37:21.3555979Z ##[warning]  315:17  warning  'isCreatingCopy' is assigned a value but never used. Allowed unused vars must match /^_/u                                                                                                                                                                                               @typescript-eslint/no-unused-vars
2026-10-04T20:37:21.3558269Z ##[warning]  316:17  warning  'isCreatingNew' is assigned a value but never used. Allowed unused vars must match /^_/u                                                                                                                                                                                                @typescript-eslint/no-unused-vars
2026-10-04T20:37:21.3560730Z ##[warning]  317:17  warning  'projectChanged' is assigned a value but never used. Allowed unused vars must match /^_/u                                                                                                                                                                                               @typescript-eslint/no-unused-vars
2026-10-04T20:37:21.3563218Z ##[warning]  319:17  warning  'isLoading' is assigned a value but never used. Allowed unused vars must match /^_/u                                                                                                                                                                                                    @typescript-eslint/no-unused-vars
2026-10-04T20:37:21.3565587Z ##[warning]  320:17  warning  'isManualUpdating' is assigned a value but never used. Allowed unused vars must match /^_/u                                                                                                                                                                                             @typescript-eslint/no-unused-vars
2026-10-04T20:37:21.3567858Z ##[warning]  321:17  warning  'isRemixing' is assigned a value but never used. Allowed unused vars must match /^_/u                                                                                                                                                                                                   @typescript-eslint/no-unused-vars
2026-10-04T20:37:21.3570158Z ##[warning]  322:17  warning  'isShowingSaveable' is assigned a value but never used. Allowed unused vars must match /^_/u                                                                                                                                                                                            @typescript-eslint/no-unused-vars
2026-10-04T20:37:21.3572893Z ##[warning]  323:17  warning  'isShowingWithId' is assigned a value but never used. Allowed unused vars must match /^_/u                                                                                                                                                                                              @typescript-eslint/no-unused-vars
2026-10-04T20:37:21.3575271Z ##[warning]  324:17  warning  'isShowingWithoutId' is assigned a value but never used. Allowed unused vars must match /^_/u                                                                                                                                                                                           @typescript-eslint/no-unused-vars
2026-10-04T20:37:21.3577558Z ##[warning]  325:17  warning  'isUpdating' is assigned a value but never used. Allowed unused vars must match /^_/u                                                                                                                                                                                                   @typescript-eslint/no-unused-vars
2026-10-04T20:37:21.3579843Z ##[warning]  326:17  warning  'loadingState' is assigned a value but never used. Allowed unused vars must match /^_/u                                                                                                                                                                                                 @typescript-eslint/no-unused-vars
2026-10-04T20:37:21.3582365Z ##[warning]  327:17  warning  'onAutoUpdateProject' is assigned a value but never used. Allowed unused vars must match /^_/u                                                                                                                                                                                          @typescript-eslint/no-unused-vars
2026-10-04T20:37:21.3584707Z ##[warning]  328:17  warning  'onCreatedProject' is assigned a value but never used. Allowed unused vars must match /^_/u                                                                                                                                                                                             @typescript-eslint/no-unused-vars
2026-10-04T20:37:21.3587205Z ##[warning]  329:17  warning  'onCreateProject' is assigned a value but never used. Allowed unused vars must match /^_/u                                                                                                                                                                                              @typescript-eslint/no-unused-vars
2026-10-04T20:37:21.3589510Z ##[warning]  330:17  warning  'onProjectError' is assigned a value but never used. Allowed unused vars must match /^_/u                                                                                                                                                                                               @typescript-eslint/no-unused-vars
2026-10-04T20:37:21.3591964Z ##[warning]  331:17  warning  'onRemixing' is assigned a value but never used. Allowed unused vars must match /^_/u                                                                                                                                                                                                   @typescript-eslint/no-unused-vars
2026-10-04T20:37:21.3594662Z ##[warning]  332:17  warning  'onSetProjectUnchanged' is assigned a value but never used. Allowed unused vars must match /^_/u                                                                                                                                                                                        @typescript-eslint/no-unused-vars
2026-10-04T20:37:21.3597310Z ##[warning]  333:17  warning  'onSetProjectThumbnailer' is assigned a value but never used. Allowed unused vars must match /^_/u                                                                                                                                                                                      @typescript-eslint/no-unused-vars
2026-10-04T20:37:21.3599917Z ##[warning]  334:17  warning  'onSetProjectSaver' is assigned a value but never used. Allowed unused vars must match /^_/u                                                                                                                                                                                            @typescript-eslint/no-unused-vars
2026-10-04T20:37:21.3602423Z ##[warning]  335:17  warning  'onShowAlert' is assigned a value but never used. Allowed unused vars must match /^_/u                                                                                                                                                                                                  @typescript-eslint/no-unused-vars
2026-10-04T20:37:21.3604777Z ##[warning]  336:17  warning  'onShowCopySuccessAlert' is assigned a value but never used. Allowed unused vars must match /^_/u                                                                                                                                                                                       @typescript-eslint/no-unused-vars
2026-10-04T20:37:21.3607155Z ##[warning]  337:17  warning  'onShowRemixSuccessAlert' is assigned a value but never used. Allowed unused vars must match /^_/u                                                                                                                                                                                      @typescript-eslint/no-unused-vars
2026-10-04T20:37:21.3609523Z ##[warning]  338:17  warning  'onShowCreatingCopyAlert' is assigned a value but never used. Allowed unused vars must match /^_/u                                                                                                                                                                                      @typescript-eslint/no-unused-vars
2026-10-04T20:37:21.3612349Z ##[warning]  339:17  warning  'onShowCreatingRemixAlert' is assigned a value but never used. Allowed unused vars must match /^_/u                                                                                                                                                                                     @typescript-eslint/no-unused-vars
2026-10-04T20:37:21.3614777Z ##[warning]  340:17  warning  'onShowSaveSuccessAlert' is assigned a value but never used. Allowed unused vars must match /^_/u                                                                                                                                                                                       @typescript-eslint/no-unused-vars
2026-10-04T20:37:21.3617117Z ##[warning]  341:17  warning  'onShowSavingAlert' is assigned a value but never used. Allowed unused vars must match /^_/u                                                                                                                                                                                            @typescript-eslint/no-unused-vars
2026-10-04T20:37:21.3619439Z ##[warning]  342:17  warning  'onUpdatedProject' is assigned a value but never used. Allowed unused vars must match /^_/u                                                                                                                                                                                             @typescript-eslint/no-unused-vars
2026-10-04T20:37:21.3621983Z ##[warning]  343:17  warning  'onUpdateProjectData' is assigned a value but never used. Allowed unused vars must match /^_/u                                                                                                                                                                                          @typescript-eslint/no-unused-vars
2026-10-04T20:37:21.3624360Z ##[warning]  344:17  warning  'noBeforeUnloadHandler' is assigned a value but never used. Allowed unused vars must match /^_/u                                                                                                                                                                                        @typescript-eslint/no-unused-vars
2026-10-04T20:37:21.3626869Z ##[warning]  345:17  warning  'reduxProjectId' is assigned a value but never used. Allowed unused vars must match /^_/u                                                                                                                                                                                               @typescript-eslint/no-unused-vars
2026-10-04T20:37:21.3629218Z ##[warning]  346:17  warning  'reduxProjectTitle' is assigned a value but never used. Allowed unused vars must match /^_/u                                                                                                                                                                                            @typescript-eslint/no-unused-vars
2026-10-04T20:37:21.3631740Z ##[warning]  347:39  warning  'setAutoSaveTimeoutIdProp' is assigned a value but never used. Allowed unused vars must match /^_/u                                                                                                                                                                                     @typescript-eslint/no-unused-vars
2026-10-04T20:37:21.3634131Z ##[warning]  348:17  warning  'saveThumbnailOnLoad' is assigned a value but never used. Allowed unused vars must match /^_/u                                                                                                                                                                                          @typescript-eslint/no-unused-vars
2026-10-04T20:37:21.3636273Z ##[warning]  445:32  warning  Expected parentheses around arrow function argument                                                                                                                                                                                                                                     arrow-parens
2026-10-04T20:37:21.3638288Z ##[warning]  449:25  warning  Expected parentheses around arrow function argument                                                                                                                                                                                                                                     arrow-parens
2026-10-04T20:37:21.3640504Z ##[warning]  451:22  warning  Expected parentheses around arrow function argument                                                                                                                                                                                                                                     arrow-parens
2026-10-04T20:37:21.3642762Z ##[warning]  458:27  warning  Expected parentheses around arrow function argument                                                                                                                                                                                                                                     arrow-parens
2026-10-04T20:37:21.3644803Z ##[warning]  459:31  warning  Expected parentheses around arrow function argument                                                                                                                                                                                                                                     arrow-parens
2026-10-04T20:37:21.3645515Z 
2026-10-04T20:37:21.3645947Z ~/work/scratch-editor/scratch-editor/packages/scratch-gui/src/lib/query-parser-hoc.jsx
2026-10-04T20:37:21.3647252Z ##[warning]  37:17  warning  'onOpenTipsLibrary' is assigned a value but never used. Allowed unused vars must match /^_/u  @typescript-eslint/no-unused-vars
2026-10-04T20:37:21.3648675Z ##[warning]  38:17  warning  'onUpdateReduxDeck' is assigned a value but never used. Allowed unused vars must match /^_/u  @typescript-eslint/no-unused-vars
2026-10-04T20:37:21.3649986Z ##[warning]  52:32  warning  Expected parentheses around arrow function argument                                           arrow-parens
2026-10-04T20:37:21.3651201Z ##[warning]  56:28  warning  Expected parentheses around arrow function argument                                           arrow-parens
2026-10-04T20:37:21.3652023Z 
2026-10-04T20:37:21.3652499Z ~/work/scratch-editor/scratch-editor/packages/scratch-gui/src/lib/randomize-sprite-position.js
2026-10-04T20:37:21.3653624Z ##[warning]  1:33  warning  Expected parentheses around arrow function argument  arrow-parens
2026-10-04T20:37:21.3654006Z 
2026-10-04T20:37:21.3654449Z ~/work/scratch-editor/scratch-editor/packages/scratch-gui/src/lib/save-project-to-server.js
2026-10-04T20:37:21.3655681Z ##[warning]  11:1   warning  @property path declaration ("params.originalId") appears before any real property  jsdoc/check-property-names
2026-10-04T20:37:21.3656994Z ##[warning]  48:53  warning  Expected the Promise rejection reason to be an Error                               @typescript-eslint/prefer-promise-reject-errors
2026-10-04T20:37:21.3658314Z ##[warning]  54:24  warning  Expected the Promise rejection reason to be an Error                               @typescript-eslint/prefer-promise-reject-errors
2026-10-04T20:37:21.3658850Z 
2026-10-04T20:37:21.3659282Z ~/work/scratch-editor/scratch-editor/packages/scratch-gui/src/lib/sb-file-uploader-hoc.jsx
2026-10-04T20:37:21.3660507Z ##[warning]  148:28  warning  Expected parentheses around arrow function argument                                                  arrow-parens
2026-10-04T20:37:21.3662123Z ##[warning]  174:17  warning  'cancelFileUpload' is assigned a value but never used. Allowed unused vars must match /^_/u          @typescript-eslint/no-unused-vars
2026-10-04T20:37:21.3663627Z ##[warning]  175:17  warning  'isLoadingUpload' is assigned a value but never used. Allowed unused vars must match /^_/u           @typescript-eslint/no-unused-vars
2026-10-04T20:37:21.3665155Z ##[warning]  176:17  warning  'isShowingWithoutId' is assigned a value but never used. Allowed unused vars must match /^_/u        @typescript-eslint/no-unused-vars
2026-10-04T20:37:21.3666772Z ##[warning]  177:17  warning  'loadingState' is assigned a value but never used. Allowed unused vars must match /^_/u              @typescript-eslint/no-unused-vars
2026-10-04T20:37:21.3668231Z ##[warning]  178:17  warning  'onLoadingFinished' is assigned a value but never used. Allowed unused vars must match /^_/u         @typescript-eslint/no-unused-vars
2026-10-04T20:37:21.3669696Z ##[warning]  179:17  warning  'onLoadingStarted' is assigned a value but never used. Allowed unused vars must match /^_/u          @typescript-eslint/no-unused-vars
2026-10-04T20:37:21.3671163Z ##[warning]  180:17  warning  'onSetProjectTitle' is assigned a value but never used. Allowed unused vars must match /^_/u         @typescript-eslint/no-unused-vars
2026-10-04T20:37:21.3672824Z ##[warning]  181:17  warning  'projectChanged' is assigned a value but never used. Allowed unused vars must match /^_/u            @typescript-eslint/no-unused-vars
2026-10-04T20:37:21.3674328Z ##[warning]  182:39  warning  'requestProjectUploadProp' is assigned a value but never used. Allowed unused vars must match /^_/u  @typescript-eslint/no-unused-vars
2026-10-04T20:37:21.3675690Z ##[warning]  234:27  warning  Expected parentheses around arrow function argument                                                  arrow-parens
2026-10-04T20:37:21.3676945Z ##[warning]  243:28  warning  Expected parentheses around arrow function argument                                                  arrow-parens
2026-10-04T20:37:21.3678194Z ##[warning]  247:31  warning  Expected parentheses around arrow function argument                                                  arrow-parens
2026-10-04T20:37:21.3678678Z 
2026-10-04T20:37:21.3679122Z ~/work/scratch-editor/scratch-editor/packages/scratch-gui/src/lib/sb-file-uploader-utils.js
2026-10-04T20:37:21.3680081Z ##[warning]  1:44  warning  Expected parentheses around arrow function argument  arrow-parens
2026-10-04T20:37:21.3680459Z 
2026-10-04T20:37:21.3680848Z ~/work/scratch-editor/scratch-editor/packages/scratch-gui/src/lib/screen-utils.js
2026-10-04T20:37:21.3682019Z ##[warning]   5:1  warning  The type 'int' is undefined                                                         jsdoc/no-undefined-types
2026-10-04T20:37:21.3683189Z ##[warning]   6:1  warning  The type 'int' is undefined                                                         jsdoc/no-undefined-types
2026-10-04T20:37:21.3684228Z ##[warning]   8:1  warning  The type 'int' is undefined                                                         jsdoc/no-undefined-types
2026-10-04T20:37:21.3685243Z ##[warning]   9:1  warning  The type 'int' is undefined                                                         jsdoc/no-undefined-types
2026-10-04T20:37:21.3686433Z ##[warning]  79:1  warning  JSDoc @returns declaration present but return expression not available in function  jsdoc/require-returns-check
2026-10-04T20:37:21.3686961Z 
2026-10-04T20:37:21.3687460Z ~/work/scratch-editor/scratch-editor/packages/scratch-gui/src/lib/settings/color-mode/blockHelpers.js
2026-10-04T20:37:21.3688629Z ##[warning]   3:25  warning  Expected parentheses around arrow function argument  arrow-parens
2026-10-04T20:37:21.3689498Z ##[warning]   9:28  warning  Expected parentheses around arrow function argument  arrow-parens
2026-10-04T20:37:21.3690343Z ##[warning]  16:28  warning  Expected parentheses around arrow function argument  arrow-parens
2026-10-04T20:37:21.3691181Z ##[warning]  36:32  warning  Expected parentheses around arrow function argument  arrow-parens
2026-10-04T20:37:21.3691909Z 
2026-10-04T20:37:21.3692374Z ~/work/scratch-editor/scratch-editor/packages/scratch-gui/src/lib/settings/color-mode/index.js
2026-10-04T20:37:21.3693345Z ##[warning]  21:27  warning  Expected parentheses around arrow function argument  arrow-parens
2026-10-04T20:37:21.3694193Z ##[warning]  64:26  warning  Expected parentheses around arrow function argument  arrow-parens
2026-10-04T20:37:21.3695008Z 
2026-10-04T20:37:21.3695503Z ~/work/scratch-editor/scratch-editor/packages/scratch-gui/src/lib/settings/color-mode/persistence.js
2026-10-04T20:37:21.3696558Z ##[warning]  11:26  warning  Expected parentheses around arrow function argument  arrow-parens
2026-10-04T20:37:21.3697431Z ##[warning]  29:26  warning  Expected parentheses around arrow function argument  arrow-parens
2026-10-04T20:37:21.3697798Z 
2026-10-04T20:37:21.3698252Z ~/work/scratch-editor/scratch-editor/packages/scratch-gui/src/lib/settings/theme/persistence.js
2026-10-04T20:37:21.3699280Z ##[warning]   7:22  warning  Expected parentheses around arrow function argument  arrow-parens
2026-10-04T20:37:21.3700135Z ##[warning]  23:22  warning  Expected parentheses around arrow function argument  arrow-parens
2026-10-04T20:37:21.3700494Z 
2026-10-04T20:37:21.3700885Z ~/work/scratch-editor/scratch-editor/packages/scratch-gui/src/lib/sortable-hoc.jsx
2026-10-04T20:37:21.3704024Z ##[warning]   23:9   warning  componentWillReceiveProps is deprecated since React 16.9.0, use UNSAFE_componentWillReceiveProps instead, see https://reactjs.org/docs/react-component.html#unsafe_componentwillreceiveprops. Use https://github.com/reactjs/react-codemod#rename-unsafe-lifecycles to automatically update your components  react/no-deprecated
2026-10-04T20:37:21.3706752Z ##[warning]   26:52  warning  Expected parentheses around arrow function argument                                                                                                                                                                                                                                                          arrow-parens
2026-10-04T20:37:21.3708870Z ##[warning]   64:30  warning  Expected parentheses around arrow function argument                                                                                                                                                                                                                                                          arrow-parens
2026-10-04T20:37:21.3726957Z ##[warning]  132:29  warning  Expected parentheses around arrow function argument                                                                                                                                                                                                                                                          arrow-parens
2026-10-04T20:37:21.3727806Z 
2026-10-04T20:37:21.3728335Z ~/work/scratch-editor/scratch-editor/packages/scratch-gui/src/lib/store-project-thumbnail.js
2026-10-04T20:37:21.3729578Z ##[warning]   5:9   warning  'getProjectThumbnail' was used before it was defined  @typescript-eslint/no-use-before-define
2026-10-04T20:37:21.3730600Z ##[warning]  15:33  warning  Expected parentheses around arrow function argument   arrow-parens
2026-10-04T20:37:21.3730990Z 
2026-10-04T20:37:21.3731703Z ~/work/scratch-editor/scratch-editor/packages/scratch-gui/src/lib/system-preferences-hoc.jsx
2026-10-04T20:37:21.3733142Z ##[warning]  42:17  warning  'onSetColorMode' is assigned a value but never used. Allowed unused vars must match /^_/u  @typescript-eslint/no-unused-vars
2026-10-04T20:37:21.3734464Z ##[warning]  54:32  warning  Expected parentheses around arrow function argument                                        arrow-parens
2026-10-04T20:37:21.3735674Z ##[warning]  55:25  warning  Expected parentheses around arrow function argument                                        arrow-parens
2026-10-04T20:37:21.3736151Z 
2026-10-04T20:37:21.3736541Z ~/work/scratch-editor/scratch-editor/packages/scratch-gui/src/lib/titled-hoc.jsx
2026-10-04T20:37:21.3737785Z ##[warning]   59:17  warning  'intl' is assigned a value but never used. Allowed unused vars must match /^_/u                   @typescript-eslint/no-unused-vars
2026-10-04T20:37:21.3739234Z ##[warning]   60:17  warning  'isAnyCreatingNewState' is assigned a value but never used. Allowed unused vars must match /^_/u  @typescript-eslint/no-unused-vars
2026-10-04T20:37:21.3740901Z ##[warning]   61:17  warning  'isShowingWithoutId' is assigned a value but never used. Allowed unused vars must match /^_/u     @typescript-eslint/no-unused-vars
2026-10-04T20:37:21.3742661Z ##[warning]   62:17  warning  'onChangedProjectTitle' is assigned a value but never used. Allowed unused vars must match /^_/u  @typescript-eslint/no-unused-vars
2026-10-04T20:37:21.3744139Z ##[warning]   64:17  warning  'onUpdateProjectTitle' is assigned a value but never used. Allowed unused vars must match /^_/u   @typescript-eslint/no-unused-vars
2026-10-04T20:37:21.3745585Z ##[warning]   67:17  warning  'projectTitle' is assigned a value but never used. Allowed unused vars must match /^_/u           @typescript-eslint/no-unused-vars
2026-10-04T20:37:21.3747016Z ##[warning]   68:17  warning  'reduxProjectTitle' is assigned a value but never used. Allowed unused vars must match /^_/u      @typescript-eslint/no-unused-vars
2026-10-04T20:37:21.3748353Z ##[warning]   94:29  warning  Expected parentheses around arrow function argument                                               arrow-parens
2026-10-04T20:37:21.3749598Z ##[warning]  103:32  warning  Expected parentheses around arrow function argument                                               arrow-parens
2026-10-04T20:37:21.3750828Z ##[warning]  104:32  warning  Expected parentheses around arrow function argument                                               arrow-parens
2026-10-04T20:37:21.3751314Z 
2026-10-04T20:37:21.3752022Z ~/work/scratch-editor/scratch-editor/packages/scratch-gui/src/lib/touch-utils.js
2026-10-04T20:37:21.3752979Z ##[warning]  1:20  warning  Expected parentheses around arrow function argument  arrow-parens
2026-10-04T20:37:21.3753358Z 
2026-10-04T20:37:21.3753775Z ~/work/scratch-editor/scratch-editor/packages/scratch-gui/src/lib/tutorial-from-url.js
2026-10-04T20:37:21.3754706Z ##[warning]  16:28  warning  Expected parentheses around arrow function argument  arrow-parens
2026-10-04T20:37:21.3755580Z ##[warning]  37:26  warning  Expected parentheses around arrow function argument  arrow-parens
2026-10-04T20:37:21.3755948Z 
2026-10-04T20:37:21.3756328Z ~/work/scratch-editor/scratch-editor/packages/scratch-gui/src/lib/video/camera.js
2026-10-04T20:37:21.3757057Z ##[warning]  11:28  warning  Expected parentheses around arrow function argument  arrow-parens
2026-10-04T20:37:21.3757072Z 
2026-10-04T20:37:21.3757510Z ~/work/scratch-editor/scratch-editor/packages/scratch-gui/src/lib/video/video-provider.js
2026-10-04T20:37:21.3758029Z ##[warning]   11:1   warning  Tag @type must have a type                           jsdoc/valid-types
2026-10-04T20:37:21.3758502Z ##[warning]   17:1   warning  Tag @type must have a type                           jsdoc/valid-types
2026-10-04T20:37:21.3759032Z ##[warning]   64:5   warning  Missing JSDoc @returns declaration                   jsdoc/require-returns
2026-10-04T20:37:21.3759549Z ##[warning]   73:1   warning  The type 'Video' is undefined                        jsdoc/no-undefined-types
2026-10-04T20:37:21.3760052Z ##[warning]   89:24  warning  Expected parentheses around arrow function argument  arrow-parens
2026-10-04T20:37:21.3760572Z ##[warning]  119:1   warning  The type 'Canvas' is undefined                       jsdoc/no-undefined-types
2026-10-04T20:37:21.3761070Z ##[warning]  208:19  warning  Expected parentheses around arrow function argument  arrow-parens
2026-10-04T20:37:21.3761790Z ##[warning]  226:20  warning  Expected parentheses around arrow function argument  arrow-parens
2026-10-04T20:37:21.3762391Z ##[warning]  258:1   warning  Missing JSDoc @param "root0" description             jsdoc/require-param-description
2026-10-04T20:37:21.3762910Z ##[warning]  258:1   warning  Missing JSDoc @param "root0" type                    jsdoc/require-param-type
2026-10-04T20:37:21.3763492Z ##[warning]  259:1   warning  Missing JSDoc @param "root0.dimensions" description  jsdoc/require-param-description
2026-10-04T20:37:21.3764066Z ##[warning]  259:1   warning  Missing JSDoc @param "root0.dimensions" type         jsdoc/require-param-type
2026-10-04T20:37:21.3764800Z ##[warning]  260:1   warning  Missing JSDoc @param "root0.mirror" description      jsdoc/require-param-description
2026-10-04T20:37:21.3765334Z ##[warning]  260:1   warning  Missing JSDoc @param "root0.mirror" type             jsdoc/require-param-type
2026-10-04T20:37:21.3765829Z ##[warning]  265:46  warning  Expected parentheses around arrow function argument  arrow-parens
2026-10-04T20:37:21.3765839Z 
2026-10-04T20:37:21.3766242Z ~/work/scratch-editor/scratch-editor/packages/scratch-gui/src/lib/vm-listener-hoc.jsx
2026-10-04T20:37:21.3767211Z ##[warning]  153:17  warning  'attachKeyboardEvents' is assigned a value but never used. Allowed unused vars must match /^_/u         @typescript-eslint/no-unused-vars
2026-10-04T20:37:21.3768124Z ##[warning]  154:17  warning  'projectChanged' is assigned a value but never used. Allowed unused vars must match /^_/u               @typescript-eslint/no-unused-vars
2026-10-04T20:37:21.3769054Z ##[warning]  155:17  warning  'shouldUpdateTargets' is assigned a value but never used. Allowed unused vars must match /^_/u          @typescript-eslint/no-unused-vars
2026-10-04T20:37:21.3770021Z ##[warning]  156:17  warning  'shouldUpdateProjectChanged' is assigned a value but never used. Allowed unused vars must match /^_/u   @typescript-eslint/no-unused-vars
2026-10-04T20:37:21.3770943Z ##[warning]  157:17  warning  'onBlockDragUpdate' is assigned a value but never used. Allowed unused vars must match /^_/u            @typescript-eslint/no-unused-vars
2026-10-04T20:37:21.3772127Z ##[warning]  158:17  warning  'onGreenFlag' is assigned a value but never used. Allowed unused vars must match /^_/u                  @typescript-eslint/no-unused-vars
2026-10-04T20:37:21.3773073Z ##[warning]  159:17  warning  'onKeyDown' is assigned a value but never used. Allowed unused vars must match /^_/u                    @typescript-eslint/no-unused-vars
2026-10-04T20:37:21.3773964Z ##[warning]  160:17  warning  'onKeyUp' is assigned a value but never used. Allowed unused vars must match /^_/u                      @typescript-eslint/no-unused-vars
2026-10-04T20:37:21.3775047Z ##[warning]  161:17  warning  'onMicListeningUpdate' is assigned a value but never used. Allowed unused vars must match /^_/u         @typescript-eslint/no-unused-vars
2026-10-04T20:37:21.3776012Z ##[warning]  162:17  warning  'onMcRemoteActionableError' is assigned a value but never used. Allowed unused vars must match /^_/u    @typescript-eslint/no-unused-vars
2026-10-04T20:37:21.3776945Z ##[warning]  163:17  warning  'onMcRemoteCatalogUpdate' is assigned a value but never used. Allowed unused vars must match /^_/u      @typescript-eslint/no-unused-vars
2026-10-04T20:37:21.3777900Z ##[warning]  164:17  warning  'onMcRemoteObservationUpdate' is assigned a value but never used. Allowed unused vars must match /^_/u  @typescript-eslint/no-unused-vars
2026-10-04T20:37:21.3778825Z ##[warning]  165:17  warning  'onExtensionDataLoading' is assigned a value but never used. Allowed unused vars must match /^_/u       @typescript-eslint/no-unused-vars
2026-10-04T20:37:21.3779733Z ##[warning]  166:17  warning  'onMonitorsUpdate' is assigned a value but never used. Allowed unused vars must match /^_/u             @typescript-eslint/no-unused-vars
2026-10-04T20:37:21.3780631Z ##[warning]  167:17  warning  'onTargetsUpdate' is assigned a value but never used. Allowed unused vars must match /^_/u              @typescript-eslint/no-unused-vars
2026-10-04T20:37:21.3781759Z ##[warning]  168:17  warning  'onProjectChanged' is assigned a value but never used. Allowed unused vars must match /^_/u             @typescript-eslint/no-unused-vars
2026-10-04T20:37:21.3782704Z ##[warning]  169:17  warning  'onProjectRunStart' is assigned a value but never used. Allowed unused vars must match /^_/u            @typescript-eslint/no-unused-vars
2026-10-04T20:37:21.3783617Z ##[warning]  170:17  warning  'onProjectRunStop' is assigned a value but never used. Allowed unused vars must match /^_/u             @typescript-eslint/no-unused-vars
2026-10-04T20:37:21.3784666Z ##[warning]  171:17  warning  'onProjectSaved' is assigned a value but never used. Allowed unused vars must match /^_/u               @typescript-eslint/no-unused-vars
2026-10-04T20:37:21.3785577Z ##[warning]  172:17  warning  'onRuntimeStarted' is assigned a value but never used. Allowed unused vars must match /^_/u             @typescript-eslint/no-unused-vars
2026-10-04T20:37:21.3786480Z ##[warning]  173:17  warning  'onTurboModeOff' is assigned a value but never used. Allowed unused vars must match /^_/u               @typescript-eslint/no-unused-vars
2026-10-04T20:37:21.3787371Z ##[warning]  174:17  warning  'onTurboModeOn' is assigned a value but never used. Allowed unused vars must match /^_/u                @typescript-eslint/no-unused-vars
2026-10-04T20:37:21.3788307Z ##[warning]  175:17  warning  'onShowExtensionAlert' is assigned a value but never used. Allowed unused vars must match /^_/u         @typescript-eslint/no-unused-vars
2026-10-04T20:37:21.3789116Z ##[warning]  228:32  warning  Expected parentheses around arrow function argument                                                     arrow-parens
2026-10-04T20:37:21.3789899Z ##[warning]  229:26  warning  Expected parentheses around arrow function argument                                                     arrow-parens
2026-10-04T20:37:21.3790674Z ##[warning]  232:27  warning  Expected parentheses around arrow function argument                                                     arrow-parens
2026-10-04T20:37:21.3791657Z ##[warning]  235:28  warning  Expected parentheses around arrow function argument                                                     arrow-parens
2026-10-04T20:37:21.3792463Z ##[warning]  245:31  warning  Expected parentheses around arrow function argument                                                     arrow-parens
2026-10-04T20:37:21.3793238Z ##[warning]  248:31  warning  Expected parentheses around arrow function argument                                                     arrow-parens
2026-10-04T20:37:21.3794025Z ##[warning]  251:38  warning  Expected parentheses around arrow function argument                                                     arrow-parens
2026-10-04T20:37:21.3794925Z ##[warning]  255:34  warning  Expected parentheses around arrow function argument                                                     arrow-parens
2026-10-04T20:37:21.3795719Z ##[warning]  258:36  warning  Expected parentheses around arrow function argument                                                     arrow-parens
2026-10-04T20:37:21.3796503Z ##[warning]  274:33  warning  Expected parentheses around arrow function argument                                                     arrow-parens
2026-10-04T20:37:21.3796514Z 
2026-10-04T20:37:21.3796922Z ~/work/scratch-editor/scratch-editor/packages/scratch-gui/src/lib/vm-manager-hoc.jsx
2026-10-04T20:37:21.3797696Z ##[warning]   73:24  warning  Expected parentheses around arrow function argument                                               arrow-parens
2026-10-04T20:37:21.3798574Z ##[warning]   80:17  warning  'fontsLoaded' is assigned a value but never used. Allowed unused vars must match /^_/u            @typescript-eslint/no-unused-vars
2026-10-04T20:37:21.3799438Z ##[warning]   81:17  warning  'loadingState' is assigned a value but never used. Allowed unused vars must match /^_/u           @typescript-eslint/no-unused-vars
2026-10-04T20:37:21.3800270Z ##[warning]   82:17  warning  'locale' is assigned a value but never used. Allowed unused vars must match /^_/u                 @typescript-eslint/no-unused-vars
2026-10-04T20:37:21.3801112Z ##[warning]   83:17  warning  'messages' is assigned a value but never used. Allowed unused vars must match /^_/u               @typescript-eslint/no-unused-vars
2026-10-04T20:37:21.3802113Z ##[warning]   84:17  warning  'isStarted' is assigned a value but never used. Allowed unused vars must match /^_/u              @typescript-eslint/no-unused-vars
2026-10-04T20:37:21.3803157Z ##[warning]   85:26  warning  'onErrorProp' is assigned a value but never used. Allowed unused vars must match /^_/u            @typescript-eslint/no-unused-vars
2026-10-04T20:37:21.3804058Z ##[warning]   86:34  warning  'onLoadedProjectProp' is assigned a value but never used. Allowed unused vars must match /^_/u    @typescript-eslint/no-unused-vars
2026-10-04T20:37:21.3804947Z ##[warning]   87:17  warning  'onSetProjectUnchanged' is assigned a value but never used. Allowed unused vars must match /^_/u  @typescript-eslint/no-unused-vars
2026-10-04T20:37:21.3805804Z ##[warning]   88:17  warning  'projectData' is assigned a value but never used. Allowed unused vars must match /^_/u            @typescript-eslint/no-unused-vars
2026-10-04T20:37:21.3806576Z ##[warning]  123:29  warning  Expected parentheses around arrow function argument                                               arrow-parens
2026-10-04T20:37:21.3807337Z ##[warning]  138:32  warning  Expected parentheses around arrow function argument                                               arrow-parens
2026-10-04T20:37:21.3808094Z ##[warning]  139:18  warning  Expected parentheses around arrow function argument                                               arrow-parens
2026-10-04T20:37:21.3808104Z 
2026-10-04T20:37:21.3808534Z ~/work/scratch-editor/scratch-editor/packages/scratch-gui/src/playground/blocks-only.jsx
2026-10-04T20:37:21.3809137Z ##[warning]  13:25  warning  Expected parentheses around arrow function argument  arrow-parens
2026-10-04T20:37:21.3809634Z ##[warning]  18:20  warning  Expected parentheses around arrow function argument  arrow-parens
2026-10-04T20:37:21.3809643Z 
2026-10-04T20:37:21.3810120Z ~/work/scratch-editor/scratch-editor/packages/scratch-gui/src/playground/compatibility-testing.jsx
2026-10-04T20:37:21.3810635Z ##[warning]  42:21  warning  Unknown property 'allowTransparency' found  react/no-unknown-property
2026-10-04T20:37:21.3810649Z 
2026-10-04T20:37:21.3811038Z ~/work/scratch-editor/scratch-editor/packages/scratch-gui/src/playground/player.jsx
2026-10-04T20:37:21.3811859Z ##[warning]  40:25  warning  Expected parentheses around arrow function argument  arrow-parens
2026-10-04T20:37:21.3812525Z ##[warning]  44:28  warning  Expected parentheses around arrow function argument  arrow-parens
2026-10-04T20:37:21.3812540Z 
2026-10-04T20:37:21.3813026Z ~/work/scratch-editor/scratch-editor/packages/scratch-gui/src/playground/render-gui-standalone.jsx
2026-10-04T20:37:21.3813531Z ##[warning]  28:16  warning  Expected parentheses around arrow function argument  arrow-parens
2026-10-04T20:37:21.3813546Z 
2026-10-04T20:37:21.3813960Z ~/work/scratch-editor/scratch-editor/packages/scratch-gui/src/playground/standalone.jsx
2026-10-04T20:37:21.3815032Z ##[warning]  29:5  warning  ReactDOM.render is deprecated since React 18.0.0, use createRoot instead, see https://reactjs.org/link/switch-to-createroot  react/no-deprecated
2026-10-04T20:37:21.3815046Z 
2026-10-04T20:37:21.3815425Z ~/work/scratch-editor/scratch-editor/packages/scratch-gui/src/reducers/alerts.js
2026-10-04T20:37:21.3816024Z ##[warning]   29:27  warning  Expected parentheses around arrow function argument  arrow-parens
2026-10-04T20:37:21.3816525Z ##[warning]   30:23  warning  Expected parentheses around arrow function argument  arrow-parens
2026-10-04T20:37:21.3817017Z ##[warning]   36:28  warning  Expected parentheses around arrow function argument  arrow-parens
2026-10-04T20:37:21.3817493Z ##[warning]   37:23  warning  Expected parentheses around arrow function argument  arrow-parens
2026-10-04T20:37:21.3817979Z ##[warning]   52:47  warning  Expected parentheses around arrow function argument  arrow-parens
2026-10-04T20:37:21.3818462Z ##[warning]   54:57  warning  Expected parentheses around arrow function argument  arrow-parens
2026-10-04T20:37:21.3818946Z ##[warning]   81:50  warning  Expected parentheses around arrow function argument  arrow-parens
2026-10-04T20:37:21.3819586Z ##[warning]  105:55  warning  Expected parentheses around arrow function argument  arrow-parens
2026-10-04T20:37:21.3820082Z ##[warning]  116:49  warning  Expected parentheses around arrow function argument  arrow-parens
2026-10-04T20:37:21.3820589Z ##[warning]  195:39  warning  Expected parentheses around arrow function argument  arrow-parens
2026-10-04T20:37:21.3820598Z 
2026-10-04T20:37:21.3821015Z ~/work/scratch-editor/scratch-editor/packages/scratch-gui/src/reducers/color-picker.js
2026-10-04T20:37:21.3821741Z ##[warning]  31:29  warning  Expected parentheses around arrow function argument  arrow-parens
2026-10-04T20:37:21.3822283Z ##[warning]  32:31  warning  Expected parentheses around arrow function argument  arrow-parens
2026-10-04T20:37:21.3822769Z ##[warning]  33:21  warning  Expected parentheses around arrow function argument  arrow-parens
2026-10-04T20:37:21.3822779Z 
2026-10-04T20:37:21.3823226Z ~/work/scratch-editor/scratch-editor/packages/scratch-gui/src/reducers/custom-procedures.js
2026-10-04T20:37:21.3823733Z ##[warning]  56:36  warning  Expected parentheses around arrow function argument  arrow-parens
2026-10-04T20:37:21.3823741Z 
2026-10-04T20:37:21.3824159Z ~/work/scratch-editor/scratch-editor/packages/scratch-gui/src/reducers/local-projects.js
2026-10-04T20:37:21.3824661Z ##[warning]   90:31  warning  Expected parentheses around arrow function argument  arrow-parens
2026-10-04T20:37:21.3825143Z ##[warning]   99:36  warning  Expected parentheses around arrow function argument  arrow-parens
2026-10-04T20:37:21.3825632Z ##[warning]  104:35  warning  Expected parentheses around arrow function argument  arrow-parens
2026-10-04T20:37:21.3825641Z 
2026-10-04T20:37:21.3826051Z ~/work/scratch-editor/scratch-editor/packages/scratch-gui/src/reducers/local-sprites.js
2026-10-04T20:37:21.3826540Z ##[warning]   98:30  warning  Expected parentheses around arrow function argument  arrow-parens
2026-10-04T20:37:21.3827024Z ##[warning]  107:32  warning  Expected parentheses around arrow function argument  arrow-parens
2026-10-04T20:37:21.3827505Z ##[warning]  112:35  warning  Expected parentheses around arrow function argument  arrow-parens
2026-10-04T20:37:21.3827988Z ##[warning]  117:34  warning  Expected parentheses around arrow function argument  arrow-parens
2026-10-04T20:37:21.3827998Z 
2026-10-04T20:37:21.3828559Z ~/work/scratch-editor/scratch-editor/packages/scratch-gui/src/reducers/menus.js
2026-10-04T20:37:21.3829068Z ##[warning]  20:38  warning  Expected parentheses around arrow function argument  arrow-parens
2026-10-04T20:37:21.3829560Z ##[warning]  26:44  warning  Expected parentheses around arrow function argument  arrow-parens
2026-10-04T20:37:21.3830046Z ##[warning]  55:49  warning  Expected parentheses around arrow function argument  arrow-parens
2026-10-04T20:37:21.3830528Z ##[warning]  77:18  warning  Expected parentheses around arrow function argument  arrow-parens
2026-10-04T20:37:21.3831007Z ##[warning]  81:19  warning  Expected parentheses around arrow function argument  arrow-parens
2026-10-04T20:37:21.3831660Z ##[warning]  88:23  warning  Expected parentheses around arrow function argument  arrow-parens
2026-10-04T20:37:21.3831674Z 
2026-10-04T20:37:21.3832093Z ~/work/scratch-editor/scratch-editor/packages/scratch-gui/src/reducers/project-state.js
2026-10-04T20:37:21.3832603Z ##[warning]   49:32  warning  Expected parentheses around arrow function argument  arrow-parens
2026-10-04T20:37:21.3833093Z ##[warning]   54:29  warning  Expected parentheses around arrow function argument  arrow-parens
2026-10-04T20:37:21.3833579Z ##[warning]   58:28  warning  Expected parentheses around arrow function argument  arrow-parens
2026-10-04T20:37:21.3834058Z ##[warning]   62:22  warning  Expected parentheses around arrow function argument  arrow-parens
2026-10-04T20:37:21.3834538Z ##[warning]   67:28  warning  Expected parentheses around arrow function argument  arrow-parens
2026-10-04T20:37:21.3835016Z ##[warning]   70:26  warning  Expected parentheses around arrow function argument  arrow-parens
2026-10-04T20:37:21.3835651Z ##[warning]   73:34  warning  Expected parentheses around arrow function argument  arrow-parens
2026-10-04T20:37:21.3836134Z ##[warning]   78:27  warning  Expected parentheses around arrow function argument  arrow-parens
2026-10-04T20:37:21.3836618Z ##[warning]   81:29  warning  Expected parentheses around arrow function argument  arrow-parens
2026-10-04T20:37:21.3837101Z ##[warning]   84:23  warning  Expected parentheses around arrow function argument  arrow-parens
2026-10-04T20:37:21.3837581Z ##[warning]   87:23  warning  Expected parentheses around arrow function argument  arrow-parens
2026-10-04T20:37:21.3838069Z ##[warning]   93:29  warning  Expected parentheses around arrow function argument  arrow-parens
2026-10-04T20:37:21.3838548Z ##[warning]   97:28  warning  Expected parentheses around arrow function argument  arrow-parens
2026-10-04T20:37:21.3839033Z ##[warning]  100:31  warning  Expected parentheses around arrow function argument  arrow-parens
2026-10-04T20:37:21.3839534Z ##[warning]  103:20  warning  Expected parentheses around arrow function argument  arrow-parens
2026-10-04T20:37:21.3840024Z ##[warning]  443:29  warning  Expected parentheses around arrow function argument  arrow-parens
2026-10-04T20:37:21.3840515Z ##[warning]  463:22  warning  Expected parentheses around arrow function argument  arrow-parens
2026-10-04T20:37:21.3841001Z ##[warning]  468:22  warning  Expected parentheses around arrow function argument  arrow-parens
2026-10-04T20:37:21.3841717Z ##[warning]  473:27  warning  Expected parentheses around arrow function argument  arrow-parens
2026-10-04T20:37:21.3842259Z ##[warning]  478:30  warning  Expected parentheses around arrow function argument  arrow-parens
2026-10-04T20:37:21.3842269Z 
2026-10-04T20:37:21.3842680Z ~/work/scratch-editor/scratch-editor/packages/scratch-gui/src/reducers/project-title.js
2026-10-04T20:37:21.3843169Z ##[warning]  16:25  warning  Expected parentheses around arrow function argument  arrow-parens
2026-10-04T20:37:21.3843192Z 
2026-10-04T20:37:21.3843573Z ~/work/scratch-editor/scratch-editor/packages/scratch-gui/src/reducers/settings.js
2026-10-04T20:37:21.3844063Z ##[warning]  23:22  warning  Expected parentheses around arrow function argument  arrow-parens
2026-10-04T20:37:21.3844675Z ##[warning]  28:18  warning  Expected parentheses around arrow function argument  arrow-parens
2026-10-04T20:37:21.3844688Z 
2026-10-04T20:37:21.3845075Z ~/work/scratch-editor/scratch-editor/packages/scratch-gui/src/reducers/targets.js
2026-10-04T20:37:21.3845569Z ##[warning]  17:25  warning  Expected parentheses around arrow function argument  arrow-parens
2026-10-04T20:37:21.3846051Z ##[warning]  26:25  warning  Expected parentheses around arrow function argument  arrow-parens
2026-10-04T20:37:21.3846060Z 
2026-10-04T20:37:21.3846436Z ~/work/scratch-editor/scratch-editor/packages/scratch-gui/src/reducers/timeout.js
2026-10-04T20:37:21.3846921Z ##[warning]  18:30  warning  Expected parentheses around arrow function argument  arrow-parens
2026-10-04T20:37:21.3846936Z 
2026-10-04T20:37:21.3847361Z ~/work/scratch-editor/scratch-editor/packages/scratch-gui/test/__mocks__/audio-effects.js
2026-10-04T20:37:21.3848005Z ##[warning]  16:32  warning  Expected parentheses around arrow function argument  arrow-parens
2026-10-04T20:37:21.3848499Z ##[warning]  17:38  warning  Expected parentheses around arrow function argument  arrow-parens
2026-10-04T20:37:21.3848979Z ##[warning]  19:36  warning  Expected parentheses around arrow function argument  arrow-parens
2026-10-04T20:37:21.3848989Z 
2026-10-04T20:37:21.3849412Z ~/work/scratch-editor/scratch-editor/packages/scratch-gui/test/helpers/selenium-helper.js
2026-10-04T20:37:21.3850178Z ##[warning]   26:10  warning  Expected parentheses around arrow function argument                               arrow-parens
2026-10-04T20:37:21.3850862Z ##[warning]   27:13  warning  Expected parentheses around arrow function argument                               arrow-parens
2026-10-04T20:37:21.3852022Z ##[warning]   37:25  warning  Expected parentheses around arrow function argument                               arrow-parens
2026-10-04T20:37:21.3852724Z ##[warning]  171:1   warning  Invalid JSDoc tag name "note"                                                     jsdoc/check-tag-names
2026-10-04T20:37:21.3853464Z ##[warning]  172:1   warning  Unexpected inline JSDoc tag. Did you mean to use {@class}, \@class, or `@class`?  jsdoc/escape-inline-tags
2026-10-04T20:37:21.3854179Z ##[warning]  174:1   warning  Unexpected inline JSDoc tag. Did you mean to use {@class}, \@class, or `@class`?  jsdoc/escape-inline-tags
2026-10-04T20:37:21.3854863Z ##[warning]  529:35  warning  Expected parentheses around arrow function argument                               arrow-parens
2026-10-04T20:37:21.3854873Z 
2026-10-04T20:37:21.3855363Z ~/work/scratch-editor/scratch-editor/packages/scratch-gui/test/integration/blocks-standalone.test.js
2026-10-04T20:37:21.3855964Z ##[warning]  173:27  warning  Expected parentheses around arrow function argument  arrow-parens
2026-10-04T20:37:21.3855975Z 
2026-10-04T20:37:21.3856399Z ~/work/scratch-editor/scratch-editor/packages/scratch-gui/test/integration/blocks.test.js
2026-10-04T20:37:21.3856905Z ##[warning]  171:27  warning  Expected parentheses around arrow function argument  arrow-parens
2026-10-04T20:37:21.3856914Z 
2026-10-04T20:37:21.3857388Z ~/work/scratch-editor/scratch-editor/packages/scratch-gui/test/integration/connection-modal.test.js
2026-10-04T20:37:21.3858227Z ##[warning]  37:9   warning  Possible race condition: `driver` might be reassigned based on an outdated value of `driver`  require-atomic-updates
2026-10-04T20:37:21.3858971Z ##[warning]  46:27  warning  Expected parentheses around arrow function argument                                           arrow-parens
2026-10-04T20:37:21.3859711Z ##[warning]  61:27  warning  Expected parentheses around arrow function argument                                           arrow-parens
2026-10-04T20:37:21.3859736Z 
2026-10-04T20:37:21.3860171Z ~/work/scratch-editor/scratch-editor/packages/scratch-gui/test/integration/costumes.test.js
2026-10-04T20:37:21.3860802Z ##[warning]  75:27  warning  Expected parentheses around arrow function argument  arrow-parens
2026-10-04T20:37:21.3860815Z 
2026-10-04T20:37:21.3861253Z ~/work/scratch-editor/scratch-editor/packages/scratch-gui/test/integration/examples.test.js
2026-10-04T20:37:21.3861972Z ##[warning]  31:27  warning  Expected parentheses around arrow function argument  arrow-parens
2026-10-04T20:37:21.3862487Z ##[warning]  37:19  warning  Expected parentheses around arrow function argument  arrow-parens
2026-10-04T20:37:21.3862966Z ##[warning]  37:38  warning  Expected parentheses around arrow function argument  arrow-parens
2026-10-04T20:37:21.3863444Z ##[warning]  38:25  warning  Expected parentheses around arrow function argument  arrow-parens
2026-10-04T20:37:21.3863924Z ##[warning]  39:22  warning  Expected parentheses around arrow function argument  arrow-parens
2026-10-04T20:37:21.3864449Z ##[warning]  40:25  warning  Expected parentheses around arrow function argument  arrow-parens
2026-10-04T20:37:21.3864929Z ##[warning]  60:27  warning  Expected parentheses around arrow function argument  arrow-parens
2026-10-04T20:37:21.3865406Z ##[warning]  62:27  warning  Expected parentheses around arrow function argument  arrow-parens
2026-10-04T20:37:21.3865882Z ##[warning]  68:19  warning  Expected parentheses around arrow function argument  arrow-parens
2026-10-04T20:37:21.3866366Z ##[warning]  68:38  warning  Expected parentheses around arrow function argument  arrow-parens
2026-10-04T20:37:21.3866840Z ##[warning]  69:25  warning  Expected parentheses around arrow function argument  arrow-parens
2026-10-04T20:37:21.3867320Z ##[warning]  70:22  warning  Expected parentheses around arrow function argument  arrow-parens
2026-10-04T20:37:21.3867949Z ##[warning]  71:25  warning  Expected parentheses around arrow function argument  arrow-parens
2026-10-04T20:37:21.3868433Z ##[warning]  86:27  warning  Expected parentheses around arrow function argument  arrow-parens
2026-10-04T20:37:21.3868442Z 
2026-10-04T20:37:21.3868903Z ~/work/scratch-editor/scratch-editor/packages/scratch-gui/test/integration/localization.test.js
2026-10-04T20:37:21.3869389Z ##[warning]  68:27  warning  Expected parentheses around arrow function argument  arrow-parens
2026-10-04T20:37:21.3869867Z ##[warning]  78:27  warning  Expected parentheses around arrow function argument  arrow-parens
2026-10-04T20:37:21.3869876Z 
2026-10-04T20:37:21.3870351Z ~/work/scratch-editor/scratch-editor/packages/scratch-gui/test/integration/project-loading.test.js
2026-10-04T20:37:21.3871176Z ##[warning]  43:13  warning  Possible race condition: `driver` might be reassigned based on an outdated value of `driver`  require-atomic-updates
2026-10-04T20:37:21.3872141Z ##[warning]  48:31  warning  Expected parentheses around arrow function argument                                           arrow-parens
2026-10-04T20:37:21.3872974Z ##[warning]  58:13  warning  Possible race condition: `driver` might be reassigned based on an outdated value of `driver`  require-atomic-updates
2026-10-04T20:37:21.3873715Z ##[warning]  63:31  warning  Expected parentheses around arrow function argument                                           arrow-parens
2026-10-04T20:37:21.3874455Z ##[warning]  70:31  warning  Expected parentheses around arrow function argument                                           arrow-parens
2026-10-04T20:37:21.3875184Z ##[warning]  72:31  warning  Expected parentheses around arrow function argument                                           arrow-parens
2026-10-04T20:37:21.3875909Z ##[warning]  74:27  warning  Expected parentheses around arrow function argument                                           arrow-parens
2026-10-04T20:37:21.3875919Z 
2026-10-04T20:37:21.3876344Z ~/work/scratch-editor/scratch-editor/packages/scratch-gui/test/integration/sounds.test.js
2026-10-04T20:37:21.3876844Z ##[warning]   83:27  warning  Expected parentheses around arrow function argument  arrow-parens
2026-10-04T20:37:21.3877343Z ##[warning]  105:27  warning  Expected parentheses around arrow function argument  arrow-parens
2026-10-04T20:37:21.3877476Z 
2026-10-04T20:37:21.3877915Z ~/work/scratch-editor/scratch-editor/packages/scratch-gui/test/integration/sprites.test.js
2026-10-04T20:37:21.3878415Z ##[warning]  69:27  warning  Expected parentheses around arrow function argument  arrow-parens
2026-10-04T20:37:21.3878895Z ##[warning]  81:27  warning  Expected parentheses around arrow function argument  arrow-parens
2026-10-04T20:37:21.3878904Z 
2026-10-04T20:37:21.3879347Z ~/work/scratch-editor/scratch-editor/packages/scratch-gui/test/integration/stage-size.test.js
2026-10-04T20:37:21.3879835Z ##[warning]  30:27  warning  Expected parentheses around arrow function argument  arrow-parens
2026-10-04T20:37:21.3879849Z 
2026-10-04T20:37:21.3880323Z ~/work/scratch-editor/scratch-editor/packages/scratch-gui/test/playwright/drag-over-targets.spec.js
2026-10-04T20:37:21.3880914Z ##[warning]   11:1   warning  Missing JSDoc @param "page" declaration              jsdoc/require-param
2026-10-04T20:37:21.3881591Z ##[warning]   11:1   warning  Missing JSDoc @returns declaration                   jsdoc/require-returns
2026-10-04T20:37:21.3882126Z ##[warning]   33:1   warning  Missing JSDoc @param "page" declaration              jsdoc/require-param
2026-10-04T20:37:21.3882620Z ##[warning]   82:52  warning  Expected parentheses around arrow function argument  arrow-parens
2026-10-04T20:37:21.3883110Z ##[warning]  129:50  warning  Expected parentheses around arrow function argument  arrow-parens
2026-10-04T20:37:21.3883120Z 
2026-10-04T20:37:21.3883573Z ~/work/scratch-editor/scratch-editor/packages/scratch-gui/test/playwright/editor-loads.spec.js
2026-10-04T20:37:21.3884220Z ##[warning]  8:26  warning  Expected parentheses around arrow function argument  arrow-parens
2026-10-04T20:37:21.3884230Z 
2026-10-04T20:37:21.3884691Z ~/work/scratch-editor/scratch-editor/packages/scratch-gui/test/unit/components/controls.test.jsx
2026-10-04T20:37:21.3885352Z ##[warning]  20:1   warning  This line has a length of 130. Maximum allowed is 120  @stylistic/max-len
2026-10-04T20:37:21.3885876Z ##[warning]  20:86  warning  Expected parentheses around arrow function argument    arrow-parens
2026-10-04T20:37:21.3886380Z ##[warning]  26:1   warning  This line has a length of 134. Maximum allowed is 120  @stylistic/max-len
2026-10-04T20:37:21.3886883Z ##[warning]  26:90  warning  Expected parentheses around arrow function argument    arrow-parens
2026-10-04T20:37:21.3886893Z 
2026-10-04T20:37:21.3887404Z ~/work/scratch-editor/scratch-editor/packages/scratch-gui/test/unit/components/error-boundary-hoc.test.jsx
2026-10-04T20:37:21.3887912Z ##[warning]  31:1   warning  This line has a length of 127. Maximum allowed is 120  @stylistic/max-len
2026-10-04T20:37:21.3888423Z ##[warning]  31:88  warning  Expected parentheses around arrow function argument    arrow-parens
2026-10-04T20:37:21.3888924Z ##[warning]  46:1   warning  This line has a length of 130. Maximum allowed is 120  @stylistic/max-len
2026-10-04T20:37:21.3889438Z ##[warning]  46:91  warning  Expected parentheses around arrow function argument    arrow-parens
2026-10-04T20:37:21.3889447Z 
2026-10-04T20:37:21.3889974Z ~/work/scratch-editor/scratch-editor/packages/scratch-gui/test/unit/components/mcremote-block-picker.test.jsx
2026-10-04T20:37:21.3890474Z ##[warning]   64:66   warning  Expected parentheses around arrow function argument  arrow-parens
2026-10-04T20:37:21.3890966Z ##[warning]   92:44   warning  Expected parentheses around arrow function argument  arrow-parens
2026-10-04T20:37:21.3891746Z ##[warning]  122:100  warning  Expected parentheses around arrow function argument  arrow-parens
2026-10-04T20:37:21.3892388Z ##[warning]  145:69   warning  Expected parentheses around arrow function argument  arrow-parens
2026-10-04T20:37:21.3892882Z ##[warning]  177:77   warning  Expected parentheses around arrow function argument  arrow-parens
2026-10-04T20:37:21.3892892Z 
2026-10-04T20:37:21.3893521Z ~/work/scratch-editor/scratch-editor/packages/scratch-gui/test/unit/components/sound-editor.test.jsx
2026-10-04T20:37:21.3894051Z ##[warning]   50:19  warning  Expected parentheses around arrow function argument  arrow-parens
2026-10-04T20:37:21.3894549Z ##[warning]  109:31  warning  Expected parentheses around arrow function argument  arrow-parens
2026-10-04T20:37:21.3895035Z ##[warning]  109:52  warning  Expected parentheses around arrow function argument  arrow-parens
2026-10-04T20:37:21.3895044Z 
2026-10-04T20:37:21.3895487Z ~/work/scratch-editor/scratch-editor/packages/scratch-gui/test/unit/containers/blocks.test.js
2026-10-04T20:37:21.3896081Z ##[warning]   86:36  warning  Expected parentheses around arrow function argument  arrow-parens
2026-10-04T20:37:21.3896575Z ##[warning]  109:31  warning  Expected parentheses around arrow function argument  arrow-parens
2026-10-04T20:37:21.3897067Z ##[warning]  115:31  warning  Expected parentheses around arrow function argument  arrow-parens
2026-10-04T20:37:21.3897563Z ##[warning]  143:23  warning  Expected parentheses around arrow function argument  arrow-parens
2026-10-04T20:37:21.3897573Z 
2026-10-04T20:37:21.3898090Z ~/work/scratch-editor/scratch-editor/packages/scratch-gui/test/unit/containers/sprite-selector-item.test.jsx
2026-10-04T20:37:21.3898607Z ##[warning]   9:1  warning  This line has a length of 121. Maximum allowed is 120  @stylistic/max-len
2026-10-04T20:37:21.3899102Z ##[warning]  17:1  warning  This line has a length of 122. Maximum allowed is 120  @stylistic/max-len
2026-10-04T20:37:21.3899110Z 
2026-10-04T20:37:21.3899639Z ~/work/scratch-editor/scratch-editor/packages/scratch-gui/test/unit/contracts/mcremote-config-contract.test.js
2026-10-04T20:37:21.3900336Z ##[warning]   6:18  warning  Expected parentheses around arrow function argument  arrow-parens
2026-10-04T20:37:21.3900827Z ##[warning]   7:22  warning  Expected parentheses around arrow function argument  arrow-parens
2026-10-04T20:37:21.3901318Z ##[warning]   8:13  warning  Expected parentheses around arrow function argument  arrow-parens
2026-10-04T20:37:21.3902074Z ##[warning]   9:10  warning  Expected parentheses around arrow function argument  arrow-parens
2026-10-04T20:37:21.3902591Z ##[warning]  12:27  warning  Expected parentheses around arrow function argument  arrow-parens
2026-10-04T20:37:21.3902601Z 
2026-10-04T20:37:21.3903097Z ~/work/scratch-editor/scratch-editor/packages/scratch-gui/test/unit/hooks/use-menu-navigation.test.jsx
2026-10-04T20:37:21.3903669Z ##[warning]  260:28  warning  Expected parentheses around arrow function argument  arrow-parens
2026-10-04T20:37:21.3904170Z ##[warning]  358:28  warning  Expected parentheses around arrow function argument  arrow-parens
2026-10-04T20:37:21.3904186Z 
2026-10-04T20:37:21.3904740Z ~/work/scratch-editor/scratch-editor/packages/scratch-gui/test/unit/lib/configure-mcremote-block-rendering.test.js
2026-10-04T20:37:21.3905302Z ##[warning]  11:18  warning  Expected parentheses around arrow function argument  arrow-parens
2026-10-04T20:37:21.3905787Z ##[warning]  12:18  warning  Expected parentheses around arrow function argument  arrow-parens
2026-10-04T20:37:21.3906270Z ##[warning]  13:21  warning  Expected parentheses around arrow function argument  arrow-parens
2026-10-04T20:37:21.3906751Z ##[warning]  14:19  warning  Expected parentheses around arrow function argument  arrow-parens
2026-10-04T20:37:21.3906761Z 
2026-10-04T20:37:21.3907260Z ~/work/scratch-editor/scratch-editor/packages/scratch-gui/test/unit/lib/configure-workspace-zoom.test.js
2026-10-04T20:37:21.3907762Z ##[warning]  8:43  warning  Expected parentheses around arrow function argument  arrow-parens
2026-10-04T20:37:21.3907782Z 
2026-10-04T20:37:21.3908277Z ~/work/scratch-editor/scratch-editor/packages/scratch-gui/test/unit/lib/indexeddb-project-store.test.js
2026-10-04T20:37:21.3908831Z ##[warning]    2:1   warning  Invalid JSDoc tag name "jest-environment"             jsdoc/check-tag-names
2026-10-04T20:37:21.3909485Z ##[warning]   61:28  warning  Expected parentheses around arrow function argument   arrow-parens
2026-10-04T20:37:21.3910176Z ##[warning]  107:36  warning  Expected the Promise rejection reason to be an Error  @typescript-eslint/prefer-promise-reject-errors
2026-10-04T20:37:21.3910852Z ##[warning]  109:37  warning  Expected the Promise rejection reason to be an Error  @typescript-eslint/prefer-promise-reject-errors
2026-10-04T20:37:21.3911355Z ##[warning]  113:28  warning  Expected parentheses around arrow function argument   arrow-parens
2026-10-04T20:37:21.3911365Z 
2026-10-04T20:37:21.3912027Z ~/work/scratch-editor/scratch-editor/packages/scratch-gui/test/unit/lib/indexeddb-sprite-store.test.js
2026-10-04T20:37:21.3912591Z ##[warning]    2:1   warning  Invalid JSDoc tag name "jest-environment"             jsdoc/check-tag-names
2026-10-04T20:37:21.3913098Z ##[warning]   62:28  warning  Expected parentheses around arrow function argument   arrow-parens
2026-10-04T20:37:21.3913765Z ##[warning]  106:36  warning  Expected the Promise rejection reason to be an Error  @typescript-eslint/prefer-promise-reject-errors
2026-10-04T20:37:21.3914415Z ##[warning]  108:37  warning  Expected the Promise rejection reason to be an Error  @typescript-eslint/prefer-promise-reject-errors
2026-10-04T20:37:21.3914913Z ##[warning]  112:28  warning  Expected parentheses around arrow function argument   arrow-parens
2026-10-04T20:37:21.3914922Z 
2026-10-04T20:37:21.3915408Z ~/work/scratch-editor/scratch-editor/packages/scratch-gui/test/unit/lib/mcremote-block-names.test.js
2026-10-04T20:37:21.3915900Z ##[warning]  6:92  warning  Expected parentheses around arrow function argument  arrow-parens
2026-10-04T20:37:21.3916045Z 
2026-10-04T20:37:21.3916518Z ~/work/scratch-editor/scratch-editor/packages/scratch-gui/test/unit/reducers/alerts-reducer.test.js
2026-10-04T20:37:21.3917100Z ##[warning]  100:39  warning  Expected parentheses around arrow function argument  arrow-parens
2026-10-04T20:37:21.3917605Z ##[warning]  104:39  warning  Expected parentheses around arrow function argument  arrow-parens
2026-10-04T20:37:21.3918090Z ##[warning]  108:39  warning  Expected parentheses around arrow function argument  arrow-parens
2026-10-04T20:37:21.3918574Z ##[warning]  112:39  warning  Expected parentheses around arrow function argument  arrow-parens
2026-10-04T20:37:21.3918583Z 
2026-10-04T20:37:21.3919130Z ~/work/scratch-editor/scratch-editor/packages/scratch-gui/test/unit/util/blockly-input-editing-shortcuts.test.js
2026-10-04T20:37:21.3919699Z ##[warning]  25:41  warning  Expected parentheses around arrow function argument  arrow-parens
2026-10-04T20:37:21.3919715Z 
2026-10-04T20:37:21.3920187Z ~/work/scratch-editor/scratch-editor/packages/scratch-gui/test/unit/util/cloud-manager-hoc.test.jsx
2026-10-04T20:37:21.3920680Z ##[warning]  156:57  warning  Expected parentheses around arrow function argument  arrow-parens
2026-10-04T20:37:21.3921169Z ##[warning]  175:57  warning  Expected parentheses around arrow function argument  arrow-parens
2026-10-04T20:37:21.3921178Z 
2026-10-04T20:37:21.3921793Z ~/work/scratch-editor/scratch-editor/packages/scratch-gui/test/unit/util/cloud-provider.test.js
2026-10-04T20:37:21.3922301Z ##[warning]  12:19  warning  Expected parentheses around arrow function argument  arrow-parens
2026-10-04T20:37:21.3922786Z ##[warning]  13:21  warning  Expected parentheses around arrow function argument  arrow-parens
2026-10-04T20:37:21.3923267Z ##[warning]  16:17  warning  Expected parentheses around arrow function argument  arrow-parens
2026-10-04T20:37:21.3923747Z ##[warning]  43:43  warning  Expected parentheses around arrow function argument  arrow-parens
2026-10-04T20:37:21.3923762Z 
2026-10-04T20:37:21.3924207Z ~/work/scratch-editor/scratch-editor/packages/scratch-gui/test/unit/util/code-payload.test.js
2026-10-04T20:37:21.3924693Z ##[warning]  13:29  warning  Expected parentheses around arrow function argument  arrow-parens
2026-10-04T20:37:21.3924711Z 
2026-10-04T20:37:21.3925316Z ~/work/scratch-editor/scratch-editor/packages/scratch-gui/test/unit/util/color-modes.test.js
2026-10-04T20:37:21.3925875Z ##[warning]  8:1  warning  This line has a length of 121. Maximum allowed is 120  @stylistic/max-len
2026-10-04T20:37:21.3925885Z 
2026-10-04T20:37:21.3926343Z ~/work/scratch-editor/scratch-editor/packages/scratch-gui/test/unit/util/default-project.test.js
2026-10-04T20:37:21.3926838Z ##[warning]  10:53  warning  Expected parentheses around arrow function argument  arrow-parens
2026-10-04T20:37:21.3927319Z ##[warning]  12:37  warning  Expected parentheses around arrow function argument  arrow-parens
2026-10-04T20:37:21.3927809Z ##[warning]  13:37  warning  Expected parentheses around arrow function argument  arrow-parens
2026-10-04T20:37:21.3928284Z ##[warning]  16:35  warning  Expected parentheses around arrow function argument  arrow-parens
2026-10-04T20:37:21.3928294Z 
2026-10-04T20:37:21.3928751Z ~/work/scratch-editor/scratch-editor/packages/scratch-gui/test/unit/util/drag-recognizer.test.js
2026-10-04T20:37:21.3929234Z ##[warning]  59:80  warning  Expected parentheses around arrow function argument  arrow-parens
2026-10-04T20:37:21.3929249Z 
2026-10-04T20:37:21.3929828Z ~/work/scratch-editor/scratch-editor/packages/scratch-gui/test/unit/util/mcremote-connection-target-persistence.test.js
2026-10-04T20:37:21.3930319Z ##[warning]  16:53  warning  Expected parentheses around arrow function argument  arrow-parens
2026-10-04T20:37:21.3930327Z 
2026-10-04T20:37:21.3930823Z ~/work/scratch-editor/scratch-editor/packages/scratch-gui/test/unit/util/mcremote-runtime-config.test.js
2026-10-04T20:37:21.3931681Z ##[warning]    3:22  warning  Expected parentheses around arrow function argument  arrow-parens
2026-10-04T20:37:21.3932288Z ##[warning]   15:22  warning  Expected parentheses around arrow function argument  arrow-parens
2026-10-04T20:37:21.3932792Z ##[warning]   22:18  warning  Expected parentheses around arrow function argument  arrow-parens
2026-10-04T20:37:21.3933279Z ##[warning]   25:37  warning  Expected parentheses around arrow function argument  arrow-parens
2026-10-04T20:37:21.3933763Z ##[warning]  134:41  warning  Expected parentheses around arrow function argument  arrow-parens
2026-10-04T20:37:21.3933779Z 
2026-10-04T20:37:21.3934291Z ~/work/scratch-editor/scratch-editor/packages/scratch-gui/test/unit/util/mcremote-wirescope-source.test.js
2026-10-04T20:37:21.3934816Z ##[warning]   10:1   warning  This line has a length of 129. Maximum allowed is 120  @stylistic/max-len
2026-10-04T20:37:21.3935331Z ##[warning]   94:13  warning  Expected parentheses around arrow function argument    arrow-parens
2026-10-04T20:37:21.3935846Z ##[warning]  105:60  warning  Expected parentheses around arrow function argument    arrow-parens
2026-10-04T20:37:21.3936359Z ##[warning]  492:28  warning  Expected parentheses around arrow function argument    arrow-parens
2026-10-04T20:37:21.3936865Z ##[warning]  492:72  warning  Expected parentheses around arrow function argument    arrow-parens
2026-10-04T20:37:21.3937372Z ##[warning]  497:65  warning  Expected parentheses around arrow function argument    arrow-parens
2026-10-04T20:37:21.3937872Z ##[warning]  498:63  warning  Expected parentheses around arrow function argument    arrow-parens
2026-10-04T20:37:21.3938374Z ##[warning]  562:66  warning  Expected parentheses around arrow function argument    arrow-parens
2026-10-04T20:37:21.3938877Z ##[warning]  573:47  warning  Expected parentheses around arrow function argument    arrow-parens
2026-10-04T20:37:21.3939381Z ##[warning]  592:77  warning  Expected parentheses around arrow function argument    arrow-parens
2026-10-04T20:37:21.3939888Z ##[warning]  593:72  warning  Expected parentheses around arrow function argument    arrow-parens
2026-10-04T20:37:21.3940391Z ##[warning]  792:39  warning  Expected parentheses around arrow function argument    arrow-parens
2026-10-04T20:37:21.3941044Z ##[warning]  818:38  warning  Expected parentheses around arrow function argument    arrow-parens
2026-10-04T20:37:21.3941804Z ##[warning]  839:43  warning  Expected parentheses around arrow function argument    arrow-parens
2026-10-04T20:37:21.3942356Z ##[warning]  886:39  warning  Expected parentheses around arrow function argument    arrow-parens
2026-10-04T20:37:21.3942372Z 
2026-10-04T20:37:21.3942862Z ~/work/scratch-editor/scratch-editor/packages/scratch-gui/test/unit/util/sb-file-uploader-hoc.test.jsx
2026-10-04T20:37:21.3943758Z ##[warning]  23:11  warning  'unwrappedInstance' is assigned a value but never used. Allowed unused vars must match /^_/u  @typescript-eslint/no-unused-vars
2026-10-04T20:37:21.3943774Z 
2026-10-04T20:37:21.3944189Z ✖ 1075 problems (0 errors, 1075 warnings)
2026-10-04T20:37:21.3944479Z   0 errors and 731 warnings potentially fixable with the `--fix` option.
2026-10-04T20:37:21.3944487Z 
2026-10-04T20:37:21.9808425Z 
2026-10-04T20:37:21.9809185Z > @scratch/scratch-gui@15.0.1 test:unit
2026-10-04T20:37:21.9810224Z > cross-env JEST_JUNIT_OUTPUT_NAME=unit-tests-results.xml jest test[\\/]unit
2026-10-04T20:37:21.9810835Z 
2026-10-04T20:37:22.4528376Z jest-haste-map: duplicate manual mock found: index
2026-10-04T20:37:22.4529794Z   The following files share their name; please delete one of them:
2026-10-04T20:37:22.4531106Z     * <rootDir>/src/lib/settings/color-mode/dark/__mocks__/index.js
2026-10-04T20:37:22.4532730Z     * <rootDir>/src/lib/settings/color-mode/default/__mocks__/index.js
2026-10-04T20:37:22.4533264Z 
2026-10-04T20:37:24.4592999Z Browserslist: browsers data (caniuse-lite) is 10 months old. Please run:
2026-10-04T20:37:24.4594038Z   npx update-browserslist-db@latest
2026-10-04T20:37:24.4595367Z   Why you should do it regularly: https://github.com/browserslist/update-db#readme
2026-10-04T20:37:24.5199028Z Browserslist: browsers data (caniuse-lite) is 10 months old. Please run:
2026-10-04T20:37:24.5223002Z   npx update-browserslist-db@latest
2026-10-04T20:37:24.5224216Z   Why you should do it regularly: https://github.com/browserslist/update-db#readme
2026-10-04T20:37:24.7066614Z Browserslist: browsers data (caniuse-lite) is 10 months old. Please run:
2026-10-04T20:37:24.7108231Z   npx update-browserslist-db@latest
2026-10-04T20:37:24.7133016Z   Why you should do it regularly: https://github.com/browserslist/update-db#readme
2026-10-04T20:37:24.9273053Z PASS test/unit/reducers/project-state-reducer.test.js
2026-10-04T20:37:25.5317382Z PASS test/unit/util/mcremote-wirescope-source.test.js
2026-10-04T20:37:27.0742959Z PASS test/unit/util/mcremote-runtime-config.test.js
2026-10-04T20:37:27.3397517Z PASS test/unit/reducers/monitor-layout-reducer.test.js
2026-10-04T20:37:27.3663035Z   ● Console
2026-10-04T20:37:27.3692047Z 
2026-10-04T20:37:27.3721736Z     console.log
2026-10-04T20:37:27.3754538Z       2026-10-04 20:37:27.274	ERROR	~/work/scratch-editor/scratch-editor/packages/scratch-gui/src/reducers/monitor-layout.js:33	scratch-gui	Monitor rectangle not formatted correctly
2026-10-04T20:37:27.3756467Z 
2026-10-04T20:37:27.3782733Z       at Object.transportFormatted (../../node_modules/tslog/cjs/BaseLogger.js:115:13)
2026-10-04T20:37:27.3783574Z 
2026-10-04T20:37:27.3784142Z     console.log
2026-10-04T20:37:27.3786841Z       2026-10-04 20:37:27.304	ERROR	~/work/scratch-editor/scratch-editor/packages/scratch-gui/src/reducers/monitor-layout.js:33	scratch-gui	Monitor rectangle not formatted correctly
2026-10-04T20:37:27.3789054Z 
2026-10-04T20:37:27.3790963Z       at Object.transportFormatted (../../node_modules/tslog/cjs/BaseLogger.js:115:13)
2026-10-04T20:37:27.3792179Z 
2026-10-04T20:37:27.3792612Z     console.log
2026-10-04T20:37:27.3795982Z       2026-10-04 20:37:27.308	ERROR	~/work/scratch-editor/scratch-editor/packages/scratch-gui/src/reducers/monitor-layout.js:29	scratch-gui	Can't add monitor, monitor with id 1 already exists.
2026-10-04T20:37:27.3798146Z 
2026-10-04T20:37:27.3798936Z       at Object.transportFormatted (../../node_modules/tslog/cjs/BaseLogger.js:115:13)
2026-10-04T20:37:27.3799875Z 
2026-10-04T20:37:27.3800271Z     console.log
2026-10-04T20:37:27.3803536Z       2026-10-04 20:37:27.312	ERROR	~/work/scratch-editor/scratch-editor/packages/scratch-gui/src/reducers/monitor-layout.js:53	scratch-gui	Can't move monitor, monitor with id 1 does not exist.
2026-10-04T20:37:27.3831957Z 
2026-10-04T20:37:27.3863068Z       at Object.transportFormatted (../../node_modules/tslog/cjs/BaseLogger.js:115:13)
2026-10-04T20:37:27.3871776Z 
2026-10-04T20:37:27.3877074Z     console.log
2026-10-04T20:37:27.3879954Z       2026-10-04 20:37:27.313	ERROR	~/work/scratch-editor/scratch-editor/packages/scratch-gui/src/reducers/monitor-layout.js:57	scratch-gui	Monitor rectangle not formatted correctly
2026-10-04T20:37:27.3882322Z 
2026-10-04T20:37:27.3883128Z       at Object.transportFormatted (../../node_modules/tslog/cjs/BaseLogger.js:115:13)
2026-10-04T20:37:27.3884056Z 
2026-10-04T20:37:27.3884430Z     console.log
2026-10-04T20:37:27.3887153Z       2026-10-04 20:37:27.314	ERROR	~/work/scratch-editor/scratch-editor/packages/scratch-gui/src/reducers/monitor-layout.js:57	scratch-gui	Monitor rectangle not formatted correctly
2026-10-04T20:37:27.3889589Z 
2026-10-04T20:37:27.3890343Z       at Object.transportFormatted (../../node_modules/tslog/cjs/BaseLogger.js:115:13)
2026-10-04T20:37:27.3891219Z 
2026-10-04T20:37:27.3891894Z     console.log
2026-10-04T20:37:27.3894769Z       2026-10-04 20:37:27.317	ERROR	~/work/scratch-editor/scratch-editor/packages/scratch-gui/src/reducers/monitor-layout.js:85	scratch-gui	Can't resize monitor, monitor with id 1 does not exist.
2026-10-04T20:37:27.3896865Z 
2026-10-04T20:37:27.3897596Z       at Object.transportFormatted (../../node_modules/tslog/cjs/BaseLogger.js:115:13)
2026-10-04T20:37:27.3898546Z 
2026-10-04T20:37:27.3898920Z     console.log
2026-10-04T20:37:27.3901852Z       2026-10-04 20:37:27.318	ERROR	~/work/scratch-editor/scratch-editor/packages/scratch-gui/src/reducers/monitor-layout.js:90	scratch-gui	Monitor rectangle not formatted correctly
2026-10-04T20:37:27.3903896Z 
2026-10-04T20:37:27.3904689Z       at Object.transportFormatted (../../node_modules/tslog/cjs/BaseLogger.js:115:13)
2026-10-04T20:37:27.3905629Z 
2026-10-04T20:37:27.3906021Z     console.log
2026-10-04T20:37:27.3908780Z       2026-10-04 20:37:27.319	ERROR	~/work/scratch-editor/scratch-editor/packages/scratch-gui/src/reducers/monitor-layout.js:57	scratch-gui	Monitor rectangle not formatted correctly
2026-10-04T20:37:27.3910830Z 
2026-10-04T20:37:27.3912114Z       at Object.transportFormatted (../../node_modules/tslog/cjs/BaseLogger.js:115:13)
2026-10-04T20:37:27.3913070Z 
2026-10-04T20:37:27.3913469Z     console.log
2026-10-04T20:37:27.3916172Z       2026-10-04 20:37:27.321	ERROR	~/work/scratch-editor/scratch-editor/packages/scratch-gui/src/reducers/monitor-layout.js:90	scratch-gui	Monitor rectangle not formatted correctly
2026-10-04T20:37:27.3918226Z 
2026-10-04T20:37:27.3918967Z       at Object.transportFormatted (../../node_modules/tslog/cjs/BaseLogger.js:115:13)
2026-10-04T20:37:27.3919793Z 
2026-10-04T20:37:27.3920470Z     console.log
2026-10-04T20:37:27.3923581Z       2026-10-04 20:37:27.322	ERROR	~/work/scratch-editor/scratch-editor/packages/scratch-gui/src/reducers/monitor-layout.js:90	scratch-gui	Monitor rectangle not formatted correctly
2026-10-04T20:37:27.3925315Z 
2026-10-04T20:37:27.3925875Z       at Object.transportFormatted (../../node_modules/tslog/cjs/BaseLogger.js:115:13)
2026-10-04T20:37:27.3926512Z 
2026-10-04T20:37:27.3926678Z     console.log
2026-10-04T20:37:27.3929149Z       2026-10-04 20:37:27.324	ERROR	~/work/scratch-editor/scratch-editor/packages/scratch-gui/src/reducers/monitor-layout.js:85	scratch-gui	Can't resize monitor, monitor with id 1 does not exist.
2026-10-04T20:37:27.3930908Z 
2026-10-04T20:37:27.3931698Z       at Object.transportFormatted (../../node_modules/tslog/cjs/BaseLogger.js:115:13)
2026-10-04T20:37:27.3932369Z 
2026-10-04T20:37:27.3932540Z     console.log
2026-10-04T20:37:27.3934864Z       2026-10-04 20:37:27.326	ERROR	~/work/scratch-editor/scratch-editor/packages/scratch-gui/src/reducers/monitor-layout.js:33	scratch-gui	Monitor rectangle not formatted correctly
2026-10-04T20:37:27.3936555Z 
2026-10-04T20:37:27.3937092Z       at Object.transportFormatted (../../node_modules/tslog/cjs/BaseLogger.js:115:13)
2026-10-04T20:37:27.3937723Z 
2026-10-04T20:37:27.3937885Z     console.log
2026-10-04T20:37:27.3940228Z       2026-10-04 20:37:27.327	ERROR	~/work/scratch-editor/scratch-editor/packages/scratch-gui/src/reducers/monitor-layout.js:33	scratch-gui	Monitor rectangle not formatted correctly
2026-10-04T20:37:27.3942467Z 
2026-10-04T20:37:27.3943025Z       at Object.transportFormatted (../../node_modules/tslog/cjs/BaseLogger.js:115:13)
2026-10-04T20:37:27.3943657Z 
2026-10-04T20:37:30.6972018Z PASS test/unit/components/mcremote-block-picker.test.jsx
2026-10-04T20:37:30.8990754Z   ● Console
2026-10-04T20:37:30.8991420Z 
2026-10-04T20:37:30.8992086Z     console.error
2026-10-04T20:37:30.8994280Z       Warning: react-modal: App element is not defined. Please use `Modal.setAppElement(el)` or set `appElement={el}`. This is needed so screen readers don't see main content when modal is opened. It is not recommended, but you can opt-out by setting `ariaHideApp={false}`.
2026-10-04T20:37:30.8996258Z 
2026-10-04T20:37:30.8996772Z       4 |
2026-10-04T20:37:30.8998576Z       5 | const renderWithIntl = (ui, {locale = 'en', messages = {}} = {}) => ({
2026-10-04T20:37:30.9000328Z     > 6 |     ...render(
2026-10-04T20:37:30.9001395Z         |              ^
2026-10-04T20:37:30.9002684Z       7 |         <IntlProvider
2026-10-04T20:37:30.9003721Z       8 |             locale={locale}
2026-10-04T20:37:30.9004732Z       9 |             messages={messages}
2026-10-04T20:37:30.9005318Z 
2026-10-04T20:37:30.9005875Z       at printWarning (../../node_modules/warning/warning.js:34:15)
2026-10-04T20:37:30.9006868Z       at warning (../../node_modules/warning/warning.js:57:20)
2026-10-04T20:37:30.9008016Z       at validateElement (../../node_modules/react-modal/lib/helpers/ariaAppHider.js:77:27)
2026-10-04T20:37:30.9009302Z       at Object.hide (../../node_modules/react-modal/lib/helpers/ariaAppHider.js:89:26)
2026-10-04T20:37:30.9010763Z       at ModalPortal.beforeOpen (../../node_modules/react-modal/lib/components/ModalPortal.js:342:22)
2026-10-04T20:37:30.9012626Z       at ModalPortal._this.open (../../node_modules/react-modal/lib/components/ModalPortal.js:135:13)
2026-10-04T20:37:30.9014732Z       at ModalPortal.componentDidMount (../../node_modules/react-modal/lib/components/ModalPortal.js:285:14)
2026-10-04T20:37:30.9016464Z       at commitLayoutEffectOnFiber (../../node_modules/react-dom/cjs/react-dom.development.js:23349:28)
2026-10-04T20:37:30.9018126Z       at commitLayoutMountEffects_complete (../../node_modules/react-dom/cjs/react-dom.development.js:24727:9)
2026-10-04T20:37:30.9019758Z       at commitLayoutEffects_begin (../../node_modules/react-dom/cjs/react-dom.development.js:24713:7)
2026-10-04T20:37:30.9043796Z       at commitLayoutEffects (../../node_modules/react-dom/cjs/react-dom.development.js:24651:3)
2026-10-04T20:37:30.9046294Z       at commitRootImpl (../../node_modules/react-dom/cjs/react-dom.development.js:26862:5)
2026-10-04T20:37:30.9047695Z       at commitRoot (../../node_modules/react-dom/cjs/react-dom.development.js:26721:5)
2026-10-04T20:37:30.9049115Z       at finishConcurrentRender (../../node_modules/react-dom/cjs/react-dom.development.js:26020:9)
2026-10-04T20:37:30.9050728Z       at performConcurrentWorkOnRoot (../../node_modules/react-dom/cjs/react-dom.development.js:25848:7)
2026-10-04T20:37:30.9052468Z       at flushActQueue (../../node_modules/react/cjs/react.development.js:2667:24)
2026-10-04T20:37:30.9053691Z       at act (../../node_modules/react/cjs/react.development.js:2582:11)
2026-10-04T20:37:30.9054822Z       at ../../node_modules/@testing-library/react/dist/act-compat.js:47:25
2026-10-04T20:37:30.9056027Z       at renderRoot (../../node_modules/@testing-library/react/dist/pure.js:180:26)
2026-10-04T20:37:30.9057254Z       at render (../../node_modules/@testing-library/react/dist/pure.js:271:10)
2026-10-04T20:37:30.9058760Z       at renderWithIntl (test/helpers/intl-helpers.jsx:6:14)
2026-10-04T20:37:30.9059922Z       at renderPicker (test/unit/components/mcremote-block-picker.test.jsx:40:61)
2026-10-04T20:37:30.9061259Z       at Object.renderPicker (test/unit/components/mcremote-block-picker.test.jsx:46:9)
2026-10-04T20:37:30.9062347Z 
2026-10-04T20:37:30.9062716Z     console.error
2026-10-04T20:37:30.9064184Z       Warning: Box: Support for defaultProps will be removed from function components in a future major release. Use JavaScript default parameters instead.
2026-10-04T20:37:30.9066242Z           at alignContent (~/work/scratch-editor/scratch-editor/packages/scratch-gui/src/components/box/box.jsx:33:9)
2026-10-04T20:37:30.9067466Z           at div
2026-10-04T20:37:30.9068000Z           at div
2026-10-04T20:37:30.9069261Z           at ModalPortal (~/work/scratch-editor/scratch-editor/node_modules/react-modal/lib/components/ModalPortal.js:79:5)
2026-10-04T20:37:30.9071299Z           at Modal (~/work/scratch-editor/scratch-editor/node_modules/react-modal/lib/components/Modal.js:73:5)
2026-10-04T20:37:30.9073525Z           at className (~/work/scratch-editor/scratch-editor/packages/scratch-gui/src/components/modal/modal.jsx:19:58)
2026-10-04T20:37:30.9075475Z           at Modal (~/work/scratch-editor/scratch-editor/packages/scratch-gui/src/containers/modal.jsx:10:9)
2026-10-04T20:37:30.9078987Z           at ConnectFunction (~/work/scratch-editor/scratch-editor/node_modules/react-redux/lib/components/connect.js:246:74)
2026-10-04T20:37:30.9081302Z           at catalogState (~/work/scratch-editor/scratch-editor/packages/scratch-gui/src/components/mcremote-block-picker/mcremote-block-picker.jsx:42:5)
2026-10-04T20:37:30.9084138Z           at Provider (~/work/scratch-editor/scratch-editor/node_modules/react-redux/lib/components/Provider.js:19:3)
2026-10-04T20:37:30.9086251Z           at IntlProvider (~/work/scratch-editor/scratch-editor/node_modules/react-intl/src/components/provider.js:33:47)
2026-10-04T20:37:30.9088079Z 
2026-10-04T20:37:30.9088596Z       4 |
2026-10-04T20:37:30.9095104Z       5 | const renderWithIntl = (ui, {locale = 'en', messages = {}} = {}) => ({
2026-10-04T20:37:30.9096817Z     > 6 |     ...render(
2026-10-04T20:37:30.9097795Z         |              ^
2026-10-04T20:37:30.9098842Z       7 |         <IntlProvider
2026-10-04T20:37:30.9099899Z       8 |             locale={locale}
2026-10-04T20:37:30.9100964Z       9 |             messages={messages}
2026-10-04T20:37:30.9101848Z 
2026-10-04T20:37:30.9102545Z       at printWarning (../../node_modules/react-dom/cjs/react-dom.development.js:86:30)
2026-10-04T20:37:30.9103802Z       at error (../../node_modules/react-dom/cjs/react-dom.development.js:60:7)
2026-10-04T20:37:30.9105229Z       at validateFunctionComponentInDev (../../node_modules/react-dom/cjs/react-dom.development.js:20230:9)
2026-10-04T20:37:30.9106854Z       at mountIndeterminateComponent (../../node_modules/react-dom/cjs/react-dom.development.js:20189:7)
2026-10-04T20:37:30.9108419Z       at beginWork (../../node_modules/react-dom/cjs/react-dom.development.js:21626:16)
2026-10-04T20:37:30.9109920Z       at beginWork$1 (../../node_modules/react-dom/cjs/react-dom.development.js:27465:14)
2026-10-04T20:37:30.9111448Z       at performUnitOfWork (../../node_modules/react-dom/cjs/react-dom.development.js:26599:12)
2026-10-04T20:37:30.9113318Z       at workLoopSync (../../node_modules/react-dom/cjs/react-dom.development.js:26505:5)
2026-10-04T20:37:30.9114828Z       at renderRootSync (../../node_modules/react-dom/cjs/react-dom.development.js:26473:7)
2026-10-04T20:37:30.9116462Z       at performSyncWorkOnRoot (../../node_modules/react-dom/cjs/react-dom.development.js:26124:20)
2026-10-04T20:37:30.9118405Z       at flushSyncCallbacks (../../node_modules/react-dom/cjs/react-dom.development.js:12042:22)
2026-10-04T20:37:30.9120004Z       at commitRootImpl (../../node_modules/react-dom/cjs/react-dom.development.js:26998:3)
2026-10-04T20:37:30.9121761Z       at commitRoot (../../node_modules/react-dom/cjs/react-dom.development.js:26721:5)
2026-10-04T20:37:30.9123352Z       at finishConcurrentRender (../../node_modules/react-dom/cjs/react-dom.development.js:26020:9)
2026-10-04T20:37:30.9125061Z       at performConcurrentWorkOnRoot (../../node_modules/react-dom/cjs/react-dom.development.js:25848:7)
2026-10-04T20:37:30.9126600Z       at flushActQueue (../../node_modules/react/cjs/react.development.js:2667:24)
2026-10-04T20:37:30.9127868Z       at act (../../node_modules/react/cjs/react.development.js:2582:11)
2026-10-04T20:37:30.9129127Z       at ../../node_modules/@testing-library/react/dist/act-compat.js:47:25
2026-10-04T20:37:30.9130486Z       at renderRoot (../../node_modules/@testing-library/react/dist/pure.js:180:26)
2026-10-04T20:37:30.9132091Z       at render (../../node_modules/@testing-library/react/dist/pure.js:271:10)
2026-10-04T20:37:30.9133322Z       at renderWithIntl (test/helpers/intl-helpers.jsx:6:14)
2026-10-04T20:37:30.9134588Z       at renderPicker (test/unit/components/mcremote-block-picker.test.jsx:40:61)
2026-10-04T20:37:30.9136082Z       at Object.renderPicker (test/unit/components/mcremote-block-picker.test.jsx:46:9)
2026-10-04T20:37:30.9137045Z 
2026-10-04T20:37:30.9137427Z     console.error
2026-10-04T20:37:30.9139073Z       Warning: CloseButton: Support for defaultProps will be removed from function components in a future major release. Use JavaScript default parameters instead.
2026-10-04T20:37:30.9141851Z           at className (~/work/scratch-editor/scratch-editor/packages/scratch-gui/src/components/close-button/close-button.jsx:17:19)
2026-10-04T20:37:30.9143373Z           at div
2026-10-04T20:37:30.9144002Z           at div
2026-10-04T20:37:30.9144591Z           at div
2026-10-04T20:37:30.9145942Z           at alignContent (~/work/scratch-editor/scratch-editor/packages/scratch-gui/src/components/box/box.jsx:33:9)
2026-10-04T20:37:30.9147334Z           at div
2026-10-04T20:37:30.9147992Z           at div
2026-10-04T20:37:30.9149681Z           at ModalPortal (~/work/scratch-editor/scratch-editor/node_modules/react-modal/lib/components/ModalPortal.js:79:5)
2026-10-04T20:37:30.9152077Z           at Modal (~/work/scratch-editor/scratch-editor/node_modules/react-modal/lib/components/Modal.js:73:5)
2026-10-04T20:37:30.9154146Z           at className (~/work/scratch-editor/scratch-editor/packages/scratch-gui/src/components/modal/modal.jsx:19:58)
2026-10-04T20:37:30.9156178Z           at Modal (~/work/scratch-editor/scratch-editor/packages/scratch-gui/src/containers/modal.jsx:10:9)
2026-10-04T20:37:30.9158286Z           at ConnectFunction (~/work/scratch-editor/scratch-editor/node_modules/react-redux/lib/components/connect.js:246:74)
2026-10-04T20:37:30.9160786Z           at catalogState (~/work/scratch-editor/scratch-editor/packages/scratch-gui/src/components/mcremote-block-picker/mcremote-block-picker.jsx:42:5)
2026-10-04T20:37:30.9163644Z           at Provider (~/work/scratch-editor/scratch-editor/node_modules/react-redux/lib/components/Provider.js:19:3)
2026-10-04T20:37:30.9165806Z           at IntlProvider (~/work/scratch-editor/scratch-editor/node_modules/react-intl/src/components/provider.js:33:47)
2026-10-04T20:37:30.9167040Z 
2026-10-04T20:37:30.9167536Z       4 |
2026-10-04T20:37:30.9169448Z       5 | const renderWithIntl = (ui, {locale = 'en', messages = {}} = {}) => ({
2026-10-04T20:37:30.9171267Z     > 6 |     ...render(
2026-10-04T20:37:30.9172620Z         |              ^
2026-10-04T20:37:30.9174100Z       7 |         <IntlProvider
2026-10-04T20:37:30.9175273Z       8 |             locale={locale}
2026-10-04T20:37:30.9176461Z       9 |             messages={messages}
2026-10-04T20:37:30.9177176Z 
2026-10-04T20:37:30.9178267Z       at printWarning (../../node_modules/react-dom/cjs/react-dom.development.js:86:30)
2026-10-04T20:37:30.9179901Z       at error (../../node_modules/react-dom/cjs/react-dom.development.js:60:7)
2026-10-04T20:37:30.9182009Z       at validateFunctionComponentInDev (../../node_modules/react-dom/cjs/react-dom.development.js:20230:9)
2026-10-04T20:37:30.9183985Z       at mountIndeterminateComponent (../../node_modules/react-dom/cjs/react-dom.development.js:20189:7)
2026-10-04T20:37:30.9185947Z       at beginWork (../../node_modules/react-dom/cjs/react-dom.development.js:21626:16)
2026-10-04T20:37:30.9187661Z       at beginWork$1 (../../node_modules/react-dom/cjs/react-dom.development.js:27465:14)
2026-10-04T20:37:30.9189443Z       at performUnitOfWork (../../node_modules/react-dom/cjs/react-dom.development.js:26599:12)
2026-10-04T20:37:30.9191420Z       at workLoopSync (../../node_modules/react-dom/cjs/react-dom.development.js:26505:5)
2026-10-04T20:37:30.9193501Z       at renderRootSync (../../node_modules/react-dom/cjs/react-dom.development.js:26473:7)
2026-10-04T20:37:30.9222609Z       at performSyncWorkOnRoot (../../node_modules/react-dom/cjs/react-dom.development.js:26124:20)
2026-10-04T20:37:30.9224242Z       at flushSyncCallbacks (../../node_modules/react-dom/cjs/react-dom.development.js:12042:22)
2026-10-04T20:37:30.9225806Z       at commitRootImpl (../../node_modules/react-dom/cjs/react-dom.development.js:26998:3)
2026-10-04T20:37:30.9227312Z       at commitRoot (../../node_modules/react-dom/cjs/react-dom.development.js:26721:5)
2026-10-04T20:37:30.9228870Z       at finishConcurrentRender (../../node_modules/react-dom/cjs/react-dom.development.js:26020:9)
2026-10-04T20:37:30.9230685Z       at performConcurrentWorkOnRoot (../../node_modules/react-dom/cjs/react-dom.development.js:25848:7)
2026-10-04T20:37:30.9232575Z       at flushActQueue (../../node_modules/react/cjs/react.development.js:2667:24)
2026-10-04T20:37:30.9233992Z       at act (../../node_modules/react/cjs/react.development.js:2582:11)
2026-10-04T20:37:30.9235542Z       at ../../node_modules/@testing-library/react/dist/act-compat.js:47:25
2026-10-04T20:37:30.9236948Z       at renderRoot (../../node_modules/@testing-library/react/dist/pure.js:180:26)
2026-10-04T20:37:30.9238264Z       at render (../../node_modules/@testing-library/react/dist/pure.js:271:10)
2026-10-04T20:37:30.9239473Z       at renderWithIntl (test/helpers/intl-helpers.jsx:6:14)
2026-10-04T20:37:30.9240761Z       at renderPicker (test/unit/components/mcremote-block-picker.test.jsx:40:61)
2026-10-04T20:37:30.9242507Z       at Object.renderPicker (test/unit/components/mcremote-block-picker.test.jsx:46:9)
2026-10-04T20:37:30.9243474Z 
2026-10-04T20:37:30.9243867Z     console.error
2026-10-04T20:37:30.9246239Z       Warning: react-modal: App element is not defined. Please use `Modal.setAppElement(el)` or set `appElement={el}`. This is needed so screen readers don't see main content when modal is opened. It is not recommended, but you can opt-out by setting `ariaHideApp={false}`.
2026-10-04T20:37:30.9248312Z 
2026-10-04T20:37:30.9248895Z       at printWarning (../../node_modules/warning/warning.js:34:15)
2026-10-04T20:37:30.9249976Z       at warning (../../node_modules/warning/warning.js:57:20)
2026-10-04T20:37:30.9251278Z       at validateElement (../../node_modules/react-modal/lib/helpers/ariaAppHider.js:77:27)
2026-10-04T20:37:30.9253110Z       at Object.show (../../node_modules/react-modal/lib/helpers/ariaAppHider.js:116:27)
2026-10-04T20:37:30.9254722Z       at ModalPortal._this.afterClose (../../node_modules/react-modal/lib/components/ModalPortal.js:114:24)
2026-10-04T20:37:30.9256570Z       at ModalPortal.componentWillUnmount (../../node_modules/react-modal/lib/components/ModalPortal.js:317:14)
2026-10-04T20:37:30.9258800Z       at callComponentWillUnmountWithTimer (../../node_modules/react-dom/cjs/react-dom.development.js:22896:14)
2026-10-04T20:37:30.9260677Z       at safelyCallComponentWillUnmount (../../node_modules/react-dom/cjs/react-dom.development.js:22912:5)
2026-10-04T20:37:30.9262758Z       at commitDeletionEffectsOnFiber (../../node_modules/react-dom/cjs/react-dom.development.js:24168:13)
2026-10-04T20:37:30.9264610Z       at recursivelyTraverseDeletionEffects (../../node_modules/react-dom/cjs/react-dom.development.js:24028:5)
2026-10-04T20:37:30.9266642Z       at commitDeletionEffectsOnFiber (../../node_modules/react-dom/cjs/react-dom.development.js:24101:11)
2026-10-04T20:37:30.9268487Z       at recursivelyTraverseDeletionEffects (../../node_modules/react-dom/cjs/react-dom.development.js:24028:5)
2026-10-04T20:37:30.9270440Z       at commitDeletionEffectsOnFiber (../../node_modules/react-dom/cjs/react-dom.development.js:24172:9)
2026-10-04T20:37:30.9272547Z       at recursivelyTraverseDeletionEffects (../../node_modules/react-dom/cjs/react-dom.development.js:24028:5)
2026-10-04T20:37:30.9274424Z       at commitDeletionEffectsOnFiber (../../node_modules/react-dom/cjs/react-dom.development.js:24157:9)
2026-10-04T20:37:30.9276280Z       at recursivelyTraverseDeletionEffects (../../node_modules/react-dom/cjs/react-dom.development.js:24028:5)
2026-10-04T20:37:30.9278139Z       at commitDeletionEffectsOnFiber (../../node_modules/react-dom/cjs/react-dom.development.js:24172:9)
2026-10-04T20:37:30.9279959Z       at recursivelyTraverseDeletionEffects (../../node_modules/react-dom/cjs/react-dom.development.js:24028:5)
2026-10-04T20:37:30.9282027Z       at commitDeletionEffectsOnFiber (../../node_modules/react-dom/cjs/react-dom.development.js:24209:9)
2026-10-04T20:37:30.9283918Z       at recursivelyTraverseDeletionEffects (../../node_modules/react-dom/cjs/react-dom.development.js:24028:5)
2026-10-04T20:37:30.9285752Z       at commitDeletionEffectsOnFiber (../../node_modules/react-dom/cjs/react-dom.development.js:24157:9)
2026-10-04T20:37:30.9287603Z       at recursivelyTraverseDeletionEffects (../../node_modules/react-dom/cjs/react-dom.development.js:24028:5)
2026-10-04T20:37:30.9289700Z       at commitDeletionEffectsOnFiber (../../node_modules/react-dom/cjs/react-dom.development.js:24157:9)
2026-10-04T20:37:30.9291846Z       at recursivelyTraverseDeletionEffects (../../node_modules/react-dom/cjs/react-dom.development.js:24028:5)
2026-10-04T20:37:30.9293701Z       at commitDeletionEffectsOnFiber (../../node_modules/react-dom/cjs/react-dom.development.js:24209:9)
2026-10-04T20:37:30.9295565Z       at recursivelyTraverseDeletionEffects (../../node_modules/react-dom/cjs/react-dom.development.js:24028:5)
2026-10-04T20:37:30.9297412Z       at commitDeletionEffectsOnFiber (../../node_modules/react-dom/cjs/react-dom.development.js:24157:9)
2026-10-04T20:37:30.9299229Z       at recursivelyTraverseDeletionEffects (../../node_modules/react-dom/cjs/react-dom.development.js:24028:5)
2026-10-04T20:37:30.9301095Z       at commitDeletionEffectsOnFiber (../../node_modules/react-dom/cjs/react-dom.development.js:24209:9)
2026-10-04T20:37:30.9303204Z       at recursivelyTraverseDeletionEffects (../../node_modules/react-dom/cjs/react-dom.development.js:24028:5)
2026-10-04T20:37:30.9305040Z       at commitDeletionEffectsOnFiber (../../node_modules/react-dom/cjs/react-dom.development.js:24172:9)
2026-10-04T20:37:30.9306760Z       at commitDeletionEffects (../../node_modules/react-dom/cjs/react-dom.development.js:24015:5)
2026-10-04T20:37:30.9308535Z       at recursivelyTraverseMutationEffects (../../node_modules/react-dom/cjs/react-dom.development.js:24298:9)
2026-10-04T20:37:30.9310355Z       at commitMutationEffectsOnFiber (../../node_modules/react-dom/cjs/react-dom.development.js:24471:9)
2026-10-04T20:37:30.9312412Z       at commitMutationEffects (../../node_modules/react-dom/cjs/react-dom.development.js:24282:3)
2026-10-04T20:37:30.9314012Z       at commitRootImpl (../../node_modules/react-dom/cjs/react-dom.development.js:26849:5)
2026-10-04T20:37:30.9315761Z       at commitRoot (../../node_modules/react-dom/cjs/react-dom.development.js:26721:5)
2026-10-04T20:37:30.9317322Z       at performSyncWorkOnRoot (../../node_modules/react-dom/cjs/react-dom.development.js:26156:3)
2026-10-04T20:37:30.9318998Z       at flushSyncCallbacks (../../node_modules/react-dom/cjs/react-dom.development.js:12042:22)
2026-10-04T20:37:30.9320500Z       at flushSync (../../node_modules/react-dom/cjs/react-dom.development.js:26240:7)
2026-10-04T20:37:30.9322888Z       at ReactDOMRoot.Object.<anonymous>.ReactDOMHydrationRoot.unmount.ReactDOMRoot.unmount [as unmount] (../../node_modules/react-dom/cjs/react-dom.development.js:29375:5)
2026-10-04T20:37:30.9328778Z       at Object.unmount (../../node_modules/@testing-library/react/dist/pure.js:155:12)
2026-10-04T20:37:30.9330133Z       at ../../node_modules/@testing-library/react/dist/pure.js:286:12
2026-10-04T20:37:30.9331369Z       at ../../node_modules/@testing-library/react/dist/act-compat.js:48:24
2026-10-04T20:37:30.9332905Z       at act (../../node_modules/react/cjs/react.development.js:2512:16)
2026-10-04T20:37:30.9334062Z       at ../../node_modules/@testing-library/react/dist/act-compat.js:47:25
2026-10-04T20:37:30.9335203Z       at ../../node_modules/@testing-library/react/dist/pure.js:285:28
2026-10-04T20:37:30.9336217Z           at Array.forEach (<anonymous>)
2026-10-04T20:37:30.9337301Z       at cleanup (../../node_modules/@testing-library/react/dist/pure.js:281:22)
2026-10-04T20:37:30.9338707Z       at Object.<anonymous> (../../node_modules/@testing-library/react/dist/index.js:29:25)
2026-10-04T20:37:30.9339623Z 
2026-10-04T20:37:30.9340013Z     console.error
2026-10-04T20:37:30.9342834Z       Warning: react-modal: App element is not defined. Please use `Modal.setAppElement(el)` or set `appElement={el}`. This is needed so screen readers don't see main content when modal is opened. It is not recommended, but you can opt-out by setting `ariaHideApp={false}`.
2026-10-04T20:37:30.9344903Z 
2026-10-04T20:37:30.9345539Z       4 |
2026-10-04T20:37:30.9347391Z       5 | const renderWithIntl = (ui, {locale = 'en', messages = {}} = {}) => ({
2026-10-04T20:37:30.9349434Z     > 6 |     ...render(
2026-10-04T20:37:30.9350612Z         |              ^
2026-10-04T20:37:30.9352033Z       7 |         <IntlProvider
2026-10-04T20:37:30.9353238Z       8 |             locale={locale}
2026-10-04T20:37:30.9354526Z       9 |             messages={messages}
2026-10-04T20:37:30.9355239Z 
2026-10-04T20:37:30.9355875Z       at printWarning (../../node_modules/warning/warning.js:34:15)
2026-10-04T20:37:30.9357028Z       at warning (../../node_modules/warning/warning.js:57:20)
2026-10-04T20:37:30.9358361Z       at validateElement (../../node_modules/react-modal/lib/helpers/ariaAppHider.js:77:27)
2026-10-04T20:37:30.9359828Z       at Object.hide (../../node_modules/react-modal/lib/helpers/ariaAppHider.js:89:26)
2026-10-04T20:37:30.9361380Z       at ModalPortal.beforeOpen (../../node_modules/react-modal/lib/components/ModalPortal.js:342:22)
2026-10-04T20:37:30.9363286Z       at ModalPortal._this.open (../../node_modules/react-modal/lib/components/ModalPortal.js:135:13)
2026-10-04T20:37:30.9365049Z       at ModalPortal.componentDidMount (../../node_modules/react-modal/lib/components/ModalPortal.js:285:14)
2026-10-04T20:37:30.9366857Z       at commitLayoutEffectOnFiber (../../node_modules/react-dom/cjs/react-dom.development.js:23349:28)
2026-10-04T20:37:30.9368693Z       at commitLayoutMountEffects_complete (../../node_modules/react-dom/cjs/react-dom.development.js:24727:9)
2026-10-04T20:37:30.9370650Z       at commitLayoutEffects_begin (../../node_modules/react-dom/cjs/react-dom.development.js:24713:7)
2026-10-04T20:37:30.9372982Z       at commitLayoutEffects (../../node_modules/react-dom/cjs/react-dom.development.js:24651:3)
2026-10-04T20:37:30.9374611Z       at commitRootImpl (../../node_modules/react-dom/cjs/react-dom.development.js:26862:5)
2026-10-04T20:37:30.9376078Z       at commitRoot (../../node_modules/react-dom/cjs/react-dom.development.js:26721:5)
2026-10-04T20:37:30.9377683Z       at finishConcurrentRender (../../node_modules/react-dom/cjs/react-dom.development.js:26020:9)
2026-10-04T20:37:30.9379418Z       at performConcurrentWorkOnRoot (../../node_modules/react-dom/cjs/react-dom.development.js:25848:7)
2026-10-04T20:37:30.9380924Z       at flushActQueue (../../node_modules/react/cjs/react.development.js:2667:24)
2026-10-04T20:37:30.9382361Z       at act (../../node_modules/react/cjs/react.development.js:2582:11)
2026-10-04T20:37:30.9383522Z       at ../../node_modules/@testing-library/react/dist/act-compat.js:47:25
2026-10-04T20:37:30.9384784Z       at renderRoot (../../node_modules/@testing-library/react/dist/pure.js:180:26)
2026-10-04T20:37:30.9386132Z       at render (../../node_modules/@testing-library/react/dist/pure.js:271:10)
2026-10-04T20:37:30.9387355Z       at renderWithIntl (test/helpers/intl-helpers.jsx:6:14)
2026-10-04T20:37:30.9388630Z       at renderPicker (test/unit/components/mcremote-block-picker.test.jsx:40:61)
2026-10-04T20:37:30.9390115Z       at Object.renderPicker (test/unit/components/mcremote-block-picker.test.jsx:79:9)
2026-10-04T20:37:30.9391069Z 
2026-10-04T20:37:30.9391700Z     console.error
2026-10-04T20:37:30.9394188Z       Warning: react-modal: App element is not defined. Please use `Modal.setAppElement(el)` or set `appElement={el}`. This is needed so screen readers don't see main content when modal is opened. It is not recommended, but you can opt-out by setting `ariaHideApp={false}`.
2026-10-04T20:37:30.9396443Z 
2026-10-04T20:37:30.9397100Z       at printWarning (../../node_modules/warning/warning.js:34:15)
2026-10-04T20:37:30.9398261Z       at warning (../../node_modules/warning/warning.js:57:20)
2026-10-04T20:37:30.9399603Z       at validateElement (../../node_modules/react-modal/lib/helpers/ariaAppHider.js:77:27)
2026-10-04T20:37:30.9401063Z       at Object.show (../../node_modules/react-modal/lib/helpers/ariaAppHider.js:116:27)
2026-10-04T20:37:30.9403211Z       at ModalPortal._this.afterClose (../../node_modules/react-modal/lib/components/ModalPortal.js:114:24)
2026-10-04T20:37:30.9405088Z       at ModalPortal.componentWillUnmount (../../node_modules/react-modal/lib/components/ModalPortal.js:317:14)
2026-10-04T20:37:30.9406956Z       at callComponentWillUnmountWithTimer (../../node_modules/react-dom/cjs/react-dom.development.js:22896:14)
2026-10-04T20:37:30.9408827Z       at safelyCallComponentWillUnmount (../../node_modules/react-dom/cjs/react-dom.development.js:22912:5)
2026-10-04T20:37:30.9410690Z       at commitDeletionEffectsOnFiber (../../node_modules/react-dom/cjs/react-dom.development.js:24168:13)
2026-10-04T20:37:30.9417481Z       at recursivelyTraverseDeletionEffects (../../node_modules/react-dom/cjs/react-dom.development.js:24028:5)
2026-10-04T20:37:30.9419157Z       at commitDeletionEffectsOnFiber (../../node_modules/react-dom/cjs/react-dom.development.js:24101:11)
2026-10-04T20:37:30.9420682Z       at recursivelyTraverseDeletionEffects (../../node_modules/react-dom/cjs/react-dom.development.js:24028:5)
2026-10-04T20:37:30.9422433Z       at commitDeletionEffectsOnFiber (../../node_modules/react-dom/cjs/react-dom.development.js:24172:9)
2026-10-04T20:37:30.9423854Z       at recursivelyTraverseDeletionEffects (../../node_modules/react-dom/cjs/react-dom.development.js:24028:5)
2026-10-04T20:37:30.9425262Z       at commitDeletionEffectsOnFiber (../../node_modules/react-dom/cjs/react-dom.development.js:24157:9)
2026-10-04T20:37:30.9426732Z       at recursivelyTraverseDeletionEffects (../../node_modules/react-dom/cjs/react-dom.development.js:24028:5)
2026-10-04T20:37:30.9428193Z       at commitDeletionEffectsOnFiber (../../node_modules/react-dom/cjs/react-dom.development.js:24172:9)
2026-10-04T20:37:30.9429497Z       at recursivelyTraverseDeletionEffects (../../node_modules/react-dom/cjs/react-dom.development.js:24028:5)
2026-10-04T20:37:30.9430338Z       at commitDeletionEffectsOnFiber (../../node_modules/react-dom/cjs/react-dom.development.js:24209:9)
2026-10-04T20:37:30.9431150Z       at recursivelyTraverseDeletionEffects (../../node_modules/react-dom/cjs/react-dom.development.js:24028:5)
2026-10-04T20:37:30.9432684Z       at commitDeletionEffectsOnFiber (../../node_modules/react-dom/cjs/react-dom.development.js:24157:9)
2026-10-04T20:37:30.9434275Z       at recursivelyTraverseDeletionEffects (../../node_modules/react-dom/cjs/react-dom.development.js:24028:5)
2026-10-04T20:37:30.9436377Z       at commitDeletionEffectsOnFiber (../../node_modules/react-dom/cjs/react-dom.development.js:24157:9)
2026-10-04T20:37:30.9437983Z       at recursivelyTraverseDeletionEffects (../../node_modules/react-dom/cjs/react-dom.development.js:24028:5)
2026-10-04T20:37:30.9439543Z       at commitDeletionEffectsOnFiber (../../node_modules/react-dom/cjs/react-dom.development.js:24209:9)
2026-10-04T20:37:30.9441148Z       at recursivelyTraverseDeletionEffects (../../node_modules/react-dom/cjs/react-dom.development.js:24028:5)
2026-10-04T20:37:30.9442969Z       at commitDeletionEffectsOnFiber (../../node_modules/react-dom/cjs/react-dom.development.js:24157:9)
2026-10-04T20:37:30.9444528Z       at recursivelyTraverseDeletionEffects (../../node_modules/react-dom/cjs/react-dom.development.js:24028:5)
2026-10-04T20:37:30.9446121Z       at commitDeletionEffectsOnFiber (../../node_modules/react-dom/cjs/react-dom.development.js:24209:9)
2026-10-04T20:37:30.9447710Z       at recursivelyTraverseDeletionEffects (../../node_modules/react-dom/cjs/react-dom.development.js:24028:5)
2026-10-04T20:37:30.9449287Z       at commitDeletionEffectsOnFiber (../../node_modules/react-dom/cjs/react-dom.development.js:24172:9)
2026-10-04T20:37:30.9450743Z       at commitDeletionEffects (../../node_modules/react-dom/cjs/react-dom.development.js:24015:5)
2026-10-04T20:37:30.9452637Z       at recursivelyTraverseMutationEffects (../../node_modules/react-dom/cjs/react-dom.development.js:24298:9)
2026-10-04T20:37:30.9454197Z       at commitMutationEffectsOnFiber (../../node_modules/react-dom/cjs/react-dom.development.js:24471:9)
2026-10-04T20:37:30.9455902Z       at commitMutationEffects (../../node_modules/react-dom/cjs/react-dom.development.js:24282:3)
2026-10-04T20:37:30.9457256Z       at commitRootImpl (../../node_modules/react-dom/cjs/react-dom.development.js:26849:5)
2026-10-04T20:37:30.9458480Z       at commitRoot (../../node_modules/react-dom/cjs/react-dom.development.js:26721:5)
2026-10-04T20:37:30.9459804Z       at performSyncWorkOnRoot (../../node_modules/react-dom/cjs/react-dom.development.js:26156:3)
2026-10-04T20:37:30.9461184Z       at flushSyncCallbacks (../../node_modules/react-dom/cjs/react-dom.development.js:12042:22)
2026-10-04T20:37:30.9462778Z       at flushSync (../../node_modules/react-dom/cjs/react-dom.development.js:26240:7)
2026-10-04T20:37:30.9464708Z       at ReactDOMRoot.Object.<anonymous>.ReactDOMHydrationRoot.unmount.ReactDOMRoot.unmount [as unmount] (../../node_modules/react-dom/cjs/react-dom.development.js:29375:5)
2026-10-04T20:37:30.9466505Z       at Object.unmount (../../node_modules/@testing-library/react/dist/pure.js:155:12)
2026-10-04T20:37:30.9467550Z       at ../../node_modules/@testing-library/react/dist/pure.js:286:12
2026-10-04T20:37:30.9468473Z       at ../../node_modules/@testing-library/react/dist/act-compat.js:48:24
2026-10-04T20:37:30.9469508Z       at act (../../node_modules/react/cjs/react.development.js:2512:16)
2026-10-04T20:37:30.9470429Z       at ../../node_modules/@testing-library/react/dist/act-compat.js:47:25
2026-10-04T20:37:30.9471390Z       at ../../node_modules/@testing-library/react/dist/pure.js:285:28
2026-10-04T20:37:30.9472520Z           at Array.forEach (<anonymous>)
2026-10-04T20:37:30.9473361Z       at cleanup (../../node_modules/@testing-library/react/dist/pure.js:281:22)
2026-10-04T20:37:30.9474680Z       at Object.<anonymous> (../../node_modules/@testing-library/react/dist/index.js:29:25)
2026-10-04T20:37:30.9475272Z 
2026-10-04T20:37:30.9475445Z     console.error
2026-10-04T20:37:30.9477440Z       Warning: react-modal: App element is not defined. Please use `Modal.setAppElement(el)` or set `appElement={el}`. This is needed so screen readers don't see main content when modal is opened. It is not recommended, but you can opt-out by setting `ariaHideApp={false}`.
2026-10-04T20:37:30.9479163Z 
2026-10-04T20:37:30.9479576Z       4 |
2026-10-04T20:37:30.9481105Z       5 | const renderWithIntl = (ui, {locale = 'en', messages = {}} = {}) => ({
2026-10-04T20:37:30.9482878Z     > 6 |     ...render(
2026-10-04T20:37:30.9483718Z         |              ^
2026-10-04T20:37:30.9484621Z       7 |         <IntlProvider
2026-10-04T20:37:30.9485418Z       8 |             locale={locale}
2026-10-04T20:37:30.9486211Z       9 |             messages={messages}
2026-10-04T20:37:30.9486643Z 
2026-10-04T20:37:30.9487051Z       at printWarning (../../node_modules/warning/warning.js:34:15)
2026-10-04T20:37:30.9487898Z       at warning (../../node_modules/warning/warning.js:57:20)
2026-10-04T20:37:30.9488896Z       at validateElement (../../node_modules/react-modal/lib/helpers/ariaAppHider.js:77:27)
2026-10-04T20:37:30.9490056Z       at Object.hide (../../node_modules/react-modal/lib/helpers/ariaAppHider.js:89:26)
2026-10-04T20:37:30.9491290Z       at ModalPortal.beforeOpen (../../node_modules/react-modal/lib/components/ModalPortal.js:342:22)
2026-10-04T20:37:30.9492854Z       at ModalPortal._this.open (../../node_modules/react-modal/lib/components/ModalPortal.js:135:13)
2026-10-04T20:37:30.9494256Z       at ModalPortal.componentDidMount (../../node_modules/react-modal/lib/components/ModalPortal.js:285:14)
2026-10-04T20:37:30.9495708Z       at commitLayoutEffectOnFiber (../../node_modules/react-dom/cjs/react-dom.development.js:23349:28)
2026-10-04T20:37:30.9497124Z       at commitLayoutMountEffects_complete (../../node_modules/react-dom/cjs/react-dom.development.js:24727:9)
2026-10-04T20:37:30.9498818Z       at commitLayoutEffects_begin (../../node_modules/react-dom/cjs/react-dom.development.js:24713:7)
2026-10-04T20:37:30.9500161Z       at commitLayoutEffects (../../node_modules/react-dom/cjs/react-dom.development.js:24651:3)
2026-10-04T20:37:30.9501375Z       at commitRootImpl (../../node_modules/react-dom/cjs/react-dom.development.js:26862:5)
2026-10-04T20:37:30.9502887Z       at commitRoot (../../node_modules/react-dom/cjs/react-dom.development.js:26721:5)
2026-10-04T20:37:30.9504166Z       at finishConcurrentRender (../../node_modules/react-dom/cjs/react-dom.development.js:26020:9)
2026-10-04T20:37:30.9505568Z       at performConcurrentWorkOnRoot (../../node_modules/react-dom/cjs/react-dom.development.js:25848:7)
2026-10-04T20:37:30.9506847Z       at flushActQueue (../../node_modules/react/cjs/react.development.js:2667:24)
2026-10-04T20:37:30.9507845Z       at act (../../node_modules/react/cjs/react.development.js:2582:11)
2026-10-04T20:37:30.9508758Z       at ../../node_modules/@testing-library/react/dist/act-compat.js:47:25
2026-10-04T20:37:30.9509758Z       at renderRoot (../../node_modules/@testing-library/react/dist/pure.js:180:26)
2026-10-04T20:37:30.9510808Z       at render (../../node_modules/@testing-library/react/dist/pure.js:271:10)
2026-10-04T20:37:30.9511952Z       at renderWithIntl (test/helpers/intl-helpers.jsx:6:14)
2026-10-04T20:37:30.9512942Z       at renderPicker (test/unit/components/mcremote-block-picker.test.jsx:40:61)
2026-10-04T20:37:30.9514119Z       at Object.renderPicker (test/unit/components/mcremote-block-picker.test.jsx:104:9)
2026-10-04T20:37:30.9514786Z 
2026-10-04T20:37:30.9514960Z     console.error
2026-10-04T20:37:30.9517295Z       Warning: react-modal: App element is not defined. Please use `Modal.setAppElement(el)` or set `appElement={el}`. This is needed so screen readers don't see main content when modal is opened. It is not recommended, but you can opt-out by setting `ariaHideApp={false}`.
2026-10-04T20:37:30.9519035Z 
2026-10-04T20:37:30.9519483Z       at printWarning (../../node_modules/warning/warning.js:34:15)
2026-10-04T20:37:30.9520349Z       at warning (../../node_modules/warning/warning.js:57:20)
2026-10-04T20:37:30.9521388Z       at validateElement (../../node_modules/react-modal/lib/helpers/ariaAppHider.js:77:27)
2026-10-04T20:37:30.9522931Z       at Object.show (../../node_modules/react-modal/lib/helpers/ariaAppHider.js:116:27)
2026-10-04T20:37:30.9524205Z       at ModalPortal._this.afterClose (../../node_modules/react-modal/lib/components/ModalPortal.js:114:24)
2026-10-04T20:37:30.9525712Z       at ModalPortal.componentWillUnmount (../../node_modules/react-modal/lib/components/ModalPortal.js:317:14)
2026-10-04T20:37:30.9527313Z       at callComponentWillUnmountWithTimer (../../node_modules/react-dom/cjs/react-dom.development.js:22896:14)
2026-10-04T20:37:30.9528816Z       at safelyCallComponentWillUnmount (../../node_modules/react-dom/cjs/react-dom.development.js:22912:5)
2026-10-04T20:37:30.9530248Z       at commitDeletionEffectsOnFiber (../../node_modules/react-dom/cjs/react-dom.development.js:24168:13)
2026-10-04T20:37:30.9532082Z       at recursivelyTraverseDeletionEffects (../../node_modules/react-dom/cjs/react-dom.development.js:24028:5)
2026-10-04T20:37:30.9533500Z       at commitDeletionEffectsOnFiber (../../node_modules/react-dom/cjs/react-dom.development.js:24101:11)
2026-10-04T20:37:30.9534995Z       at recursivelyTraverseDeletionEffects (../../node_modules/react-dom/cjs/react-dom.development.js:24028:5)
2026-10-04T20:37:30.9536502Z       at commitDeletionEffectsOnFiber (../../node_modules/react-dom/cjs/react-dom.development.js:24172:9)
2026-10-04T20:37:30.9538102Z       at recursivelyTraverseDeletionEffects (../../node_modules/react-dom/cjs/react-dom.development.js:24028:5)
2026-10-04T20:37:30.9539644Z       at commitDeletionEffectsOnFiber (../../node_modules/react-dom/cjs/react-dom.development.js:24157:9)
2026-10-04T20:37:30.9541221Z       at recursivelyTraverseDeletionEffects (../../node_modules/react-dom/cjs/react-dom.development.js:24028:5)
2026-10-04T20:37:30.9543324Z       at commitDeletionEffectsOnFiber (../../node_modules/react-dom/cjs/react-dom.development.js:24172:9)
2026-10-04T20:37:30.9544918Z       at recursivelyTraverseDeletionEffects (../../node_modules/react-dom/cjs/react-dom.development.js:24028:5)
2026-10-04T20:37:30.9546465Z       at commitDeletionEffectsOnFiber (../../node_modules/react-dom/cjs/react-dom.development.js:24209:9)
2026-10-04T20:37:30.9548048Z       at recursivelyTraverseDeletionEffects (../../node_modules/react-dom/cjs/react-dom.development.js:24028:5)
2026-10-04T20:37:30.9549612Z       at commitDeletionEffectsOnFiber (../../node_modules/react-dom/cjs/react-dom.development.js:24157:9)
2026-10-04T20:37:30.9551172Z       at recursivelyTraverseDeletionEffects (../../node_modules/react-dom/cjs/react-dom.development.js:24028:5)
2026-10-04T20:37:30.9552993Z       at commitDeletionEffectsOnFiber (../../node_modules/react-dom/cjs/react-dom.development.js:24157:9)
2026-10-04T20:37:30.9554605Z       at recursivelyTraverseDeletionEffects (../../node_modules/react-dom/cjs/react-dom.development.js:24028:5)
2026-10-04T20:37:30.9556185Z       at commitDeletionEffectsOnFiber (../../node_modules/react-dom/cjs/react-dom.development.js:24209:9)
2026-10-04T20:37:30.9557760Z       at recursivelyTraverseDeletionEffects (../../node_modules/react-dom/cjs/react-dom.development.js:24028:5)
2026-10-04T20:37:30.9559308Z       at commitDeletionEffectsOnFiber (../../node_modules/react-dom/cjs/react-dom.development.js:24157:9)
2026-10-04T20:37:30.9560873Z       at recursivelyTraverseDeletionEffects (../../node_modules/react-dom/cjs/react-dom.development.js:24028:5)
2026-10-04T20:37:30.9563654Z       at commitDeletionEffectsOnFiber (../../node_modules/react-dom/cjs/react-dom.development.js:24209:9)
2026-10-04T20:37:30.9565439Z       at recursivelyTraverseDeletionEffects (../../node_modules/react-dom/cjs/react-dom.development.js:24028:5)
2026-10-04T20:37:30.9566897Z       at commitDeletionEffectsOnFiber (../../node_modules/react-dom/cjs/react-dom.development.js:24172:9)
2026-10-04T20:37:30.9568212Z       at commitDeletionEffects (../../node_modules/react-dom/cjs/react-dom.development.js:24015:5)
2026-10-04T20:37:30.9569676Z       at recursivelyTraverseMutationEffects (../../node_modules/react-dom/cjs/react-dom.development.js:24298:9)
2026-10-04T20:37:30.9571122Z       at commitMutationEffectsOnFiber (../../node_modules/react-dom/cjs/react-dom.development.js:24471:9)
2026-10-04T20:37:30.9572699Z       at commitMutationEffects (../../node_modules/react-dom/cjs/react-dom.development.js:24282:3)
2026-10-04T20:37:30.9573883Z       at commitRootImpl (../../node_modules/react-dom/cjs/react-dom.development.js:26849:5)
2026-10-04T20:37:30.9574983Z       at commitRoot (../../node_modules/react-dom/cjs/react-dom.development.js:26721:5)
2026-10-04T20:37:30.9576152Z       at performSyncWorkOnRoot (../../node_modules/react-dom/cjs/react-dom.development.js:26156:3)
2026-10-04T20:37:30.9577423Z       at flushSyncCallbacks (../../node_modules/react-dom/cjs/react-dom.development.js:12042:22)
2026-10-04T20:37:30.9578570Z       at flushSync (../../node_modules/react-dom/cjs/react-dom.development.js:26240:7)
2026-10-04T20:37:30.9580409Z       at ReactDOMRoot.Object.<anonymous>.ReactDOMHydrationRoot.unmount.ReactDOMRoot.unmount [as unmount] (../../node_modules/react-dom/cjs/react-dom.development.js:29375:5)
2026-10-04T20:37:30.9582475Z       at Object.unmount (../../node_modules/@testing-library/react/dist/pure.js:155:12)
2026-10-04T20:37:30.9583492Z       at ../../node_modules/@testing-library/react/dist/pure.js:286:12
2026-10-04T20:37:30.9584422Z       at ../../node_modules/@testing-library/react/dist/act-compat.js:48:24
2026-10-04T20:37:30.9585381Z       at act (../../node_modules/react/cjs/react.development.js:2512:16)
2026-10-04T20:37:30.9586278Z       at ../../node_modules/@testing-library/react/dist/act-compat.js:47:25
2026-10-04T20:37:30.9587144Z       at ../../node_modules/@testing-library/react/dist/pure.js:285:28
2026-10-04T20:37:30.9587888Z           at Array.forEach (<anonymous>)
2026-10-04T20:37:30.9588977Z       at cleanup (../../node_modules/@testing-library/react/dist/pure.js:281:22)
2026-10-04T20:37:30.9590105Z       at Object.<anonymous> (../../node_modules/@testing-library/react/dist/index.js:29:25)
2026-10-04T20:37:30.9590749Z 
2026-10-04T20:37:30.9590922Z     console.error
2026-10-04T20:37:30.9593457Z       Warning: react-modal: App element is not defined. Please use `Modal.setAppElement(el)` or set `appElement={el}`. This is needed so screen readers don't see main content when modal is opened. It is not recommended, but you can opt-out by setting `ariaHideApp={false}`.
2026-10-04T20:37:30.9595233Z 
2026-10-04T20:37:30.9595628Z       4 |
2026-10-04T20:37:30.9597140Z       5 | const renderWithIntl = (ui, {locale = 'en', messages = {}} = {}) => ({
2026-10-04T20:37:30.9598595Z     > 6 |     ...render(
2026-10-04T20:37:30.9599406Z         |              ^
2026-10-04T20:37:30.9600201Z       7 |         <IntlProvider
2026-10-04T20:37:30.9601014Z       8 |             locale={locale}
2026-10-04T20:37:30.9602127Z       9 |             messages={messages}
2026-10-04T20:37:30.9602581Z 
2026-10-04T20:37:30.9602987Z       at printWarning (../../node_modules/warning/warning.js:34:15)
2026-10-04T20:37:30.9603861Z       at warning (../../node_modules/warning/warning.js:57:20)
2026-10-04T20:37:30.9604893Z       at validateElement (../../node_modules/react-modal/lib/helpers/ariaAppHider.js:77:27)
2026-10-04T20:37:30.9606371Z       at Object.hide (../../node_modules/react-modal/lib/helpers/ariaAppHider.js:89:26)
2026-10-04T20:37:30.9607658Z       at ModalPortal.beforeOpen (../../node_modules/react-modal/lib/components/ModalPortal.js:342:22)
2026-10-04T20:37:30.9609040Z       at ModalPortal._this.open (../../node_modules/react-modal/lib/components/ModalPortal.js:135:13)
2026-10-04T20:37:30.9610480Z       at ModalPortal.componentDidMount (../../node_modules/react-modal/lib/components/ModalPortal.js:285:14)
2026-10-04T20:37:30.9612204Z       at commitLayoutEffectOnFiber (../../node_modules/react-dom/cjs/react-dom.development.js:23349:28)
2026-10-04T20:37:30.9613708Z       at commitLayoutMountEffects_complete (../../node_modules/react-dom/cjs/react-dom.development.js:24727:9)
2026-10-04T20:37:30.9615159Z       at commitLayoutEffects_begin (../../node_modules/react-dom/cjs/react-dom.development.js:24713:7)
2026-10-04T20:37:30.9616502Z       at commitLayoutEffects (../../node_modules/react-dom/cjs/react-dom.development.js:24651:3)
2026-10-04T20:37:30.9617781Z       at commitRootImpl (../../node_modules/react-dom/cjs/react-dom.development.js:26862:5)
2026-10-04T20:37:30.9618933Z       at commitRoot (../../node_modules/react-dom/cjs/react-dom.development.js:26721:5)
2026-10-04T20:37:30.9620189Z       at finishConcurrentRender (../../node_modules/react-dom/cjs/react-dom.development.js:26020:9)
2026-10-04T20:37:30.9622041Z       at performConcurrentWorkOnRoot (../../node_modules/react-dom/cjs/react-dom.development.js:25848:7)
2026-10-04T20:37:30.9623316Z       at flushActQueue (../../node_modules/react/cjs/react.development.js:2667:24)
2026-10-04T20:37:30.9624325Z       at act (../../node_modules/react/cjs/react.development.js:2582:11)
2026-10-04T20:37:30.9625268Z       at ../../node_modules/@testing-library/react/dist/act-compat.js:47:25
2026-10-04T20:37:30.9626299Z       at renderRoot (../../node_modules/@testing-library/react/dist/pure.js:180:26)
2026-10-04T20:37:30.9627343Z       at render (../../node_modules/@testing-library/react/dist/pure.js:271:10)
2026-10-04T20:37:30.9628237Z       at renderWithIntl (test/helpers/intl-helpers.jsx:6:14)
2026-10-04T20:37:30.9629196Z       at renderPicker (test/unit/components/mcremote-block-picker.test.jsx:40:61)
2026-10-04T20:37:30.9630212Z       at renderPicker (test/unit/components/mcremote-block-picker.test.jsx:124:9)
2026-10-04T20:37:30.9630991Z 
2026-10-04T20:37:30.9631164Z     console.error
2026-10-04T20:37:30.9633393Z       Warning: react-modal: App element is not defined. Please use `Modal.setAppElement(el)` or set `appElement={el}`. This is needed so screen readers don't see main content when modal is opened. It is not recommended, but you can opt-out by setting `ariaHideApp={false}`.
2026-10-04T20:37:30.9635148Z 
2026-10-04T20:37:30.9635572Z       at printWarning (../../node_modules/warning/warning.js:34:15)
2026-10-04T20:37:30.9636407Z       at warning (../../node_modules/warning/warning.js:57:20)
2026-10-04T20:37:30.9637411Z       at validateElement (../../node_modules/react-modal/lib/helpers/ariaAppHider.js:77:27)
2026-10-04T20:37:30.9638522Z       at Object.show (../../node_modules/react-modal/lib/helpers/ariaAppHider.js:116:27)
2026-10-04T20:37:30.9639791Z       at ModalPortal._this.afterClose (../../node_modules/react-modal/lib/components/ModalPortal.js:114:24)
2026-10-04T20:37:30.9641274Z       at ModalPortal.componentWillUnmount (../../node_modules/react-modal/lib/components/ModalPortal.js:317:14)
2026-10-04T20:37:30.9643061Z       at callComponentWillUnmountWithTimer (../../node_modules/react-dom/cjs/react-dom.development.js:22896:14)
2026-10-04T20:37:30.9644543Z       at safelyCallComponentWillUnmount (../../node_modules/react-dom/cjs/react-dom.development.js:22912:5)
2026-10-04T20:37:30.9646002Z       at commitDeletionEffectsOnFiber (../../node_modules/react-dom/cjs/react-dom.development.js:24168:13)
2026-10-04T20:37:30.9647505Z       at recursivelyTraverseDeletionEffects (../../node_modules/react-dom/cjs/react-dom.development.js:24028:5)
2026-10-04T20:37:30.9649218Z       at commitDeletionEffectsOnFiber (../../node_modules/react-dom/cjs/react-dom.development.js:24101:11)
2026-10-04T20:37:30.9650730Z       at recursivelyTraverseDeletionEffects (../../node_modules/react-dom/cjs/react-dom.development.js:24028:5)
2026-10-04T20:37:30.9652585Z       at commitDeletionEffectsOnFiber (../../node_modules/react-dom/cjs/react-dom.development.js:24172:9)
2026-10-04T20:37:30.9654051Z       at recursivelyTraverseDeletionEffects (../../node_modules/react-dom/cjs/react-dom.development.js:24028:5)
2026-10-04T20:37:30.9655504Z       at commitDeletionEffectsOnFiber (../../node_modules/react-dom/cjs/react-dom.development.js:24157:9)
2026-10-04T20:37:30.9656975Z       at recursivelyTraverseDeletionEffects (../../node_modules/react-dom/cjs/react-dom.development.js:24028:5)
2026-10-04T20:37:30.9658432Z       at commitDeletionEffectsOnFiber (../../node_modules/react-dom/cjs/react-dom.development.js:24172:9)
2026-10-04T20:37:30.9659902Z       at recursivelyTraverseDeletionEffects (../../node_modules/react-dom/cjs/react-dom.development.js:24028:5)
2026-10-04T20:37:30.9661351Z       at commitDeletionEffectsOnFiber (../../node_modules/react-dom/cjs/react-dom.development.js:24209:9)
2026-10-04T20:37:30.9663053Z       at recursivelyTraverseDeletionEffects (../../node_modules/react-dom/cjs/react-dom.development.js:24028:5)
2026-10-04T20:37:30.9664600Z       at commitDeletionEffectsOnFiber (../../node_modules/react-dom/cjs/react-dom.development.js:24157:9)
2026-10-04T20:37:30.9666095Z       at recursivelyTraverseDeletionEffects (../../node_modules/react-dom/cjs/react-dom.development.js:24028:5)
2026-10-04T20:37:30.9667632Z       at commitDeletionEffectsOnFiber (../../node_modules/react-dom/cjs/react-dom.development.js:24157:9)
2026-10-04T20:37:30.9669166Z       at recursivelyTraverseDeletionEffects (../../node_modules/react-dom/cjs/react-dom.development.js:24028:5)
2026-10-04T20:37:30.9670748Z       at commitDeletionEffectsOnFiber (../../node_modules/react-dom/cjs/react-dom.development.js:24209:9)
2026-10-04T20:37:30.9672600Z       at recursivelyTraverseDeletionEffects (../../node_modules/react-dom/cjs/react-dom.development.js:24028:5)
2026-10-04T20:37:30.9674112Z       at commitDeletionEffectsOnFiber (../../node_modules/react-dom/cjs/react-dom.development.js:24157:9)
2026-10-04T20:37:30.9675834Z       at recursivelyTraverseDeletionEffects (../../node_modules/react-dom/cjs/react-dom.development.js:24028:5)
2026-10-04T20:37:30.9677432Z       at commitDeletionEffectsOnFiber (../../node_modules/react-dom/cjs/react-dom.development.js:24209:9)
2026-10-04T20:37:30.9678951Z       at recursivelyTraverseDeletionEffects (../../node_modules/react-dom/cjs/react-dom.development.js:24028:5)
2026-10-04T20:37:30.9680505Z       at commitDeletionEffectsOnFiber (../../node_modules/react-dom/cjs/react-dom.development.js:24172:9)
2026-10-04T20:37:30.9682338Z       at commitDeletionEffects (../../node_modules/react-dom/cjs/react-dom.development.js:24015:5)
2026-10-04T20:37:30.9684270Z       at recursivelyTraverseMutationEffects (../../node_modules/react-dom/cjs/react-dom.development.js:24298:9)
2026-10-04T20:37:30.9685829Z       at commitMutationEffectsOnFiber (../../node_modules/react-dom/cjs/react-dom.development.js:24471:9)
2026-10-04T20:37:30.9687237Z       at commitMutationEffects (../../node_modules/react-dom/cjs/react-dom.development.js:24282:3)
2026-10-04T20:37:30.9688511Z       at commitRootImpl (../../node_modules/react-dom/cjs/react-dom.development.js:26849:5)
2026-10-04T20:37:30.9689684Z       at commitRoot (../../node_modules/react-dom/cjs/react-dom.development.js:26721:5)
2026-10-04T20:37:30.9690940Z       at performSyncWorkOnRoot (../../node_modules/react-dom/cjs/react-dom.development.js:26156:3)
2026-10-04T20:37:30.9692537Z       at flushSyncCallbacks (../../node_modules/react-dom/cjs/react-dom.development.js:12042:22)
2026-10-04T20:37:30.9693788Z       at flushSync (../../node_modules/react-dom/cjs/react-dom.development.js:26240:7)
2026-10-04T20:37:30.9695646Z       at ReactDOMRoot.Object.<anonymous>.ReactDOMHydrationRoot.unmount.ReactDOMRoot.unmount [as unmount] (../../node_modules/react-dom/cjs/react-dom.development.js:29375:5)
2026-10-04T20:37:30.9697683Z       at Object.unmount (../../node_modules/@testing-library/react/dist/pure.js:155:12)
2026-10-04T20:37:30.9698731Z       at ../../node_modules/@testing-library/react/dist/pure.js:286:12
2026-10-04T20:37:30.9699678Z       at ../../node_modules/@testing-library/react/dist/act-compat.js:48:24
2026-10-04T20:37:30.9700629Z       at act (../../node_modules/react/cjs/react.development.js:2512:16)
2026-10-04T20:37:30.9701884Z       at ../../node_modules/@testing-library/react/dist/act-compat.js:47:25
2026-10-04T20:37:30.9702859Z       at ../../node_modules/@testing-library/react/dist/pure.js:285:28
2026-10-04T20:37:30.9703622Z           at Array.forEach (<anonymous>)
2026-10-04T20:37:30.9704466Z       at cleanup (../../node_modules/@testing-library/react/dist/pure.js:281:22)
2026-10-04T20:37:30.9705545Z       at Object.<anonymous> (../../node_modules/@testing-library/react/dist/index.js:29:25)
2026-10-04T20:37:30.9706199Z 
2026-10-04T20:37:30.9706375Z     console.error
2026-10-04T20:37:30.9708487Z       Warning: react-modal: App element is not defined. Please use `Modal.setAppElement(el)` or set `appElement={el}`. This is needed so screen readers don't see main content when modal is opened. It is not recommended, but you can opt-out by setting `ariaHideApp={false}`.
2026-10-04T20:37:30.9710305Z 
2026-10-04T20:37:30.9710667Z       4 |
2026-10-04T20:37:30.9728816Z       5 | const renderWithIntl = (ui, {locale = 'en', messages = {}} = {}) => ({
2026-10-04T20:37:30.9730397Z     > 6 |     ...render(
2026-10-04T20:37:30.9731240Z         |              ^
2026-10-04T20:37:30.9732326Z       7 |         <IntlProvider
2026-10-04T20:37:30.9733138Z       8 |             locale={locale}
2026-10-04T20:37:30.9734016Z       9 |             messages={messages}
2026-10-04T20:37:30.9734494Z 
2026-10-04T20:37:30.9734921Z       at printWarning (../../node_modules/warning/warning.js:34:15)
2026-10-04T20:37:30.9735772Z       at warning (../../node_modules/warning/warning.js:57:20)
2026-10-04T20:37:30.9737331Z       at validateElement (../../node_modules/react-modal/lib/helpers/ariaAppHider.js:77:27)
2026-10-04T20:37:30.9738560Z       at Object.hide (../../node_modules/react-modal/lib/helpers/ariaAppHider.js:89:26)
2026-10-04T20:37:30.9739835Z       at ModalPortal.beforeOpen (../../node_modules/react-modal/lib/components/ModalPortal.js:342:22)
2026-10-04T20:37:30.9741213Z       at ModalPortal._this.open (../../node_modules/react-modal/lib/components/ModalPortal.js:135:13)
2026-10-04T20:37:30.9742940Z       at ModalPortal.componentDidMount (../../node_modules/react-modal/lib/components/ModalPortal.js:285:14)
2026-10-04T20:37:30.9744436Z       at commitLayoutEffectOnFiber (../../node_modules/react-dom/cjs/react-dom.development.js:23349:28)
2026-10-04T20:37:30.9745971Z       at commitLayoutMountEffects_complete (../../node_modules/react-dom/cjs/react-dom.development.js:24727:9)
2026-10-04T20:37:30.9747394Z       at commitLayoutEffects_begin (../../node_modules/react-dom/cjs/react-dom.development.js:24713:7)
2026-10-04T20:37:30.9748742Z       at commitLayoutEffects (../../node_modules/react-dom/cjs/react-dom.development.js:24651:3)
2026-10-04T20:37:30.9750004Z       at commitRootImpl (../../node_modules/react-dom/cjs/react-dom.development.js:26862:5)
2026-10-04T20:37:30.9751193Z       at commitRoot (../../node_modules/react-dom/cjs/react-dom.development.js:26721:5)
2026-10-04T20:37:30.9752875Z       at finishConcurrentRender (../../node_modules/react-dom/cjs/react-dom.development.js:26020:9)
2026-10-04T20:37:30.9754273Z       at performConcurrentWorkOnRoot (../../node_modules/react-dom/cjs/react-dom.development.js:25848:7)
2026-10-04T20:37:30.9755809Z       at flushActQueue (../../node_modules/react/cjs/react.development.js:2667:24)
2026-10-04T20:37:30.9756800Z       at act (../../node_modules/react/cjs/react.development.js:2582:11)
2026-10-04T20:37:30.9757761Z       at ../../node_modules/@testing-library/react/dist/act-compat.js:47:25
2026-10-04T20:37:30.9758820Z       at renderRoot (../../node_modules/@testing-library/react/dist/pure.js:180:26)
2026-10-04T20:37:30.9759846Z       at render (../../node_modules/@testing-library/react/dist/pure.js:271:10)
2026-10-04T20:37:30.9760769Z       at renderWithIntl (test/helpers/intl-helpers.jsx:6:14)
2026-10-04T20:37:30.9762030Z       at renderPicker (test/unit/components/mcremote-block-picker.test.jsx:40:61)
2026-10-04T20:37:30.9763167Z       at renderPicker (test/unit/components/mcremote-block-picker.test.jsx:124:9)
2026-10-04T20:37:30.9763774Z 
2026-10-04T20:37:30.9763941Z     console.error
2026-10-04T20:37:30.9766046Z       Warning: react-modal: App element is not defined. Please use `Modal.setAppElement(el)` or set `appElement={el}`. This is needed so screen readers don't see main content when modal is opened. It is not recommended, but you can opt-out by setting `ariaHideApp={false}`.
2026-10-04T20:37:30.9767845Z 
2026-10-04T20:37:30.9768243Z       at printWarning (../../node_modules/warning/warning.js:34:15)
2026-10-04T20:37:30.9769074Z       at warning (../../node_modules/warning/warning.js:57:20)
2026-10-04T20:37:30.9770156Z       at validateElement (../../node_modules/react-modal/lib/helpers/ariaAppHider.js:77:27)
2026-10-04T20:37:30.9771347Z       at Object.show (../../node_modules/react-modal/lib/helpers/ariaAppHider.js:116:27)
2026-10-04T20:37:30.9772903Z       at ModalPortal._this.afterClose (../../node_modules/react-modal/lib/components/ModalPortal.js:114:24)
2026-10-04T20:37:30.9774392Z       at ModalPortal.componentWillUnmount (../../node_modules/react-modal/lib/components/ModalPortal.js:317:14)
2026-10-04T20:37:30.9775961Z       at callComponentWillUnmountWithTimer (../../node_modules/react-dom/cjs/react-dom.development.js:22896:14)
2026-10-04T20:37:30.9777535Z       at safelyCallComponentWillUnmount (../../node_modules/react-dom/cjs/react-dom.development.js:22912:5)
2026-10-04T20:37:30.9779021Z       at commitDeletionEffectsOnFiber (../../node_modules/react-dom/cjs/react-dom.development.js:24168:13)
2026-10-04T20:37:30.9780770Z       at recursivelyTraverseDeletionEffects (../../node_modules/react-dom/cjs/react-dom.development.js:24028:5)
2026-10-04T20:37:30.9782745Z       at commitDeletionEffectsOnFiber (../../node_modules/react-dom/cjs/react-dom.development.js:24101:11)
2026-10-04T20:37:30.9784209Z       at recursivelyTraverseDeletionEffects (../../node_modules/react-dom/cjs/react-dom.development.js:24028:5)
2026-10-04T20:37:30.9785748Z       at commitDeletionEffectsOnFiber (../../node_modules/react-dom/cjs/react-dom.development.js:24172:9)
2026-10-04T20:37:30.9787211Z       at recursivelyTraverseDeletionEffects (../../node_modules/react-dom/cjs/react-dom.development.js:24028:5)
2026-10-04T20:37:30.9789099Z       at commitDeletionEffectsOnFiber (../../node_modules/react-dom/cjs/react-dom.development.js:24157:9)
2026-10-04T20:37:30.9790597Z       at recursivelyTraverseDeletionEffects (../../node_modules/react-dom/cjs/react-dom.development.js:24028:5)
2026-10-04T20:37:30.9792728Z       at commitDeletionEffectsOnFiber (../../node_modules/react-dom/cjs/react-dom.development.js:24172:9)
2026-10-04T20:37:30.9794226Z       at recursivelyTraverseDeletionEffects (../../node_modules/react-dom/cjs/react-dom.development.js:24028:5)
2026-10-04T20:37:30.9795712Z       at commitDeletionEffectsOnFiber (../../node_modules/react-dom/cjs/react-dom.development.js:24209:9)
2026-10-04T20:37:30.9797207Z       at recursivelyTraverseDeletionEffects (../../node_modules/react-dom/cjs/react-dom.development.js:24028:5)
2026-10-04T20:37:30.9798713Z       at commitDeletionEffectsOnFiber (../../node_modules/react-dom/cjs/react-dom.development.js:24157:9)
2026-10-04T20:37:30.9800216Z       at recursivelyTraverseDeletionEffects (../../node_modules/react-dom/cjs/react-dom.development.js:24028:5)
2026-10-04T20:37:30.9802182Z       at commitDeletionEffectsOnFiber (../../node_modules/react-dom/cjs/react-dom.development.js:24157:9)
2026-10-04T20:37:30.9803664Z       at recursivelyTraverseDeletionEffects (../../node_modules/react-dom/cjs/react-dom.development.js:24028:5)
2026-10-04T20:37:30.9805187Z       at commitDeletionEffectsOnFiber (../../node_modules/react-dom/cjs/react-dom.development.js:24209:9)
2026-10-04T20:37:30.9806659Z       at recursivelyTraverseDeletionEffects (../../node_modules/react-dom/cjs/react-dom.development.js:24028:5)
2026-10-04T20:37:30.9808141Z       at commitDeletionEffectsOnFiber (../../node_modules/react-dom/cjs/react-dom.development.js:24157:9)
2026-10-04T20:37:30.9809687Z       at recursivelyTraverseDeletionEffects (../../node_modules/react-dom/cjs/react-dom.development.js:24028:5)
2026-10-04T20:37:30.9811151Z       at commitDeletionEffectsOnFiber (../../node_modules/react-dom/cjs/react-dom.development.js:24209:9)
2026-10-04T20:37:30.9813531Z       at recursivelyTraverseDeletionEffects (../../node_modules/react-dom/cjs/react-dom.development.js:24028:5)
2026-10-04T20:37:30.9815072Z       at commitDeletionEffectsOnFiber (../../node_modules/react-dom/cjs/react-dom.development.js:24172:9)
2026-10-04T20:37:30.9816501Z       at commitDeletionEffects (../../node_modules/react-dom/cjs/react-dom.development.js:24015:5)
2026-10-04T20:37:30.9817968Z       at recursivelyTraverseMutationEffects (../../node_modules/react-dom/cjs/react-dom.development.js:24298:9)
2026-10-04T20:37:30.9819467Z       at commitMutationEffectsOnFiber (../../node_modules/react-dom/cjs/react-dom.development.js:24471:9)
2026-10-04T20:37:30.9820857Z       at commitMutationEffects (../../node_modules/react-dom/cjs/react-dom.development.js:24282:3)
2026-10-04T20:37:30.9822428Z       at commitRootImpl (../../node_modules/react-dom/cjs/react-dom.development.js:26849:5)
2026-10-04T20:37:30.9823615Z       at commitRoot (../../node_modules/react-dom/cjs/react-dom.development.js:26721:5)
2026-10-04T20:37:30.9824928Z       at performSyncWorkOnRoot (../../node_modules/react-dom/cjs/react-dom.development.js:26156:3)
2026-10-04T20:37:30.9826313Z       at flushSyncCallbacks (../../node_modules/react-dom/cjs/react-dom.development.js:12042:22)
2026-10-04T20:37:30.9827747Z       at flushSync (../../node_modules/react-dom/cjs/react-dom.development.js:26240:7)
2026-10-04T20:37:30.9829624Z       at ReactDOMRoot.Object.<anonymous>.ReactDOMHydrationRoot.unmount.ReactDOMRoot.unmount [as unmount] (../../node_modules/react-dom/cjs/react-dom.development.js:29375:5)
2026-10-04T20:37:30.9831376Z       at Object.unmount (../../node_modules/@testing-library/react/dist/pure.js:155:12)
2026-10-04T20:37:30.9832645Z       at ../../node_modules/@testing-library/react/dist/pure.js:286:12
2026-10-04T20:37:30.9833577Z       at ../../node_modules/@testing-library/react/dist/act-compat.js:48:24
2026-10-04T20:37:30.9834527Z       at act (../../node_modules/react/cjs/react.development.js:2512:16)
2026-10-04T20:37:30.9835485Z       at ../../node_modules/@testing-library/react/dist/act-compat.js:47:25
2026-10-04T20:37:30.9836400Z       at ../../node_modules/@testing-library/react/dist/pure.js:285:28
2026-10-04T20:37:30.9837140Z           at Array.forEach (<anonymous>)
2026-10-04T20:37:30.9837958Z       at cleanup (../../node_modules/@testing-library/react/dist/pure.js:281:22)
2026-10-04T20:37:30.9839046Z       at Object.<anonymous> (../../node_modules/@testing-library/react/dist/index.js:29:25)
2026-10-04T20:37:30.9839672Z 
2026-10-04T20:37:30.9839842Z     console.error
2026-10-04T20:37:30.9842335Z       Warning: react-modal: App element is not defined. Please use `Modal.setAppElement(el)` or set `appElement={el}`. This is needed so screen readers don't see main content when modal is opened. It is not recommended, but you can opt-out by setting `ariaHideApp={false}`.
2026-10-04T20:37:30.9844128Z 
2026-10-04T20:37:30.9844519Z       4 |
2026-10-04T20:37:30.9846039Z       5 | const renderWithIntl = (ui, {locale = 'en', messages = {}} = {}) => ({
2026-10-04T20:37:30.9847803Z     > 6 |     ...render(
2026-10-04T20:37:30.9848547Z         |              ^
2026-10-04T20:37:30.9849269Z       7 |         <IntlProvider
2026-10-04T20:37:30.9850015Z       8 |             locale={locale}
2026-10-04T20:37:30.9850819Z       9 |             messages={messages}
2026-10-04T20:37:30.9851240Z 
2026-10-04T20:37:30.9851920Z       at printWarning (../../node_modules/warning/warning.js:34:15)
2026-10-04T20:37:30.9852773Z       at warning (../../node_modules/warning/warning.js:57:20)
2026-10-04T20:37:30.9853840Z       at validateElement (../../node_modules/react-modal/lib/helpers/ariaAppHider.js:77:27)
2026-10-04T20:37:30.9854970Z       at Object.hide (../../node_modules/react-modal/lib/helpers/ariaAppHider.js:89:26)
2026-10-04T20:37:30.9856210Z       at ModalPortal.beforeOpen (../../node_modules/react-modal/lib/components/ModalPortal.js:342:22)
2026-10-04T20:37:30.9857517Z       at ModalPortal._this.open (../../node_modules/react-modal/lib/components/ModalPortal.js:135:13)
2026-10-04T20:37:30.9858901Z       at ModalPortal.componentDidMount (../../node_modules/react-modal/lib/components/ModalPortal.js:285:14)
2026-10-04T20:37:30.9860303Z       at commitLayoutEffectOnFiber (../../node_modules/react-dom/cjs/react-dom.development.js:23349:28)
2026-10-04T20:37:30.9862061Z       at commitLayoutMountEffects_complete (../../node_modules/react-dom/cjs/react-dom.development.js:24727:9)
2026-10-04T20:37:30.9863509Z       at commitLayoutEffects_begin (../../node_modules/react-dom/cjs/react-dom.development.js:24713:7)
2026-10-04T20:37:30.9864839Z       at commitLayoutEffects (../../node_modules/react-dom/cjs/react-dom.development.js:24651:3)
2026-10-04T20:37:30.9866042Z       at commitRootImpl (../../node_modules/react-dom/cjs/react-dom.development.js:26862:5)
2026-10-04T20:37:30.9867204Z       at commitRoot (../../node_modules/react-dom/cjs/react-dom.development.js:26721:5)
2026-10-04T20:37:30.9868452Z       at finishConcurrentRender (../../node_modules/react-dom/cjs/react-dom.development.js:26020:9)
2026-10-04T20:37:30.9870189Z       at performConcurrentWorkOnRoot (../../node_modules/react-dom/cjs/react-dom.development.js:25848:7)
2026-10-04T20:37:30.9871849Z       at flushActQueue (../../node_modules/react/cjs/react.development.js:2667:24)
2026-10-04T20:37:30.9872857Z       at act (../../node_modules/react/cjs/react.development.js:2582:11)
2026-10-04T20:37:30.9873799Z       at ../../node_modules/@testing-library/react/dist/act-compat.js:47:25
2026-10-04T20:37:30.9874804Z       at renderRoot (../../node_modules/@testing-library/react/dist/pure.js:180:26)
2026-10-04T20:37:30.9875810Z       at render (../../node_modules/@testing-library/react/dist/pure.js:271:10)
2026-10-04T20:37:30.9876705Z       at renderWithIntl (test/helpers/intl-helpers.jsx:6:14)
2026-10-04T20:37:30.9877680Z       at renderPicker (test/unit/components/mcremote-block-picker.test.jsx:40:61)
2026-10-04T20:37:30.9878852Z       at Object.renderPicker (test/unit/components/mcremote-block-picker.test.jsx:151:9)
2026-10-04T20:37:30.9879519Z 
2026-10-04T20:37:30.9879693Z     console.error
2026-10-04T20:37:30.9882020Z       Warning: react-modal: App element is not defined. Please use `Modal.setAppElement(el)` or set `appElement={el}`. This is needed so screen readers don't see main content when modal is opened. It is not recommended, but you can opt-out by setting `ariaHideApp={false}`.
2026-10-04T20:37:30.9883795Z 
2026-10-04T20:37:30.9884196Z       at printWarning (../../node_modules/warning/warning.js:34:15)
2026-10-04T20:37:30.9885028Z       at warning (../../node_modules/warning/warning.js:57:20)
2026-10-04T20:37:30.9886034Z       at validateElement (../../node_modules/react-modal/lib/helpers/ariaAppHider.js:77:27)
2026-10-04T20:37:30.9887445Z       at Object.show (../../node_modules/react-modal/lib/helpers/ariaAppHider.js:116:27)
2026-10-04T20:37:30.9888722Z       at ModalPortal._this.afterClose (../../node_modules/react-modal/lib/components/ModalPortal.js:114:24)
2026-10-04T20:37:30.9890222Z       at ModalPortal.componentWillUnmount (../../node_modules/react-modal/lib/components/ModalPortal.js:317:14)
2026-10-04T20:37:30.9892040Z       at callComponentWillUnmountWithTimer (../../node_modules/react-dom/cjs/react-dom.development.js:22896:14)
2026-10-04T20:37:30.9893573Z       at safelyCallComponentWillUnmount (../../node_modules/react-dom/cjs/react-dom.development.js:22912:5)
2026-10-04T20:37:30.9895049Z       at commitDeletionEffectsOnFiber (../../node_modules/react-dom/cjs/react-dom.development.js:24168:13)
2026-10-04T20:37:30.9896577Z       at recursivelyTraverseDeletionEffects (../../node_modules/react-dom/cjs/react-dom.development.js:24028:5)
2026-10-04T20:37:30.9898048Z       at commitDeletionEffectsOnFiber (../../node_modules/react-dom/cjs/react-dom.development.js:24101:11)
2026-10-04T20:37:30.9899573Z       at recursivelyTraverseDeletionEffects (../../node_modules/react-dom/cjs/react-dom.development.js:24028:5)
2026-10-04T20:37:30.9901125Z       at commitDeletionEffectsOnFiber (../../node_modules/react-dom/cjs/react-dom.development.js:24172:9)
2026-10-04T20:37:30.9903050Z       at recursivelyTraverseDeletionEffects (../../node_modules/react-dom/cjs/react-dom.development.js:24028:5)
2026-10-04T20:37:30.9904566Z       at commitDeletionEffectsOnFiber (../../node_modules/react-dom/cjs/react-dom.development.js:24157:9)
2026-10-04T20:37:30.9906077Z       at recursivelyTraverseDeletionEffects (../../node_modules/react-dom/cjs/react-dom.development.js:24028:5)
2026-10-04T20:37:30.9907604Z       at commitDeletionEffectsOnFiber (../../node_modules/react-dom/cjs/react-dom.development.js:24172:9)
2026-10-04T20:37:30.9909005Z       at recursivelyTraverseDeletionEffects (../../node_modules/react-dom/cjs/react-dom.development.js:24028:5)
2026-10-04T20:37:30.9910519Z       at commitDeletionEffectsOnFiber (../../node_modules/react-dom/cjs/react-dom.development.js:24209:9)
2026-10-04T20:37:30.9912279Z       at recursivelyTraverseDeletionEffects (../../node_modules/react-dom/cjs/react-dom.development.js:24028:5)
2026-10-04T20:37:30.9914069Z       at commitDeletionEffectsOnFiber (../../node_modules/react-dom/cjs/react-dom.development.js:24157:9)
2026-10-04T20:37:30.9915647Z       at recursivelyTraverseDeletionEffects (../../node_modules/react-dom/cjs/react-dom.development.js:24028:5)
2026-10-04T20:37:30.9917162Z       at commitDeletionEffectsOnFiber (../../node_modules/react-dom/cjs/react-dom.development.js:24157:9)
2026-10-04T20:37:30.9918691Z       at recursivelyTraverseDeletionEffects (../../node_modules/react-dom/cjs/react-dom.development.js:24028:5)
2026-10-04T20:37:30.9920219Z       at commitDeletionEffectsOnFiber (../../node_modules/react-dom/cjs/react-dom.development.js:24209:9)
2026-10-04T20:37:30.9922076Z       at recursivelyTraverseDeletionEffects (../../node_modules/react-dom/cjs/react-dom.development.js:24028:5)
2026-10-04T20:37:30.9923609Z       at commitDeletionEffectsOnFiber (../../node_modules/react-dom/cjs/react-dom.development.js:24157:9)
2026-10-04T20:37:30.9925129Z       at recursivelyTraverseDeletionEffects (../../node_modules/react-dom/cjs/react-dom.development.js:24028:5)
2026-10-04T20:37:30.9926651Z       at commitDeletionEffectsOnFiber (../../node_modules/react-dom/cjs/react-dom.development.js:24209:9)
2026-10-04T20:37:30.9928142Z       at recursivelyTraverseDeletionEffects (../../node_modules/react-dom/cjs/react-dom.development.js:24028:5)
2026-10-04T20:37:30.9929671Z       at commitDeletionEffectsOnFiber (../../node_modules/react-dom/cjs/react-dom.development.js:24172:9)
2026-10-04T20:37:30.9931057Z       at commitDeletionEffects (../../node_modules/react-dom/cjs/react-dom.development.js:24015:5)
2026-10-04T20:37:30.9932991Z       at recursivelyTraverseMutationEffects (../../node_modules/react-dom/cjs/react-dom.development.js:24298:9)
2026-10-04T20:37:30.9934807Z       at commitMutationEffectsOnFiber (../../node_modules/react-dom/cjs/react-dom.development.js:24471:9)
2026-10-04T20:37:30.9936214Z       at commitMutationEffects (../../node_modules/react-dom/cjs/react-dom.development.js:24282:3)
2026-10-04T20:37:30.9937493Z       at commitRootImpl (../../node_modules/react-dom/cjs/react-dom.development.js:26849:5)
2026-10-04T20:37:30.9938671Z       at commitRoot (../../node_modules/react-dom/cjs/react-dom.development.js:26721:5)
2026-10-04T20:37:30.9939770Z       at performSyncWorkOnRoot (../../node_modules/react-dom/cjs/react-dom.development.js:26156:3)
2026-10-04T20:37:30.9940975Z       at flushSyncCallbacks (../../node_modules/react-dom/cjs/react-dom.development.js:12042:22)
2026-10-04T20:37:30.9942398Z       at flushSync (../../node_modules/react-dom/cjs/react-dom.development.js:26240:7)
2026-10-04T20:37:30.9944148Z       at ReactDOMRoot.Object.<anonymous>.ReactDOMHydrationRoot.unmount.ReactDOMRoot.unmount [as unmount] (../../node_modules/react-dom/cjs/react-dom.development.js:29375:5)
2026-10-04T20:37:30.9945792Z       at Object.unmount (../../node_modules/@testing-library/react/dist/pure.js:155:12)
2026-10-04T20:37:30.9946749Z       at ../../node_modules/@testing-library/react/dist/pure.js:286:12
2026-10-04T20:37:30.9947585Z       at ../../node_modules/@testing-library/react/dist/act-compat.js:48:24
2026-10-04T20:37:30.9948467Z       at act (../../node_modules/react/cjs/react.development.js:2512:16)
2026-10-04T20:37:30.9949379Z       at ../../node_modules/@testing-library/react/dist/act-compat.js:47:25
2026-10-04T20:37:30.9950269Z       at ../../node_modules/@testing-library/react/dist/pure.js:285:28
2026-10-04T20:37:30.9950960Z           at Array.forEach (<anonymous>)
2026-10-04T20:37:30.9952011Z       at cleanup (../../node_modules/@testing-library/react/dist/pure.js:281:22)
2026-10-04T20:37:30.9953109Z       at Object.<anonymous> (../../node_modules/@testing-library/react/dist/index.js:29:25)
2026-10-04T20:37:30.9953747Z 
2026-10-04T20:37:30.9953924Z     console.error
2026-10-04T20:37:30.9955877Z       Warning: react-modal: App element is not defined. Please use `Modal.setAppElement(el)` or set `appElement={el}`. This is needed so screen readers don't see main content when modal is opened. It is not recommended, but you can opt-out by setting `ariaHideApp={false}`.
2026-10-04T20:37:30.9957656Z 
2026-10-04T20:37:30.9958262Z       4 |
2026-10-04T20:37:30.9959745Z       5 | const renderWithIntl = (ui, {locale = 'en', messages = {}} = {}) => ({
2026-10-04T20:37:30.9961202Z     > 6 |     ...render(
2026-10-04T20:37:30.9962393Z         |              ^
2026-10-04T20:37:30.9963217Z       7 |         <IntlProvider
2026-10-04T20:37:30.9964039Z       8 |             locale={locale}
2026-10-04T20:37:30.9964812Z       9 |             messages={messages}
2026-10-04T20:37:30.9965234Z 
2026-10-04T20:37:30.9965608Z       at printWarning (../../node_modules/warning/warning.js:34:15)
2026-10-04T20:37:30.9966408Z       at warning (../../node_modules/warning/warning.js:57:20)
2026-10-04T20:37:30.9967328Z       at validateElement (../../node_modules/react-modal/lib/helpers/ariaAppHider.js:77:27)
2026-10-04T20:37:30.9968464Z       at Object.hide (../../node_modules/react-modal/lib/helpers/ariaAppHider.js:89:26)
2026-10-04T20:37:30.9969847Z       at ModalPortal.beforeOpen (../../node_modules/react-modal/lib/components/ModalPortal.js:342:22)
2026-10-04T20:37:30.9971182Z       at ModalPortal._this.open (../../node_modules/react-modal/lib/components/ModalPortal.js:135:13)
2026-10-04T20:37:30.9972714Z       at ModalPortal.componentDidMount (../../node_modules/react-modal/lib/components/ModalPortal.js:285:14)
2026-10-04T20:37:30.9974096Z       at commitLayoutEffectOnFiber (../../node_modules/react-dom/cjs/react-dom.development.js:23349:28)
2026-10-04T20:37:30.9975848Z       at commitLayoutMountEffects_complete (../../node_modules/react-dom/cjs/react-dom.development.js:24727:9)
2026-10-04T20:37:30.9977239Z       at commitLayoutEffects_begin (../../node_modules/react-dom/cjs/react-dom.development.js:24713:7)
2026-10-04T20:37:30.9978574Z       at commitLayoutEffects (../../node_modules/react-dom/cjs/react-dom.development.js:24651:3)
2026-10-04T20:37:30.9979851Z       at commitRootImpl (../../node_modules/react-dom/cjs/react-dom.development.js:26862:5)
2026-10-04T20:37:30.9981064Z       at commitRoot (../../node_modules/react-dom/cjs/react-dom.development.js:26721:5)
2026-10-04T20:37:30.9982578Z       at finishConcurrentRender (../../node_modules/react-dom/cjs/react-dom.development.js:26020:9)
2026-10-04T20:37:30.9984004Z       at performConcurrentWorkOnRoot (../../node_modules/react-dom/cjs/react-dom.development.js:25848:7)
2026-10-04T20:37:30.9985309Z       at flushActQueue (../../node_modules/react/cjs/react.development.js:2667:24)
2026-10-04T20:37:30.9986391Z       at act (../../node_modules/react/cjs/react.development.js:2582:11)
2026-10-04T20:37:30.9987383Z       at ../../node_modules/@testing-library/react/dist/act-compat.js:47:25
2026-10-04T20:37:30.9988457Z       at renderRoot (../../node_modules/@testing-library/react/dist/pure.js:180:26)
2026-10-04T20:37:30.9989560Z       at render (../../node_modules/@testing-library/react/dist/pure.js:271:10)
2026-10-04T20:37:30.9990483Z       at renderWithIntl (test/helpers/intl-helpers.jsx:6:14)
2026-10-04T20:37:30.9991976Z       at renderPicker (test/unit/components/mcremote-block-picker.test.jsx:40:61)
2026-10-04T20:37:30.9993139Z       at renderPicker (test/unit/components/mcremote-block-picker.test.jsx:178:9)
2026-10-04T20:37:30.9993757Z 
2026-10-04T20:37:30.9993937Z     console.error
2026-10-04T20:37:30.9995980Z       Warning: react-modal: App element is not defined. Please use `Modal.setAppElement(el)` or set `appElement={el}`. This is needed so screen readers don't see main content when modal is opened. It is not recommended, but you can opt-out by setting `ariaHideApp={false}`.
2026-10-04T20:37:30.9997729Z 
2026-10-04T20:37:30.9998133Z       at printWarning (../../node_modules/warning/warning.js:34:15)
2026-10-04T20:37:30.9998972Z       at warning (../../node_modules/warning/warning.js:57:20)
2026-10-04T20:37:31.0000187Z       at validateElement (../../node_modules/react-modal/lib/helpers/ariaAppHider.js:77:27)
2026-10-04T20:37:31.0001351Z       at Object.show (../../node_modules/react-modal/lib/helpers/ariaAppHider.js:116:27)
2026-10-04T20:37:31.0002770Z       at ModalPortal._this.afterClose (../../node_modules/react-modal/lib/components/ModalPortal.js:114:24)
2026-10-04T20:37:31.0004260Z       at ModalPortal.componentWillUnmount (../../node_modules/react-modal/lib/components/ModalPortal.js:317:14)
2026-10-04T20:37:31.0005844Z       at callComponentWillUnmountWithTimer (../../node_modules/react-dom/cjs/react-dom.development.js:22896:14)
2026-10-04T20:37:31.0007392Z       at safelyCallComponentWillUnmount (../../node_modules/react-dom/cjs/react-dom.development.js:22912:5)
2026-10-04T20:37:31.0008845Z       at commitDeletionEffectsOnFiber (../../node_modules/react-dom/cjs/react-dom.development.js:24168:13)
2026-10-04T20:37:31.0010352Z       at recursivelyTraverseDeletionEffects (../../node_modules/react-dom/cjs/react-dom.development.js:24028:5)
2026-10-04T20:37:31.0012185Z       at commitDeletionEffectsOnFiber (../../node_modules/react-dom/cjs/react-dom.development.js:24101:11)
2026-10-04T20:37:31.0013665Z       at recursivelyTraverseDeletionEffects (../../node_modules/react-dom/cjs/react-dom.development.js:24028:5)
2026-10-04T20:37:31.0015143Z       at commitDeletionEffectsOnFiber (../../node_modules/react-dom/cjs/react-dom.development.js:24172:9)
2026-10-04T20:37:31.0016582Z       at recursivelyTraverseDeletionEffects (../../node_modules/react-dom/cjs/react-dom.development.js:24028:5)
2026-10-04T20:37:31.0018064Z       at commitDeletionEffectsOnFiber (../../node_modules/react-dom/cjs/react-dom.development.js:24157:9)
2026-10-04T20:37:31.0019810Z       at recursivelyTraverseDeletionEffects (../../node_modules/react-dom/cjs/react-dom.development.js:24028:5)
2026-10-04T20:37:31.0021296Z       at commitDeletionEffectsOnFiber (../../node_modules/react-dom/cjs/react-dom.development.js:24172:9)
2026-10-04T20:37:31.0023088Z       at recursivelyTraverseDeletionEffects (../../node_modules/react-dom/cjs/react-dom.development.js:24028:5)
2026-10-04T20:37:31.0024552Z       at commitDeletionEffectsOnFiber (../../node_modules/react-dom/cjs/react-dom.development.js:24209:9)
2026-10-04T20:37:31.0026071Z       at recursivelyTraverseDeletionEffects (../../node_modules/react-dom/cjs/react-dom.development.js:24028:5)
2026-10-04T20:37:31.0057567Z       at commitDeletionEffectsOnFiber (../../node_modules/react-dom/cjs/react-dom.development.js:24157:9)
2026-10-04T20:37:31.0059221Z       at recursivelyTraverseDeletionEffects (../../node_modules/react-dom/cjs/react-dom.development.js:24028:5)
2026-10-04T20:37:31.0060764Z       at commitDeletionEffectsOnFiber (../../node_modules/react-dom/cjs/react-dom.development.js:24157:9)
2026-10-04T20:37:31.0062606Z       at recursivelyTraverseDeletionEffects (../../node_modules/react-dom/cjs/react-dom.development.js:24028:5)
2026-10-04T20:37:31.0064052Z       at commitDeletionEffectsOnFiber (../../node_modules/react-dom/cjs/react-dom.development.js:24209:9)
2026-10-04T20:37:31.0065512Z       at recursivelyTraverseDeletionEffects (../../node_modules/react-dom/cjs/react-dom.development.js:24028:5)
2026-10-04T20:37:31.0067032Z       at commitDeletionEffectsOnFiber (../../node_modules/react-dom/cjs/react-dom.development.js:24157:9)
2026-10-04T20:37:31.0068567Z       at recursivelyTraverseDeletionEffects (../../node_modules/react-dom/cjs/react-dom.development.js:24028:5)
2026-10-04T20:37:31.0070169Z       at commitDeletionEffectsOnFiber (../../node_modules/react-dom/cjs/react-dom.development.js:24209:9)
2026-10-04T20:37:31.0071950Z       at recursivelyTraverseDeletionEffects (../../node_modules/react-dom/cjs/react-dom.development.js:24028:5)
2026-10-04T20:37:31.0073536Z       at commitDeletionEffectsOnFiber (../../node_modules/react-dom/cjs/react-dom.development.js:24172:9)
2026-10-04T20:37:31.0074988Z       at commitDeletionEffects (../../node_modules/react-dom/cjs/react-dom.development.js:24015:5)
2026-10-04T20:37:31.0076788Z       at recursivelyTraverseMutationEffects (../../node_modules/react-dom/cjs/react-dom.development.js:24298:9)
2026-10-04T20:37:31.0078436Z       at commitMutationEffectsOnFiber (../../node_modules/react-dom/cjs/react-dom.development.js:24471:9)
2026-10-04T20:37:31.0079883Z       at commitMutationEffects (../../node_modules/react-dom/cjs/react-dom.development.js:24282:3)
2026-10-04T20:37:31.0081213Z       at commitRootImpl (../../node_modules/react-dom/cjs/react-dom.development.js:26849:5)
2026-10-04T20:37:31.0082967Z       at commitRoot (../../node_modules/react-dom/cjs/react-dom.development.js:26721:5)
2026-10-04T20:37:31.0084248Z       at performSyncWorkOnRoot (../../node_modules/react-dom/cjs/react-dom.development.js:26156:3)
2026-10-04T20:37:31.0085609Z       at flushSyncCallbacks (../../node_modules/react-dom/cjs/react-dom.development.js:12042:22)
2026-10-04T20:37:31.0086861Z       at flushSync (../../node_modules/react-dom/cjs/react-dom.development.js:26240:7)
2026-10-04T20:37:31.0088775Z       at ReactDOMRoot.Object.<anonymous>.ReactDOMHydrationRoot.unmount.ReactDOMRoot.unmount [as unmount] (../../node_modules/react-dom/cjs/react-dom.development.js:29375:5)
2026-10-04T20:37:31.0090594Z       at Object.unmount (../../node_modules/@testing-library/react/dist/pure.js:155:12)
2026-10-04T20:37:31.0091933Z       at ../../node_modules/@testing-library/react/dist/pure.js:286:12
2026-10-04T20:37:31.0092914Z       at ../../node_modules/@testing-library/react/dist/act-compat.js:48:24
2026-10-04T20:37:31.0093903Z       at act (../../node_modules/react/cjs/react.development.js:2512:16)
2026-10-04T20:37:31.0094884Z       at ../../node_modules/@testing-library/react/dist/act-compat.js:47:25
2026-10-04T20:37:31.0096138Z       at ../../node_modules/@testing-library/react/dist/pure.js:285:28
2026-10-04T20:37:31.0096924Z           at Array.forEach (<anonymous>)
2026-10-04T20:37:31.0097769Z       at cleanup (../../node_modules/@testing-library/react/dist/pure.js:281:22)
2026-10-04T20:37:31.0098911Z       at Object.<anonymous> (../../node_modules/@testing-library/react/dist/index.js:29:25)
2026-10-04T20:37:31.0099583Z 
2026-10-04T20:37:31.0099785Z     console.error
2026-10-04T20:37:31.0102174Z       Warning: react-modal: App element is not defined. Please use `Modal.setAppElement(el)` or set `appElement={el}`. This is needed so screen readers don't see main content when modal is opened. It is not recommended, but you can opt-out by setting `ariaHideApp={false}`.
2026-10-04T20:37:31.0103941Z 
2026-10-04T20:37:31.0104391Z       4 |
2026-10-04T20:37:31.0105927Z       5 | const renderWithIntl = (ui, {locale = 'en', messages = {}} = {}) => ({
2026-10-04T20:37:31.0107459Z     > 6 |     ...render(
2026-10-04T20:37:31.0108289Z         |              ^
2026-10-04T20:37:31.0109113Z       7 |         <IntlProvider
2026-10-04T20:37:31.0109992Z       8 |             locale={locale}
2026-10-04T20:37:31.0110889Z       9 |             messages={messages}
2026-10-04T20:37:31.0111346Z 
2026-10-04T20:37:31.0112210Z       at printWarning (../../node_modules/warning/warning.js:34:15)
2026-10-04T20:37:31.0113103Z       at warning (../../node_modules/warning/warning.js:57:20)
2026-10-04T20:37:31.0114180Z       at validateElement (../../node_modules/react-modal/lib/helpers/ariaAppHider.js:77:27)
2026-10-04T20:37:31.0115391Z       at Object.hide (../../node_modules/react-modal/lib/helpers/ariaAppHider.js:89:26)
2026-10-04T20:37:31.0116694Z       at ModalPortal.beforeOpen (../../node_modules/react-modal/lib/components/ModalPortal.js:342:22)
2026-10-04T20:37:31.0118124Z       at ModalPortal._this.open (../../node_modules/react-modal/lib/components/ModalPortal.js:135:13)
2026-10-04T20:37:31.0119561Z       at ModalPortal.componentDidMount (../../node_modules/react-modal/lib/components/ModalPortal.js:285:14)
2026-10-04T20:37:31.0121343Z       at commitLayoutEffectOnFiber (../../node_modules/react-dom/cjs/react-dom.development.js:23349:28)
2026-10-04T20:37:31.0123194Z       at commitLayoutMountEffects_complete (../../node_modules/react-dom/cjs/react-dom.development.js:24727:9)
2026-10-04T20:37:31.0124725Z       at commitLayoutEffects_begin (../../node_modules/react-dom/cjs/react-dom.development.js:24713:7)
2026-10-04T20:37:31.0126130Z       at commitLayoutEffects (../../node_modules/react-dom/cjs/react-dom.development.js:24651:3)
2026-10-04T20:37:31.0127431Z       at commitRootImpl (../../node_modules/react-dom/cjs/react-dom.development.js:26862:5)
2026-10-04T20:37:31.0128648Z       at commitRoot (../../node_modules/react-dom/cjs/react-dom.development.js:26721:5)
2026-10-04T20:37:31.0129954Z       at finishConcurrentRender (../../node_modules/react-dom/cjs/react-dom.development.js:26020:9)
2026-10-04T20:37:31.0131409Z       at performConcurrentWorkOnRoot (../../node_modules/react-dom/cjs/react-dom.development.js:25848:7)
2026-10-04T20:37:31.0133007Z       at flushActQueue (../../node_modules/react/cjs/react.development.js:2667:24)
2026-10-04T20:37:31.0134056Z       at act (../../node_modules/react/cjs/react.development.js:2582:11)
2026-10-04T20:37:31.0135121Z       at ../../node_modules/@testing-library/react/dist/act-compat.js:47:25
2026-10-04T20:37:31.0136150Z       at renderRoot (../../node_modules/@testing-library/react/dist/pure.js:180:26)
2026-10-04T20:37:31.0137214Z       at render (../../node_modules/@testing-library/react/dist/pure.js:271:10)
2026-10-04T20:37:31.0138159Z       at renderWithIntl (test/helpers/intl-helpers.jsx:6:14)
2026-10-04T20:37:31.0139167Z       at renderPicker (test/unit/components/mcremote-block-picker.test.jsx:40:61)
2026-10-04T20:37:31.0140602Z       at renderPicker (test/unit/components/mcremote-block-picker.test.jsx:178:9)
2026-10-04T20:37:31.0141234Z 
2026-10-04T20:37:31.0141427Z     console.error
2026-10-04T20:37:31.0143982Z       Warning: react-modal: App element is not defined. Please use `Modal.setAppElement(el)` or set `appElement={el}`. This is needed so screen readers don't see main content when modal is opened. It is not recommended, but you can opt-out by setting `ariaHideApp={false}`.
2026-10-04T20:37:31.0145749Z 
2026-10-04T20:37:31.0146175Z       at printWarning (../../node_modules/warning/warning.js:34:15)
2026-10-04T20:37:31.0147065Z       at warning (../../node_modules/warning/warning.js:57:20)
2026-10-04T20:37:31.0148110Z       at validateElement (../../node_modules/react-modal/lib/helpers/ariaAppHider.js:77:27)
2026-10-04T20:37:31.0149335Z       at Object.show (../../node_modules/react-modal/lib/helpers/ariaAppHider.js:116:27)
2026-10-04T20:37:31.0150718Z       at ModalPortal._this.afterClose (../../node_modules/react-modal/lib/components/ModalPortal.js:114:24)
2026-10-04T20:37:31.0152530Z       at ModalPortal.componentWillUnmount (../../node_modules/react-modal/lib/components/ModalPortal.js:317:14)
2026-10-04T20:37:31.0154187Z       at callComponentWillUnmountWithTimer (../../node_modules/react-dom/cjs/react-dom.development.js:22896:14)
2026-10-04T20:37:31.0155782Z       at safelyCallComponentWillUnmount (../../node_modules/react-dom/cjs/react-dom.development.js:22912:5)
2026-10-04T20:37:31.0157269Z       at commitDeletionEffectsOnFiber (../../node_modules/react-dom/cjs/react-dom.development.js:24168:13)
2026-10-04T20:37:31.0158882Z       at recursivelyTraverseDeletionEffects (../../node_modules/react-dom/cjs/react-dom.development.js:24028:5)
2026-10-04T20:37:31.0160459Z       at commitDeletionEffectsOnFiber (../../node_modules/react-dom/cjs/react-dom.development.js:24101:11)
2026-10-04T20:37:31.0162297Z       at recursivelyTraverseDeletionEffects (../../node_modules/react-dom/cjs/react-dom.development.js:24028:5)
2026-10-04T20:37:31.0163904Z       at commitDeletionEffectsOnFiber (../../node_modules/react-dom/cjs/react-dom.development.js:24172:9)
2026-10-04T20:37:31.0165439Z       at recursivelyTraverseDeletionEffects (../../node_modules/react-dom/cjs/react-dom.development.js:24028:5)
2026-10-04T20:37:31.0167258Z       at commitDeletionEffectsOnFiber (../../node_modules/react-dom/cjs/react-dom.development.js:24157:9)
2026-10-04T20:37:31.0168864Z       at recursivelyTraverseDeletionEffects (../../node_modules/react-dom/cjs/react-dom.development.js:24028:5)
2026-10-04T20:37:31.0170546Z       at commitDeletionEffectsOnFiber (../../node_modules/react-dom/cjs/react-dom.development.js:24172:9)
2026-10-04T20:37:31.0172595Z       at recursivelyTraverseDeletionEffects (../../node_modules/react-dom/cjs/react-dom.development.js:24028:5)
2026-10-04T20:37:31.0174204Z       at commitDeletionEffectsOnFiber (../../node_modules/react-dom/cjs/react-dom.development.js:24209:9)
2026-10-04T20:37:31.0175806Z       at recursivelyTraverseDeletionEffects (../../node_modules/react-dom/cjs/react-dom.development.js:24028:5)
2026-10-04T20:37:31.0177376Z       at commitDeletionEffectsOnFiber (../../node_modules/react-dom/cjs/react-dom.development.js:24157:9)
2026-10-04T20:37:31.0178961Z       at recursivelyTraverseDeletionEffects (../../node_modules/react-dom/cjs/react-dom.development.js:24028:5)
2026-10-04T20:37:31.0180530Z       at commitDeletionEffectsOnFiber (../../node_modules/react-dom/cjs/react-dom.development.js:24157:9)
2026-10-04T20:37:31.0182355Z       at recursivelyTraverseDeletionEffects (../../node_modules/react-dom/cjs/react-dom.development.js:24028:5)
2026-10-04T20:37:31.0183949Z       at commitDeletionEffectsOnFiber (../../node_modules/react-dom/cjs/react-dom.development.js:24209:9)
2026-10-04T20:37:31.0185542Z       at recursivelyTraverseDeletionEffects (../../node_modules/react-dom/cjs/react-dom.development.js:24028:5)
2026-10-04T20:37:31.0187100Z       at commitDeletionEffectsOnFiber (../../node_modules/react-dom/cjs/react-dom.development.js:24157:9)
2026-10-04T20:37:31.0188962Z       at recursivelyTraverseDeletionEffects (../../node_modules/react-dom/cjs/react-dom.development.js:24028:5)
2026-10-04T20:37:31.0190535Z       at commitDeletionEffectsOnFiber (../../node_modules/react-dom/cjs/react-dom.development.js:24209:9)
2026-10-04T20:37:31.0192356Z       at recursivelyTraverseDeletionEffects (../../node_modules/react-dom/cjs/react-dom.development.js:24028:5)
2026-10-04T20:37:31.0193883Z       at commitDeletionEffectsOnFiber (../../node_modules/react-dom/cjs/react-dom.development.js:24172:9)
2026-10-04T20:37:31.0195062Z       at commitDeletionEffects (../../node_modules/react-dom/cjs/react-dom.development.js:24015:5)
2026-10-04T20:37:31.0196322Z       at recursivelyTraverseMutationEffects (../../node_modules/react-dom/cjs/react-dom.development.js:24298:9)
2026-10-04T20:37:31.0197682Z       at commitMutationEffectsOnFiber (../../node_modules/react-dom/cjs/react-dom.development.js:24471:9)
2026-10-04T20:37:31.0199019Z       at commitMutationEffects (../../node_modules/react-dom/cjs/react-dom.development.js:24282:3)
2026-10-04T20:37:31.0200182Z       at commitRootImpl (../../node_modules/react-dom/cjs/react-dom.development.js:26849:5)
2026-10-04T20:37:31.0201186Z       at commitRoot (../../node_modules/react-dom/cjs/react-dom.development.js:26721:5)
2026-10-04T20:37:31.0202769Z       at performSyncWorkOnRoot (../../node_modules/react-dom/cjs/react-dom.development.js:26156:3)
2026-10-04T20:37:31.0203969Z       at flushSyncCallbacks (../../node_modules/react-dom/cjs/react-dom.development.js:12042:22)
2026-10-04T20:37:31.0205038Z       at flushSync (../../node_modules/react-dom/cjs/react-dom.development.js:26240:7)
2026-10-04T20:37:31.0206681Z       at ReactDOMRoot.Object.<anonymous>.ReactDOMHydrationRoot.unmount.ReactDOMRoot.unmount [as unmount] (../../node_modules/react-dom/cjs/react-dom.development.js:29375:5)
2026-10-04T20:37:31.0208219Z       at Object.unmount (../../node_modules/@testing-library/react/dist/pure.js:155:12)
2026-10-04T20:37:31.0209091Z       at ../../node_modules/@testing-library/react/dist/pure.js:286:12
2026-10-04T20:37:31.0209897Z       at ../../node_modules/@testing-library/react/dist/act-compat.js:48:24
2026-10-04T20:37:31.0210698Z       at act (../../node_modules/react/cjs/react.development.js:2512:16)
2026-10-04T20:37:31.0211940Z       at ../../node_modules/@testing-library/react/dist/act-compat.js:47:25
2026-10-04T20:37:31.0212776Z       at ../../node_modules/@testing-library/react/dist/pure.js:285:28
2026-10-04T20:37:31.0213428Z           at Array.forEach (<anonymous>)
2026-10-04T20:37:31.0214145Z       at cleanup (../../node_modules/@testing-library/react/dist/pure.js:281:22)
2026-10-04T20:37:31.0215094Z       at Object.<anonymous> (../../node_modules/@testing-library/react/dist/index.js:29:25)
2026-10-04T20:37:31.0215623Z 
2026-10-04T20:37:31.0215777Z     console.error
2026-10-04T20:37:31.0217611Z       Warning: react-modal: App element is not defined. Please use `Modal.setAppElement(el)` or set `appElement={el}`. This is needed so screen readers don't see main content when modal is opened. It is not recommended, but you can opt-out by setting `ariaHideApp={false}`.
2026-10-04T20:37:31.0219319Z 
2026-10-04T20:37:31.0219688Z       4 |
2026-10-04T20:37:31.0221136Z       5 | const renderWithIntl = (ui, {locale = 'en', messages = {}} = {}) => ({
2026-10-04T20:37:31.0222752Z     > 6 |     ...render(
2026-10-04T20:37:31.0223474Z         |              ^
2026-10-04T20:37:31.0224181Z       7 |         <IntlProvider
2026-10-04T20:37:31.0224904Z       8 |             locale={locale}
2026-10-04T20:37:31.0225648Z       9 |             messages={messages}
2026-10-04T20:37:31.0226021Z 
2026-10-04T20:37:31.0226669Z       at printWarning (../../node_modules/warning/warning.js:34:15)
2026-10-04T20:37:31.0227450Z       at warning (../../node_modules/warning/warning.js:57:20)
2026-10-04T20:37:31.0228312Z       at validateElement (../../node_modules/react-modal/lib/helpers/ariaAppHider.js:77:27)
2026-10-04T20:37:31.0229333Z       at Object.hide (../../node_modules/react-modal/lib/helpers/ariaAppHider.js:89:26)
2026-10-04T20:37:31.0230429Z       at ModalPortal.beforeOpen (../../node_modules/react-modal/lib/components/ModalPortal.js:342:22)
2026-10-04T20:37:31.0231967Z       at ModalPortal._this.open (../../node_modules/react-modal/lib/components/ModalPortal.js:135:13)
2026-10-04T20:37:31.0233348Z       at ModalPortal.componentDidMount (../../node_modules/react-modal/lib/components/ModalPortal.js:285:14)
2026-10-04T20:37:31.0234778Z       at commitLayoutEffectOnFiber (../../node_modules/react-dom/cjs/react-dom.development.js:23349:28)
2026-10-04T20:37:31.0236194Z       at commitLayoutMountEffects_complete (../../node_modules/react-dom/cjs/react-dom.development.js:24727:9)
2026-10-04T20:37:31.0237603Z       at commitLayoutEffects_begin (../../node_modules/react-dom/cjs/react-dom.development.js:24713:7)
2026-10-04T20:37:31.0238896Z       at commitLayoutEffects (../../node_modules/react-dom/cjs/react-dom.development.js:24651:3)
2026-10-04T20:37:31.0240095Z       at commitRootImpl (../../node_modules/react-dom/cjs/react-dom.development.js:26862:5)
2026-10-04T20:37:31.0241231Z       at commitRoot (../../node_modules/react-dom/cjs/react-dom.development.js:26721:5)
2026-10-04T20:37:31.0242744Z       at finishConcurrentRender (../../node_modules/react-dom/cjs/react-dom.development.js:26020:9)
2026-10-04T20:37:31.0244117Z       at performConcurrentWorkOnRoot (../../node_modules/react-dom/cjs/react-dom.development.js:25848:7)
2026-10-04T20:37:31.0245332Z       at flushActQueue (../../node_modules/react/cjs/react.development.js:2667:24)
2026-10-04T20:37:31.0246292Z       at act (../../node_modules/react/cjs/react.development.js:2582:11)
2026-10-04T20:37:31.0247196Z       at ../../node_modules/@testing-library/react/dist/act-compat.js:47:25
2026-10-04T20:37:31.0248188Z       at renderRoot (../../node_modules/@testing-library/react/dist/pure.js:180:26)
2026-10-04T20:37:31.0249169Z       at render (../../node_modules/@testing-library/react/dist/pure.js:271:10)
2026-10-04T20:37:31.0250239Z       at renderWithIntl (test/helpers/intl-helpers.jsx:6:14)
2026-10-04T20:37:31.0251185Z       at renderPicker (test/unit/components/mcremote-block-picker.test.jsx:40:61)
2026-10-04T20:37:31.0252536Z       at renderPicker (test/unit/components/mcremote-block-picker.test.jsx:178:9)
2026-10-04T20:37:31.0253127Z 
2026-10-04T20:37:31.0253300Z     console.error
2026-10-04T20:37:31.0255340Z       Warning: react-modal: App element is not defined. Please use `Modal.setAppElement(el)` or set `appElement={el}`. This is needed so screen readers don't see main content when modal is opened. It is not recommended, but you can opt-out by setting `ariaHideApp={false}`.
2026-10-04T20:37:31.0257061Z 
2026-10-04T20:37:31.0257451Z       at printWarning (../../node_modules/warning/warning.js:34:15)
2026-10-04T20:37:31.0258270Z       at warning (../../node_modules/warning/warning.js:57:20)
2026-10-04T20:37:31.0259226Z       at validateElement (../../node_modules/react-modal/lib/helpers/ariaAppHider.js:77:27)
2026-10-04T20:37:31.0260356Z       at Object.show (../../node_modules/react-modal/lib/helpers/ariaAppHider.js:116:27)
2026-10-04T20:37:31.0261955Z       at ModalPortal._this.afterClose (../../node_modules/react-modal/lib/components/ModalPortal.js:114:24)
2026-10-04T20:37:31.0263305Z       at ModalPortal.componentWillUnmount (../../node_modules/react-modal/lib/components/ModalPortal.js:317:14)
2026-10-04T20:37:31.0264683Z       at callComponentWillUnmountWithTimer (../../node_modules/react-dom/cjs/react-dom.development.js:22896:14)
2026-10-04T20:37:31.0266060Z       at safelyCallComponentWillUnmount (../../node_modules/react-dom/cjs/react-dom.development.js:22912:5)
2026-10-04T20:37:31.0267599Z       at commitDeletionEffectsOnFiber (../../node_modules/react-dom/cjs/react-dom.development.js:24168:13)
2026-10-04T20:37:31.0268931Z       at recursivelyTraverseDeletionEffects (../../node_modules/react-dom/cjs/react-dom.development.js:24028:5)
2026-10-04T20:37:31.0270327Z       at commitDeletionEffectsOnFiber (../../node_modules/react-dom/cjs/react-dom.development.js:24101:11)
2026-10-04T20:37:31.0271889Z       at recursivelyTraverseDeletionEffects (../../node_modules/react-dom/cjs/react-dom.development.js:24028:5)
2026-10-04T20:37:31.0273169Z       at commitDeletionEffectsOnFiber (../../node_modules/react-dom/cjs/react-dom.development.js:24172:9)
2026-10-04T20:37:31.0274501Z       at recursivelyTraverseDeletionEffects (../../node_modules/react-dom/cjs/react-dom.development.js:24028:5)
2026-10-04T20:37:31.0275850Z       at commitDeletionEffectsOnFiber (../../node_modules/react-dom/cjs/react-dom.development.js:24157:9)
2026-10-04T20:37:31.0277169Z       at recursivelyTraverseDeletionEffects (../../node_modules/react-dom/cjs/react-dom.development.js:24028:5)
2026-10-04T20:37:31.0278513Z       at commitDeletionEffectsOnFiber (../../node_modules/react-dom/cjs/react-dom.development.js:24172:9)
2026-10-04T20:37:31.0279832Z       at recursivelyTraverseDeletionEffects (../../node_modules/react-dom/cjs/react-dom.development.js:24028:5)
2026-10-04T20:37:31.0281131Z       at commitDeletionEffectsOnFiber (../../node_modules/react-dom/cjs/react-dom.development.js:24209:9)
2026-10-04T20:37:31.0282667Z       at recursivelyTraverseDeletionEffects (../../node_modules/react-dom/cjs/react-dom.development.js:24028:5)
2026-10-04T20:37:31.0283983Z       at commitDeletionEffectsOnFiber (../../node_modules/react-dom/cjs/react-dom.development.js:24157:9)
2026-10-04T20:37:31.0285314Z       at recursivelyTraverseDeletionEffects (../../node_modules/react-dom/cjs/react-dom.development.js:24028:5)
2026-10-04T20:37:31.0286604Z       at commitDeletionEffectsOnFiber (../../node_modules/react-dom/cjs/react-dom.development.js:24157:9)
2026-10-04T20:37:31.0287907Z       at recursivelyTraverseDeletionEffects (../../node_modules/react-dom/cjs/react-dom.development.js:24028:5)
2026-10-04T20:37:31.0289238Z       at commitDeletionEffectsOnFiber (../../node_modules/react-dom/cjs/react-dom.development.js:24209:9)
2026-10-04T20:37:31.0290708Z       at recursivelyTraverseDeletionEffects (../../node_modules/react-dom/cjs/react-dom.development.js:24028:5)
2026-10-04T20:37:31.0292450Z       at commitDeletionEffectsOnFiber (../../node_modules/react-dom/cjs/react-dom.development.js:24157:9)
2026-10-04T20:37:31.0293888Z       at recursivelyTraverseDeletionEffects (../../node_modules/react-dom/cjs/react-dom.development.js:24028:5)
2026-10-04T20:37:31.0295334Z       at commitDeletionEffectsOnFiber (../../node_modules/react-dom/cjs/react-dom.development.js:24209:9)
2026-10-04T20:37:31.0296797Z       at recursivelyTraverseDeletionEffects (../../node_modules/react-dom/cjs/react-dom.development.js:24028:5)
2026-10-04T20:37:31.0298261Z       at commitDeletionEffectsOnFiber (../../node_modules/react-dom/cjs/react-dom.development.js:24172:9)
2026-10-04T20:37:31.0299621Z       at commitDeletionEffects (../../node_modules/react-dom/cjs/react-dom.development.js:24015:5)
2026-10-04T20:37:31.0301026Z       at recursivelyTraverseMutationEffects (../../node_modules/react-dom/cjs/react-dom.development.js:24298:9)
2026-10-04T20:37:31.0302729Z       at commitMutationEffectsOnFiber (../../node_modules/react-dom/cjs/react-dom.development.js:24471:9)
2026-10-04T20:37:31.0304085Z       at commitMutationEffects (../../node_modules/react-dom/cjs/react-dom.development.js:24282:3)
2026-10-04T20:37:31.0305295Z       at commitRootImpl (../../node_modules/react-dom/cjs/react-dom.development.js:26849:5)
2026-10-04T20:37:31.0306447Z       at commitRoot (../../node_modules/react-dom/cjs/react-dom.development.js:26721:5)
2026-10-04T20:37:31.0307660Z       at performSyncWorkOnRoot (../../node_modules/react-dom/cjs/react-dom.development.js:26156:3)
2026-10-04T20:37:31.0308885Z       at flushSyncCallbacks (../../node_modules/react-dom/cjs/react-dom.development.js:12042:22)
2026-10-04T20:37:31.0310370Z       at flushSync (../../node_modules/react-dom/cjs/react-dom.development.js:26240:7)
2026-10-04T20:37:31.0312410Z       at ReactDOMRoot.Object.<anonymous>.ReactDOMHydrationRoot.unmount.ReactDOMRoot.unmount [as unmount] (../../node_modules/react-dom/cjs/react-dom.development.js:29375:5)
2026-10-04T20:37:31.0314095Z       at Object.unmount (../../node_modules/@testing-library/react/dist/pure.js:155:12)
2026-10-04T20:37:31.0315082Z       at ../../node_modules/@testing-library/react/dist/pure.js:286:12
2026-10-04T20:37:31.0315979Z       at ../../node_modules/@testing-library/react/dist/act-compat.js:48:24
2026-10-04T20:37:31.0316871Z       at act (../../node_modules/react/cjs/react.development.js:2512:16)
2026-10-04T20:37:31.0317727Z       at ../../node_modules/@testing-library/react/dist/act-compat.js:47:25
2026-10-04T20:37:31.0318531Z       at ../../node_modules/@testing-library/react/dist/pure.js:285:28
2026-10-04T20:37:31.0318998Z           at Array.forEach (<anonymous>)
2026-10-04T20:37:31.0319451Z       at cleanup (../../node_modules/@testing-library/react/dist/pure.js:281:22)
2026-10-04T20:37:31.0320049Z       at Object.<anonymous> (../../node_modules/@testing-library/react/dist/index.js:29:25)
2026-10-04T20:37:31.0320400Z 
2026-10-04T20:37:31.0320501Z     console.error
2026-10-04T20:37:31.0322148Z       Warning: react-modal: App element is not defined. Please use `Modal.setAppElement(el)` or set `appElement={el}`. This is needed so screen readers don't see main content when modal is opened. It is not recommended, but you can opt-out by setting `ariaHideApp={false}`.
2026-10-04T20:37:31.0323396Z 
2026-10-04T20:37:31.0323650Z       4 |
2026-10-04T20:37:31.0324491Z       5 | const renderWithIntl = (ui, {locale = 'en', messages = {}} = {}) => ({
2026-10-04T20:37:31.0325274Z     > 6 |     ...render(
2026-10-04T20:37:31.0325710Z         |              ^
2026-10-04T20:37:31.0326147Z       7 |         <IntlProvider
2026-10-04T20:37:31.0326587Z       8 |             locale={locale}
2026-10-04T20:37:31.0327198Z       9 |             messages={messages}
2026-10-04T20:37:31.0327456Z 
2026-10-04T20:37:31.0327677Z       at printWarning (../../node_modules/warning/warning.js:34:15)
2026-10-04T20:37:31.0328134Z       at warning (../../node_modules/warning/warning.js:57:20)
2026-10-04T20:37:31.0328676Z       at validateElement (../../node_modules/react-modal/lib/helpers/ariaAppHider.js:77:27)
2026-10-04T20:37:31.0329305Z       at Object.hide (../../node_modules/react-modal/lib/helpers/ariaAppHider.js:89:26)
2026-10-04T20:37:31.0329978Z       at ModalPortal.beforeOpen (../../node_modules/react-modal/lib/components/ModalPortal.js:342:22)
2026-10-04T20:37:31.0330698Z       at ModalPortal._this.open (../../node_modules/react-modal/lib/components/ModalPortal.js:135:13)
2026-10-04T20:37:31.0331726Z       at ModalPortal.componentDidMount (../../node_modules/react-modal/lib/components/ModalPortal.js:285:14)
2026-10-04T20:37:31.0332559Z       at commitLayoutEffectOnFiber (../../node_modules/react-dom/cjs/react-dom.development.js:23349:28)
2026-10-04T20:37:31.0333336Z       at commitLayoutMountEffects_complete (../../node_modules/react-dom/cjs/react-dom.development.js:24727:9)
2026-10-04T20:37:31.0334095Z       at commitLayoutEffects_begin (../../node_modules/react-dom/cjs/react-dom.development.js:24713:7)
2026-10-04T20:37:31.0334794Z       at commitLayoutEffects (../../node_modules/react-dom/cjs/react-dom.development.js:24651:3)
2026-10-04T20:37:31.0335450Z       at commitRootImpl (../../node_modules/react-dom/cjs/react-dom.development.js:26862:5)
2026-10-04T20:37:31.0336068Z       at commitRoot (../../node_modules/react-dom/cjs/react-dom.development.js:26721:5)
2026-10-04T20:37:31.0336877Z       at finishConcurrentRender (../../node_modules/react-dom/cjs/react-dom.development.js:26020:9)
2026-10-04T20:37:31.0337621Z       at performConcurrentWorkOnRoot (../../node_modules/react-dom/cjs/react-dom.development.js:25848:7)
2026-10-04T20:37:31.0338285Z       at flushActQueue (../../node_modules/react/cjs/react.development.js:2667:24)
2026-10-04T20:37:31.0338824Z       at act (../../node_modules/react/cjs/react.development.js:2582:11)
2026-10-04T20:37:31.0339328Z       at ../../node_modules/@testing-library/react/dist/act-compat.js:47:25
2026-10-04T20:37:31.0339873Z       at renderRoot (../../node_modules/@testing-library/react/dist/pure.js:180:26)
2026-10-04T20:37:31.0340421Z       at render (../../node_modules/@testing-library/react/dist/pure.js:271:10)
2026-10-04T20:37:31.0340912Z       at renderWithIntl (test/helpers/intl-helpers.jsx:6:14)
2026-10-04T20:37:31.0341663Z       at renderPicker (test/unit/components/mcremote-block-picker.test.jsx:40:61)
2026-10-04T20:37:31.0342630Z       at renderPicker (test/unit/components/mcremote-block-picker.test.jsx:178:9)
2026-10-04T20:37:31.0342971Z 
2026-10-04T20:37:31.0343070Z     console.error
2026-10-04T20:37:31.0344706Z       Warning: react-modal: App element is not defined. Please use `Modal.setAppElement(el)` or set `appElement={el}`. This is needed so screen readers don't see main content when modal is opened. It is not recommended, but you can opt-out by setting `ariaHideApp={false}`.
2026-10-04T20:37:31.0346221Z 
2026-10-04T20:37:31.0346552Z       at printWarning (../../node_modules/warning/warning.js:34:15)
2026-10-04T20:37:31.0347418Z       at warning (../../node_modules/warning/warning.js:57:20)
2026-10-04T20:37:31.0348445Z       at validateElement (../../node_modules/react-modal/lib/helpers/ariaAppHider.js:77:27)
2026-10-04T20:37:31.0349635Z       at Object.show (../../node_modules/react-modal/lib/helpers/ariaAppHider.js:116:27)
2026-10-04T20:37:31.0350777Z       at ModalPortal._this.afterClose (../../node_modules/react-modal/lib/components/ModalPortal.js:114:24)
2026-10-04T20:37:31.0352306Z       at ModalPortal.componentWillUnmount (../../node_modules/react-modal/lib/components/ModalPortal.js:317:14)
2026-10-04T20:37:31.0353499Z       at callComponentWillUnmountWithTimer (../../node_modules/react-dom/cjs/react-dom.development.js:22896:14)
2026-10-04T20:37:31.0354903Z       at safelyCallComponentWillUnmount (../../node_modules/react-dom/cjs/react-dom.development.js:22912:5)
2026-10-04T20:37:31.0356231Z       at commitDeletionEffectsOnFiber (../../node_modules/react-dom/cjs/react-dom.development.js:24168:13)
2026-10-04T20:37:31.0357577Z       at recursivelyTraverseDeletionEffects (../../node_modules/react-dom/cjs/react-dom.development.js:24028:5)
2026-10-04T20:37:31.0359083Z       at commitDeletionEffectsOnFiber (../../node_modules/react-dom/cjs/react-dom.development.js:24101:11)
2026-10-04T20:37:31.0360659Z       at recursivelyTraverseDeletionEffects (../../node_modules/react-dom/cjs/react-dom.development.js:24028:5)
2026-10-04T20:37:31.0362529Z       at commitDeletionEffectsOnFiber (../../node_modules/react-dom/cjs/react-dom.development.js:24172:9)
2026-10-04T20:37:31.0364094Z       at recursivelyTraverseDeletionEffects (../../node_modules/react-dom/cjs/react-dom.development.js:24028:5)
2026-10-04T20:37:31.0365685Z       at commitDeletionEffectsOnFiber (../../node_modules/react-dom/cjs/react-dom.development.js:24157:9)
2026-10-04T20:37:31.0367264Z       at recursivelyTraverseDeletionEffects (../../node_modules/react-dom/cjs/react-dom.development.js:24028:5)
2026-10-04T20:37:31.0368830Z       at commitDeletionEffectsOnFiber (../../node_modules/react-dom/cjs/react-dom.development.js:24172:9)
2026-10-04T20:37:31.0370512Z       at recursivelyTraverseDeletionEffects (../../node_modules/react-dom/cjs/react-dom.development.js:24028:5)
2026-10-04T20:37:31.0372259Z       at commitDeletionEffectsOnFiber (../../node_modules/react-dom/cjs/react-dom.development.js:24209:9)
2026-10-04T20:37:31.0373742Z       at recursivelyTraverseDeletionEffects (../../node_modules/react-dom/cjs/react-dom.development.js:24028:5)
2026-10-04T20:37:31.0375515Z       at commitDeletionEffectsOnFiber (../../node_modules/react-dom/cjs/react-dom.development.js:24157:9)
2026-10-04T20:37:31.0377052Z       at recursivelyTraverseDeletionEffects (../../node_modules/react-dom/cjs/react-dom.development.js:24028:5)
2026-10-04T20:37:31.0378647Z       at commitDeletionEffectsOnFiber (../../node_modules/react-dom/cjs/react-dom.development.js:24157:9)
2026-10-04T20:37:31.0380251Z       at recursivelyTraverseDeletionEffects (../../node_modules/react-dom/cjs/react-dom.development.js:24028:5)
2026-10-04T20:37:31.0382087Z       at commitDeletionEffectsOnFiber (../../node_modules/react-dom/cjs/react-dom.development.js:24209:9)
2026-10-04T20:37:31.0383670Z       at recursivelyTraverseDeletionEffects (../../node_modules/react-dom/cjs/react-dom.development.js:24028:5)
2026-10-04T20:37:31.0385258Z       at commitDeletionEffectsOnFiber (../../node_modules/react-dom/cjs/react-dom.development.js:24157:9)
2026-10-04T20:37:31.0386848Z       at recursivelyTraverseDeletionEffects (../../node_modules/react-dom/cjs/react-dom.development.js:24028:5)
2026-10-04T20:37:31.0388431Z       at commitDeletionEffectsOnFiber (../../node_modules/react-dom/cjs/react-dom.development.js:24209:9)
2026-10-04T20:37:31.0390008Z       at recursivelyTraverseDeletionEffects (../../node_modules/react-dom/cjs/react-dom.development.js:24028:5)
2026-10-04T20:37:31.0391691Z       at commitDeletionEffectsOnFiber (../../node_modules/react-dom/cjs/react-dom.development.js:24172:9)
2026-10-04T20:37:31.0393100Z       at commitDeletionEffects (../../node_modules/react-dom/cjs/react-dom.development.js:24015:5)
2026-10-04T20:37:31.0394570Z       at recursivelyTraverseMutationEffects (../../node_modules/react-dom/cjs/react-dom.development.js:24298:9)
2026-10-04T20:37:31.0396119Z       at commitMutationEffectsOnFiber (../../node_modules/react-dom/cjs/react-dom.development.js:24471:9)
2026-10-04T20:37:31.0397554Z       at commitMutationEffects (../../node_modules/react-dom/cjs/react-dom.development.js:24282:3)
2026-10-04T20:37:31.0398869Z       at commitRootImpl (../../node_modules/react-dom/cjs/react-dom.development.js:26849:5)
2026-10-04T20:37:31.0400022Z       at commitRoot (../../node_modules/react-dom/cjs/react-dom.development.js:26721:5)
2026-10-04T20:37:31.0401715Z       at performSyncWorkOnRoot (../../node_modules/react-dom/cjs/react-dom.development.js:26156:3)
2026-10-04T20:37:31.0403075Z       at flushSyncCallbacks (../../node_modules/react-dom/cjs/react-dom.development.js:12042:22)
2026-10-04T20:37:31.0404261Z       at flushSync (../../node_modules/react-dom/cjs/react-dom.development.js:26240:7)
2026-10-04T20:37:31.0406121Z       at ReactDOMRoot.Object.<anonymous>.ReactDOMHydrationRoot.unmount.ReactDOMRoot.unmount [as unmount] (../../node_modules/react-dom/cjs/react-dom.development.js:29375:5)
2026-10-04T20:37:31.0407869Z       at Object.unmount (../../node_modules/@testing-library/react/dist/pure.js:155:12)
2026-10-04T20:37:31.0408849Z       at ../../node_modules/@testing-library/react/dist/pure.js:286:12
2026-10-04T20:37:31.0409753Z       at ../../node_modules/@testing-library/react/dist/act-compat.js:48:24
2026-10-04T20:37:31.0410657Z       at act (../../node_modules/react/cjs/react.development.js:2512:16)
2026-10-04T20:37:31.0411820Z       at ../../node_modules/@testing-library/react/dist/act-compat.js:47:25
2026-10-04T20:37:31.0412803Z       at ../../node_modules/@testing-library/react/dist/pure.js:285:28
2026-10-04T20:37:31.0413607Z           at Array.forEach (<anonymous>)
2026-10-04T20:37:31.0414476Z       at cleanup (../../node_modules/@testing-library/react/dist/pure.js:281:22)
2026-10-04T20:37:31.0415614Z       at Object.<anonymous> (../../node_modules/@testing-library/react/dist/index.js:29:25)
2026-10-04T20:37:31.0416289Z 
2026-10-04T20:37:31.0416481Z     console.error
2026-10-04T20:37:31.0418625Z       Warning: react-modal: App element is not defined. Please use `Modal.setAppElement(el)` or set `appElement={el}`. This is needed so screen readers don't see main content when modal is opened. It is not recommended, but you can opt-out by setting `ariaHideApp={false}`.
2026-10-04T20:37:31.0420684Z 
2026-10-04T20:37:31.0421088Z       4 |
2026-10-04T20:37:31.0422952Z       5 | const renderWithIntl = (ui, {locale = 'en', messages = {}} = {}) => ({
2026-10-04T20:37:31.0424501Z     > 6 |     ...render(
2026-10-04T20:37:31.0425382Z         |              ^
2026-10-04T20:37:31.0426244Z       7 |         <IntlProvider
2026-10-04T20:37:31.0427140Z       8 |             locale={locale}
2026-10-04T20:37:31.0428042Z       9 |             messages={messages}
2026-10-04T20:37:31.0428511Z 
2026-10-04T20:37:31.0428937Z       at printWarning (../../node_modules/warning/warning.js:34:15)
2026-10-04T20:37:31.0429822Z       at warning (../../node_modules/warning/warning.js:57:20)
2026-10-04T20:37:31.0430868Z       at validateElement (../../node_modules/react-modal/lib/helpers/ariaAppHider.js:77:27)
2026-10-04T20:37:31.0432337Z       at Object.hide (../../node_modules/react-modal/lib/helpers/ariaAppHider.js:89:26)
2026-10-04T20:37:31.0433612Z       at ModalPortal.beforeOpen (../../node_modules/react-modal/lib/components/ModalPortal.js:342:22)
2026-10-04T20:37:31.0434962Z       at ModalPortal._this.open (../../node_modules/react-modal/lib/components/ModalPortal.js:135:13)
2026-10-04T20:37:31.0436332Z       at ModalPortal.componentDidMount (../../node_modules/react-modal/lib/components/ModalPortal.js:285:14)
2026-10-04T20:37:31.0437788Z       at commitLayoutEffectOnFiber (../../node_modules/react-dom/cjs/react-dom.development.js:23349:28)
2026-10-04T20:37:31.0439259Z       at commitLayoutMountEffects_complete (../../node_modules/react-dom/cjs/react-dom.development.js:24727:9)
2026-10-04T20:37:31.0440668Z       at commitLayoutEffects_begin (../../node_modules/react-dom/cjs/react-dom.development.js:24713:7)
2026-10-04T20:37:31.0442249Z       at commitLayoutEffects (../../node_modules/react-dom/cjs/react-dom.development.js:24651:3)
2026-10-04T20:37:31.0443503Z       at commitRootImpl (../../node_modules/react-dom/cjs/react-dom.development.js:26862:5)
2026-10-04T20:37:31.0444891Z       at commitRoot (../../node_modules/react-dom/cjs/react-dom.development.js:26721:5)
2026-10-04T20:37:31.0446173Z       at finishConcurrentRender (../../node_modules/react-dom/cjs/react-dom.development.js:26020:9)
2026-10-04T20:37:31.0447593Z       at performConcurrentWorkOnRoot (../../node_modules/react-dom/cjs/react-dom.development.js:25848:7)
2026-10-04T20:37:31.0448804Z       at flushActQueue (../../node_modules/react/cjs/react.development.js:2667:24)
2026-10-04T20:37:31.0449800Z       at act (../../node_modules/react/cjs/react.development.js:2582:11)
2026-10-04T20:37:31.0450800Z       at ../../node_modules/@testing-library/react/dist/act-compat.js:47:25
2026-10-04T20:37:31.0452179Z       at renderRoot (../../node_modules/@testing-library/react/dist/pure.js:180:26)
2026-10-04T20:37:31.0453271Z       at render (../../node_modules/@testing-library/react/dist/pure.js:271:10)
2026-10-04T20:37:31.0454238Z       at renderWithIntl (test/helpers/intl-helpers.jsx:6:14)
2026-10-04T20:37:31.0455268Z       at renderPicker (test/unit/components/mcremote-block-picker.test.jsx:40:61)
2026-10-04T20:37:31.0456453Z       at renderPicker (test/unit/components/mcremote-block-picker.test.jsx:178:9)
2026-10-04T20:37:31.0457080Z 
2026-10-04T20:37:31.0457275Z     console.error
2026-10-04T20:37:31.0459431Z       Warning: react-modal: App element is not defined. Please use `Modal.setAppElement(el)` or set `appElement={el}`. This is needed so screen readers don't see main content when modal is opened. It is not recommended, but you can opt-out by setting `ariaHideApp={false}`.
2026-10-04T20:37:31.0461220Z 
2026-10-04T20:37:31.0461899Z       at printWarning (../../node_modules/warning/warning.js:34:15)
2026-10-04T20:37:31.0463087Z       at warning (../../node_modules/warning/warning.js:57:20)
2026-10-04T20:37:31.0464151Z       at validateElement (../../node_modules/react-modal/lib/helpers/ariaAppHider.js:77:27)
2026-10-04T20:37:31.0465377Z       at Object.show (../../node_modules/react-modal/lib/helpers/ariaAppHider.js:116:27)
2026-10-04T20:37:31.0466739Z       at ModalPortal._this.afterClose (../../node_modules/react-modal/lib/components/ModalPortal.js:114:24)
2026-10-04T20:37:31.0468292Z       at ModalPortal.componentWillUnmount (../../node_modules/react-modal/lib/components/ModalPortal.js:317:14)
2026-10-04T20:37:31.0469997Z       at callComponentWillUnmountWithTimer (../../node_modules/react-dom/cjs/react-dom.development.js:22896:14)
2026-10-04T20:37:31.0471814Z       at safelyCallComponentWillUnmount (../../node_modules/react-dom/cjs/react-dom.development.js:22912:5)
2026-10-04T20:37:31.0473306Z       at commitDeletionEffectsOnFiber (../../node_modules/react-dom/cjs/react-dom.development.js:24168:13)
2026-10-04T20:37:31.0474915Z       at recursivelyTraverseDeletionEffects (../../node_modules/react-dom/cjs/react-dom.development.js:24028:5)
2026-10-04T20:37:31.0476503Z       at commitDeletionEffectsOnFiber (../../node_modules/react-dom/cjs/react-dom.development.js:24101:11)
2026-10-04T20:37:31.0478103Z       at recursivelyTraverseDeletionEffects (../../node_modules/react-dom/cjs/react-dom.development.js:24028:5)
2026-10-04T20:37:31.0479675Z       at commitDeletionEffectsOnFiber (../../node_modules/react-dom/cjs/react-dom.development.js:24172:9)
2026-10-04T20:37:31.0481238Z       at recursivelyTraverseDeletionEffects (../../node_modules/react-dom/cjs/react-dom.development.js:24028:5)
2026-10-04T20:37:31.0483051Z       at commitDeletionEffectsOnFiber (../../node_modules/react-dom/cjs/react-dom.development.js:24157:9)
2026-10-04T20:37:31.0484597Z       at recursivelyTraverseDeletionEffects (../../node_modules/react-dom/cjs/react-dom.development.js:24028:5)
2026-10-04T20:37:31.0486159Z       at commitDeletionEffectsOnFiber (../../node_modules/react-dom/cjs/react-dom.development.js:24172:9)
2026-10-04T20:37:31.0487682Z       at recursivelyTraverseDeletionEffects (../../node_modules/react-dom/cjs/react-dom.development.js:24028:5)
2026-10-04T20:37:31.0489395Z       at commitDeletionEffectsOnFiber (../../node_modules/react-dom/cjs/react-dom.development.js:24209:9)
2026-10-04T20:37:31.0490950Z       at recursivelyTraverseDeletionEffects (../../node_modules/react-dom/cjs/react-dom.development.js:24028:5)
2026-10-04T20:37:31.0492744Z       at commitDeletionEffectsOnFiber (../../node_modules/react-dom/cjs/react-dom.development.js:24157:9)
2026-10-04T20:37:31.0494294Z       at recursivelyTraverseDeletionEffects (../../node_modules/react-dom/cjs/react-dom.development.js:24028:5)
2026-10-04T20:37:31.0495850Z       at commitDeletionEffectsOnFiber (../../node_modules/react-dom/cjs/react-dom.development.js:24157:9)
2026-10-04T20:37:31.0497395Z       at recursivelyTraverseDeletionEffects (../../node_modules/react-dom/cjs/react-dom.development.js:24028:5)
2026-10-04T20:37:31.0498948Z       at commitDeletionEffectsOnFiber (../../node_modules/react-dom/cjs/react-dom.development.js:24209:9)
2026-10-04T20:37:31.0500479Z       at recursivelyTraverseDeletionEffects (../../node_modules/react-dom/cjs/react-dom.development.js:24028:5)
2026-10-04T20:37:31.0502267Z       at commitDeletionEffectsOnFiber (../../node_modules/react-dom/cjs/react-dom.development.js:24157:9)
2026-10-04T20:37:31.0503845Z       at recursivelyTraverseDeletionEffects (../../node_modules/react-dom/cjs/react-dom.development.js:24028:5)
2026-10-04T20:37:31.0505408Z       at commitDeletionEffectsOnFiber (../../node_modules/react-dom/cjs/react-dom.development.js:24209:9)
2026-10-04T20:37:31.0506935Z       at recursivelyTraverseDeletionEffects (../../node_modules/react-dom/cjs/react-dom.development.js:24028:5)
2026-10-04T20:37:31.0508472Z       at commitDeletionEffectsOnFiber (../../node_modules/react-dom/cjs/react-dom.development.js:24172:9)
2026-10-04T20:37:31.0510197Z       at commitDeletionEffects (../../node_modules/react-dom/cjs/react-dom.development.js:24015:5)
2026-10-04T20:37:31.0511901Z       at recursivelyTraverseMutationEffects (../../node_modules/react-dom/cjs/react-dom.development.js:24298:9)
2026-10-04T20:37:31.0513476Z       at commitMutationEffectsOnFiber (../../node_modules/react-dom/cjs/react-dom.development.js:24471:9)
2026-10-04T20:37:31.0514912Z       at commitMutationEffects (../../node_modules/react-dom/cjs/react-dom.development.js:24282:3)
2026-10-04T20:37:31.0516219Z       at commitRootImpl (../../node_modules/react-dom/cjs/react-dom.development.js:26849:5)
2026-10-04T20:37:31.0517406Z       at commitRoot (../../node_modules/react-dom/cjs/react-dom.development.js:26721:5)
2026-10-04T20:37:31.0518663Z       at performSyncWorkOnRoot (../../node_modules/react-dom/cjs/react-dom.development.js:26156:3)
2026-10-04T20:37:31.0519988Z       at flushSyncCallbacks (../../node_modules/react-dom/cjs/react-dom.development.js:12042:22)
2026-10-04T20:37:31.0521217Z       at flushSync (../../node_modules/react-dom/cjs/react-dom.development.js:26240:7)
2026-10-04T20:37:31.0523348Z       at ReactDOMRoot.Object.<anonymous>.ReactDOMHydrationRoot.unmount.ReactDOMRoot.unmount [as unmount] (../../node_modules/react-dom/cjs/react-dom.development.js:29375:5)
2026-10-04T20:37:31.0525151Z       at Object.unmount (../../node_modules/@testing-library/react/dist/pure.js:155:12)
2026-10-04T20:37:31.0526158Z       at ../../node_modules/@testing-library/react/dist/pure.js:286:12
2026-10-04T20:37:31.0527098Z       at ../../node_modules/@testing-library/react/dist/act-compat.js:48:24
2026-10-04T20:37:31.0528031Z       at act (../../node_modules/react/cjs/react.development.js:2512:16)
2026-10-04T20:37:31.0528994Z       at ../../node_modules/@testing-library/react/dist/act-compat.js:47:25
2026-10-04T20:37:31.0529936Z       at ../../node_modules/@testing-library/react/dist/pure.js:285:28
2026-10-04T20:37:31.0530679Z           at Array.forEach (<anonymous>)
2026-10-04T20:37:31.0531757Z       at cleanup (../../node_modules/@testing-library/react/dist/pure.js:281:22)
2026-10-04T20:37:31.0532887Z       at Object.<anonymous> (../../node_modules/@testing-library/react/dist/index.js:29:25)
2026-10-04T20:37:31.0533535Z 
2026-10-04T20:37:31.0533709Z     console.error
2026-10-04T20:37:31.0536127Z       Warning: react-modal: App element is not defined. Please use `Modal.setAppElement(el)` or set `appElement={el}`. This is needed so screen readers don't see main content when modal is opened. It is not recommended, but you can opt-out by setting `ariaHideApp={false}`.
2026-10-04T20:37:31.0537974Z 
2026-10-04T20:37:31.0538365Z       4 |
2026-10-04T20:37:31.0539911Z       5 | const renderWithIntl = (ui, {locale = 'en', messages = {}} = {}) => ({
2026-10-04T20:37:31.0541380Z     > 6 |     ...render(
2026-10-04T20:37:31.0542387Z         |              ^
2026-10-04T20:37:31.0543198Z       7 |         <IntlProvider
2026-10-04T20:37:31.0544000Z       8 |             locale={locale}
2026-10-04T20:37:31.0544824Z       9 |             messages={messages}
2026-10-04T20:37:31.0544845Z 
2026-10-04T20:37:31.0545240Z       at printWarning (../../node_modules/warning/warning.js:34:15)
2026-10-04T20:37:31.0545594Z       at warning (../../node_modules/warning/warning.js:57:20)
2026-10-04T20:37:31.0546173Z       at validateElement (../../node_modules/react-modal/lib/helpers/ariaAppHider.js:77:27)
2026-10-04T20:37:31.0546700Z       at Object.hide (../../node_modules/react-modal/lib/helpers/ariaAppHider.js:89:26)
2026-10-04T20:37:31.0547367Z       at ModalPortal.beforeOpen (../../node_modules/react-modal/lib/components/ModalPortal.js:342:22)
2026-10-04T20:37:31.0548003Z       at ModalPortal._this.open (../../node_modules/react-modal/lib/components/ModalPortal.js:135:13)
2026-10-04T20:37:31.0548939Z       at ModalPortal.componentDidMount (../../node_modules/react-modal/lib/components/ModalPortal.js:285:14)
2026-10-04T20:37:31.0549632Z       at commitLayoutEffectOnFiber (../../node_modules/react-dom/cjs/react-dom.development.js:23349:28)
2026-10-04T20:37:31.0550390Z       at commitLayoutMountEffects_complete (../../node_modules/react-dom/cjs/react-dom.development.js:24727:9)
2026-10-04T20:37:31.0551053Z       at commitLayoutEffects_begin (../../node_modules/react-dom/cjs/react-dom.development.js:24713:7)
2026-10-04T20:37:31.0551876Z       at commitLayoutEffects (../../node_modules/react-dom/cjs/react-dom.development.js:24651:3)
2026-10-04T20:37:31.0552428Z       at commitRootImpl (../../node_modules/react-dom/cjs/react-dom.development.js:26862:5)
2026-10-04T20:37:31.0552966Z       at commitRoot (../../node_modules/react-dom/cjs/react-dom.development.js:26721:5)
2026-10-04T20:37:31.0553604Z       at finishConcurrentRender (../../node_modules/react-dom/cjs/react-dom.development.js:26020:9)
2026-10-04T20:37:31.0554321Z       at performConcurrentWorkOnRoot (../../node_modules/react-dom/cjs/react-dom.development.js:25848:7)
2026-10-04T20:37:31.0554828Z       at flushActQueue (../../node_modules/react/cjs/react.development.js:2667:24)
2026-10-04T20:37:31.0555256Z       at act (../../node_modules/react/cjs/react.development.js:2582:11)
2026-10-04T20:37:31.0555728Z       at ../../node_modules/@testing-library/react/dist/act-compat.js:47:25
2026-10-04T20:37:31.0556240Z       at renderRoot (../../node_modules/@testing-library/react/dist/pure.js:180:26)
2026-10-04T20:37:31.0556724Z       at render (../../node_modules/@testing-library/react/dist/pure.js:271:10)
2026-10-04T20:37:31.0557110Z       at renderWithIntl (test/helpers/intl-helpers.jsx:6:14)
2026-10-04T20:37:31.0557669Z       at renderPicker (test/unit/components/mcremote-block-picker.test.jsx:40:61)
2026-10-04T20:37:31.0558287Z       at Object.renderPicker (test/unit/components/mcremote-block-picker.test.jsx:198:9)
2026-10-04T20:37:31.0558320Z 
2026-10-04T20:37:31.0558510Z     console.error
2026-10-04T20:37:31.0560395Z       Warning: react-modal: App element is not defined. Please use `Modal.setAppElement(el)` or set `appElement={el}`. This is needed so screen readers don't see main content when modal is opened. It is not recommended, but you can opt-out by setting `ariaHideApp={false}`.
2026-10-04T20:37:31.0560657Z 
2026-10-04T20:37:31.0561115Z       at printWarning (../../node_modules/warning/warning.js:34:15)
2026-10-04T20:37:31.0561765Z       at warning (../../node_modules/warning/warning.js:57:20)
2026-10-04T20:37:31.0562370Z       at validateElement (../../node_modules/react-modal/lib/helpers/ariaAppHider.js:77:27)
2026-10-04T20:37:31.0562930Z       at Object.show (../../node_modules/react-modal/lib/helpers/ariaAppHider.js:116:27)
2026-10-04T20:37:31.0563656Z       at ModalPortal._this.afterClose (../../node_modules/react-modal/lib/components/ModalPortal.js:114:24)
2026-10-04T20:37:31.0564448Z       at ModalPortal.componentWillUnmount (../../node_modules/react-modal/lib/components/ModalPortal.js:317:14)
2026-10-04T20:37:31.0565259Z       at callComponentWillUnmountWithTimer (../../node_modules/react-dom/cjs/react-dom.development.js:22896:14)
2026-10-04T20:37:31.0566004Z       at safelyCallComponentWillUnmount (../../node_modules/react-dom/cjs/react-dom.development.js:22912:5)
2026-10-04T20:37:31.0566735Z       at commitDeletionEffectsOnFiber (../../node_modules/react-dom/cjs/react-dom.development.js:24168:13)
2026-10-04T20:37:31.0567545Z       at recursivelyTraverseDeletionEffects (../../node_modules/react-dom/cjs/react-dom.development.js:24028:5)
2026-10-04T20:37:31.0568294Z       at commitDeletionEffectsOnFiber (../../node_modules/react-dom/cjs/react-dom.development.js:24101:11)
2026-10-04T20:37:31.0569098Z       at recursivelyTraverseDeletionEffects (../../node_modules/react-dom/cjs/react-dom.development.js:24028:5)
2026-10-04T20:37:31.0569918Z       at commitDeletionEffectsOnFiber (../../node_modules/react-dom/cjs/react-dom.development.js:24172:9)
2026-10-04T20:37:31.0571115Z       at recursivelyTraverseDeletionEffects (../../node_modules/react-dom/cjs/react-dom.development.js:24028:5)
2026-10-04T20:37:31.0572056Z       at commitDeletionEffectsOnFiber (../../node_modules/react-dom/cjs/react-dom.development.js:24157:9)
2026-10-04T20:37:31.0572758Z       at recursivelyTraverseDeletionEffects (../../node_modules/react-dom/cjs/react-dom.development.js:24028:5)
2026-10-04T20:37:31.0573390Z       at commitDeletionEffectsOnFiber (../../node_modules/react-dom/cjs/react-dom.development.js:24172:9)
2026-10-04T20:37:31.0574108Z       at recursivelyTraverseDeletionEffects (../../node_modules/react-dom/cjs/react-dom.development.js:24028:5)
2026-10-04T20:37:31.0574776Z       at commitDeletionEffectsOnFiber (../../node_modules/react-dom/cjs/react-dom.development.js:24209:9)
2026-10-04T20:37:31.0575490Z       at recursivelyTraverseDeletionEffects (../../node_modules/react-dom/cjs/react-dom.development.js:24028:5)
2026-10-04T20:37:31.0576134Z       at commitDeletionEffectsOnFiber (../../node_modules/react-dom/cjs/react-dom.development.js:24157:9)
2026-10-04T20:37:31.0576840Z       at recursivelyTraverseDeletionEffects (../../node_modules/react-dom/cjs/react-dom.development.js:24028:5)
2026-10-04T20:37:31.0577497Z       at commitDeletionEffectsOnFiber (../../node_modules/react-dom/cjs/react-dom.development.js:24157:9)
2026-10-04T20:37:31.0578196Z       at recursivelyTraverseDeletionEffects (../../node_modules/react-dom/cjs/react-dom.development.js:24028:5)
2026-10-04T20:37:31.0578849Z       at commitDeletionEffectsOnFiber (../../node_modules/react-dom/cjs/react-dom.development.js:24209:9)
2026-10-04T20:37:31.0579560Z       at recursivelyTraverseDeletionEffects (../../node_modules/react-dom/cjs/react-dom.development.js:24028:5)
2026-10-04T20:37:31.0580199Z       at commitDeletionEffectsOnFiber (../../node_modules/react-dom/cjs/react-dom.development.js:24157:9)
2026-10-04T20:37:31.0580915Z       at recursivelyTraverseDeletionEffects (../../node_modules/react-dom/cjs/react-dom.development.js:24028:5)
2026-10-04T20:37:31.0581749Z       at commitDeletionEffectsOnFiber (../../node_modules/react-dom/cjs/react-dom.development.js:24209:9)
2026-10-04T20:37:31.0582466Z       at recursivelyTraverseDeletionEffects (../../node_modules/react-dom/cjs/react-dom.development.js:24028:5)
2026-10-04T20:37:31.0622559Z       at commitDeletionEffectsOnFiber (../../node_modules/react-dom/cjs/react-dom.development.js:24172:9)
2026-10-04T20:37:31.0623357Z       at commitDeletionEffects (../../node_modules/react-dom/cjs/react-dom.development.js:24015:5)
2026-10-04T20:37:31.0624110Z       at recursivelyTraverseMutationEffects (../../node_modules/react-dom/cjs/react-dom.development.js:24298:9)
2026-10-04T20:37:31.0624786Z       at commitMutationEffectsOnFiber (../../node_modules/react-dom/cjs/react-dom.development.js:24471:9)
2026-10-04T20:37:31.0625350Z       at commitMutationEffects (../../node_modules/react-dom/cjs/react-dom.development.js:24282:3)
2026-10-04T20:37:31.0625886Z       at commitRootImpl (../../node_modules/react-dom/cjs/react-dom.development.js:26849:5)
2026-10-04T20:37:31.0626399Z       at commitRoot (../../node_modules/react-dom/cjs/react-dom.development.js:26721:5)
2026-10-04T20:37:31.0626833Z       at performSyncWorkOnRoot (../../node_modules/react-dom/cjs/react-dom.development.js:26156:3)
2026-10-04T20:37:31.0627173Z       at flushSyncCallbacks (../../node_modules/react-dom/cjs/react-dom.development.js:12042:22)
2026-10-04T20:37:31.0627468Z       at flushSync (../../node_modules/react-dom/cjs/react-dom.development.js:26240:7)
2026-10-04T20:37:31.0628144Z       at ReactDOMRoot.Object.<anonymous>.ReactDOMHydrationRoot.unmount.ReactDOMRoot.unmount [as unmount] (../../node_modules/react-dom/cjs/react-dom.development.js:29375:5)
2026-10-04T20:37:31.0628451Z       at Object.unmount (../../node_modules/@testing-library/react/dist/pure.js:155:12)
2026-10-04T20:37:31.0628682Z       at ../../node_modules/@testing-library/react/dist/pure.js:286:12
2026-10-04T20:37:31.0629105Z       at ../../node_modules/@testing-library/react/dist/act-compat.js:48:24
2026-10-04T20:37:31.0629327Z       at act (../../node_modules/react/cjs/react.development.js:2512:16)
2026-10-04T20:37:31.0629559Z       at ../../node_modules/@testing-library/react/dist/act-compat.js:47:25
2026-10-04T20:37:31.0629776Z       at ../../node_modules/@testing-library/react/dist/pure.js:285:28
2026-10-04T20:37:31.0629919Z           at Array.forEach (<anonymous>)
2026-10-04T20:37:31.0630174Z       at cleanup (../../node_modules/@testing-library/react/dist/pure.js:281:22)
2026-10-04T20:37:31.0630467Z       at Object.<anonymous> (../../node_modules/@testing-library/react/dist/index.js:29:25)
2026-10-04T20:37:31.0630478Z 
2026-10-04T20:37:31.0630580Z     console.error
2026-10-04T20:37:31.0631955Z       Warning: react-modal: App element is not defined. Please use `Modal.setAppElement(el)` or set `appElement={el}`. This is needed so screen readers don't see main content when modal is opened. It is not recommended, but you can opt-out by setting `ariaHideApp={false}`.
2026-10-04T20:37:31.0631984Z 
2026-10-04T20:37:31.0632417Z       4 |
2026-10-04T20:37:31.0633710Z       5 | const renderWithIntl = (ui, {locale = 'en', messages = {}} = {}) => ({
2026-10-04T20:37:31.0634218Z     > 6 |     ...render(
2026-10-04T20:37:31.0634599Z         |              ^
2026-10-04T20:37:31.0635011Z       7 |         <IntlProvider
2026-10-04T20:37:31.0635390Z       8 |             locale={locale}
2026-10-04T20:37:31.0635790Z       9 |             messages={messages}
2026-10-04T20:37:31.0635804Z 
2026-10-04T20:37:31.0636224Z       at printWarning (../../node_modules/warning/warning.js:34:15)
2026-10-04T20:37:31.0636611Z       at warning (../../node_modules/warning/warning.js:57:20)
2026-10-04T20:37:31.0637247Z       at validateElement (../../node_modules/react-modal/lib/helpers/ariaAppHider.js:77:27)
2026-10-04T20:37:31.0637816Z       at Object.hide (../../node_modules/react-modal/lib/helpers/ariaAppHider.js:89:26)
2026-10-04T20:37:31.0638497Z       at ModalPortal.beforeOpen (../../node_modules/react-modal/lib/components/ModalPortal.js:342:22)
2026-10-04T20:37:31.0639390Z       at ModalPortal._this.open (../../node_modules/react-modal/lib/components/ModalPortal.js:135:13)
2026-10-04T20:37:31.0640075Z       at ModalPortal.componentDidMount (../../node_modules/react-modal/lib/components/ModalPortal.js:285:14)
2026-10-04T20:37:31.0640701Z       at commitLayoutEffectOnFiber (../../node_modules/react-dom/cjs/react-dom.development.js:23349:28)
2026-10-04T20:37:31.0641415Z       at commitLayoutMountEffects_complete (../../node_modules/react-dom/cjs/react-dom.development.js:24727:9)
2026-10-04T20:37:31.0642319Z       at commitLayoutEffects_begin (../../node_modules/react-dom/cjs/react-dom.development.js:24713:7)
2026-10-04T20:37:31.0642900Z       at commitLayoutEffects (../../node_modules/react-dom/cjs/react-dom.development.js:24651:3)
2026-10-04T20:37:31.0643411Z       at commitRootImpl (../../node_modules/react-dom/cjs/react-dom.development.js:26862:5)
2026-10-04T20:37:31.0643876Z       at commitRoot (../../node_modules/react-dom/cjs/react-dom.development.js:26721:5)
2026-10-04T20:37:31.0644455Z       at finishConcurrentRender (../../node_modules/react-dom/cjs/react-dom.development.js:26020:9)
2026-10-04T20:37:31.0645073Z       at performConcurrentWorkOnRoot (../../node_modules/react-dom/cjs/react-dom.development.js:25848:7)
2026-10-04T20:37:31.0645509Z       at flushActQueue (../../node_modules/react/cjs/react.development.js:2667:24)
2026-10-04T20:37:31.0645868Z       at act (../../node_modules/react/cjs/react.development.js:2582:11)
2026-10-04T20:37:31.0646264Z       at ../../node_modules/@testing-library/react/dist/act-compat.js:47:25
2026-10-04T20:37:31.0646717Z       at renderRoot (../../node_modules/@testing-library/react/dist/pure.js:180:26)
2026-10-04T20:37:31.0647337Z       at render (../../node_modules/@testing-library/react/dist/pure.js:271:10)
2026-10-04T20:37:31.0647676Z       at renderWithIntl (test/helpers/intl-helpers.jsx:6:14)
2026-10-04T20:37:31.0648166Z       at renderPicker (test/unit/components/mcremote-block-picker.test.jsx:40:61)
2026-10-04T20:37:31.0648704Z       at Object.renderPicker (test/unit/components/mcremote-block-picker.test.jsx:217:9)
2026-10-04T20:37:31.0648725Z 
2026-10-04T20:37:31.0648890Z     console.error
2026-10-04T20:37:31.0650645Z       Warning: react-modal: App element is not defined. Please use `Modal.setAppElement(el)` or set `appElement={el}`. This is needed so screen readers don't see main content when modal is opened. It is not recommended, but you can opt-out by setting `ariaHideApp={false}`.
2026-10-04T20:37:31.0650658Z 
2026-10-04T20:37:31.0651019Z       at printWarning (../../node_modules/warning/warning.js:34:15)
2026-10-04T20:37:31.0651343Z       at warning (../../node_modules/warning/warning.js:57:20)
2026-10-04T20:37:31.0652145Z       at validateElement (../../node_modules/react-modal/lib/helpers/ariaAppHider.js:77:27)
2026-10-04T20:37:31.0652631Z       at Object.show (../../node_modules/react-modal/lib/helpers/ariaAppHider.js:116:27)
2026-10-04T20:37:31.0653286Z       at ModalPortal._this.afterClose (../../node_modules/react-modal/lib/components/ModalPortal.js:114:24)
2026-10-04T20:37:31.0653974Z       at ModalPortal.componentWillUnmount (../../node_modules/react-modal/lib/components/ModalPortal.js:317:14)
2026-10-04T20:37:31.0654671Z       at callComponentWillUnmountWithTimer (../../node_modules/react-dom/cjs/react-dom.development.js:22896:14)
2026-10-04T20:37:31.0655414Z       at safelyCallComponentWillUnmount (../../node_modules/react-dom/cjs/react-dom.development.js:22912:5)
2026-10-04T20:37:31.0656161Z       at commitDeletionEffectsOnFiber (../../node_modules/react-dom/cjs/react-dom.development.js:24168:13)
2026-10-04T20:37:31.0656966Z       at recursivelyTraverseDeletionEffects (../../node_modules/react-dom/cjs/react-dom.development.js:24028:5)
2026-10-04T20:37:31.0657705Z       at commitDeletionEffectsOnFiber (../../node_modules/react-dom/cjs/react-dom.development.js:24101:11)
2026-10-04T20:37:31.0658504Z       at recursivelyTraverseDeletionEffects (../../node_modules/react-dom/cjs/react-dom.development.js:24028:5)
2026-10-04T20:37:31.0659489Z       at commitDeletionEffectsOnFiber (../../node_modules/react-dom/cjs/react-dom.development.js:24172:9)
2026-10-04T20:37:31.0660300Z       at recursivelyTraverseDeletionEffects (../../node_modules/react-dom/cjs/react-dom.development.js:24028:5)
2026-10-04T20:37:31.0661019Z       at commitDeletionEffectsOnFiber (../../node_modules/react-dom/cjs/react-dom.development.js:24157:9)
2026-10-04T20:37:31.0662076Z       at recursivelyTraverseDeletionEffects (../../node_modules/react-dom/cjs/react-dom.development.js:24028:5)
2026-10-04T20:37:31.0662804Z       at commitDeletionEffectsOnFiber (../../node_modules/react-dom/cjs/react-dom.development.js:24172:9)
2026-10-04T20:37:31.0663599Z       at recursivelyTraverseDeletionEffects (../../node_modules/react-dom/cjs/react-dom.development.js:24028:5)
2026-10-04T20:37:31.0664311Z       at commitDeletionEffectsOnFiber (../../node_modules/react-dom/cjs/react-dom.development.js:24209:9)
2026-10-04T20:37:31.0665105Z       at recursivelyTraverseDeletionEffects (../../node_modules/react-dom/cjs/react-dom.development.js:24028:5)
2026-10-04T20:37:31.0665827Z       at commitDeletionEffectsOnFiber (../../node_modules/react-dom/cjs/react-dom.development.js:24157:9)
2026-10-04T20:37:31.0666616Z       at recursivelyTraverseDeletionEffects (../../node_modules/react-dom/cjs/react-dom.development.js:24028:5)
2026-10-04T20:37:31.0667337Z       at commitDeletionEffectsOnFiber (../../node_modules/react-dom/cjs/react-dom.development.js:24157:9)
2026-10-04T20:37:31.0668120Z       at recursivelyTraverseDeletionEffects (../../node_modules/react-dom/cjs/react-dom.development.js:24028:5)
2026-10-04T20:37:31.0668813Z       at commitDeletionEffectsOnFiber (../../node_modules/react-dom/cjs/react-dom.development.js:24209:9)
2026-10-04T20:37:31.0669961Z       at recursivelyTraverseDeletionEffects (../../node_modules/react-dom/cjs/react-dom.development.js:24028:5)
2026-10-04T20:37:31.0670698Z       at commitDeletionEffectsOnFiber (../../node_modules/react-dom/cjs/react-dom.development.js:24157:9)
2026-10-04T20:37:31.0671749Z       at recursivelyTraverseDeletionEffects (../../node_modules/react-dom/cjs/react-dom.development.js:24028:5)
2026-10-04T20:37:31.0672502Z       at commitDeletionEffectsOnFiber (../../node_modules/react-dom/cjs/react-dom.development.js:24209:9)
2026-10-04T20:37:31.0673309Z       at recursivelyTraverseDeletionEffects (../../node_modules/react-dom/cjs/react-dom.development.js:24028:5)
2026-10-04T20:37:31.0674050Z       at commitDeletionEffectsOnFiber (../../node_modules/react-dom/cjs/react-dom.development.js:24172:9)
2026-10-04T20:37:31.0674696Z       at commitDeletionEffects (../../node_modules/react-dom/cjs/react-dom.development.js:24015:5)
2026-10-04T20:37:31.0675478Z       at recursivelyTraverseMutationEffects (../../node_modules/react-dom/cjs/react-dom.development.js:24298:9)
2026-10-04T20:37:31.0676199Z       at commitMutationEffectsOnFiber (../../node_modules/react-dom/cjs/react-dom.development.js:24471:9)
2026-10-04T20:37:31.0676862Z       at commitMutationEffects (../../node_modules/react-dom/cjs/react-dom.development.js:24282:3)
2026-10-04T20:37:31.0677486Z       at commitRootImpl (../../node_modules/react-dom/cjs/react-dom.development.js:26849:5)
2026-10-04T20:37:31.0678040Z       at commitRoot (../../node_modules/react-dom/cjs/react-dom.development.js:26721:5)
2026-10-04T20:37:31.0678710Z       at performSyncWorkOnRoot (../../node_modules/react-dom/cjs/react-dom.development.js:26156:3)
2026-10-04T20:37:31.0679339Z       at flushSyncCallbacks (../../node_modules/react-dom/cjs/react-dom.development.js:12042:22)
2026-10-04T20:37:31.0679879Z       at flushSync (../../node_modules/react-dom/cjs/react-dom.development.js:26240:7)
2026-10-04T20:37:31.0681168Z       at ReactDOMRoot.Object.<anonymous>.ReactDOMHydrationRoot.unmount.ReactDOMRoot.unmount [as unmount] (../../node_modules/react-dom/cjs/react-dom.development.js:29375:5)
2026-10-04T20:37:31.0681987Z       at Object.unmount (../../node_modules/@testing-library/react/dist/pure.js:155:12)
2026-10-04T20:37:31.0682670Z       at ../../node_modules/@testing-library/react/dist/pure.js:286:12
2026-10-04T20:37:31.0683164Z       at ../../node_modules/@testing-library/react/dist/act-compat.js:48:24
2026-10-04T20:37:31.0683593Z       at act (../../node_modules/react/cjs/react.development.js:2512:16)
2026-10-04T20:37:31.0684058Z       at ../../node_modules/@testing-library/react/dist/act-compat.js:47:25
2026-10-04T20:37:31.0684480Z       at ../../node_modules/@testing-library/react/dist/pure.js:285:28
2026-10-04T20:37:31.0684737Z           at Array.forEach (<anonymous>)
2026-10-04T20:37:31.0685216Z       at cleanup (../../node_modules/@testing-library/react/dist/pure.js:281:22)
2026-10-04T20:37:31.0685805Z       at Object.<anonymous> (../../node_modules/@testing-library/react/dist/index.js:29:25)
2026-10-04T20:37:31.0685826Z 
2026-10-04T20:37:31.0686009Z     console.error
2026-10-04T20:37:31.0687928Z       Warning: react-modal: App element is not defined. Please use `Modal.setAppElement(el)` or set `appElement={el}`. This is needed so screen readers don't see main content when modal is opened. It is not recommended, but you can opt-out by setting `ariaHideApp={false}`.
2026-10-04T20:37:31.0687958Z 
2026-10-04T20:37:31.0688307Z       4 |
2026-10-04T20:37:31.0689600Z       5 | const renderWithIntl = (ui, {locale = 'en', messages = {}} = {}) => ({
2026-10-04T20:37:31.0690101Z     > 6 |     ...render(
2026-10-04T20:37:31.0690527Z         |              ^
2026-10-04T20:37:31.0690977Z       7 |         <IntlProvider
2026-10-04T20:37:31.0691956Z       8 |             locale={locale}
2026-10-04T20:37:31.0692466Z       9 |             messages={messages}
2026-10-04T20:37:31.0692487Z 
2026-10-04T20:37:31.0692904Z       at printWarning (../../node_modules/warning/warning.js:34:15)
2026-10-04T20:37:31.0693301Z       at warning (../../node_modules/warning/warning.js:57:20)
2026-10-04T20:37:31.0693893Z       at validateElement (../../node_modules/react-modal/lib/helpers/ariaAppHider.js:77:27)
2026-10-04T20:37:31.0694443Z       at Object.hide (../../node_modules/react-modal/lib/helpers/ariaAppHider.js:89:26)
2026-10-04T20:37:31.0695128Z       at ModalPortal.beforeOpen (../../node_modules/react-modal/lib/components/ModalPortal.js:342:22)
2026-10-04T20:37:31.0695798Z       at ModalPortal._this.open (../../node_modules/react-modal/lib/components/ModalPortal.js:135:13)
2026-10-04T20:37:31.0696550Z       at ModalPortal.componentDidMount (../../node_modules/react-modal/lib/components/ModalPortal.js:285:14)
2026-10-04T20:37:31.0697277Z       at commitLayoutEffectOnFiber (../../node_modules/react-dom/cjs/react-dom.development.js:23349:28)
2026-10-04T20:37:31.0698029Z       at commitLayoutMountEffects_complete (../../node_modules/react-dom/cjs/react-dom.development.js:24727:9)
2026-10-04T20:37:31.0698729Z       at commitLayoutEffects_begin (../../node_modules/react-dom/cjs/react-dom.development.js:24713:7)
2026-10-04T20:37:31.0699371Z       at commitLayoutEffects (../../node_modules/react-dom/cjs/react-dom.development.js:24651:3)
2026-10-04T20:37:31.0699942Z       at commitRootImpl (../../node_modules/react-dom/cjs/react-dom.development.js:26862:5)
2026-10-04T20:37:31.0700497Z       at commitRoot (../../node_modules/react-dom/cjs/react-dom.development.js:26721:5)
2026-10-04T20:37:31.0701162Z       at finishConcurrentRender (../../node_modules/react-dom/cjs/react-dom.development.js:26020:9)
2026-10-04T20:37:31.0702149Z       at performConcurrentWorkOnRoot (../../node_modules/react-dom/cjs/react-dom.development.js:25848:7)
2026-10-04T20:37:31.0702676Z       at flushActQueue (../../node_modules/react/cjs/react.development.js:2667:24)
2026-10-04T20:37:31.0703105Z       at act (../../node_modules/react/cjs/react.development.js:2582:11)
2026-10-04T20:37:31.0703860Z       at ../../node_modules/@testing-library/react/dist/act-compat.js:47:25
2026-10-04T20:37:31.0704397Z       at renderRoot (../../node_modules/@testing-library/react/dist/pure.js:180:26)
2026-10-04T20:37:31.0704876Z       at render (../../node_modules/@testing-library/react/dist/pure.js:271:10)
2026-10-04T20:37:31.0705264Z       at renderWithIntl (test/helpers/intl-helpers.jsx:6:14)
2026-10-04T20:37:31.0705817Z       at renderPicker (test/unit/components/mcremote-block-picker.test.jsx:40:61)
2026-10-04T20:37:31.0706387Z       at Object.renderPicker (test/unit/components/mcremote-block-picker.test.jsx:237:9)
2026-10-04T20:37:31.0706405Z 
2026-10-04T20:37:31.0706571Z     console.error
2026-10-04T20:37:31.0708372Z       Warning: react-modal: App element is not defined. Please use `Modal.setAppElement(el)` or set `appElement={el}`. This is needed so screen readers don't see main content when modal is opened. It is not recommended, but you can opt-out by setting `ariaHideApp={false}`.
2026-10-04T20:37:31.0708392Z 
2026-10-04T20:37:31.0708794Z       at printWarning (../../node_modules/warning/warning.js:34:15)
2026-10-04T20:37:31.0709136Z       at warning (../../node_modules/warning/warning.js:57:20)
2026-10-04T20:37:31.0709647Z       at validateElement (../../node_modules/react-modal/lib/helpers/ariaAppHider.js:77:27)
2026-10-04T20:37:31.0710120Z       at Object.show (../../node_modules/react-modal/lib/helpers/ariaAppHider.js:116:27)
2026-10-04T20:37:31.0710789Z       at ModalPortal._this.afterClose (../../node_modules/react-modal/lib/components/ModalPortal.js:114:24)
2026-10-04T20:37:31.0711787Z       at ModalPortal.componentWillUnmount (../../node_modules/react-modal/lib/components/ModalPortal.js:317:14)
2026-10-04T20:37:31.0712816Z       at callComponentWillUnmountWithTimer (../../node_modules/react-dom/cjs/react-dom.development.js:22896:14)
2026-10-04T20:37:31.0713538Z       at safelyCallComponentWillUnmount (../../node_modules/react-dom/cjs/react-dom.development.js:22912:5)
2026-10-04T20:37:31.0714250Z       at commitDeletionEffectsOnFiber (../../node_modules/react-dom/cjs/react-dom.development.js:24168:13)
2026-10-04T20:37:31.0714995Z       at recursivelyTraverseDeletionEffects (../../node_modules/react-dom/cjs/react-dom.development.js:24028:5)
2026-10-04T20:37:31.0715696Z       at commitDeletionEffectsOnFiber (../../node_modules/react-dom/cjs/react-dom.development.js:24101:11)
2026-10-04T20:37:31.0716441Z       at recursivelyTraverseDeletionEffects (../../node_modules/react-dom/cjs/react-dom.development.js:24028:5)
2026-10-04T20:37:31.0717124Z       at commitDeletionEffectsOnFiber (../../node_modules/react-dom/cjs/react-dom.development.js:24172:9)
2026-10-04T20:37:31.0717878Z       at recursivelyTraverseDeletionEffects (../../node_modules/react-dom/cjs/react-dom.development.js:24028:5)
2026-10-04T20:37:31.0718577Z       at commitDeletionEffectsOnFiber (../../node_modules/react-dom/cjs/react-dom.development.js:24157:9)
2026-10-04T20:37:31.0719331Z       at recursivelyTraverseDeletionEffects (../../node_modules/react-dom/cjs/react-dom.development.js:24028:5)
2026-10-04T20:37:31.0720019Z       at commitDeletionEffectsOnFiber (../../node_modules/react-dom/cjs/react-dom.development.js:24172:9)
2026-10-04T20:37:31.0720766Z       at recursivelyTraverseDeletionEffects (../../node_modules/react-dom/cjs/react-dom.development.js:24028:5)
2026-10-04T20:37:31.0721670Z       at commitDeletionEffectsOnFiber (../../node_modules/react-dom/cjs/react-dom.development.js:24209:9)
2026-10-04T20:37:31.0722424Z       at recursivelyTraverseDeletionEffects (../../node_modules/react-dom/cjs/react-dom.development.js:24028:5)
2026-10-04T20:37:31.0723116Z       at commitDeletionEffectsOnFiber (../../node_modules/react-dom/cjs/react-dom.development.js:24157:9)
2026-10-04T20:37:31.0723871Z       at recursivelyTraverseDeletionEffects (../../node_modules/react-dom/cjs/react-dom.development.js:24028:5)
2026-10-04T20:37:31.0724564Z       at commitDeletionEffectsOnFiber (../../node_modules/react-dom/cjs/react-dom.development.js:24157:9)
2026-10-04T20:37:31.0725489Z       at recursivelyTraverseDeletionEffects (../../node_modules/react-dom/cjs/react-dom.development.js:24028:5)
2026-10-04T20:37:31.0726184Z       at commitDeletionEffectsOnFiber (../../node_modules/react-dom/cjs/react-dom.development.js:24209:9)
2026-10-04T20:37:31.0726925Z       at recursivelyTraverseDeletionEffects (../../node_modules/react-dom/cjs/react-dom.development.js:24028:5)
2026-10-04T20:37:31.0727610Z       at commitDeletionEffectsOnFiber (../../node_modules/react-dom/cjs/react-dom.development.js:24157:9)
2026-10-04T20:37:31.0728360Z       at recursivelyTraverseDeletionEffects (../../node_modules/react-dom/cjs/react-dom.development.js:24028:5)
2026-10-04T20:37:31.0729046Z       at commitDeletionEffectsOnFiber (../../node_modules/react-dom/cjs/react-dom.development.js:24209:9)
2026-10-04T20:37:31.0729804Z       at recursivelyTraverseDeletionEffects (../../node_modules/react-dom/cjs/react-dom.development.js:24028:5)
2026-10-04T20:37:31.0730493Z       at commitDeletionEffectsOnFiber (../../node_modules/react-dom/cjs/react-dom.development.js:24172:9)
2026-10-04T20:37:31.0731125Z       at commitDeletionEffects (../../node_modules/react-dom/cjs/react-dom.development.js:24015:5)
2026-10-04T20:37:31.0732062Z       at recursivelyTraverseMutationEffects (../../node_modules/react-dom/cjs/react-dom.development.js:24298:9)
2026-10-04T20:37:31.0732747Z       at commitMutationEffectsOnFiber (../../node_modules/react-dom/cjs/react-dom.development.js:24471:9)
2026-10-04T20:37:31.0733367Z       at commitMutationEffects (../../node_modules/react-dom/cjs/react-dom.development.js:24282:3)
2026-10-04T20:37:31.0733930Z       at commitRootImpl (../../node_modules/react-dom/cjs/react-dom.development.js:26849:5)
2026-10-04T20:37:31.0734634Z       at commitRoot (../../node_modules/react-dom/cjs/react-dom.development.js:26721:5)
2026-10-04T20:37:31.0735265Z       at performSyncWorkOnRoot (../../node_modules/react-dom/cjs/react-dom.development.js:26156:3)
2026-10-04T20:37:31.0735874Z       at flushSyncCallbacks (../../node_modules/react-dom/cjs/react-dom.development.js:12042:22)
2026-10-04T20:37:31.0736383Z       at flushSync (../../node_modules/react-dom/cjs/react-dom.development.js:26240:7)
2026-10-04T20:37:31.0737625Z       at ReactDOMRoot.Object.<anonymous>.ReactDOMHydrationRoot.unmount.ReactDOMRoot.unmount [as unmount] (../../node_modules/react-dom/cjs/react-dom.development.js:29375:5)
2026-10-04T20:37:31.0738136Z       at Object.unmount (../../node_modules/@testing-library/react/dist/pure.js:155:12)
2026-10-04T20:37:31.0738531Z       at ../../node_modules/@testing-library/react/dist/pure.js:286:12
2026-10-04T20:37:31.0738961Z       at ../../node_modules/@testing-library/react/dist/act-compat.js:48:24
2026-10-04T20:37:31.0739366Z       at act (../../node_modules/react/cjs/react.development.js:2512:16)
2026-10-04T20:37:31.0739791Z       at ../../node_modules/@testing-library/react/dist/act-compat.js:47:25
2026-10-04T20:37:31.0740172Z       at ../../node_modules/@testing-library/react/dist/pure.js:285:28
2026-10-04T20:37:31.0740416Z           at Array.forEach (<anonymous>)
2026-10-04T20:37:31.0740884Z       at cleanup (../../node_modules/@testing-library/react/dist/pure.js:281:22)
2026-10-04T20:37:31.0741416Z       at Object.<anonymous> (../../node_modules/@testing-library/react/dist/index.js:29:25)
2026-10-04T20:37:31.0741627Z 
2026-10-04T20:37:31.0741808Z     console.error
2026-10-04T20:37:31.0743625Z       Warning: react-modal: App element is not defined. Please use `Modal.setAppElement(el)` or set `appElement={el}`. This is needed so screen readers don't see main content when modal is opened. It is not recommended, but you can opt-out by setting `ariaHideApp={false}`.
2026-10-04T20:37:31.0743640Z 
2026-10-04T20:37:31.0743937Z       4 |
2026-10-04T20:37:31.0745202Z       5 | const renderWithIntl = (ui, {locale = 'en', messages = {}} = {}) => ({
2026-10-04T20:37:31.0745690Z     > 6 |     ...render(
2026-10-04T20:37:31.0746297Z         |              ^
2026-10-04T20:37:31.0746761Z       7 |         <IntlProvider
2026-10-04T20:37:31.0747157Z       8 |             locale={locale}
2026-10-04T20:37:31.0747581Z       9 |             messages={messages}
2026-10-04T20:37:31.0747595Z 
2026-10-04T20:37:31.0747993Z       at printWarning (../../node_modules/warning/warning.js:34:15)
2026-10-04T20:37:31.0748342Z       at warning (../../node_modules/warning/warning.js:57:20)
2026-10-04T20:37:31.0748891Z       at validateElement (../../node_modules/react-modal/lib/helpers/ariaAppHider.js:77:27)
2026-10-04T20:37:31.0749416Z       at Object.hide (../../node_modules/react-modal/lib/helpers/ariaAppHider.js:89:26)
2026-10-04T20:37:31.0750048Z       at ModalPortal.beforeOpen (../../node_modules/react-modal/lib/components/ModalPortal.js:342:22)
2026-10-04T20:37:31.0750662Z       at ModalPortal._this.open (../../node_modules/react-modal/lib/components/ModalPortal.js:135:13)
2026-10-04T20:37:31.0751370Z       at ModalPortal.componentDidMount (../../node_modules/react-modal/lib/components/ModalPortal.js:285:14)
2026-10-04T20:37:31.0752333Z       at commitLayoutEffectOnFiber (../../node_modules/react-dom/cjs/react-dom.development.js:23349:28)
2026-10-04T20:37:31.0753087Z       at commitLayoutMountEffects_complete (../../node_modules/react-dom/cjs/react-dom.development.js:24727:9)
2026-10-04T20:37:31.0753741Z       at commitLayoutEffects_begin (../../node_modules/react-dom/cjs/react-dom.development.js:24713:7)
2026-10-04T20:37:31.0754338Z       at commitLayoutEffects (../../node_modules/react-dom/cjs/react-dom.development.js:24651:3)
2026-10-04T20:37:31.0755180Z       at commitRootImpl (../../node_modules/react-dom/cjs/react-dom.development.js:26862:5)
2026-10-04T20:37:31.0755714Z       at commitRoot (../../node_modules/react-dom/cjs/react-dom.development.js:26721:5)
2026-10-04T20:37:31.0756384Z       at finishConcurrentRender (../../node_modules/react-dom/cjs/react-dom.development.js:26020:9)
2026-10-04T20:37:31.0757082Z       at performConcurrentWorkOnRoot (../../node_modules/react-dom/cjs/react-dom.development.js:25848:7)
2026-10-04T20:37:31.0757597Z       at flushActQueue (../../node_modules/react/cjs/react.development.js:2667:24)
2026-10-04T20:37:31.0758030Z       at act (../../node_modules/react/cjs/react.development.js:2582:11)
2026-10-04T20:37:31.0758491Z       at ../../node_modules/@testing-library/react/dist/act-compat.js:47:25
2026-10-04T20:37:31.0759001Z       at renderRoot (../../node_modules/@testing-library/react/dist/pure.js:180:26)
2026-10-04T20:37:31.0759465Z       at render (../../node_modules/@testing-library/react/dist/pure.js:271:10)
2026-10-04T20:37:31.0759863Z       at renderWithIntl (test/helpers/intl-helpers.jsx:6:14)
2026-10-04T20:37:31.0760398Z       at renderPicker (test/unit/components/mcremote-block-picker.test.jsx:40:61)
2026-10-04T20:37:31.0761026Z       at Object.renderPicker (test/unit/components/mcremote-block-picker.test.jsx:259:9)
2026-10-04T20:37:31.0761049Z 
2026-10-04T20:37:31.0761238Z     console.error
2026-10-04T20:37:31.0763409Z       Warning: react-modal: App element is not defined. Please use `Modal.setAppElement(el)` or set `appElement={el}`. This is needed so screen readers don't see main content when modal is opened. It is not recommended, but you can opt-out by setting `ariaHideApp={false}`.
2026-10-04T20:37:31.0763439Z 
2026-10-04T20:37:31.0763869Z       at printWarning (../../node_modules/warning/warning.js:34:15)
2026-10-04T20:37:31.0764247Z       at warning (../../node_modules/warning/warning.js:57:20)
2026-10-04T20:37:31.0764825Z       at validateElement (../../node_modules/react-modal/lib/helpers/ariaAppHider.js:77:27)
2026-10-04T20:37:31.0765377Z       at Object.show (../../node_modules/react-modal/lib/helpers/ariaAppHider.js:116:27)
2026-10-04T20:37:31.0766097Z       at ModalPortal._this.afterClose (../../node_modules/react-modal/lib/components/ModalPortal.js:114:24)
2026-10-04T20:37:31.0767119Z       at ModalPortal.componentWillUnmount (../../node_modules/react-modal/lib/components/ModalPortal.js:317:14)
2026-10-04T20:37:31.0767926Z       at callComponentWillUnmountWithTimer (../../node_modules/react-dom/cjs/react-dom.development.js:22896:14)
2026-10-04T20:37:31.0768682Z       at safelyCallComponentWillUnmount (../../node_modules/react-dom/cjs/react-dom.development.js:22912:5)
2026-10-04T20:37:31.0769433Z       at commitDeletionEffectsOnFiber (../../node_modules/react-dom/cjs/react-dom.development.js:24168:13)
2026-10-04T20:37:31.0770317Z       at recursivelyTraverseDeletionEffects (../../node_modules/react-dom/cjs/react-dom.development.js:24028:5)
2026-10-04T20:37:31.0771071Z       at commitDeletionEffectsOnFiber (../../node_modules/react-dom/cjs/react-dom.development.js:24101:11)
2026-10-04T20:37:31.0772109Z       at recursivelyTraverseDeletionEffects (../../node_modules/react-dom/cjs/react-dom.development.js:24028:5)
2026-10-04T20:37:31.0772843Z       at commitDeletionEffectsOnFiber (../../node_modules/react-dom/cjs/react-dom.development.js:24172:9)
2026-10-04T20:37:31.0773608Z       at recursivelyTraverseDeletionEffects (../../node_modules/react-dom/cjs/react-dom.development.js:24028:5)
2026-10-04T20:37:31.0774312Z       at commitDeletionEffectsOnFiber (../../node_modules/react-dom/cjs/react-dom.development.js:24157:9)
2026-10-04T20:37:31.0775085Z       at recursivelyTraverseDeletionEffects (../../node_modules/react-dom/cjs/react-dom.development.js:24028:5)
2026-10-04T20:37:31.0775789Z       at commitDeletionEffectsOnFiber (../../node_modules/react-dom/cjs/react-dom.development.js:24172:9)
2026-10-04T20:37:31.0776562Z       at recursivelyTraverseDeletionEffects (../../node_modules/react-dom/cjs/react-dom.development.js:24028:5)
2026-10-04T20:37:31.0777551Z       at commitDeletionEffectsOnFiber (../../node_modules/react-dom/cjs/react-dom.development.js:24209:9)
2026-10-04T20:37:31.0778327Z       at recursivelyTraverseDeletionEffects (../../node_modules/react-dom/cjs/react-dom.development.js:24028:5)
2026-10-04T20:37:31.0779012Z       at commitDeletionEffectsOnFiber (../../node_modules/react-dom/cjs/react-dom.development.js:24157:9)
2026-10-04T20:37:31.0779773Z       at recursivelyTraverseDeletionEffects (../../node_modules/react-dom/cjs/react-dom.development.js:24028:5)
2026-10-04T20:37:31.0780486Z       at commitDeletionEffectsOnFiber (../../node_modules/react-dom/cjs/react-dom.development.js:24157:9)
2026-10-04T20:37:31.0781264Z       at recursivelyTraverseDeletionEffects (../../node_modules/react-dom/cjs/react-dom.development.js:24028:5)
2026-10-04T20:37:31.0782241Z       at commitDeletionEffectsOnFiber (../../node_modules/react-dom/cjs/react-dom.development.js:24209:9)
2026-10-04T20:37:31.0783036Z       at recursivelyTraverseDeletionEffects (../../node_modules/react-dom/cjs/react-dom.development.js:24028:5)
2026-10-04T20:37:31.0783749Z       at commitDeletionEffectsOnFiber (../../node_modules/react-dom/cjs/react-dom.development.js:24157:9)
2026-10-04T20:37:31.0784541Z       at recursivelyTraverseDeletionEffects (../../node_modules/react-dom/cjs/react-dom.development.js:24028:5)
2026-10-04T20:37:31.0785262Z       at commitDeletionEffectsOnFiber (../../node_modules/react-dom/cjs/react-dom.development.js:24209:9)
2026-10-04T20:37:31.0785942Z       at recursivelyTraverseDeletionEffects (../../node_modules/react-dom/cjs/react-dom.development.js:24028:5)
2026-10-04T20:37:31.0786614Z       at commitDeletionEffectsOnFiber (../../node_modules/react-dom/cjs/react-dom.development.js:24172:9)
2026-10-04T20:37:31.0787253Z       at commitDeletionEffects (../../node_modules/react-dom/cjs/react-dom.development.js:24015:5)
2026-10-04T20:37:31.0787985Z       at recursivelyTraverseMutationEffects (../../node_modules/react-dom/cjs/react-dom.development.js:24298:9)
2026-10-04T20:37:31.0788677Z       at commitMutationEffectsOnFiber (../../node_modules/react-dom/cjs/react-dom.development.js:24471:9)
2026-10-04T20:37:31.0789301Z       at commitMutationEffects (../../node_modules/react-dom/cjs/react-dom.development.js:24282:3)
2026-10-04T20:37:31.0790103Z       at commitRootImpl (../../node_modules/react-dom/cjs/react-dom.development.js:26849:5)
2026-10-04T20:37:31.0790617Z       at commitRoot (../../node_modules/react-dom/cjs/react-dom.development.js:26721:5)
2026-10-04T20:37:31.0791208Z       at performSyncWorkOnRoot (../../node_modules/react-dom/cjs/react-dom.development.js:26156:3)
2026-10-04T20:37:31.0792042Z       at flushSyncCallbacks (../../node_modules/react-dom/cjs/react-dom.development.js:12042:22)
2026-10-04T20:37:31.0792552Z       at flushSync (../../node_modules/react-dom/cjs/react-dom.development.js:26240:7)
2026-10-04T20:37:31.0793763Z       at ReactDOMRoot.Object.<anonymous>.ReactDOMHydrationRoot.unmount.ReactDOMRoot.unmount [as unmount] (../../node_modules/react-dom/cjs/react-dom.development.js:29375:5)
2026-10-04T20:37:31.0794319Z       at Object.unmount (../../node_modules/@testing-library/react/dist/pure.js:155:12)
2026-10-04T20:37:31.0794734Z       at ../../node_modules/@testing-library/react/dist/pure.js:286:12
2026-10-04T20:37:31.0795176Z       at ../../node_modules/@testing-library/react/dist/act-compat.js:48:24
2026-10-04T20:37:31.0795593Z       at act (../../node_modules/react/cjs/react.development.js:2512:16)
2026-10-04T20:37:31.0796021Z       at ../../node_modules/@testing-library/react/dist/act-compat.js:47:25
2026-10-04T20:37:31.0796385Z       at ../../node_modules/@testing-library/react/dist/pure.js:285:28
2026-10-04T20:37:31.0796624Z           at Array.forEach (<anonymous>)
2026-10-04T20:37:31.0797065Z       at cleanup (../../node_modules/@testing-library/react/dist/pure.js:281:22)
2026-10-04T20:37:31.0797583Z       at Object.<anonymous> (../../node_modules/@testing-library/react/dist/index.js:29:25)
2026-10-04T20:37:31.0797833Z 
2026-10-04T20:37:31.0798015Z     console.error
2026-10-04T20:37:31.0799839Z       Warning: react-modal: App element is not defined. Please use `Modal.setAppElement(el)` or set `appElement={el}`. This is needed so screen readers don't see main content when modal is opened. It is not recommended, but you can opt-out by setting `ariaHideApp={false}`.
2026-10-04T20:37:31.0799866Z 
2026-10-04T20:37:31.0800197Z       4 |
2026-10-04T20:37:31.0801443Z       5 | const renderWithIntl = (ui, {locale = 'en', messages = {}} = {}) => ({
2026-10-04T20:37:31.0802188Z     > 6 |     ...render(
2026-10-04T20:37:31.0802567Z         |              ^
2026-10-04T20:37:31.0802976Z       7 |         <IntlProvider
2026-10-04T20:37:31.0803367Z       8 |             locale={locale}
2026-10-04T20:37:31.0803812Z       9 |             messages={messages}
2026-10-04T20:37:31.0803827Z 
2026-10-04T20:37:31.0804229Z       at printWarning (../../node_modules/warning/warning.js:34:15)
2026-10-04T20:37:31.0804595Z       at warning (../../node_modules/warning/warning.js:57:20)
2026-10-04T20:37:31.0805172Z       at validateElement (../../node_modules/react-modal/lib/helpers/ariaAppHider.js:77:27)
2026-10-04T20:37:31.0805711Z       at Object.hide (../../node_modules/react-modal/lib/helpers/ariaAppHider.js:89:26)
2026-10-04T20:37:31.0806381Z       at ModalPortal.beforeOpen (../../node_modules/react-modal/lib/components/ModalPortal.js:342:22)
2026-10-04T20:37:31.0807002Z       at ModalPortal._this.open (../../node_modules/react-modal/lib/components/ModalPortal.js:135:13)
2026-10-04T20:37:31.0807697Z       at ModalPortal.componentDidMount (../../node_modules/react-modal/lib/components/ModalPortal.js:285:14)
2026-10-04T20:37:31.0808395Z       at commitLayoutEffectOnFiber (../../node_modules/react-dom/cjs/react-dom.development.js:23349:28)
2026-10-04T20:37:31.0809122Z       at commitLayoutMountEffects_complete (../../node_modules/react-dom/cjs/react-dom.development.js:24727:9)
2026-10-04T20:37:31.0809977Z       at commitLayoutEffects_begin (../../node_modules/react-dom/cjs/react-dom.development.js:24713:7)
2026-10-04T20:37:31.0810576Z       at commitLayoutEffects (../../node_modules/react-dom/cjs/react-dom.development.js:24651:3)
2026-10-04T20:37:31.0811123Z       at commitRootImpl (../../node_modules/react-dom/cjs/react-dom.development.js:26862:5)
2026-10-04T20:37:31.0811868Z       at commitRoot (../../node_modules/react-dom/cjs/react-dom.development.js:26721:5)
2026-10-04T20:37:31.0812443Z       at finishConcurrentRender (../../node_modules/react-dom/cjs/react-dom.development.js:26020:9)
2026-10-04T20:37:31.0813081Z       at performConcurrentWorkOnRoot (../../node_modules/react-dom/cjs/react-dom.development.js:25848:7)
2026-10-04T20:37:31.0813595Z       at flushActQueue (../../node_modules/react/cjs/react.development.js:2667:24)
2026-10-04T20:37:31.0813972Z       at act (../../node_modules/react/cjs/react.development.js:2582:11)
2026-10-04T20:37:31.0828408Z       at ../../node_modules/@testing-library/react/dist/act-compat.js:47:25
2026-10-04T20:37:31.0828971Z       at renderRoot (../../node_modules/@testing-library/react/dist/pure.js:180:26)
2026-10-04T20:37:31.0829449Z       at render (../../node_modules/@testing-library/react/dist/pure.js:271:10)
2026-10-04T20:37:31.0829816Z       at renderWithIntl (test/helpers/intl-helpers.jsx:6:14)
2026-10-04T20:37:31.0830333Z       at renderPicker (test/unit/components/mcremote-block-picker.test.jsx:40:61)
2026-10-04T20:37:31.0830923Z       at Object.renderPicker (test/unit/components/mcremote-block-picker.test.jsx:276:9)
2026-10-04T20:37:31.0830940Z 
2026-10-04T20:37:31.0831114Z     console.error
2026-10-04T20:37:31.0833203Z       Warning: react-modal: App element is not defined. Please use `Modal.setAppElement(el)` or set `appElement={el}`. This is needed so screen readers don't see main content when modal is opened. It is not recommended, but you can opt-out by setting `ariaHideApp={false}`.
2026-10-04T20:37:31.0833470Z 
2026-10-04T20:37:31.0833740Z       at printWarning (../../node_modules/warning/warning.js:34:15)
2026-10-04T20:37:31.0833957Z       at warning (../../node_modules/warning/warning.js:57:20)
2026-10-04T20:37:31.0834287Z       at validateElement (../../node_modules/react-modal/lib/helpers/ariaAppHider.js:77:27)
2026-10-04T20:37:31.0834585Z       at Object.show (../../node_modules/react-modal/lib/helpers/ariaAppHider.js:116:27)
2026-10-04T20:37:31.0834984Z       at ModalPortal._this.afterClose (../../node_modules/react-modal/lib/components/ModalPortal.js:114:24)
2026-10-04T20:37:31.0835406Z       at ModalPortal.componentWillUnmount (../../node_modules/react-modal/lib/components/ModalPortal.js:317:14)
2026-10-04T20:37:31.0835810Z       at callComponentWillUnmountWithTimer (../../node_modules/react-dom/cjs/react-dom.development.js:22896:14)
2026-10-04T20:37:31.0836192Z       at safelyCallComponentWillUnmount (../../node_modules/react-dom/cjs/react-dom.development.js:22912:5)
2026-10-04T20:37:31.0836570Z       at commitDeletionEffectsOnFiber (../../node_modules/react-dom/cjs/react-dom.development.js:24168:13)
2026-10-04T20:37:31.0836971Z       at recursivelyTraverseDeletionEffects (../../node_modules/react-dom/cjs/react-dom.development.js:24028:5)
2026-10-04T20:37:31.0837330Z       at commitDeletionEffectsOnFiber (../../node_modules/react-dom/cjs/react-dom.development.js:24101:11)
2026-10-04T20:37:31.0837723Z       at recursivelyTraverseDeletionEffects (../../node_modules/react-dom/cjs/react-dom.development.js:24028:5)
2026-10-04T20:37:31.0838087Z       at commitDeletionEffectsOnFiber (../../node_modules/react-dom/cjs/react-dom.development.js:24172:9)
2026-10-04T20:37:31.0838476Z       at recursivelyTraverseDeletionEffects (../../node_modules/react-dom/cjs/react-dom.development.js:24028:5)
2026-10-04T20:37:31.0838843Z       at commitDeletionEffectsOnFiber (../../node_modules/react-dom/cjs/react-dom.development.js:24157:9)
2026-10-04T20:37:31.0839237Z       at recursivelyTraverseDeletionEffects (../../node_modules/react-dom/cjs/react-dom.development.js:24028:5)
2026-10-04T20:37:31.0839734Z       at commitDeletionEffectsOnFiber (../../node_modules/react-dom/cjs/react-dom.development.js:24172:9)
2026-10-04T20:37:31.0840135Z       at recursivelyTraverseDeletionEffects (../../node_modules/react-dom/cjs/react-dom.development.js:24028:5)
2026-10-04T20:37:31.0840499Z       at commitDeletionEffectsOnFiber (../../node_modules/react-dom/cjs/react-dom.development.js:24209:9)
2026-10-04T20:37:31.0840889Z       at recursivelyTraverseDeletionEffects (../../node_modules/react-dom/cjs/react-dom.development.js:24028:5)
2026-10-04T20:37:31.0841251Z       at commitDeletionEffectsOnFiber (../../node_modules/react-dom/cjs/react-dom.development.js:24157:9)
2026-10-04T20:37:31.0842058Z       at recursivelyTraverseDeletionEffects (../../node_modules/react-dom/cjs/react-dom.development.js:24028:5)
2026-10-04T20:37:31.0842784Z       at commitDeletionEffectsOnFiber (../../node_modules/react-dom/cjs/react-dom.development.js:24157:9)
2026-10-04T20:37:31.0843554Z       at recursivelyTraverseDeletionEffects (../../node_modules/react-dom/cjs/react-dom.development.js:24028:5)
2026-10-04T20:37:31.0844278Z       at commitDeletionEffectsOnFiber (../../node_modules/react-dom/cjs/react-dom.development.js:24209:9)
2026-10-04T20:37:31.0845045Z       at recursivelyTraverseDeletionEffects (../../node_modules/react-dom/cjs/react-dom.development.js:24028:5)
2026-10-04T20:37:31.0845775Z       at commitDeletionEffectsOnFiber (../../node_modules/react-dom/cjs/react-dom.development.js:24157:9)
2026-10-04T20:37:31.0846557Z       at recursivelyTraverseDeletionEffects (../../node_modules/react-dom/cjs/react-dom.development.js:24028:5)
2026-10-04T20:37:31.0847287Z       at commitDeletionEffectsOnFiber (../../node_modules/react-dom/cjs/react-dom.development.js:24209:9)
2026-10-04T20:37:31.0848326Z       at recursivelyTraverseDeletionEffects (../../node_modules/react-dom/cjs/react-dom.development.js:24028:5)
2026-10-04T20:37:31.0849010Z       at commitDeletionEffectsOnFiber (../../node_modules/react-dom/cjs/react-dom.development.js:24172:9)
2026-10-04T20:37:31.0849669Z       at commitDeletionEffects (../../node_modules/react-dom/cjs/react-dom.development.js:24015:5)
2026-10-04T20:37:31.0850465Z       at recursivelyTraverseMutationEffects (../../node_modules/react-dom/cjs/react-dom.development.js:24298:9)
2026-10-04T20:37:31.0851180Z       at commitMutationEffectsOnFiber (../../node_modules/react-dom/cjs/react-dom.development.js:24471:9)
2026-10-04T20:37:31.0852071Z       at commitMutationEffects (../../node_modules/react-dom/cjs/react-dom.development.js:24282:3)
2026-10-04T20:37:31.0852673Z       at commitRootImpl (../../node_modules/react-dom/cjs/react-dom.development.js:26849:5)
2026-10-04T20:37:31.0853234Z       at commitRoot (../../node_modules/react-dom/cjs/react-dom.development.js:26721:5)
2026-10-04T20:37:31.0853899Z       at performSyncWorkOnRoot (../../node_modules/react-dom/cjs/react-dom.development.js:26156:3)
2026-10-04T20:37:31.0854514Z       at flushSyncCallbacks (../../node_modules/react-dom/cjs/react-dom.development.js:12042:22)
2026-10-04T20:37:31.0855062Z       at flushSync (../../node_modules/react-dom/cjs/react-dom.development.js:26240:7)
2026-10-04T20:37:31.0856354Z       at ReactDOMRoot.Object.<anonymous>.ReactDOMHydrationRoot.unmount.ReactDOMRoot.unmount [as unmount] (../../node_modules/react-dom/cjs/react-dom.development.js:29375:5)
2026-10-04T20:37:31.0856902Z       at Object.unmount (../../node_modules/@testing-library/react/dist/pure.js:155:12)
2026-10-04T20:37:31.0857319Z       at ../../node_modules/@testing-library/react/dist/pure.js:286:12
2026-10-04T20:37:31.0857758Z       at ../../node_modules/@testing-library/react/dist/act-compat.js:48:24
2026-10-04T20:37:31.0858155Z       at act (../../node_modules/react/cjs/react.development.js:2512:16)
2026-10-04T20:37:31.0858576Z       at ../../node_modules/@testing-library/react/dist/act-compat.js:47:25
2026-10-04T20:37:31.0858949Z       at ../../node_modules/@testing-library/react/dist/pure.js:285:28
2026-10-04T20:37:31.0859176Z           at Array.forEach (<anonymous>)
2026-10-04T20:37:31.0859837Z       at cleanup (../../node_modules/@testing-library/react/dist/pure.js:281:22)
2026-10-04T20:37:31.0860371Z       at Object.<anonymous> (../../node_modules/@testing-library/react/dist/index.js:29:25)
2026-10-04T20:37:31.0860388Z 
2026-10-04T20:37:31.2793891Z PASS test/unit/hooks/use-menu-navigation.test.jsx
2026-10-04T20:37:32.9433453Z ts-jest[config] (WARN) 
2026-10-04T20:37:32.9449545Z     The "ts-jest" config option "isolatedModules" is deprecated and will be removed in v30.0.0. Please use "isolatedModules: true" in ~/work/scratch-editor/scratch-editor/packages/scratch-gui/tsconfig.test.json instead, see https://www.typescriptlang.org/tsconfig/#isolatedModules
2026-10-04T20:37:32.9453070Z   
2026-10-04T20:37:34.0346111Z ts-jest[config] (WARN) 
2026-10-04T20:37:34.0382614Z     The "ts-jest" config option "isolatedModules" is deprecated and will be removed in v30.0.0. Please use "isolatedModules: true" in ~/work/scratch-editor/scratch-editor/packages/scratch-gui/tsconfig.test.json instead, see https://www.typescriptlang.org/tsconfig/#isolatedModules
2026-10-04T20:37:34.0385182Z   
2026-10-04T20:37:35.9454548Z PASS test/unit/util/project-saver-hoc.test.jsx (12.147 s)
2026-10-04T20:37:36.0963016Z   ● Console
2026-10-04T20:37:36.0991182Z 
2026-10-04T20:37:36.1052790Z     console.warn
2026-10-04T20:37:36.1144406Z       Warning: componentWillMount has been renamed, and is not recommended for use. See https://reactjs.org/link/unsafe-component-lifecycles for details.
2026-10-04T20:37:36.1226545Z       
2026-10-04T20:37:36.1227566Z       * Move code with side effects to componentDidMount, and set initial state in the constructor.
2026-10-04T20:37:36.1229427Z       * Rename componentWillMount to UNSAFE_componentWillMount to suppress this warning in non-strict mode. In React 18.x, only the UNSAFE_ name will work. To rename all deprecated lifecycles to their new names, you can run `npx react-codemod rename-unsafe-lifecycles` in your project source folder.
2026-10-04T20:37:36.1232386Z       
2026-10-04T20:37:36.1233166Z       Please update the following components: ProjectSaverComponent
2026-10-04T20:37:36.1233814Z 
2026-10-04T20:37:36.1235249Z       39 |         const Component = () => <div />;
2026-10-04T20:37:36.1237231Z       40 |         const WrappedComponent = projectSaverHOC(Component);
2026-10-04T20:37:36.1238822Z     > 41 |         const {rerender} = render(
2026-10-04T20:37:36.1239995Z          |                                  ^
2026-10-04T20:37:36.1241075Z       42 |             <WrappedComponent
2026-10-04T20:37:36.1242361Z       43 |                 isShowingWithId
2026-10-04T20:37:36.1243400Z       44 |                 canSave={false}
2026-10-04T20:37:36.1244037Z 
2026-10-04T20:37:36.1244726Z       at printWarning (../../node_modules/react-dom/cjs/react-dom.development.js:86:30)
2026-10-04T20:37:36.1245986Z       at warn (../../node_modules/react-dom/cjs/react-dom.development.js:49:7)
2026-10-04T20:37:36.1247874Z       at Object.<anonymous>.ReactStrictModeWarnings.flushPendingUnsafeLifecycleWarnings (../../node_modules/react-dom/cjs/react-dom.development.js:12906:7)
2026-10-04T20:37:36.1261794Z       at flushRenderPhaseStrictModeWarningsInDEV (../../node_modules/react-dom/cjs/react-dom.development.js:27349:31)
2026-10-04T20:37:36.1263495Z       at commitRootImpl (../../node_modules/react-dom/cjs/react-dom.development.js:26741:3)
2026-10-04T20:37:36.1264880Z       at commitRoot (../../node_modules/react-dom/cjs/react-dom.development.js:26721:5)
2026-10-04T20:37:36.1266418Z       at finishConcurrentRender (../../node_modules/react-dom/cjs/react-dom.development.js:26020:9)
2026-10-04T20:37:36.1267852Z       at performConcurrentWorkOnRoot (../../node_modules/react-dom/cjs/react-dom.development.js:25848:7)
2026-10-04T20:37:36.1269410Z       at flushActQueue (../../node_modules/react/cjs/react.development.js:2667:24)
2026-10-04T20:37:36.1270406Z       at act (../../node_modules/react/cjs/react.development.js:2582:11)
2026-10-04T20:37:36.1271312Z       at ../../node_modules/@testing-library/react/dist/act-compat.js:47:25
2026-10-04T20:37:36.1272479Z       at renderRoot (../../node_modules/@testing-library/react/dist/pure.js:180:26)
2026-10-04T20:37:36.1273407Z       at render (../../node_modules/@testing-library/react/dist/pure.js:271:10)
2026-10-04T20:37:36.1274318Z       at Object.<anonymous> (test/unit/util/project-saver-hoc.test.jsx:41:34)
2026-10-04T20:37:36.1274833Z 
2026-10-04T20:37:36.1274997Z     console.log
2026-10-04T20:37:36.1276642Z       2026-10-04 20:37:34.242	WARN		scratch-vm	Central dispatch replacing existing service provider for runtime
2026-10-04T20:37:36.1277754Z 
2026-10-04T20:37:36.1278624Z       at Object.c [as transportFormatted] (../scratch-vm/dist/web/webpack:/VirtualMachine/webpack/universalModuleDefinition:1:1)
2026-10-04T20:37:36.1279526Z 
2026-10-04T20:37:36.1279689Z     console.log
2026-10-04T20:37:36.1281292Z       2026-10-04 20:37:34.242	WARN		scratch-vm	Central dispatch replacing existing service provider for extensions
2026-10-04T20:37:36.1282618Z 
2026-10-04T20:37:36.1283444Z       at Object.c [as transportFormatted] (../scratch-vm/dist/web/webpack:/VirtualMachine/webpack/universalModuleDefinition:1:1)
2026-10-04T20:37:36.1284343Z 
2026-10-04T20:37:36.1284506Z     console.warn
2026-10-04T20:37:36.1285996Z       Warning: componentWillMount has been renamed, and is not recommended for use. See https://reactjs.org/link/unsafe-component-lifecycles for details.
2026-10-04T20:37:36.1287192Z       
2026-10-04T20:37:36.1287982Z       * Move code with side effects to componentDidMount, and set initial state in the constructor.
2026-10-04T20:37:36.1290655Z       * Rename componentWillMount to UNSAFE_componentWillMount to suppress this warning in non-strict mode. In React 18.x, only the UNSAFE_ name will work. To rename all deprecated lifecycles to their new names, you can run `npx react-codemod rename-unsafe-lifecycles` in your project source folder.
2026-10-04T20:37:36.1314511Z       
2026-10-04T20:37:36.1315162Z       Please update the following components: ProjectSaverComponent
2026-10-04T20:37:36.1315679Z 
2026-10-04T20:37:36.1316889Z       74 |         const Component = () => <div />;
2026-10-04T20:37:36.1318637Z       75 |         const WrappedComponent = projectSaverHOC(Component);
2026-10-04T20:37:36.1320010Z     > 76 |         const {rerender} = render(
2026-10-04T20:37:36.1320993Z          |                                  ^
2026-10-04T20:37:36.1322142Z       77 |             <WrappedComponent
2026-10-04T20:37:36.1322881Z       78 |                 canSave
2026-10-04T20:37:36.1323695Z       79 |                 isCreatingNew={false}
2026-10-04T20:37:36.1324147Z 
2026-10-04T20:37:36.1324652Z       at printWarning (../../node_modules/react-dom/cjs/react-dom.development.js:86:30)
2026-10-04T20:37:36.1325709Z       at warn (../../node_modules/react-dom/cjs/react-dom.development.js:49:7)
2026-10-04T20:37:36.1327377Z       at Object.<anonymous>.ReactStrictModeWarnings.flushPendingUnsafeLifecycleWarnings (../../node_modules/react-dom/cjs/react-dom.development.js:12906:7)
2026-10-04T20:37:36.1329339Z       at flushRenderPhaseStrictModeWarningsInDEV (../../node_modules/react-dom/cjs/react-dom.development.js:27349:31)
2026-10-04T20:37:36.1330728Z       at commitRootImpl (../../node_modules/react-dom/cjs/react-dom.development.js:26741:3)
2026-10-04T20:37:36.1332350Z       at commitRoot (../../node_modules/react-dom/cjs/react-dom.development.js:26721:5)
2026-10-04T20:37:36.1333525Z       at finishConcurrentRender (../../node_modules/react-dom/cjs/react-dom.development.js:26020:9)
2026-10-04T20:37:36.1334814Z       at performConcurrentWorkOnRoot (../../node_modules/react-dom/cjs/react-dom.development.js:25848:7)
2026-10-04T20:37:36.1336065Z       at flushActQueue (../../node_modules/react/cjs/react.development.js:2667:24)
2026-10-04T20:37:36.1337048Z       at act (../../node_modules/react/cjs/react.development.js:2582:11)
2026-10-04T20:37:36.1337963Z       at ../../node_modules/@testing-library/react/dist/act-compat.js:47:25
2026-10-04T20:37:36.1338968Z       at renderRoot (../../node_modules/@testing-library/react/dist/pure.js:180:26)
2026-10-04T20:37:36.1339997Z       at render (../../node_modules/@testing-library/react/dist/pure.js:271:10)
2026-10-04T20:37:36.1340949Z       at Object.<anonymous> (test/unit/util/project-saver-hoc.test.jsx:76:34)
2026-10-04T20:37:36.1341853Z 
2026-10-04T20:37:36.1342275Z     console.log
2026-10-04T20:37:36.1343921Z       2026-10-04 20:37:35.732	WARN		scratch-vm	Central dispatch replacing existing service provider for runtime
2026-10-04T20:37:36.1345078Z 
2026-10-04T20:37:36.1345937Z       at Object.c [as transportFormatted] (../scratch-vm/dist/web/webpack:/VirtualMachine/webpack/universalModuleDefinition:1:1)
2026-10-04T20:37:36.1346831Z 
2026-10-04T20:37:36.1346992Z     console.log
2026-10-04T20:37:36.1348589Z       2026-10-04 20:37:35.732	WARN		scratch-vm	Central dispatch replacing existing service provider for extensions
2026-10-04T20:37:36.1349980Z 
2026-10-04T20:37:36.1350823Z       at Object.c [as transportFormatted] (../scratch-vm/dist/web/webpack:/VirtualMachine/webpack/universalModuleDefinition:1:1)
2026-10-04T20:37:36.1351960Z 
2026-10-04T20:37:36.1352139Z     console.warn
2026-10-04T20:37:36.1353393Z       Warning: componentWillMount has been renamed, and is not recommended for use. See https://reactjs.org/link/unsafe-component-lifecycles for details.
2026-10-04T20:37:36.1354572Z       
2026-10-04T20:37:36.1355353Z       * Move code with side effects to componentDidMount, and set initial state in the constructor.
2026-10-04T20:37:36.1358088Z       * Rename componentWillMount to UNSAFE_componentWillMount to suppress this warning in non-strict mode. In React 18.x, only the UNSAFE_ name will work. To rename all deprecated lifecycles to their new names, you can run `npx react-codemod rename-unsafe-lifecycles` in your project source folder.
2026-10-04T20:37:36.1360093Z       
2026-10-04T20:37:36.1360671Z       Please update the following components: ProjectSaverComponent
2026-10-04T20:37:36.1361146Z 
2026-10-04T20:37:36.1362426Z       107 |         const Component = () => <div />;
2026-10-04T20:37:36.1364190Z       108 |         const WrappedComponent = projectSaverHOC(Component);
2026-10-04T20:37:36.1365574Z     > 109 |         const {rerender} = render(
2026-10-04T20:37:36.1366583Z           |                                  ^
2026-10-04T20:37:36.1367446Z       110 |             <WrappedComponent
2026-10-04T20:37:36.1368244Z       111 |                 isShowingWithoutId
2026-10-04T20:37:36.1369110Z       112 |                 canSave={false}
2026-10-04T20:37:36.1369614Z 
2026-10-04T20:37:36.1370129Z       at printWarning (../../node_modules/react-dom/cjs/react-dom.development.js:86:30)
2026-10-04T20:37:36.1371126Z       at warn (../../node_modules/react-dom/cjs/react-dom.development.js:49:7)
2026-10-04T20:37:36.1373252Z       at Object.<anonymous>.ReactStrictModeWarnings.flushPendingUnsafeLifecycleWarnings (../../node_modules/react-dom/cjs/react-dom.development.js:12906:7)
2026-10-04T20:37:36.1375206Z       at flushRenderPhaseStrictModeWarningsInDEV (../../node_modules/react-dom/cjs/react-dom.development.js:27349:31)
2026-10-04T20:37:36.1376616Z       at commitRootImpl (../../node_modules/react-dom/cjs/react-dom.development.js:26741:3)
2026-10-04T20:37:36.1377709Z       at commitRoot (../../node_modules/react-dom/cjs/react-dom.development.js:26721:5)
2026-10-04T20:37:36.1378912Z       at finishConcurrentRender (../../node_modules/react-dom/cjs/react-dom.development.js:26020:9)
2026-10-04T20:37:36.1380285Z       at performConcurrentWorkOnRoot (../../node_modules/react-dom/cjs/react-dom.development.js:25848:7)
2026-10-04T20:37:36.1381676Z       at flushActQueue (../../node_modules/react/cjs/react.development.js:2667:24)
2026-10-04T20:37:36.1382667Z       at act (../../node_modules/react/cjs/react.development.js:2582:11)
2026-10-04T20:37:36.1383595Z       at ../../node_modules/@testing-library/react/dist/act-compat.js:47:25
2026-10-04T20:37:36.1384534Z       at renderRoot (../../node_modules/@testing-library/react/dist/pure.js:180:26)
2026-10-04T20:37:36.1385458Z       at render (../../node_modules/@testing-library/react/dist/pure.js:271:10)
2026-10-04T20:37:36.1386431Z       at Object.<anonymous> (test/unit/util/project-saver-hoc.test.jsx:109:34)
2026-10-04T20:37:36.1386991Z 
2026-10-04T20:37:36.1387152Z     console.log
2026-10-04T20:37:36.1388782Z       2026-10-04 20:37:35.742	WARN		scratch-vm	Central dispatch replacing existing service provider for runtime
2026-10-04T20:37:36.1390140Z 
2026-10-04T20:37:36.1391002Z       at Object.c [as transportFormatted] (../scratch-vm/dist/web/webpack:/VirtualMachine/webpack/universalModuleDefinition:1:1)
2026-10-04T20:37:36.1392119Z 
2026-10-04T20:37:36.1392286Z     console.log
2026-10-04T20:37:36.1393913Z       2026-10-04 20:37:35.742	WARN		scratch-vm	Central dispatch replacing existing service provider for extensions
2026-10-04T20:37:36.1395070Z 
2026-10-04T20:37:36.1395898Z       at Object.c [as transportFormatted] (../scratch-vm/dist/web/webpack:/VirtualMachine/webpack/universalModuleDefinition:1:1)
2026-10-04T20:37:36.1396851Z 
2026-10-04T20:37:36.1397008Z     console.warn
2026-10-04T20:37:36.1398247Z       Warning: componentWillMount has been renamed, and is not recommended for use. See https://reactjs.org/link/unsafe-component-lifecycles for details.
2026-10-04T20:37:36.1399442Z       
2026-10-04T20:37:36.1400252Z       * Move code with side effects to componentDidMount, and set initial state in the constructor.
2026-10-04T20:37:36.1403142Z       * Rename componentWillMount to UNSAFE_componentWillMount to suppress this warning in non-strict mode. In React 18.x, only the UNSAFE_ name will work. To rename all deprecated lifecycles to their new names, you can run `npx react-codemod rename-unsafe-lifecycles` in your project source folder.
2026-10-04T20:37:36.1405126Z       
2026-10-04T20:37:36.1405682Z       Please update the following components: ProjectSaverComponent
2026-10-04T20:37:36.1406183Z 
2026-10-04T20:37:36.1407233Z       140 |         const Component = () => <div />;
2026-10-04T20:37:36.1408999Z       141 |         const WrappedComponent = projectSaverHOC(Component);
2026-10-04T20:37:36.1410379Z     > 142 |         const {rerender} = render(
2026-10-04T20:37:36.1411372Z           |                                  ^
2026-10-04T20:37:36.1412471Z       143 |             <WrappedComponent
2026-10-04T20:37:36.1413511Z       144 |                 isShowingWithoutId
2026-10-04T20:37:36.1414409Z       145 |                 canCreateNew={false}
2026-10-04T20:37:36.1414919Z 
2026-10-04T20:37:36.1415427Z       at printWarning (../../node_modules/react-dom/cjs/react-dom.development.js:86:30)
2026-10-04T20:37:36.1416517Z       at warn (../../node_modules/react-dom/cjs/react-dom.development.js:49:7)
2026-10-04T20:37:36.1418175Z       at Object.<anonymous>.ReactStrictModeWarnings.flushPendingUnsafeLifecycleWarnings (../../node_modules/react-dom/cjs/react-dom.development.js:12906:7)
2026-10-04T20:37:36.1420073Z       at flushRenderPhaseStrictModeWarningsInDEV (../../node_modules/react-dom/cjs/react-dom.development.js:27349:31)
2026-10-04T20:37:36.1421687Z       at commitRootImpl (../../node_modules/react-dom/cjs/react-dom.development.js:26741:3)
2026-10-04T20:37:36.1422813Z       at commitRoot (../../node_modules/react-dom/cjs/react-dom.development.js:26721:5)
2026-10-04T20:37:36.1424052Z       at finishConcurrentRender (../../node_modules/react-dom/cjs/react-dom.development.js:26020:9)
2026-10-04T20:37:36.1425465Z       at performConcurrentWorkOnRoot (../../node_modules/react-dom/cjs/react-dom.development.js:25848:7)
2026-10-04T20:37:36.1426663Z       at flushActQueue (../../node_modules/react/cjs/react.development.js:2667:24)
2026-10-04T20:37:36.1427571Z       at act (../../node_modules/react/cjs/react.development.js:2582:11)
2026-10-04T20:37:36.1428775Z       at ../../node_modules/@testing-library/react/dist/act-compat.js:47:25
2026-10-04T20:37:36.1429801Z       at renderRoot (../../node_modules/@testing-library/react/dist/pure.js:180:26)
2026-10-04T20:37:36.1430817Z       at render (../../node_modules/@testing-library/react/dist/pure.js:271:10)
2026-10-04T20:37:36.1432297Z       at Object.<anonymous> (test/unit/util/project-saver-hoc.test.jsx:142:34)
2026-10-04T20:37:36.1432881Z 
2026-10-04T20:37:36.1433047Z     console.log
2026-10-04T20:37:36.1434663Z       2026-10-04 20:37:35.764	WARN		scratch-vm	Central dispatch replacing existing service provider for runtime
2026-10-04T20:37:36.1435773Z 
2026-10-04T20:37:36.1436618Z       at Object.c [as transportFormatted] (../scratch-vm/dist/web/webpack:/VirtualMachine/webpack/universalModuleDefinition:1:1)
2026-10-04T20:37:36.1437511Z 
2026-10-04T20:37:36.1437668Z     console.log
2026-10-04T20:37:36.1439275Z       2026-10-04 20:37:35.764	WARN		scratch-vm	Central dispatch replacing existing service provider for extensions
2026-10-04T20:37:36.1440357Z 
2026-10-04T20:37:36.1441162Z       at Object.c [as transportFormatted] (../scratch-vm/dist/web/webpack:/VirtualMachine/webpack/universalModuleDefinition:1:1)
2026-10-04T20:37:36.1442195Z 
2026-10-04T20:37:36.1442353Z     console.warn
2026-10-04T20:37:36.1443568Z       Warning: componentWillMount has been renamed, and is not recommended for use. See https://reactjs.org/link/unsafe-component-lifecycles for details.
2026-10-04T20:37:36.1444692Z       
2026-10-04T20:37:36.1445496Z       * Move code with side effects to componentDidMount, and set initial state in the constructor.
2026-10-04T20:37:36.1448232Z       * Rename componentWillMount to UNSAFE_componentWillMount to suppress this warning in non-strict mode. In React 18.x, only the UNSAFE_ name will work. To rename all deprecated lifecycles to their new names, you can run `npx react-codemod rename-unsafe-lifecycles` in your project source folder.
2026-10-04T20:37:36.1450301Z       
2026-10-04T20:37:36.1450907Z       Please update the following components: ProjectSaverComponent
2026-10-04T20:37:36.1454326Z 
2026-10-04T20:37:36.1455434Z       173 |         const Component = () => <div />;
2026-10-04T20:37:36.1457653Z       174 |         const WrappedComponent = projectSaverHOC(Component);
2026-10-04T20:37:36.1459047Z     > 175 |         const {rerender} = render(
2026-10-04T20:37:36.1460076Z           |                                  ^
2026-10-04T20:37:36.1460979Z       176 |             <WrappedComponent
2026-10-04T20:37:36.1462054Z       177 |                 canCreateNew
2026-10-04T20:37:36.1462939Z       178 |                 isCreatingNew={false}
2026-10-04T20:37:36.1463454Z 
2026-10-04T20:37:36.1463990Z       at printWarning (../../node_modules/react-dom/cjs/react-dom.development.js:86:30)
2026-10-04T20:37:36.1465063Z       at warn (../../node_modules/react-dom/cjs/react-dom.development.js:49:7)
2026-10-04T20:37:36.1466692Z       at Object.<anonymous>.ReactStrictModeWarnings.flushPendingUnsafeLifecycleWarnings (../../node_modules/react-dom/cjs/react-dom.development.js:12906:7)
2026-10-04T20:37:36.1468656Z       at flushRenderPhaseStrictModeWarningsInDEV (../../node_modules/react-dom/cjs/react-dom.development.js:27349:31)
2026-10-04T20:37:36.1470051Z       at commitRootImpl (../../node_modules/react-dom/cjs/react-dom.development.js:26741:3)
2026-10-04T20:37:36.1471166Z       at commitRoot (../../node_modules/react-dom/cjs/react-dom.development.js:26721:5)
2026-10-04T20:37:36.1472593Z       at finishConcurrentRender (../../node_modules/react-dom/cjs/react-dom.development.js:26020:9)
2026-10-04T20:37:36.1473962Z       at performConcurrentWorkOnRoot (../../node_modules/react-dom/cjs/react-dom.development.js:25848:7)
2026-10-04T20:37:36.1475163Z       at flushActQueue (../../node_modules/react/cjs/react.development.js:2667:24)
2026-10-04T20:37:36.1476359Z       at act (../../node_modules/react/cjs/react.development.js:2582:11)
2026-10-04T20:37:36.1477268Z       at ../../node_modules/@testing-library/react/dist/act-compat.js:47:25
2026-10-04T20:37:36.1478256Z       at renderRoot (../../node_modules/@testing-library/react/dist/pure.js:180:26)
2026-10-04T20:37:36.1479223Z       at render (../../node_modules/@testing-library/react/dist/pure.js:271:10)
2026-10-04T20:37:36.1480242Z       at Object.<anonymous> (test/unit/util/project-saver-hoc.test.jsx:175:34)
2026-10-04T20:37:36.1480818Z 
2026-10-04T20:37:36.1480981Z     console.log
2026-10-04T20:37:36.1482817Z       2026-10-04 20:37:35.772	WARN		scratch-vm	Central dispatch replacing existing service provider for runtime
2026-10-04T20:37:36.1483877Z 
2026-10-04T20:37:36.1484697Z       at Object.c [as transportFormatted] (../scratch-vm/dist/web/webpack:/VirtualMachine/webpack/universalModuleDefinition:1:1)
2026-10-04T20:37:36.1485551Z 
2026-10-04T20:37:36.1485711Z     console.log
2026-10-04T20:37:36.1487256Z       2026-10-04 20:37:35.772	WARN		scratch-vm	Central dispatch replacing existing service provider for extensions
2026-10-04T20:37:36.1488319Z 
2026-10-04T20:37:36.1489136Z       at Object.c [as transportFormatted] (../scratch-vm/dist/web/webpack:/VirtualMachine/webpack/universalModuleDefinition:1:1)
2026-10-04T20:37:36.1489983Z 
2026-10-04T20:37:36.1490133Z     console.warn
2026-10-04T20:37:36.1491322Z       Warning: componentWillMount has been renamed, and is not recommended for use. See https://reactjs.org/link/unsafe-component-lifecycles for details.
2026-10-04T20:37:36.1492686Z       
2026-10-04T20:37:36.1493498Z       * Move code with side effects to componentDidMount, and set initial state in the constructor.
2026-10-04T20:37:36.1496332Z       * Rename componentWillMount to UNSAFE_componentWillMount to suppress this warning in non-strict mode. In React 18.x, only the UNSAFE_ name will work. To rename all deprecated lifecycles to their new names, you can run `npx react-codemod rename-unsafe-lifecycles` in your project source folder.
2026-10-04T20:37:36.1498469Z       
2026-10-04T20:37:36.1499305Z       Please update the following components: ProjectSaverComponent
2026-10-04T20:37:36.1499823Z 
2026-10-04T20:37:36.1500411Z       208 |         // The first wrapper is redux's Connect HOC
2026-10-04T20:37:36.1502454Z       209 |         WrappedComponent.WrappedComponent.prototype.storeProject = mockedStoreProject;
2026-10-04T20:37:36.1504174Z     > 210 |         const {rerender} = render(
2026-10-04T20:37:36.1505191Z           |                                  ^
2026-10-04T20:37:36.1506091Z       211 |             <WrappedComponent
2026-10-04T20:37:36.1506861Z       212 |                 canSave
2026-10-04T20:37:36.1507725Z       213 |                 isCreatingCopy={false}
2026-10-04T20:37:36.1508223Z 
2026-10-04T20:37:36.1508734Z       at printWarning (../../node_modules/react-dom/cjs/react-dom.development.js:86:30)
2026-10-04T20:37:36.1509783Z       at warn (../../node_modules/react-dom/cjs/react-dom.development.js:49:7)
2026-10-04T20:37:36.1511421Z       at Object.<anonymous>.ReactStrictModeWarnings.flushPendingUnsafeLifecycleWarnings (../../node_modules/react-dom/cjs/react-dom.development.js:12906:7)
2026-10-04T20:37:36.1513592Z       at flushRenderPhaseStrictModeWarningsInDEV (../../node_modules/react-dom/cjs/react-dom.development.js:27349:31)
2026-10-04T20:37:36.1514976Z       at commitRootImpl (../../node_modules/react-dom/cjs/react-dom.development.js:26741:3)
2026-10-04T20:37:36.1516347Z       at commitRoot (../../node_modules/react-dom/cjs/react-dom.development.js:26721:5)
2026-10-04T20:37:36.1517549Z       at finishConcurrentRender (../../node_modules/react-dom/cjs/react-dom.development.js:26020:9)
2026-10-04T20:37:36.1518896Z       at performConcurrentWorkOnRoot (../../node_modules/react-dom/cjs/react-dom.development.js:25848:7)
2026-10-04T20:37:36.1520060Z       at flushActQueue (../../node_modules/react/cjs/react.development.js:2667:24)
2026-10-04T20:37:36.1521051Z       at act (../../node_modules/react/cjs/react.development.js:2582:11)
2026-10-04T20:37:36.1522161Z       at ../../node_modules/@testing-library/react/dist/act-compat.js:47:25
2026-10-04T20:37:36.1523185Z       at renderRoot (../../node_modules/@testing-library/react/dist/pure.js:180:26)
2026-10-04T20:37:36.1524138Z       at render (../../node_modules/@testing-library/react/dist/pure.js:271:10)
2026-10-04T20:37:36.1525075Z       at Object.<anonymous> (test/unit/util/project-saver-hoc.test.jsx:210:34)
2026-10-04T20:37:36.1525633Z 
2026-10-04T20:37:36.1525798Z     console.log
2026-10-04T20:37:36.1527395Z       2026-10-04 20:37:35.780	WARN		scratch-vm	Central dispatch replacing existing service provider for runtime
2026-10-04T20:37:36.1528554Z 
2026-10-04T20:37:36.1529436Z       at Object.c [as transportFormatted] (../scratch-vm/dist/web/webpack:/VirtualMachine/webpack/universalModuleDefinition:1:1)
2026-10-04T20:37:36.1530339Z 
2026-10-04T20:37:36.1530505Z     console.log
2026-10-04T20:37:36.1532316Z       2026-10-04 20:37:35.780	WARN		scratch-vm	Central dispatch replacing existing service provider for extensions
2026-10-04T20:37:36.1533483Z 
2026-10-04T20:37:36.1534321Z       at Object.c [as transportFormatted] (../scratch-vm/dist/web/webpack:/VirtualMachine/webpack/universalModuleDefinition:1:1)
2026-10-04T20:37:36.1535212Z 
2026-10-04T20:37:36.1535380Z     console.warn
2026-10-04T20:37:36.1536600Z       Warning: componentWillMount has been renamed, and is not recommended for use. See https://reactjs.org/link/unsafe-component-lifecycles for details.
2026-10-04T20:37:36.1537784Z       
2026-10-04T20:37:36.1538603Z       * Move code with side effects to componentDidMount, and set initial state in the constructor.
2026-10-04T20:37:36.1541795Z       * Rename componentWillMount to UNSAFE_componentWillMount to suppress this warning in non-strict mode. In React 18.x, only the UNSAFE_ name will work. To rename all deprecated lifecycles to their new names, you can run `npx react-codemod rename-unsafe-lifecycles` in your project source folder.
2026-10-04T20:37:36.1543880Z       
2026-10-04T20:37:36.1544482Z       Please update the following components: ProjectSaverComponent
2026-10-04T20:37:36.1545001Z 
2026-10-04T20:37:36.1545587Z       248 |         // The first wrapper is redux's Connect HOC
2026-10-04T20:37:36.1547343Z       249 |         WrappedComponent.WrappedComponent.prototype.storeProject = mockedStoreProject;
2026-10-04T20:37:36.1549044Z     > 250 |         const {rerender} = render(
2026-10-04T20:37:36.1550043Z           |                                  ^
2026-10-04T20:37:36.1550925Z       251 |             <WrappedComponent
2026-10-04T20:37:36.1551905Z       252 |                 canSave
2026-10-04T20:37:36.1552773Z       253 |                 isCreatingCopy={false}
2026-10-04T20:37:36.1553255Z 
2026-10-04T20:37:36.1553748Z       at printWarning (../../node_modules/react-dom/cjs/react-dom.development.js:86:30)
2026-10-04T20:37:36.1554799Z       at warn (../../node_modules/react-dom/cjs/react-dom.development.js:49:7)
2026-10-04T20:37:36.1556411Z       at Object.<anonymous>.ReactStrictModeWarnings.flushPendingUnsafeLifecycleWarnings (../../node_modules/react-dom/cjs/react-dom.development.js:12906:7)
2026-10-04T20:37:36.1558597Z       at flushRenderPhaseStrictModeWarningsInDEV (../../node_modules/react-dom/cjs/react-dom.development.js:27349:31)
2026-10-04T20:37:36.1559964Z       at commitRootImpl (../../node_modules/react-dom/cjs/react-dom.development.js:26741:3)
2026-10-04T20:37:36.1561053Z       at commitRoot (../../node_modules/react-dom/cjs/react-dom.development.js:26721:5)
2026-10-04T20:37:36.1562511Z       at finishConcurrentRender (../../node_modules/react-dom/cjs/react-dom.development.js:26020:9)
2026-10-04T20:37:36.1563843Z       at performConcurrentWorkOnRoot (../../node_modules/react-dom/cjs/react-dom.development.js:25848:7)
2026-10-04T20:37:36.1565008Z       at flushActQueue (../../node_modules/react/cjs/react.development.js:2667:24)
2026-10-04T20:37:36.1565964Z       at act (../../node_modules/react/cjs/react.development.js:2582:11)
2026-10-04T20:37:36.1569753Z       at ../../node_modules/@testing-library/react/dist/act-compat.js:47:25
2026-10-04T20:37:36.1570853Z       at renderRoot (../../node_modules/@testing-library/react/dist/pure.js:180:26)
2026-10-04T20:37:36.1572103Z       at render (../../node_modules/@testing-library/react/dist/pure.js:271:10)
2026-10-04T20:37:36.1573064Z       at Object.<anonymous> (test/unit/util/project-saver-hoc.test.jsx:250:34)
2026-10-04T20:37:36.1573648Z 
2026-10-04T20:37:36.1573820Z     console.log
2026-10-04T20:37:36.1575461Z       2026-10-04 20:37:35.786	WARN		scratch-vm	Central dispatch replacing existing service provider for runtime
2026-10-04T20:37:36.1576523Z 
2026-10-04T20:37:36.1577402Z       at Object.c [as transportFormatted] (../scratch-vm/dist/web/webpack:/VirtualMachine/webpack/universalModuleDefinition:1:1)
2026-10-04T20:37:36.1578271Z 
2026-10-04T20:37:36.1578434Z     console.log
2026-10-04T20:37:36.1579998Z       2026-10-04 20:37:35.786	WARN		scratch-vm	Central dispatch replacing existing service provider for extensions
2026-10-04T20:37:36.1581107Z 
2026-10-04T20:37:36.1582241Z       at Object.c [as transportFormatted] (../scratch-vm/dist/web/webpack:/VirtualMachine/webpack/universalModuleDefinition:1:1)
2026-10-04T20:37:36.1583122Z 
2026-10-04T20:37:36.1583541Z     console.warn
2026-10-04T20:37:36.1584838Z       Warning: componentWillMount has been renamed, and is not recommended for use. See https://reactjs.org/link/unsafe-component-lifecycles for details.
2026-10-04T20:37:36.1586051Z       
2026-10-04T20:37:36.1586831Z       * Move code with side effects to componentDidMount, and set initial state in the constructor.
2026-10-04T20:37:36.1589544Z       * Rename componentWillMount to UNSAFE_componentWillMount to suppress this warning in non-strict mode. In React 18.x, only the UNSAFE_ name will work. To rename all deprecated lifecycles to their new names, you can run `npx react-codemod rename-unsafe-lifecycles` in your project source folder.
2026-10-04T20:37:36.1592000Z       
2026-10-04T20:37:36.1592581Z       Please update the following components: ProjectSaverComponent
2026-10-04T20:37:36.1593086Z 
2026-10-04T20:37:36.1593689Z       291 |         // The first wrapper is redux's Connect HOC
2026-10-04T20:37:36.1595486Z       292 |         WrappedComponent.WrappedComponent.prototype.storeProject = mockedStoreProject;
2026-10-04T20:37:36.1597147Z     > 293 |         const {rerender} = render(
2026-10-04T20:37:36.1598119Z           |                                  ^
2026-10-04T20:37:36.1599020Z       294 |             <WrappedComponent
2026-10-04T20:37:36.1599777Z       295 |                 canSave
2026-10-04T20:37:36.1600616Z       296 |                 isCreatingCopy={false}
2026-10-04T20:37:36.1601332Z 
2026-10-04T20:37:36.1602111Z       at printWarning (../../node_modules/react-dom/cjs/react-dom.development.js:86:30)
2026-10-04T20:37:36.1603116Z       at warn (../../node_modules/react-dom/cjs/react-dom.development.js:49:7)
2026-10-04T20:37:36.1604748Z       at Object.<anonymous>.ReactStrictModeWarnings.flushPendingUnsafeLifecycleWarnings (../../node_modules/react-dom/cjs/react-dom.development.js:12906:7)
2026-10-04T20:37:36.1606684Z       at flushRenderPhaseStrictModeWarningsInDEV (../../node_modules/react-dom/cjs/react-dom.development.js:27349:31)
2026-10-04T20:37:36.1608054Z       at commitRootImpl (../../node_modules/react-dom/cjs/react-dom.development.js:26741:3)
2026-10-04T20:37:36.1609185Z       at commitRoot (../../node_modules/react-dom/cjs/react-dom.development.js:26721:5)
2026-10-04T20:37:36.1610380Z       at finishConcurrentRender (../../node_modules/react-dom/cjs/react-dom.development.js:26020:9)
2026-10-04T20:37:36.1611943Z       at performConcurrentWorkOnRoot (../../node_modules/react-dom/cjs/react-dom.development.js:25848:7)
2026-10-04T20:37:36.1613115Z       at flushActQueue (../../node_modules/react/cjs/react.development.js:2667:24)
2026-10-04T20:37:36.1614077Z       at act (../../node_modules/react/cjs/react.development.js:2582:11)
2026-10-04T20:37:36.1614984Z       at ../../node_modules/@testing-library/react/dist/act-compat.js:47:25
2026-10-04T20:37:36.1616272Z       at renderRoot (../../node_modules/@testing-library/react/dist/pure.js:180:26)
2026-10-04T20:37:36.1617245Z       at render (../../node_modules/@testing-library/react/dist/pure.js:271:10)
2026-10-04T20:37:36.1618206Z       at Object.<anonymous> (test/unit/util/project-saver-hoc.test.jsx:293:34)
2026-10-04T20:37:36.1618765Z 
2026-10-04T20:37:36.1618932Z     console.log
2026-10-04T20:37:36.1620549Z       2026-10-04 20:37:35.829	WARN		scratch-vm	Central dispatch replacing existing service provider for runtime
2026-10-04T20:37:36.1621879Z 
2026-10-04T20:37:36.1622720Z       at Object.c [as transportFormatted] (../scratch-vm/dist/web/webpack:/VirtualMachine/webpack/universalModuleDefinition:1:1)
2026-10-04T20:37:36.1623625Z 
2026-10-04T20:37:36.1623796Z     console.log
2026-10-04T20:37:36.1625694Z       2026-10-04 20:37:35.829	WARN		scratch-vm	Central dispatch replacing existing service provider for extensions
2026-10-04T20:37:36.1626842Z 
2026-10-04T20:37:36.1627706Z       at Object.c [as transportFormatted] (../scratch-vm/dist/web/webpack:/VirtualMachine/webpack/universalModuleDefinition:1:1)
2026-10-04T20:37:36.1628644Z 
2026-10-04T20:37:36.1628805Z     console.warn
2026-10-04T20:37:36.1630056Z       Warning: componentWillMount has been renamed, and is not recommended for use. See https://reactjs.org/link/unsafe-component-lifecycles for details.
2026-10-04T20:37:36.1631227Z       
2026-10-04T20:37:36.1632229Z       * Move code with side effects to componentDidMount, and set initial state in the constructor.
2026-10-04T20:37:36.1634939Z       * Rename componentWillMount to UNSAFE_componentWillMount to suppress this warning in non-strict mode. In React 18.x, only the UNSAFE_ name will work. To rename all deprecated lifecycles to their new names, you can run `npx react-codemod rename-unsafe-lifecycles` in your project source folder.
2026-10-04T20:37:36.1637016Z       
2026-10-04T20:37:36.1637585Z       Please update the following components: ProjectSaverComponent
2026-10-04T20:37:36.1638100Z 
2026-10-04T20:37:36.1638699Z       333 |         // The first wrapper is redux's Connect HOC
2026-10-04T20:37:36.1640530Z       334 |         WrappedComponent.WrappedComponent.prototype.storeProject = mockedStoreProject;
2026-10-04T20:37:36.1642451Z     > 335 |         const {rerender} = render(
2026-10-04T20:37:36.1643717Z           |                                  ^
2026-10-04T20:37:36.1644580Z       336 |             <WrappedComponent
2026-10-04T20:37:36.1645335Z       337 |                 canSave
2026-10-04T20:37:36.1646214Z       338 |                 isCreatingNew={false}
2026-10-04T20:37:36.1646729Z 
2026-10-04T20:37:36.1647264Z       at printWarning (../../node_modules/react-dom/cjs/react-dom.development.js:86:30)
2026-10-04T20:37:36.1648310Z       at warn (../../node_modules/react-dom/cjs/react-dom.development.js:49:7)
2026-10-04T20:37:36.1649966Z       at Object.<anonymous>.ReactStrictModeWarnings.flushPendingUnsafeLifecycleWarnings (../../node_modules/react-dom/cjs/react-dom.development.js:12906:7)
2026-10-04T20:37:36.1652095Z       at flushRenderPhaseStrictModeWarningsInDEV (../../node_modules/react-dom/cjs/react-dom.development.js:27349:31)
2026-10-04T20:37:36.1653534Z       at commitRootImpl (../../node_modules/react-dom/cjs/react-dom.development.js:26741:3)
2026-10-04T20:37:36.1654680Z       at commitRoot (../../node_modules/react-dom/cjs/react-dom.development.js:26721:5)
2026-10-04T20:37:36.1655891Z       at finishConcurrentRender (../../node_modules/react-dom/cjs/react-dom.development.js:26020:9)
2026-10-04T20:37:36.1657254Z       at performConcurrentWorkOnRoot (../../node_modules/react-dom/cjs/react-dom.development.js:25848:7)
2026-10-04T20:37:36.1658454Z       at flushActQueue (../../node_modules/react/cjs/react.development.js:2667:24)
2026-10-04T20:37:36.1659405Z       at act (../../node_modules/react/cjs/react.development.js:2582:11)
2026-10-04T20:37:36.1660266Z       at ../../node_modules/@testing-library/react/dist/act-compat.js:47:25
2026-10-04T20:37:36.1661247Z       at renderRoot (../../node_modules/@testing-library/react/dist/pure.js:180:26)
2026-10-04T20:37:36.1662456Z       at render (../../node_modules/@testing-library/react/dist/pure.js:271:10)
2026-10-04T20:37:36.1663442Z       at Object.<anonymous> (test/unit/util/project-saver-hoc.test.jsx:335:34)
2026-10-04T20:37:36.1664012Z 
2026-10-04T20:37:36.1664170Z     console.log
2026-10-04T20:37:36.1665966Z       2026-10-04 20:37:35.835	WARN		scratch-vm	Central dispatch replacing existing service provider for runtime
2026-10-04T20:37:36.1667056Z 
2026-10-04T20:37:36.1667856Z       at Object.c [as transportFormatted] (../scratch-vm/dist/web/webpack:/VirtualMachine/webpack/universalModuleDefinition:1:1)
2026-10-04T20:37:36.1668737Z 
2026-10-04T20:37:36.1668899Z     console.log
2026-10-04T20:37:36.1670543Z       2026-10-04 20:37:35.835	WARN		scratch-vm	Central dispatch replacing existing service provider for extensions
2026-10-04T20:37:36.1671878Z 
2026-10-04T20:37:36.1672697Z       at Object.c [as transportFormatted] (../scratch-vm/dist/web/webpack:/VirtualMachine/webpack/universalModuleDefinition:1:1)
2026-10-04T20:37:36.1673551Z 
2026-10-04T20:37:36.1673706Z     console.warn
2026-10-04T20:37:36.1674884Z       Warning: componentWillMount has been renamed, and is not recommended for use. See https://reactjs.org/link/unsafe-component-lifecycles for details.
2026-10-04T20:37:36.1676058Z       
2026-10-04T20:37:36.1676823Z       * Move code with side effects to componentDidMount, and set initial state in the constructor.
2026-10-04T20:37:36.1679521Z       * Rename componentWillMount to UNSAFE_componentWillMount to suppress this warning in non-strict mode. In React 18.x, only the UNSAFE_ name will work. To rename all deprecated lifecycles to their new names, you can run `npx react-codemod rename-unsafe-lifecycles` in your project source folder.
2026-10-04T20:37:36.1681778Z       
2026-10-04T20:37:36.1682376Z       Please update the following components: ProjectSaverComponent
2026-10-04T20:37:36.1682855Z 
2026-10-04T20:37:36.1683656Z       370 |         // The first wrapper is redux's Connect HOC
2026-10-04T20:37:36.1685401Z       371 |         WrappedComponent.WrappedComponent.prototype.storeProject = mockedStoreProject;
2026-10-04T20:37:36.1687080Z     > 372 |         const {rerender} = render(
2026-10-04T20:37:36.1688071Z           |                                  ^
2026-10-04T20:37:36.1688939Z       373 |             <WrappedComponent
2026-10-04T20:37:36.1689717Z       374 |                 canSave
2026-10-04T20:37:36.1690426Z       375 |                 isUpdating
2026-10-04T20:37:36.1690811Z 
2026-10-04T20:37:36.1691319Z       at printWarning (../../node_modules/react-dom/cjs/react-dom.development.js:86:30)
2026-10-04T20:37:36.1696063Z       at warn (../../node_modules/react-dom/cjs/react-dom.development.js:49:7)
2026-10-04T20:37:36.1697726Z       at Object.<anonymous>.ReactStrictModeWarnings.flushPendingUnsafeLifecycleWarnings (../../node_modules/react-dom/cjs/react-dom.development.js:12906:7)
2026-10-04T20:37:36.1699633Z       at flushRenderPhaseStrictModeWarningsInDEV (../../node_modules/react-dom/cjs/react-dom.development.js:27349:31)
2026-10-04T20:37:36.1701011Z       at commitRootImpl (../../node_modules/react-dom/cjs/react-dom.development.js:26741:3)
2026-10-04T20:37:36.1702418Z       at commitRoot (../../node_modules/react-dom/cjs/react-dom.development.js:26721:5)
2026-10-04T20:37:36.1703615Z       at finishConcurrentRender (../../node_modules/react-dom/cjs/react-dom.development.js:26020:9)
2026-10-04T20:37:36.1704968Z       at performConcurrentWorkOnRoot (../../node_modules/react-dom/cjs/react-dom.development.js:25848:7)
2026-10-04T20:37:36.1706157Z       at flushActQueue (../../node_modules/react/cjs/react.development.js:2667:24)
2026-10-04T20:37:36.1707133Z       at act (../../node_modules/react/cjs/react.development.js:2582:11)
2026-10-04T20:37:36.1708045Z       at ../../node_modules/@testing-library/react/dist/act-compat.js:47:25
2026-10-04T20:37:36.1709318Z       at renderRoot (../../node_modules/@testing-library/react/dist/pure.js:180:26)
2026-10-04T20:37:36.1710545Z       at render (../../node_modules/@testing-library/react/dist/pure.js:271:10)
2026-10-04T20:37:36.1711726Z       at Object.<anonymous> (test/unit/util/project-saver-hoc.test.jsx:372:34)
2026-10-04T20:37:36.1712272Z 
2026-10-04T20:37:36.1712430Z     console.log
2026-10-04T20:37:36.1714013Z       2026-10-04 20:37:35.843	WARN		scratch-vm	Central dispatch replacing existing service provider for runtime
2026-10-04T20:37:36.1715069Z 
2026-10-04T20:37:36.1715910Z       at Object.c [as transportFormatted] (../scratch-vm/dist/web/webpack:/VirtualMachine/webpack/universalModuleDefinition:1:1)
2026-10-04T20:37:36.1716781Z 
2026-10-04T20:37:36.1716951Z     console.log
2026-10-04T20:37:36.1718576Z       2026-10-04 20:37:35.843	WARN		scratch-vm	Central dispatch replacing existing service provider for extensions
2026-10-04T20:37:36.1719684Z 
2026-10-04T20:37:36.1720510Z       at Object.c [as transportFormatted] (../scratch-vm/dist/web/webpack:/VirtualMachine/webpack/universalModuleDefinition:1:1)
2026-10-04T20:37:36.1721392Z 
2026-10-04T20:37:36.1721753Z     console.warn
2026-10-04T20:37:36.1722968Z       Warning: componentWillMount has been renamed, and is not recommended for use. See https://reactjs.org/link/unsafe-component-lifecycles for details.
2026-10-04T20:37:36.1724104Z       
2026-10-04T20:37:36.1724900Z       * Move code with side effects to componentDidMount, and set initial state in the constructor.
2026-10-04T20:37:36.1727543Z       * Rename componentWillMount to UNSAFE_componentWillMount to suppress this warning in non-strict mode. In React 18.x, only the UNSAFE_ name will work. To rename all deprecated lifecycles to their new names, you can run `npx react-codemod rename-unsafe-lifecycles` in your project source folder.
2026-10-04T20:37:36.1729949Z       
2026-10-04T20:37:36.1730530Z       Please update the following components: ProjectSaverComponent
2026-10-04T20:37:36.1731010Z 
2026-10-04T20:37:36.1732845Z       406 |         const Component = () => <div />;
2026-10-04T20:37:36.1734581Z       407 |         const WrappedComponent = projectSaverHOC(Component);
2026-10-04T20:37:36.1735922Z     > 408 |         const {rerender} = render(
2026-10-04T20:37:36.1736851Z           |                                  ^
2026-10-04T20:37:36.1737696Z       409 |             <WrappedComponent
2026-10-04T20:37:36.1738426Z       410 |                 canSave
2026-10-04T20:37:36.1739132Z       411 |                 isShowingWithoutId
2026-10-04T20:37:36.1739530Z 
2026-10-04T20:37:36.1740028Z       at printWarning (../../node_modules/react-dom/cjs/react-dom.development.js:86:30)
2026-10-04T20:37:36.1741013Z       at warn (../../node_modules/react-dom/cjs/react-dom.development.js:49:7)
2026-10-04T20:37:36.1742968Z       at Object.<anonymous>.ReactStrictModeWarnings.flushPendingUnsafeLifecycleWarnings (../../node_modules/react-dom/cjs/react-dom.development.js:12906:7)
2026-10-04T20:37:36.1749429Z       at flushRenderPhaseStrictModeWarningsInDEV (../../node_modules/react-dom/cjs/react-dom.development.js:27349:31)
2026-10-04T20:37:36.1750921Z       at commitRootImpl (../../node_modules/react-dom/cjs/react-dom.development.js:26741:3)
2026-10-04T20:37:36.1752337Z       at commitRoot (../../node_modules/react-dom/cjs/react-dom.development.js:26721:5)
2026-10-04T20:37:36.1753562Z       at finishConcurrentRender (../../node_modules/react-dom/cjs/react-dom.development.js:26020:9)
2026-10-04T20:37:36.1754938Z       at performConcurrentWorkOnRoot (../../node_modules/react-dom/cjs/react-dom.development.js:25848:7)
2026-10-04T20:37:36.1756149Z       at flushActQueue (../../node_modules/react/cjs/react.development.js:2667:24)
2026-10-04T20:37:36.1757358Z       at act (../../node_modules/react/cjs/react.development.js:2582:11)
2026-10-04T20:37:36.1758240Z       at ../../node_modules/@testing-library/react/dist/act-compat.js:47:25
2026-10-04T20:37:36.1759189Z       at renderRoot (../../node_modules/@testing-library/react/dist/pure.js:180:26)
2026-10-04T20:37:36.1760134Z       at render (../../node_modules/@testing-library/react/dist/pure.js:271:10)
2026-10-04T20:37:36.1761114Z       at Object.<anonymous> (test/unit/util/project-saver-hoc.test.jsx:408:34)
2026-10-04T20:37:36.1761882Z 
2026-10-04T20:37:36.1762048Z     console.log
2026-10-04T20:37:36.1764363Z       2026-10-04 20:37:35.851	ERROR	~/work/scratch-editor/scratch-editor/packages/scratch-gui/src/lib/project-saver-hoc.jsx:287	scratch-gui	
2026-10-04T20:37:36.1766396Z        Error  Project host not set
2026-10-04T20:37:36.1767078Z       error stack:
2026-10-04T20:37:36.1767687Z         • legacy-storage.ts	
2026-10-04T20:37:36.1769057Z       	~/work/scratch-editor/scratch-editor/packages/scratch-gui/src/lib/legacy-storage.ts:88
2026-10-04T20:37:36.1770273Z         • project-saver-hoc.jsx	
2026-10-04T20:37:36.1771866Z       	~/work/scratch-editor/scratch-editor/packages/scratch-gui/src/lib/project-saver-hoc.jsx:248
2026-10-04T20:37:36.1773133Z         • project-saver-hoc.jsx	
2026-10-04T20:37:36.1774513Z       	~/work/scratch-editor/scratch-editor/packages/scratch-gui/src/lib/project-saver-hoc.jsx:268
2026-10-04T20:37:36.1776011Z         • task_queues	
2026-10-04T20:37:36.1776756Z       	/process/task_queues:104
2026-10-04T20:37:36.1777164Z 
2026-10-04T20:37:36.1777710Z       at Object.transportFormatted (../../node_modules/tslog/cjs/BaseLogger.js:115:13)
2026-10-04T20:37:36.1778335Z 
2026-10-04T20:37:36.1778490Z     console.log
2026-10-04T20:37:36.1780046Z       2026-10-04 20:37:35.851	WARN		scratch-vm	Central dispatch replacing existing service provider for runtime
2026-10-04T20:37:36.1781110Z 
2026-10-04T20:37:36.1782164Z       at Object.c [as transportFormatted] (../scratch-vm/dist/web/webpack:/VirtualMachine/webpack/universalModuleDefinition:1:1)
2026-10-04T20:37:36.1783036Z 
2026-10-04T20:37:36.1783197Z     console.log
2026-10-04T20:37:36.1784813Z       2026-10-04 20:37:35.851	WARN		scratch-vm	Central dispatch replacing existing service provider for extensions
2026-10-04T20:37:36.1785969Z 
2026-10-04T20:37:36.1786813Z       at Object.c [as transportFormatted] (../scratch-vm/dist/web/webpack:/VirtualMachine/webpack/universalModuleDefinition:1:1)
2026-10-04T20:37:36.1787755Z 
2026-10-04T20:37:36.1787915Z     console.warn
2026-10-04T20:37:36.1789161Z       Warning: componentWillMount has been renamed, and is not recommended for use. See https://reactjs.org/link/unsafe-component-lifecycles for details.
2026-10-04T20:37:36.1790332Z       
2026-10-04T20:37:36.1794615Z       * Move code with side effects to componentDidMount, and set initial state in the constructor.
2026-10-04T20:37:36.1797415Z       * Rename componentWillMount to UNSAFE_componentWillMount to suppress this warning in non-strict mode. In React 18.x, only the UNSAFE_ name will work. To rename all deprecated lifecycles to their new names, you can run `npx react-codemod rename-unsafe-lifecycles` in your project source folder.
2026-10-04T20:37:36.1799423Z       
2026-10-04T20:37:36.1800035Z       Please update the following components: ProjectSaverComponent
2026-10-04T20:37:36.1800567Z 
2026-10-04T20:37:36.1802033Z       443 |         const WrappedComponent = projectSaverHOC(Component);
2026-10-04T20:37:36.1803949Z       444 |         const mockedAutoUpdate = jest.fn(() => Promise.resolve());
2026-10-04T20:37:36.1805422Z     > 445 |         const {rerender} = render(
2026-10-04T20:37:36.1806367Z           |                                  ^
2026-10-04T20:37:36.1807214Z       446 |             <WrappedComponent
2026-10-04T20:37:36.1807930Z       447 |                 canSave
2026-10-04T20:37:36.1808653Z       448 |                 isShowingSaveable
2026-10-04T20:37:36.1809045Z 
2026-10-04T20:37:36.1809545Z       at printWarning (../../node_modules/react-dom/cjs/react-dom.development.js:86:30)
2026-10-04T20:37:36.1810527Z       at warn (../../node_modules/react-dom/cjs/react-dom.development.js:49:7)
2026-10-04T20:37:36.1812338Z       at Object.<anonymous>.ReactStrictModeWarnings.flushPendingUnsafeLifecycleWarnings (../../node_modules/react-dom/cjs/react-dom.development.js:12906:7)
2026-10-04T20:37:36.1814184Z       at flushRenderPhaseStrictModeWarningsInDEV (../../node_modules/react-dom/cjs/react-dom.development.js:27349:31)
2026-10-04T20:37:36.1815494Z       at commitRootImpl (../../node_modules/react-dom/cjs/react-dom.development.js:26741:3)
2026-10-04T20:37:36.1816553Z       at commitRoot (../../node_modules/react-dom/cjs/react-dom.development.js:26721:5)
2026-10-04T20:37:36.1817688Z       at finishConcurrentRender (../../node_modules/react-dom/cjs/react-dom.development.js:26020:9)
2026-10-04T20:37:36.1819196Z       at performConcurrentWorkOnRoot (../../node_modules/react-dom/cjs/react-dom.development.js:25848:7)
2026-10-04T20:37:36.1820336Z       at flushActQueue (../../node_modules/react/cjs/react.development.js:2667:24)
2026-10-04T20:37:36.1821246Z       at act (../../node_modules/react/cjs/react.development.js:2582:11)
2026-10-04T20:37:36.1822311Z       at ../../node_modules/@testing-library/react/dist/act-compat.js:47:25
2026-10-04T20:37:36.1823249Z       at renderRoot (../../node_modules/@testing-library/react/dist/pure.js:180:26)
2026-10-04T20:37:36.1824182Z       at render (../../node_modules/@testing-library/react/dist/pure.js:271:10)
2026-10-04T20:37:36.1825124Z       at Object.<anonymous> (test/unit/util/project-saver-hoc.test.jsx:445:34)
2026-10-04T20:37:36.1825652Z 
2026-10-04T20:37:36.1825809Z     console.log
2026-10-04T20:37:36.1827350Z       2026-10-04 20:47:35.873	WARN		scratch-vm	Central dispatch replacing existing service provider for runtime
2026-10-04T20:37:36.1828481Z 
2026-10-04T20:37:36.1829291Z       at Object.c [as transportFormatted] (../scratch-vm/dist/web/webpack:/VirtualMachine/webpack/universalModuleDefinition:1:1)
2026-10-04T20:37:36.1830133Z 
2026-10-04T20:37:36.1830284Z     console.log
2026-10-04T20:37:36.1832013Z       2026-10-04 20:47:35.873	WARN		scratch-vm	Central dispatch replacing existing service provider for extensions
2026-10-04T20:37:36.1833087Z 
2026-10-04T20:37:36.1833886Z       at Object.c [as transportFormatted] (../scratch-vm/dist/web/webpack:/VirtualMachine/webpack/universalModuleDefinition:1:1)
2026-10-04T20:37:36.1834720Z 
2026-10-04T20:37:36.1834876Z     console.warn
2026-10-04T20:37:36.1836061Z       Warning: componentWillMount has been renamed, and is not recommended for use. See https://reactjs.org/link/unsafe-component-lifecycles for details.
2026-10-04T20:37:36.1837175Z       
2026-10-04T20:37:36.1837923Z       * Move code with side effects to componentDidMount, and set initial state in the constructor.
2026-10-04T20:37:36.1840725Z       * Rename componentWillMount to UNSAFE_componentWillMount to suppress this warning in non-strict mode. In React 18.x, only the UNSAFE_ name will work. To rename all deprecated lifecycles to their new names, you can run `npx react-codemod rename-unsafe-lifecycles` in your project source folder.
2026-10-04T20:37:36.1842860Z       
2026-10-04T20:37:36.1843432Z       Please update the following components: ProjectSaverComponent
2026-10-04T20:37:36.1843917Z 
2026-10-04T20:37:36.1844845Z       475 |         const WrappedComponent = projectSaverHOC(Component);
2026-10-04T20:37:36.1846675Z       476 |         const mockedAutoUpdate = jest.fn(() => Promise.resolve());
2026-10-04T20:37:36.1848184Z     > 477 |         const {rerender} = render(
2026-10-04T20:37:36.1849184Z           |                                  ^
2026-10-04T20:37:36.1850093Z       478 |             <WrappedComponent
2026-10-04T20:37:36.1850858Z       479 |                 canSave
2026-10-04T20:37:36.1851848Z       480 |                 isShowingSaveable
2026-10-04T20:37:36.1852272Z 
2026-10-04T20:37:36.1852775Z       at printWarning (../../node_modules/react-dom/cjs/react-dom.development.js:86:30)
2026-10-04T20:37:36.1853830Z       at warn (../../node_modules/react-dom/cjs/react-dom.development.js:49:7)
2026-10-04T20:37:36.1855476Z       at Object.<anonymous>.ReactStrictModeWarnings.flushPendingUnsafeLifecycleWarnings (../../node_modules/react-dom/cjs/react-dom.development.js:12906:7)
2026-10-04T20:37:36.1858639Z       at flushRenderPhaseStrictModeWarningsInDEV (../../node_modules/react-dom/cjs/react-dom.development.js:27349:31)
2026-10-04T20:37:36.1860272Z       at commitRootImpl (../../node_modules/react-dom/cjs/react-dom.development.js:26741:3)
2026-10-04T20:37:36.1861379Z       at commitRoot (../../node_modules/react-dom/cjs/react-dom.development.js:26721:5)
2026-10-04T20:37:36.1862804Z       at finishConcurrentRender (../../node_modules/react-dom/cjs/react-dom.development.js:26020:9)
2026-10-04T20:37:36.1864116Z       at performConcurrentWorkOnRoot (../../node_modules/react-dom/cjs/react-dom.development.js:25848:7)
2026-10-04T20:37:36.1865269Z       at flushActQueue (../../node_modules/react/cjs/react.development.js:2667:24)
2026-10-04T20:37:36.1866185Z       at act (../../node_modules/react/cjs/react.development.js:2582:11)
2026-10-04T20:37:36.1867056Z       at ../../node_modules/@testing-library/react/dist/act-compat.js:47:25
2026-10-04T20:37:36.1867993Z       at renderRoot (../../node_modules/@testing-library/react/dist/pure.js:180:26)
2026-10-04T20:37:36.1868935Z       at render (../../node_modules/@testing-library/react/dist/pure.js:271:10)
2026-10-04T20:37:36.1869892Z       at Object.<anonymous> (test/unit/util/project-saver-hoc.test.jsx:477:34)
2026-10-04T20:37:36.1870431Z 
2026-10-04T20:37:36.1870579Z     console.log
2026-10-04T20:37:36.1872362Z       2026-10-04 20:47:35.884	WARN		scratch-vm	Central dispatch replacing existing service provider for runtime
2026-10-04T20:37:36.1873431Z 
2026-10-04T20:37:36.1874250Z       at Object.c [as transportFormatted] (../scratch-vm/dist/web/webpack:/VirtualMachine/webpack/universalModuleDefinition:1:1)
2026-10-04T20:37:36.1875103Z 
2026-10-04T20:37:36.1875249Z     console.log
2026-10-04T20:37:36.1876789Z       2026-10-04 20:47:35.884	WARN		scratch-vm	Central dispatch replacing existing service provider for extensions
2026-10-04T20:37:36.1877866Z 
2026-10-04T20:37:36.1878670Z       at Object.c [as transportFormatted] (../scratch-vm/dist/web/webpack:/VirtualMachine/webpack/universalModuleDefinition:1:1)
2026-10-04T20:37:36.1879528Z 
2026-10-04T20:37:36.1879680Z     console.warn
2026-10-04T20:37:36.1880861Z       Warning: componentWillMount has been renamed, and is not recommended for use. See https://reactjs.org/link/unsafe-component-lifecycles for details.
2026-10-04T20:37:36.1882450Z       
2026-10-04T20:37:36.1883220Z       * Move code with side effects to componentDidMount, and set initial state in the constructor.
2026-10-04T20:37:36.1885818Z       * Rename componentWillMount to UNSAFE_componentWillMount to suppress this warning in non-strict mode. In React 18.x, only the UNSAFE_ name will work. To rename all deprecated lifecycles to their new names, you can run `npx react-codemod rename-unsafe-lifecycles` in your project source folder.
2026-10-04T20:37:36.1887786Z       
2026-10-04T20:37:36.1888345Z       Please update the following components: ProjectSaverComponent
2026-10-04T20:37:36.1888835Z 
2026-10-04T20:37:36.1889751Z       534 |         const WrappedComponent = projectSaverHOC(Component);
2026-10-04T20:37:36.1891819Z       535 |         const mockedAutoUpdate = jest.fn(() => Promise.resolve());
2026-10-04T20:37:36.1893247Z     > 536 |         const {rerender} = render(
2026-10-04T20:37:36.1894183Z           |                                  ^
2026-10-04T20:37:36.1895029Z       537 |             <WrappedComponent
2026-10-04T20:37:36.1895740Z       538 |                 canSave
2026-10-04T20:37:36.1896435Z       539 |                 isShowingSaveable
2026-10-04T20:37:36.1896818Z 
2026-10-04T20:37:36.1897298Z       at printWarning (../../node_modules/react-dom/cjs/react-dom.development.js:86:30)
2026-10-04T20:37:36.1898534Z       at warn (../../node_modules/react-dom/cjs/react-dom.development.js:49:7)
2026-10-04T20:37:36.1900227Z       at Object.<anonymous>.ReactStrictModeWarnings.flushPendingUnsafeLifecycleWarnings (../../node_modules/react-dom/cjs/react-dom.development.js:12906:7)
2026-10-04T20:37:36.1916515Z       at flushRenderPhaseStrictModeWarningsInDEV (../../node_modules/react-dom/cjs/react-dom.development.js:27349:31)
2026-10-04T20:37:36.1918010Z       at commitRootImpl (../../node_modules/react-dom/cjs/react-dom.development.js:26741:3)
2026-10-04T20:37:36.1919145Z       at commitRoot (../../node_modules/react-dom/cjs/react-dom.development.js:26721:5)
2026-10-04T20:37:36.1923390Z       at finishConcurrentRender (../../node_modules/react-dom/cjs/react-dom.development.js:26020:9)
2026-10-04T20:37:36.1924833Z       at performConcurrentWorkOnRoot (../../node_modules/react-dom/cjs/react-dom.development.js:25848:7)
2026-10-04T20:37:36.1926051Z       at flushActQueue (../../node_modules/react/cjs/react.development.js:2667:24)
2026-10-04T20:37:36.1927046Z       at act (../../node_modules/react/cjs/react.development.js:2582:11)
2026-10-04T20:37:36.1927953Z       at ../../node_modules/@testing-library/react/dist/act-compat.js:47:25
2026-10-04T20:37:36.1929033Z       at renderRoot (../../node_modules/@testing-library/react/dist/pure.js:180:26)
2026-10-04T20:37:36.1930031Z       at render (../../node_modules/@testing-library/react/dist/pure.js:271:10)
2026-10-04T20:37:36.1931028Z       at Object.<anonymous> (test/unit/util/project-saver-hoc.test.jsx:536:34)
2026-10-04T20:37:36.1931853Z 
2026-10-04T20:37:36.1932026Z     console.log
2026-10-04T20:37:36.1933682Z       2026-10-04 20:37:35.892	WARN		scratch-vm	Central dispatch replacing existing service provider for runtime
2026-10-04T20:37:36.1934808Z 
2026-10-04T20:37:36.1935638Z       at Object.c [as transportFormatted] (../scratch-vm/dist/web/webpack:/VirtualMachine/webpack/universalModuleDefinition:1:1)
2026-10-04T20:37:36.1936561Z 
2026-10-04T20:37:36.1936723Z     console.log
2026-10-04T20:37:36.1946778Z       2026-10-04 20:37:35.892	WARN		scratch-vm	Central dispatch replacing existing service provider for extensions
2026-10-04T20:37:36.1947942Z 
2026-10-04T20:37:36.1949157Z       at Object.c [as transportFormatted] (../scratch-vm/dist/web/webpack:/VirtualMachine/webpack/universalModuleDefinition:1:1)
2026-10-04T20:37:36.1950060Z 
2026-10-04T20:37:36.1950230Z     console.warn
2026-10-04T20:37:36.1953244Z       Warning: componentWillMount has been renamed, and is not recommended for use. See https://reactjs.org/link/unsafe-component-lifecycles for details.
2026-10-04T20:37:36.1954434Z       
2026-10-04T20:37:36.1957872Z       * Move code with side effects to componentDidMount, and set initial state in the constructor.
2026-10-04T20:37:36.1962396Z       * Rename componentWillMount to UNSAFE_componentWillMount to suppress this warning in non-strict mode. In React 18.x, only the UNSAFE_ name will work. To rename all deprecated lifecycles to their new names, you can run `npx react-codemod rename-unsafe-lifecycles` in your project source folder.
2026-10-04T20:37:36.1964505Z       
2026-10-04T20:37:36.1965108Z       Please update the following components: ProjectSaverComponent
2026-10-04T20:37:36.1965616Z 
2026-10-04T20:37:36.1966657Z       568 |         const WrappedComponent = projectSaverHOC(Component);
2026-10-04T20:37:36.1969719Z       569 |         WrappedComponent.WrappedComponent.prototype.storeProject = mockedStoreProject;
2026-10-04T20:37:36.1971437Z     > 570 |         const {rerender} = render(
2026-10-04T20:37:36.1972748Z           |                                  ^
2026-10-04T20:37:36.1973924Z       571 |             <WrappedComponent
2026-10-04T20:37:36.1974862Z       572 |                 isRemixing={false}
2026-10-04T20:37:36.1975990Z       573 |                 store={store}
2026-10-04T20:37:36.1976439Z 
2026-10-04T20:37:36.1976962Z       at printWarning (../../node_modules/react-dom/cjs/react-dom.development.js:86:30)
2026-10-04T20:37:36.1978027Z       at warn (../../node_modules/react-dom/cjs/react-dom.development.js:49:7)
2026-10-04T20:37:36.1979622Z       at Object.<anonymous>.ReactStrictModeWarnings.flushPendingUnsafeLifecycleWarnings (../../node_modules/react-dom/cjs/react-dom.development.js:12906:7)
2026-10-04T20:37:36.1984193Z       at flushRenderPhaseStrictModeWarningsInDEV (../../node_modules/react-dom/cjs/react-dom.development.js:27349:31)
2026-10-04T20:37:36.1985597Z       at commitRootImpl (../../node_modules/react-dom/cjs/react-dom.development.js:26741:3)
2026-10-04T20:37:36.1986734Z       at commitRoot (../../node_modules/react-dom/cjs/react-dom.development.js:26721:5)
2026-10-04T20:37:36.1987976Z       at finishConcurrentRender (../../node_modules/react-dom/cjs/react-dom.development.js:26020:9)
2026-10-04T20:37:36.1989334Z       at performConcurrentWorkOnRoot (../../node_modules/react-dom/cjs/react-dom.development.js:25848:7)
2026-10-04T20:37:36.1990585Z       at flushActQueue (../../node_modules/react/cjs/react.development.js:2667:24)
2026-10-04T20:37:36.1991782Z       at act (../../node_modules/react/cjs/react.development.js:2582:11)
2026-10-04T20:37:36.1992674Z       at ../../node_modules/@testing-library/react/dist/act-compat.js:47:25
2026-10-04T20:37:36.1993630Z       at renderRoot (../../node_modules/@testing-library/react/dist/pure.js:180:26)
2026-10-04T20:37:36.1994559Z       at render (../../node_modules/@testing-library/react/dist/pure.js:271:10)
2026-10-04T20:37:36.1995544Z       at Object.<anonymous> (test/unit/util/project-saver-hoc.test.jsx:570:34)
2026-10-04T20:37:36.1996127Z 
2026-10-04T20:37:36.1996293Z     console.log
2026-10-04T20:37:36.1997920Z       2026-10-04 20:37:35.898	WARN		scratch-vm	Central dispatch replacing existing service provider for runtime
2026-10-04T20:37:36.1998984Z 
2026-10-04T20:37:36.2000095Z       at Object.c [as transportFormatted] (../scratch-vm/dist/web/webpack:/VirtualMachine/webpack/universalModuleDefinition:1:1)
2026-10-04T20:37:36.2000991Z 
2026-10-04T20:37:36.2001162Z     console.log
2026-10-04T20:37:36.2003026Z       2026-10-04 20:37:35.898	WARN		scratch-vm	Central dispatch replacing existing service provider for extensions
2026-10-04T20:37:36.2004091Z 
2026-10-04T20:37:36.2004905Z       at Object.c [as transportFormatted] (../scratch-vm/dist/web/webpack:/VirtualMachine/webpack/universalModuleDefinition:1:1)
2026-10-04T20:37:36.2005740Z 
2026-10-04T20:37:36.2005893Z     console.warn
2026-10-04T20:37:36.2007095Z       Warning: componentWillMount has been renamed, and is not recommended for use. See https://reactjs.org/link/unsafe-component-lifecycles for details.
2026-10-04T20:37:36.2008225Z       
2026-10-04T20:37:36.2009009Z       * Move code with side effects to componentDidMount, and set initial state in the constructor.
2026-10-04T20:37:36.2011909Z       * Rename componentWillMount to UNSAFE_componentWillMount to suppress this warning in non-strict mode. In React 18.x, only the UNSAFE_ name will work. To rename all deprecated lifecycles to their new names, you can run `npx react-codemod rename-unsafe-lifecycles` in your project source folder.
2026-10-04T20:37:36.2013958Z       
2026-10-04T20:37:36.2014558Z       Please update the following components: ProjectSaverComponent
2026-10-04T20:37:36.2015061Z 
2026-10-04T20:37:36.2016025Z       593 |         const WrappedComponent = projectSaverHOC(Component);
2026-10-04T20:37:36.2018340Z       594 |         WrappedComponent.WrappedComponent.prototype.storeProject = mockedStoreProject;
2026-10-04T20:37:36.2019975Z     > 595 |         const {rerender} = render(
2026-10-04T20:37:36.2020980Z           |                                  ^
2026-10-04T20:37:36.2022091Z       596 |             <WrappedComponent
2026-10-04T20:37:36.2022873Z       597 |                 isRemixing
2026-10-04T20:37:36.2027294Z       598 |                 store={store}
2026-10-04T20:37:36.2027735Z 
2026-10-04T20:37:36.2028274Z       at printWarning (../../node_modules/react-dom/cjs/react-dom.development.js:86:30)
2026-10-04T20:37:36.2029442Z       at warn (../../node_modules/react-dom/cjs/react-dom.development.js:49:7)
2026-10-04T20:37:36.2031116Z       at Object.<anonymous>.ReactStrictModeWarnings.flushPendingUnsafeLifecycleWarnings (../../node_modules/react-dom/cjs/react-dom.development.js:12906:7)
2026-10-04T20:37:36.2033325Z       at flushRenderPhaseStrictModeWarningsInDEV (../../node_modules/react-dom/cjs/react-dom.development.js:27349:31)
2026-10-04T20:37:36.2034729Z       at commitRootImpl (../../node_modules/react-dom/cjs/react-dom.development.js:26741:3)
2026-10-04T20:37:36.2035890Z       at commitRoot (../../node_modules/react-dom/cjs/react-dom.development.js:26721:5)
2026-10-04T20:37:36.2037035Z       at finishConcurrentRender (../../node_modules/react-dom/cjs/react-dom.development.js:26020:9)
2026-10-04T20:37:36.2038391Z       at performConcurrentWorkOnRoot (../../node_modules/react-dom/cjs/react-dom.development.js:25848:7)
2026-10-04T20:37:36.2039602Z       at flushActQueue (../../node_modules/react/cjs/react.development.js:2667:24)
2026-10-04T20:37:36.2040599Z       at act (../../node_modules/react/cjs/react.development.js:2582:11)
2026-10-04T20:37:36.2041671Z       at ../../node_modules/@testing-library/react/dist/act-compat.js:47:25
2026-10-04T20:37:36.2042613Z       at renderRoot (../../node_modules/@testing-library/react/dist/pure.js:180:26)
2026-10-04T20:37:36.2043533Z       at render (../../node_modules/@testing-library/react/dist/pure.js:271:10)
2026-10-04T20:37:36.2044671Z       at Object.<anonymous> (test/unit/util/project-saver-hoc.test.jsx:595:34)
2026-10-04T20:37:36.2045236Z 
2026-10-04T20:37:36.2045409Z     console.log
2026-10-04T20:37:36.2047010Z       2026-10-04 20:37:35.906	WARN		scratch-vm	Central dispatch replacing existing service provider for runtime
2026-10-04T20:37:36.2048113Z 
2026-10-04T20:37:36.2048959Z       at Object.c [as transportFormatted] (../scratch-vm/dist/web/webpack:/VirtualMachine/webpack/universalModuleDefinition:1:1)
2026-10-04T20:37:36.2049838Z 
2026-10-04T20:37:36.2050000Z     console.log
2026-10-04T20:37:36.2051856Z       2026-10-04 20:37:35.906	WARN		scratch-vm	Central dispatch replacing existing service provider for extensions
2026-10-04T20:37:36.2053010Z 
2026-10-04T20:37:36.2053847Z       at Object.c [as transportFormatted] (../scratch-vm/dist/web/webpack:/VirtualMachine/webpack/universalModuleDefinition:1:1)
2026-10-04T20:37:36.2054728Z 
2026-10-04T20:37:36.2054906Z     console.warn
2026-10-04T20:37:36.2056168Z       Warning: componentWillMount has been renamed, and is not recommended for use. See https://reactjs.org/link/unsafe-component-lifecycles for details.
2026-10-04T20:37:36.2057382Z       
2026-10-04T20:37:36.2058176Z       * Move code with side effects to componentDidMount, and set initial state in the constructor.
2026-10-04T20:37:36.2064251Z       * Rename componentWillMount to UNSAFE_componentWillMount to suppress this warning in non-strict mode. In React 18.x, only the UNSAFE_ name will work. To rename all deprecated lifecycles to their new names, you can run `npx react-codemod rename-unsafe-lifecycles` in your project source folder.
2026-10-04T20:37:36.2066606Z       
2026-10-04T20:37:36.2067223Z       Please update the following components: ProjectSaverComponent
2026-10-04T20:37:36.2067748Z 
2026-10-04T20:37:36.2068763Z       621 |         const WrappedComponent = projectSaverHOC(Component);
2026-10-04T20:37:36.2070209Z       622 |         const setThumb = jest.fn();
2026-10-04T20:37:36.2071758Z     > 623 |         const {container, unmount} = render(
2026-10-04T20:37:36.2072929Z           |                                            ^
2026-10-04T20:37:36.2073845Z       624 |             <WrappedComponent
2026-10-04T20:37:36.2074691Z       625 |                 store={store}
2026-10-04T20:37:36.2075492Z       626 |                 vm={vm}
2026-10-04T20:37:36.2075902Z 
2026-10-04T20:37:36.2076413Z       at printWarning (../../node_modules/react-dom/cjs/react-dom.development.js:86:30)
2026-10-04T20:37:36.2077436Z       at warn (../../node_modules/react-dom/cjs/react-dom.development.js:49:7)
2026-10-04T20:37:36.2079085Z       at Object.<anonymous>.ReactStrictModeWarnings.flushPendingUnsafeLifecycleWarnings (../../node_modules/react-dom/cjs/react-dom.development.js:12906:7)
2026-10-04T20:37:36.2080997Z       at flushRenderPhaseStrictModeWarningsInDEV (../../node_modules/react-dom/cjs/react-dom.development.js:27349:31)
2026-10-04T20:37:36.2082607Z       at commitRootImpl (../../node_modules/react-dom/cjs/react-dom.development.js:26741:3)
2026-10-04T20:37:36.2083749Z       at commitRoot (../../node_modules/react-dom/cjs/react-dom.development.js:26721:5)
2026-10-04T20:37:36.2084960Z       at finishConcurrentRender (../../node_modules/react-dom/cjs/react-dom.development.js:26020:9)
2026-10-04T20:37:36.2086341Z       at performConcurrentWorkOnRoot (../../node_modules/react-dom/cjs/react-dom.development.js:25848:7)
2026-10-04T20:37:36.2087521Z       at flushActQueue (../../node_modules/react/cjs/react.development.js:2667:24)
2026-10-04T20:37:36.2088488Z       at act (../../node_modules/react/cjs/react.development.js:2582:11)
2026-10-04T20:37:36.2089586Z       at ../../node_modules/@testing-library/react/dist/act-compat.js:47:25
2026-10-04T20:37:36.2090618Z       at renderRoot (../../node_modules/@testing-library/react/dist/pure.js:180:26)
2026-10-04T20:37:36.2091802Z       at render (../../node_modules/@testing-library/react/dist/pure.js:271:10)
2026-10-04T20:37:36.2092765Z       at Object.<anonymous> (test/unit/util/project-saver-hoc.test.jsx:623:44)
2026-10-04T20:37:36.2093328Z 
2026-10-04T20:37:36.2093493Z     console.log
2026-10-04T20:37:36.2095107Z       2026-10-04 20:37:35.912	WARN		scratch-vm	Central dispatch replacing existing service provider for runtime
2026-10-04T20:37:36.2096220Z 
2026-10-04T20:37:36.2097050Z       at Object.c [as transportFormatted] (../scratch-vm/dist/web/webpack:/VirtualMachine/webpack/universalModuleDefinition:1:1)
2026-10-04T20:37:36.2097935Z 
2026-10-04T20:37:36.2098103Z     console.log
2026-10-04T20:37:36.2099706Z       2026-10-04 20:37:35.912	WARN		scratch-vm	Central dispatch replacing existing service provider for extensions
2026-10-04T20:37:36.2100820Z 
2026-10-04T20:37:36.2101854Z       at Object.c [as transportFormatted] (../scratch-vm/dist/web/webpack:/VirtualMachine/webpack/universalModuleDefinition:1:1)
2026-10-04T20:37:36.2102736Z 
2026-10-04T20:37:36.2102909Z     console.warn
2026-10-04T20:37:36.2104159Z       Warning: componentWillMount has been renamed, and is not recommended for use. See https://reactjs.org/link/unsafe-component-lifecycles for details.
2026-10-04T20:37:36.2105576Z       
2026-10-04T20:37:36.2106365Z       * Move code with side effects to componentDidMount, and set initial state in the constructor.
2026-10-04T20:37:36.2109088Z       * Rename componentWillMount to UNSAFE_componentWillMount to suppress this warning in non-strict mode. In React 18.x, only the UNSAFE_ name will work. To rename all deprecated lifecycles to their new names, you can run `npx react-codemod rename-unsafe-lifecycles` in your project source folder.
2026-10-04T20:37:36.2111065Z       
2026-10-04T20:37:36.2111851Z       Please update the following components: ProjectSaverComponent
2026-10-04T20:37:36.2112364Z 
2026-10-04T20:37:36.2113340Z       648 |         const WrappedComponent = projectSaverHOC(Component);
2026-10-04T20:37:36.2114740Z       649 |         const setSaver = jest.fn();
2026-10-04T20:37:36.2116028Z     > 650 |         const {container, unmount} = render(
2026-10-04T20:37:36.2117176Z           |                                            ^
2026-10-04T20:37:36.2118078Z       651 |             <WrappedComponent
2026-10-04T20:37:36.2118906Z       652 |                 store={store}
2026-10-04T20:37:36.2119704Z       653 |                 vm={vm}
2026-10-04T20:37:36.2120102Z 
2026-10-04T20:37:36.2120636Z       at printWarning (../../node_modules/react-dom/cjs/react-dom.development.js:86:30)
2026-10-04T20:37:36.2121847Z       at warn (../../node_modules/react-dom/cjs/react-dom.development.js:49:7)
2026-10-04T20:37:36.2123518Z       at Object.<anonymous>.ReactStrictModeWarnings.flushPendingUnsafeLifecycleWarnings (../../node_modules/react-dom/cjs/react-dom.development.js:12906:7)
2026-10-04T20:37:36.2125420Z       at flushRenderPhaseStrictModeWarningsInDEV (../../node_modules/react-dom/cjs/react-dom.development.js:27349:31)
2026-10-04T20:37:36.2126796Z       at commitRootImpl (../../node_modules/react-dom/cjs/react-dom.development.js:26741:3)
2026-10-04T20:37:36.2127902Z       at commitRoot (../../node_modules/react-dom/cjs/react-dom.development.js:26721:5)
2026-10-04T20:37:36.2129384Z       at finishConcurrentRender (../../node_modules/react-dom/cjs/react-dom.development.js:26020:9)
2026-10-04T20:37:36.2130690Z       at performConcurrentWorkOnRoot (../../node_modules/react-dom/cjs/react-dom.development.js:25848:7)
2026-10-04T20:37:36.2132214Z       at flushActQueue (../../node_modules/react/cjs/react.development.js:2667:24)
2026-10-04T20:37:36.2133206Z       at act (../../node_modules/react/cjs/react.development.js:2582:11)
2026-10-04T20:37:36.2134112Z       at ../../node_modules/@testing-library/react/dist/act-compat.js:47:25
2026-10-04T20:37:36.2135089Z       at renderRoot (../../node_modules/@testing-library/react/dist/pure.js:180:26)
2026-10-04T20:37:36.2136073Z       at render (../../node_modules/@testing-library/react/dist/pure.js:271:10)
2026-10-04T20:37:36.2137055Z       at Object.<anonymous> (test/unit/util/project-saver-hoc.test.jsx:650:44)
2026-10-04T20:37:36.2137574Z 
2026-10-04T20:37:36.5162229Z PASS test/unit/util/cloud-manager-hoc.test.jsx (11.577 s)
2026-10-04T20:37:36.5364838Z   ● Console
2026-10-04T20:37:36.5365191Z 
2026-10-04T20:37:36.5366687Z     console.log
2026-10-04T20:37:36.5369009Z       2026-10-04 20:37:34.347	WARN		scratch-vm	Central dispatch replacing existing service provider for runtime
2026-10-04T20:37:36.5370377Z 
2026-10-04T20:37:36.5371681Z       at Object.c [as transportFormatted] (../scratch-vm/dist/web/webpack:/VirtualMachine/webpack/universalModuleDefinition:1:1)
2026-10-04T20:37:36.5372797Z 
2026-10-04T20:37:36.5373178Z     console.log
2026-10-04T20:37:36.5376112Z       2026-10-04 20:37:36.331	WARN		scratch-vm	Central dispatch replacing existing service provider for extensions
2026-10-04T20:37:36.5377891Z 
2026-10-04T20:37:36.5378875Z       at Object.c [as transportFormatted] (../scratch-vm/dist/web/webpack:/VirtualMachine/webpack/universalModuleDefinition:1:1)
2026-10-04T20:37:36.5379924Z 
2026-10-04T20:37:36.5380205Z     console.log
2026-10-04T20:37:36.5382255Z       2026-10-04 20:37:36.338	WARN		scratch-vm	Central dispatch replacing existing service provider for runtime
2026-10-04T20:37:36.5383502Z 
2026-10-04T20:37:36.5384417Z       at Object.c [as transportFormatted] (../scratch-vm/dist/web/webpack:/VirtualMachine/webpack/universalModuleDefinition:1:1)
2026-10-04T20:37:36.5385409Z 
2026-10-04T20:37:36.5385689Z     console.log
2026-10-04T20:37:36.5387383Z       2026-10-04 20:37:36.340	WARN		scratch-vm	Central dispatch replacing existing service provider for extensions
2026-10-04T20:37:36.5388664Z 
2026-10-04T20:37:36.5389610Z       at Object.c [as transportFormatted] (../scratch-vm/dist/web/webpack:/VirtualMachine/webpack/universalModuleDefinition:1:1)
2026-10-04T20:37:36.5390664Z 
2026-10-04T20:37:36.5390954Z     console.log
2026-10-04T20:37:36.5393152Z       2026-10-04 20:37:36.347	WARN		scratch-vm	Central dispatch replacing existing service provider for runtime
2026-10-04T20:37:36.5394502Z 
2026-10-04T20:37:36.5395493Z       at Object.c [as transportFormatted] (../scratch-vm/dist/web/webpack:/VirtualMachine/webpack/universalModuleDefinition:1:1)
2026-10-04T20:37:36.5396581Z 
2026-10-04T20:37:36.5396870Z     console.log
2026-10-04T20:37:36.5398637Z       2026-10-04 20:37:36.348	WARN		scratch-vm	Central dispatch replacing existing service provider for extensions
2026-10-04T20:37:36.5399899Z 
2026-10-04T20:37:36.5400832Z       at Object.c [as transportFormatted] (../scratch-vm/dist/web/webpack:/VirtualMachine/webpack/universalModuleDefinition:1:1)
2026-10-04T20:37:36.5402085Z 
2026-10-04T20:37:36.5402375Z     console.log
2026-10-04T20:37:36.5404503Z       2026-10-04 20:37:36.354	WARN		scratch-vm	Central dispatch replacing existing service provider for runtime
2026-10-04T20:37:36.5405804Z 
2026-10-04T20:37:36.5406822Z       at Object.c [as transportFormatted] (../scratch-vm/dist/web/webpack:/VirtualMachine/webpack/universalModuleDefinition:1:1)
2026-10-04T20:37:36.5407870Z 
2026-10-04T20:37:36.5408144Z     console.log
2026-10-04T20:37:36.5409959Z       2026-10-04 20:37:36.356	WARN		scratch-vm	Central dispatch replacing existing service provider for extensions
2026-10-04T20:37:36.5411298Z 
2026-10-04T20:37:36.5412506Z       at Object.c [as transportFormatted] (../scratch-vm/dist/web/webpack:/VirtualMachine/webpack/universalModuleDefinition:1:1)
2026-10-04T20:37:36.5413611Z 
2026-10-04T20:37:36.5413906Z     console.log
2026-10-04T20:37:36.5415728Z       2026-10-04 20:37:36.363	WARN		scratch-vm	Central dispatch replacing existing service provider for runtime
2026-10-04T20:37:36.5416983Z 
2026-10-04T20:37:36.5417952Z       at Object.c [as transportFormatted] (../scratch-vm/dist/web/webpack:/VirtualMachine/webpack/universalModuleDefinition:1:1)
2026-10-04T20:37:36.5418958Z 
2026-10-04T20:37:36.5419220Z     console.log
2026-10-04T20:37:36.5420976Z       2026-10-04 20:37:36.365	WARN		scratch-vm	Central dispatch replacing existing service provider for extensions
2026-10-04T20:37:36.5422513Z 
2026-10-04T20:37:36.5423782Z       at Object.c [as transportFormatted] (../scratch-vm/dist/web/webpack:/VirtualMachine/webpack/universalModuleDefinition:1:1)
2026-10-04T20:37:36.5424827Z 
2026-10-04T20:37:36.5425093Z     console.log
2026-10-04T20:37:36.5426834Z       2026-10-04 20:37:36.370	WARN		scratch-vm	Central dispatch replacing existing service provider for runtime
2026-10-04T20:37:36.5428084Z 
2026-10-04T20:37:36.5429049Z       at Object.c [as transportFormatted] (../scratch-vm/dist/web/webpack:/VirtualMachine/webpack/universalModuleDefinition:1:1)
2026-10-04T20:37:36.5430047Z 
2026-10-04T20:37:36.5430311Z     console.log
2026-10-04T20:37:36.5432237Z       2026-10-04 20:37:36.372	WARN		scratch-vm	Central dispatch replacing existing service provider for extensions
2026-10-04T20:37:36.5433522Z 
2026-10-04T20:37:36.5434553Z       at Object.c [as transportFormatted] (../scratch-vm/dist/web/webpack:/VirtualMachine/webpack/universalModuleDefinition:1:1)
2026-10-04T20:37:36.5435590Z 
2026-10-04T20:37:36.5435850Z     console.log
2026-10-04T20:37:36.5437578Z       2026-10-04 20:37:36.377	WARN		scratch-vm	Central dispatch replacing existing service provider for runtime
2026-10-04T20:37:36.5438722Z 
2026-10-04T20:37:36.5441918Z       at Object.c [as transportFormatted] (../scratch-vm/dist/web/webpack:/VirtualMachine/webpack/universalModuleDefinition:1:1)
2026-10-04T20:37:36.5443249Z 
2026-10-04T20:37:36.5443539Z     console.log
2026-10-04T20:37:36.5445348Z       2026-10-04 20:37:36.378	WARN		scratch-vm	Central dispatch replacing existing service provider for extensions
2026-10-04T20:37:36.5446622Z 
2026-10-04T20:37:36.5447648Z       at Object.c [as transportFormatted] (../scratch-vm/dist/web/webpack:/VirtualMachine/webpack/universalModuleDefinition:1:1)
2026-10-04T20:37:36.5448690Z 
2026-10-04T20:37:36.5448963Z     console.log
2026-10-04T20:37:36.5450578Z       2026-10-04 20:37:36.387	WARN		scratch-vm	Central dispatch replacing existing service provider for runtime
2026-10-04T20:37:36.5452408Z 
2026-10-04T20:37:36.5453512Z       at Object.c [as transportFormatted] (../scratch-vm/dist/web/webpack:/VirtualMachine/webpack/universalModuleDefinition:1:1)
2026-10-04T20:37:36.5454552Z 
2026-10-04T20:37:36.5454830Z     console.log
2026-10-04T20:37:36.5456669Z       2026-10-04 20:37:36.388	WARN		scratch-vm	Central dispatch replacing existing service provider for extensions
2026-10-04T20:37:36.5457958Z 
2026-10-04T20:37:36.5458993Z       at Object.c [as transportFormatted] (../scratch-vm/dist/web/webpack:/VirtualMachine/webpack/universalModuleDefinition:1:1)
2026-10-04T20:37:36.5460080Z 
2026-10-04T20:37:36.5460366Z     console.log
2026-10-04T20:37:36.5462419Z       2026-10-04 20:37:36.396	WARN		scratch-vm	Central dispatch replacing existing service provider for runtime
2026-10-04T20:37:36.5463892Z 
2026-10-04T20:37:36.5464966Z       at Object.c [as transportFormatted] (../scratch-vm/dist/web/webpack:/VirtualMachine/webpack/universalModuleDefinition:1:1)
2026-10-04T20:37:36.5466105Z 
2026-10-04T20:37:36.5466500Z     console.log
2026-10-04T20:37:36.5468409Z       2026-10-04 20:37:36.398	WARN		scratch-vm	Central dispatch replacing existing service provider for extensions
2026-10-04T20:37:36.5469836Z 
2026-10-04T20:37:36.5470895Z       at Object.c [as transportFormatted] (../scratch-vm/dist/web/webpack:/VirtualMachine/webpack/universalModuleDefinition:1:1)
2026-10-04T20:37:36.5472623Z 
2026-10-04T20:37:36.5472970Z     console.log
2026-10-04T20:37:36.5474836Z       2026-10-04 20:37:36.403	WARN		scratch-vm	Central dispatch replacing existing service provider for runtime
2026-10-04T20:37:36.5476196Z 
2026-10-04T20:37:36.5477250Z       at Object.c [as transportFormatted] (../scratch-vm/dist/web/webpack:/VirtualMachine/webpack/universalModuleDefinition:1:1)
2026-10-04T20:37:36.5478359Z 
2026-10-04T20:37:36.5478693Z     console.log
2026-10-04T20:37:36.5480420Z       2026-10-04 20:37:36.405	WARN		scratch-vm	Central dispatch replacing existing service provider for extensions
2026-10-04T20:37:36.5481874Z 
2026-10-04T20:37:36.5482877Z       at Object.c [as transportFormatted] (../scratch-vm/dist/web/webpack:/VirtualMachine/webpack/universalModuleDefinition:1:1)
2026-10-04T20:37:36.5483968Z 
2026-10-04T20:37:36.5484301Z     console.log
2026-10-04T20:37:36.5486001Z       2026-10-04 20:37:36.475	WARN		scratch-vm	Central dispatch replacing existing service provider for runtime
2026-10-04T20:37:36.5487344Z 
2026-10-04T20:37:36.5488306Z       at Object.c [as transportFormatted] (../scratch-vm/dist/web/webpack:/VirtualMachine/webpack/universalModuleDefinition:1:1)
2026-10-04T20:37:36.5489387Z 
2026-10-04T20:37:36.5489732Z     console.log
2026-10-04T20:37:36.5491912Z       2026-10-04 20:37:36.476	WARN		scratch-vm	Central dispatch replacing existing service provider for extensions
2026-10-04T20:37:36.5493331Z 
2026-10-04T20:37:36.5494321Z       at Object.c [as transportFormatted] (../scratch-vm/dist/web/webpack:/VirtualMachine/webpack/universalModuleDefinition:1:1)
2026-10-04T20:37:36.5495441Z 
2026-10-04T20:37:36.5495806Z     console.log
2026-10-04T20:37:36.5497740Z       2026-10-04 20:37:36.483	WARN		scratch-vm	Central dispatch replacing existing service provider for runtime
2026-10-04T20:37:36.5499180Z 
2026-10-04T20:37:36.5500414Z       at Object.c [as transportFormatted] (../scratch-vm/dist/web/webpack:/VirtualMachine/webpack/universalModuleDefinition:1:1)
2026-10-04T20:37:36.5501923Z 
2026-10-04T20:37:36.5502271Z     console.log
2026-10-04T20:37:36.5504171Z       2026-10-04 20:37:36.485	WARN		scratch-vm	Central dispatch replacing existing service provider for extensions
2026-10-04T20:37:36.5505463Z 
2026-10-04T20:37:36.5506550Z       at Object.c [as transportFormatted] (../scratch-vm/dist/web/webpack:/VirtualMachine/webpack/universalModuleDefinition:1:1)
2026-10-04T20:37:36.5507690Z 
2026-10-04T20:37:36.5508003Z     console.log
2026-10-04T20:37:36.5509741Z       2026-10-04 20:37:36.490	WARN		scratch-vm	Central dispatch replacing existing service provider for runtime
2026-10-04T20:37:36.5510990Z 
2026-10-04T20:37:36.5512289Z       at Object.c [as transportFormatted] (../scratch-vm/dist/web/webpack:/VirtualMachine/webpack/universalModuleDefinition:1:1)
2026-10-04T20:37:36.5513494Z 
2026-10-04T20:37:36.5513839Z     console.log
2026-10-04T20:37:36.5515716Z       2026-10-04 20:37:36.493	WARN		scratch-vm	Central dispatch replacing existing service provider for extensions
2026-10-04T20:37:36.5517133Z 
2026-10-04T20:37:36.5518160Z       at Object.c [as transportFormatted] (../scratch-vm/dist/web/webpack:/VirtualMachine/webpack/universalModuleDefinition:1:1)
2026-10-04T20:37:36.5519204Z 
2026-10-04T20:37:36.5519559Z     console.log
2026-10-04T20:37:36.5521402Z       2026-10-04 20:37:36.498	WARN		scratch-vm	Central dispatch replacing existing service provider for runtime
2026-10-04T20:37:36.5524759Z 
2026-10-04T20:37:36.5525825Z       at Object.c [as transportFormatted] (../scratch-vm/dist/web/webpack:/VirtualMachine/webpack/universalModuleDefinition:1:1)
2026-10-04T20:37:36.5526994Z 
2026-10-04T20:37:36.5527376Z     console.log
2026-10-04T20:37:36.5529252Z       2026-10-04 20:37:36.499	WARN		scratch-vm	Central dispatch replacing existing service provider for extensions
2026-10-04T20:37:36.5530640Z 
2026-10-04T20:37:36.5531986Z       at Object.c [as transportFormatted] (../scratch-vm/dist/web/webpack:/VirtualMachine/webpack/universalModuleDefinition:1:1)
2026-10-04T20:37:36.5533197Z 
2026-10-04T20:37:36.5533546Z     console.log
2026-10-04T20:37:36.5535356Z       2026-10-04 20:37:36.503	WARN		scratch-vm	Central dispatch replacing existing service provider for runtime
2026-10-04T20:37:36.5537651Z 
2026-10-04T20:37:36.5538743Z       at Object.c [as transportFormatted] (../scratch-vm/dist/web/webpack:/VirtualMachine/webpack/universalModuleDefinition:1:1)
2026-10-04T20:37:36.5539903Z 
2026-10-04T20:37:36.5540272Z     console.log
2026-10-04T20:37:36.5542463Z       2026-10-04 20:37:36.505	WARN		scratch-vm	Central dispatch replacing existing service provider for extensions
2026-10-04T20:37:36.5543918Z 
2026-10-04T20:37:36.5545020Z       at Object.c [as transportFormatted] (../scratch-vm/dist/web/webpack:/VirtualMachine/webpack/universalModuleDefinition:1:1)
2026-10-04T20:37:36.5546177Z 
2026-10-04T20:37:38.0182876Z PASS test/unit/containers/sound-editor.test.jsx
2026-10-04T20:37:38.0264053Z   ● Console
2026-10-04T20:37:38.0264894Z 
2026-10-04T20:37:38.0265288Z     console.error
2026-10-04T20:37:38.0266604Z       Warning: Failed prop type: Invalid prop `vm` of type `Object` supplied to `SoundEditor`, expected instance of `<<anonymous>>`.
2026-10-04T20:37:38.0268537Z           at SoundEditor (~/work/scratch-editor/scratch-editor/packages/scratch-gui/src/containers/sound-editor.jsx:26:9)
2026-10-04T20:37:38.0270937Z           at ConnectFunction (~/work/scratch-editor/scratch-editor/node_modules/react-redux/lib/components/connect.js:246:74)
2026-10-04T20:37:38.0273302Z           at IntlProvider (~/work/scratch-editor/scratch-editor/node_modules/react-intl/src/components/provider.js:33:47)
2026-10-04T20:37:38.0274390Z 
2026-10-04T20:37:38.0274814Z       4 |
2026-10-04T20:37:38.0276469Z       5 | const renderWithIntl = (ui, {locale = 'en', messages = {}} = {}) => ({
2026-10-04T20:37:38.0278886Z     > 6 |     ...render(
2026-10-04T20:37:38.0279859Z         |              ^
2026-10-04T20:37:38.0280794Z       7 |         <IntlProvider
2026-10-04T20:37:38.0281965Z       8 |             locale={locale}
2026-10-04T20:37:38.0283030Z       9 |             messages={messages}
2026-10-04T20:37:38.0283642Z 
2026-10-04T20:37:38.0284288Z       at printWarning (../../node_modules/react/cjs/react.development.js:209:30)
2026-10-04T20:37:38.0285410Z       at error (../../node_modules/react/cjs/react.development.js:183:7)
2026-10-04T20:37:38.0286550Z       at checkPropTypes (../../node_modules/react/cjs/react.development.js:2074:11)
2026-10-04T20:37:38.0287784Z       at validatePropTypes (../../node_modules/react/cjs/react.development.js:2275:7)
2026-10-04T20:37:38.0289332Z       at Object.createElementWithValidation [as createElement] (../../node_modules/react/cjs/react.development.js:2379:5)
2026-10-04T20:37:38.0291009Z       at ../../node_modules/react-redux/lib/components/connect.js:388:17
2026-10-04T20:37:38.0296440Z       at mountMemo (../../node_modules/react-dom/cjs/react-dom.development.js:16406:19)
2026-10-04T20:37:38.0297856Z       at Object.useMemo (../../node_modules/react-dom/cjs/react-dom.development.js:16851:16)
2026-10-04T20:37:38.0299265Z       at Object.useMemo (../../node_modules/react/cjs/react.development.js:1650:21)
2026-10-04T20:37:38.0300615Z       at ConnectFunction (../../node_modules/react-redux/lib/components/connect.js:384:46)
2026-10-04T20:37:38.0302265Z       at renderWithHooks (../../node_modules/react-dom/cjs/react-dom.development.js:15486:18)
2026-10-04T20:37:38.0303825Z       at updateFunctionComponent (../../node_modules/react-dom/cjs/react-dom.development.js:19617:20)
2026-10-04T20:37:38.0305449Z       at updateSimpleMemoComponent (../../node_modules/react-dom/cjs/react-dom.development.js:19454:10)
2026-10-04T20:37:38.0307019Z       at updateMemoComponent (../../node_modules/react-dom/cjs/react-dom.development.js:19303:14)
2026-10-04T20:37:38.0308380Z       at beginWork (../../node_modules/react-dom/cjs/react-dom.development.js:21712:16)
2026-10-04T20:37:38.0309643Z       at beginWork$1 (../../node_modules/react-dom/cjs/react-dom.development.js:27465:14)
2026-10-04T20:37:38.0310960Z       at performUnitOfWork (../../node_modules/react-dom/cjs/react-dom.development.js:26599:12)
2026-10-04T20:37:38.0312567Z       at workLoopSync (../../node_modules/react-dom/cjs/react-dom.development.js:26505:5)
2026-10-04T20:37:38.0313883Z       at renderRootSync (../../node_modules/react-dom/cjs/react-dom.development.js:26473:7)
2026-10-04T20:37:38.0315338Z       at performConcurrentWorkOnRoot (../../node_modules/react-dom/cjs/react-dom.development.js:25777:74)
2026-10-04T20:37:38.0316698Z       at flushActQueue (../../node_modules/react/cjs/react.development.js:2667:24)
2026-10-04T20:37:38.0317815Z       at act (../../node_modules/react/cjs/react.development.js:2582:11)
2026-10-04T20:37:38.0318887Z       at ../../node_modules/@testing-library/react/dist/act-compat.js:47:25
2026-10-04T20:37:38.0320023Z       at renderRoot (../../node_modules/@testing-library/react/dist/pure.js:180:26)
2026-10-04T20:37:38.0321180Z       at render (../../node_modules/@testing-library/react/dist/pure.js:271:10)
2026-10-04T20:37:38.0328934Z       at renderWithIntl (test/helpers/intl-helpers.jsx:6:14)
2026-10-04T20:37:38.0372651Z       at Object.<anonymous> (test/unit/containers/sound-editor.test.jsx:49:43)
2026-10-04T20:37:38.0391670Z 
2026-10-04T20:37:38.0409168Z     console.error
2026-10-04T20:37:38.0433589Z       Warning: Input: Support for defaultProps will be removed from function components in a future major release. Use JavaScript default parameters instead.
2026-10-04T20:37:38.0488848Z           at small (~/work/scratch-editor/scratch-editor/packages/scratch-gui/src/components/forms/input.jsx:8:12)
2026-10-04T20:37:38.0491276Z           at BufferedInput (~/work/scratch-editor/scratch-editor/packages/scratch-gui/src/components/forms/buffered-input-hoc.jsx:13:13)
2026-10-04T20:37:38.0492932Z           at label
2026-10-04T20:37:38.0494140Z           at above (~/work/scratch-editor/scratch-editor/packages/scratch-gui/src/components/forms/label.jsx:9:26)
2026-10-04T20:37:38.0495326Z           at div
2026-10-04T20:37:38.0495869Z           at div
2026-10-04T20:37:38.0496480Z           at div
2026-10-04T20:37:38.0497828Z           at SoundEditor (~/work/scratch-editor/scratch-editor/packages/scratch-gui/src/components/sound-editor/sound-editor.jsx:141:25)
2026-10-04T20:37:38.0499850Z           at SoundEditor (~/work/scratch-editor/scratch-editor/packages/scratch-gui/src/containers/sound-editor.jsx:26:9)
2026-10-04T20:37:38.0501993Z           at ConnectFunction (~/work/scratch-editor/scratch-editor/node_modules/react-redux/lib/components/connect.js:246:74)
2026-10-04T20:37:38.0503959Z           at IntlProvider (~/work/scratch-editor/scratch-editor/node_modules/react-intl/src/components/provider.js:33:47)
2026-10-04T20:37:38.0505437Z 
2026-10-04T20:37:38.0506016Z       4 |
2026-10-04T20:37:38.0507662Z       5 | const renderWithIntl = (ui, {locale = 'en', messages = {}} = {}) => ({
2026-10-04T20:37:38.0509227Z     > 6 |     ...render(
2026-10-04T20:37:38.0510151Z         |              ^
2026-10-04T20:37:38.0511082Z       7 |         <IntlProvider
2026-10-04T20:37:38.0512235Z       8 |             locale={locale}
2026-10-04T20:37:38.0513201Z       9 |             messages={messages}
2026-10-04T20:37:38.0513792Z 
2026-10-04T20:37:38.0514695Z       at printWarning (../../node_modules/react-dom/cjs/react-dom.development.js:86:30)
2026-10-04T20:37:38.0516001Z       at error (../../node_modules/react-dom/cjs/react-dom.development.js:60:7)
2026-10-04T20:37:38.0517401Z       at validateFunctionComponentInDev (../../node_modules/react-dom/cjs/react-dom.development.js:20230:9)
2026-10-04T20:37:38.0518988Z       at mountIndeterminateComponent (../../node_modules/react-dom/cjs/react-dom.development.js:20189:7)
2026-10-04T20:37:38.0520378Z       at beginWork (../../node_modules/react-dom/cjs/react-dom.development.js:21626:16)
2026-10-04T20:37:38.0521813Z       at beginWork$1 (../../node_modules/react-dom/cjs/react-dom.development.js:27465:14)
2026-10-04T20:37:38.0523161Z       at performUnitOfWork (../../node_modules/react-dom/cjs/react-dom.development.js:26599:12)
2026-10-04T20:37:38.0524487Z       at workLoopSync (../../node_modules/react-dom/cjs/react-dom.development.js:26505:5)
2026-10-04T20:37:38.0525778Z       at renderRootSync (../../node_modules/react-dom/cjs/react-dom.development.js:26473:7)
2026-10-04T20:37:38.0527225Z       at performConcurrentWorkOnRoot (../../node_modules/react-dom/cjs/react-dom.development.js:25777:74)
2026-10-04T20:37:38.0528602Z       at flushActQueue (../../node_modules/react/cjs/react.development.js:2667:24)
2026-10-04T20:37:38.0529904Z       at act (../../node_modules/react/cjs/react.development.js:2582:11)
2026-10-04T20:37:38.0531217Z       at ../../node_modules/@testing-library/react/dist/act-compat.js:47:25
2026-10-04T20:37:38.0532770Z       at renderRoot (../../node_modules/@testing-library/react/dist/pure.js:180:26)
2026-10-04T20:37:38.0533951Z       at render (../../node_modules/@testing-library/react/dist/pure.js:271:10)
2026-10-04T20:37:38.0534989Z       at renderWithIntl (test/helpers/intl-helpers.jsx:6:14)
2026-10-04T20:37:38.0536045Z       at Object.<anonymous> (test/unit/containers/sound-editor.test.jsx:49:43)
2026-10-04T20:37:38.0536771Z 
2026-10-04T20:37:38.0537105Z     console.warn
2026-10-04T20:37:38.0538896Z       Warning: componentWillReceiveProps has been renamed, and is not recommended for use. See https://reactjs.org/link/unsafe-component-lifecycles for details.
2026-10-04T20:37:38.0540315Z       
2026-10-04T20:37:38.0541069Z       * Move data fetching code or side effects to componentDidUpdate.
2026-10-04T20:37:38.0544127Z       * If you're updating state whenever props change, refactor your code to use memoization techniques or move it to static getDerivedStateFromProps. Learn more at: https://reactjs.org/link/derived-state
2026-10-04T20:37:38.0547944Z       * Rename componentWillReceiveProps to UNSAFE_componentWillReceiveProps to suppress this warning in non-strict mode. In React 18.x, only the UNSAFE_ name will work. To rename all deprecated lifecycles to their new names, you can run `npx react-codemod rename-unsafe-lifecycles` in your project source folder.
2026-10-04T20:37:38.0550686Z       
2026-10-04T20:37:38.0551712Z       Please update the following components: AudioSelector, SoundEditor
2026-10-04T20:37:38.0552492Z 
2026-10-04T20:37:38.0553059Z       4 |
2026-10-04T20:37:38.0554788Z       5 | const renderWithIntl = (ui, {locale = 'en', messages = {}} = {}) => ({
2026-10-04T20:37:38.0556726Z     > 6 |     ...render(
2026-10-04T20:37:38.0557716Z         |              ^
2026-10-04T20:37:38.0558749Z       7 |         <IntlProvider
2026-10-04T20:37:38.0559771Z       8 |             locale={locale}
2026-10-04T20:37:38.0560772Z       9 |             messages={messages}
2026-10-04T20:37:38.0561367Z 
2026-10-04T20:37:38.0562249Z       at printWarning (../../node_modules/react-dom/cjs/react-dom.development.js:86:30)
2026-10-04T20:37:38.0563463Z       at warn (../../node_modules/react-dom/cjs/react-dom.development.js:49:7)
2026-10-04T20:37:38.0565370Z       at Object.<anonymous>.ReactStrictModeWarnings.flushPendingUnsafeLifecycleWarnings (../../node_modules/react-dom/cjs/react-dom.development.js:12912:7)
2026-10-04T20:37:38.0567476Z       at flushRenderPhaseStrictModeWarningsInDEV (../../node_modules/react-dom/cjs/react-dom.development.js:27349:31)
2026-10-04T20:37:38.0569019Z       at commitRootImpl (../../node_modules/react-dom/cjs/react-dom.development.js:26741:3)
2026-10-04T20:37:38.0570311Z       at commitRoot (../../node_modules/react-dom/cjs/react-dom.development.js:26721:5)
2026-10-04T20:37:38.0571848Z       at finishConcurrentRender (../../node_modules/react-dom/cjs/react-dom.development.js:26020:9)
2026-10-04T20:37:38.0573415Z       at performConcurrentWorkOnRoot (../../node_modules/react-dom/cjs/react-dom.development.js:25848:7)
2026-10-04T20:37:38.0574787Z       at flushActQueue (../../node_modules/react/cjs/react.development.js:2667:24)
2026-10-04T20:37:38.0575893Z       at act (../../node_modules/react/cjs/react.development.js:2582:11)
2026-10-04T20:37:38.0576956Z       at ../../node_modules/@testing-library/react/dist/act-compat.js:47:25
2026-10-04T20:37:38.0578088Z       at renderRoot (../../node_modules/@testing-library/react/dist/pure.js:180:26)
2026-10-04T20:37:38.0579246Z       at render (../../node_modules/@testing-library/react/dist/pure.js:271:10)
2026-10-04T20:37:38.0580274Z       at renderWithIntl (test/helpers/intl-helpers.jsx:6:14)
2026-10-04T20:37:38.0583549Z       at Object.<anonymous> (test/unit/containers/sound-editor.test.jsx:49:43)
2026-10-04T20:37:38.0584592Z 
2026-10-04T20:37:38.0948401Z PASS test/unit/util/vm-manager-hoc.test.jsx
2026-10-04T20:37:38.1051440Z   ● Console
2026-10-04T20:37:38.1062366Z 
2026-10-04T20:37:38.1062881Z     console.log
2026-10-04T20:37:38.1064906Z       2026-10-04 20:37:36.857	WARN		scratch-vm	Central dispatch replacing existing service provider for runtime
2026-10-04T20:37:38.1066196Z 
2026-10-04T20:37:38.1067201Z       at Object.c [as transportFormatted] (../scratch-vm/dist/web/webpack:/VirtualMachine/webpack/universalModuleDefinition:1:1)
2026-10-04T20:37:38.1075133Z 
2026-10-04T20:37:38.1075571Z     console.log
2026-10-04T20:37:38.1077464Z       2026-10-04 20:37:37.978	WARN		scratch-vm	Central dispatch replacing existing service provider for extensions
2026-10-04T20:37:38.1078820Z 
2026-10-04T20:37:38.1079834Z       at Object.c [as transportFormatted] (../scratch-vm/dist/web/webpack:/VirtualMachine/webpack/universalModuleDefinition:1:1)
2026-10-04T20:37:38.1080857Z 
2026-10-04T20:37:38.1081162Z     console.log
2026-10-04T20:37:38.1083159Z       2026-10-04 20:37:37.984	WARN		scratch-vm	Central dispatch replacing existing service provider for runtime
2026-10-04T20:37:38.1084623Z 
2026-10-04T20:37:38.1085599Z       at Object.c [as transportFormatted] (../scratch-vm/dist/web/webpack:/VirtualMachine/webpack/universalModuleDefinition:1:1)
2026-10-04T20:37:38.1087919Z 
2026-10-04T20:37:38.1088303Z     console.log
2026-10-04T20:37:38.1090599Z       2026-10-04 20:37:37.986	WARN		scratch-vm	Central dispatch replacing existing service provider for extensions
2026-10-04T20:37:38.1093346Z 
2026-10-04T20:37:38.1094462Z       at Object.c [as transportFormatted] (../scratch-vm/dist/web/webpack:/VirtualMachine/webpack/universalModuleDefinition:1:1)
2026-10-04T20:37:38.1095617Z 
2026-10-04T20:37:38.1095984Z     console.log
2026-10-04T20:37:38.1097951Z       2026-10-04 20:37:37.992	WARN		scratch-vm	Central dispatch replacing existing service provider for runtime
2026-10-04T20:37:38.1100718Z 
2026-10-04T20:37:38.1102025Z       at Object.c [as transportFormatted] (../scratch-vm/dist/web/webpack:/VirtualMachine/webpack/universalModuleDefinition:1:1)
2026-10-04T20:37:38.1103323Z 
2026-10-04T20:37:38.1103700Z     console.log
2026-10-04T20:37:38.1107388Z       2026-10-04 20:37:37.993	WARN		scratch-vm	Central dispatch replacing existing service provider for extensions
2026-10-04T20:37:38.1108790Z 
2026-10-04T20:37:38.1109956Z       at Object.c [as transportFormatted] (../scratch-vm/dist/web/webpack:/VirtualMachine/webpack/universalModuleDefinition:1:1)
2026-10-04T20:37:38.1112319Z 
2026-10-04T20:37:38.1112731Z     console.log
2026-10-04T20:37:38.1114633Z       2026-10-04 20:37:37.998	WARN		scratch-vm	Central dispatch replacing existing service provider for runtime
2026-10-04T20:37:38.1116722Z 
2026-10-04T20:37:38.1117776Z       at Object.c [as transportFormatted] (../scratch-vm/dist/web/webpack:/VirtualMachine/webpack/universalModuleDefinition:1:1)
2026-10-04T20:37:38.1122362Z 
2026-10-04T20:37:38.1122764Z     console.log
2026-10-04T20:37:38.1124667Z       2026-10-04 20:37:38.000	WARN		scratch-vm	Central dispatch replacing existing service provider for extensions
2026-10-04T20:37:38.1126015Z 
2026-10-04T20:37:38.1127031Z       at Object.c [as transportFormatted] (../scratch-vm/dist/web/webpack:/VirtualMachine/webpack/universalModuleDefinition:1:1)
2026-10-04T20:37:38.1152585Z 
2026-10-04T20:37:38.1190111Z     console.log
2026-10-04T20:37:38.1193330Z       2026-10-04 20:37:38.004	WARN		scratch-vm	Central dispatch replacing existing service provider for runtime
2026-10-04T20:37:38.1194904Z 
2026-10-04T20:37:38.1196013Z       at Object.c [as transportFormatted] (../scratch-vm/dist/web/webpack:/VirtualMachine/webpack/universalModuleDefinition:1:1)
2026-10-04T20:37:38.1197136Z 
2026-10-04T20:37:38.1197450Z     console.log
2026-10-04T20:37:38.1199750Z       2026-10-04 20:37:38.071	WARN		scratch-vm	Central dispatch replacing existing service provider for extensions
2026-10-04T20:37:38.1201169Z 
2026-10-04T20:37:38.1202394Z       at Object.c [as transportFormatted] (../scratch-vm/dist/web/webpack:/VirtualMachine/webpack/universalModuleDefinition:1:1)
2026-10-04T20:37:38.1203573Z 
2026-10-04T20:37:38.1203927Z     console.log
2026-10-04T20:37:38.1205758Z       2026-10-04 20:37:38.078	WARN		scratch-vm	Central dispatch replacing existing service provider for runtime
2026-10-04T20:37:38.1207060Z 
2026-10-04T20:37:38.1208097Z       at Object.c [as transportFormatted] (../scratch-vm/dist/web/webpack:/VirtualMachine/webpack/universalModuleDefinition:1:1)
2026-10-04T20:37:38.1215199Z 
2026-10-04T20:37:38.1215583Z     console.log
2026-10-04T20:37:38.1217276Z       2026-10-04 20:37:38.080	WARN		scratch-vm	Central dispatch replacing existing service provider for extensions
2026-10-04T20:37:38.1218831Z 
2026-10-04T20:37:38.1219825Z       at Object.c [as transportFormatted] (../scratch-vm/dist/web/webpack:/VirtualMachine/webpack/universalModuleDefinition:1:1)
2026-10-04T20:37:38.1220785Z 
2026-10-04T20:37:38.1221079Z     console.log
2026-10-04T20:37:38.1222932Z       2026-10-04 20:37:38.085	WARN		scratch-vm	Central dispatch replacing existing service provider for runtime
2026-10-04T20:37:38.1224082Z 
2026-10-04T20:37:38.1224970Z       at Object.c [as transportFormatted] (../scratch-vm/dist/web/webpack:/VirtualMachine/webpack/universalModuleDefinition:1:1)
2026-10-04T20:37:38.1225911Z 
2026-10-04T20:37:38.1226214Z     console.log
2026-10-04T20:37:38.1227773Z       2026-10-04 20:37:38.087	WARN		scratch-vm	Central dispatch replacing existing service provider for extensions
2026-10-04T20:37:38.1239547Z 
2026-10-04T20:37:38.1240555Z       at Object.c [as transportFormatted] (../scratch-vm/dist/web/webpack:/VirtualMachine/webpack/universalModuleDefinition:1:1)
2026-10-04T20:37:38.1241773Z 
2026-10-04T20:37:38.1553067Z PASS test/unit/util/cloud-provider.test.js
2026-10-04T20:37:38.1643929Z   ● Console
2026-10-04T20:37:38.1644393Z 
2026-10-04T20:37:38.1644933Z     console.log
2026-10-04T20:37:38.1647636Z       2026-10-04 20:37:38.112	INFO	~/work/scratch-editor/scratch-editor/packages/scratch-gui/src/lib/cloud-provider.ts:119	scratch-gui	Successfully connected to clouddata server.
2026-10-04T20:37:38.1649799Z 
2026-10-04T20:37:38.1650579Z       at Object.transportFormatted (../../node_modules/tslog/cjs/BaseLogger.js:115:13)
2026-10-04T20:37:38.1652185Z 
2026-10-04T20:37:38.1652554Z     console.log
2026-10-04T20:37:38.1655178Z       2026-10-04 20:37:38.131	INFO	~/work/scratch-editor/scratch-editor/packages/scratch-gui/src/lib/cloud-provider.ts:131	scratch-gui	Closed connection to websocket
2026-10-04T20:37:38.1657011Z 
2026-10-04T20:37:38.1658062Z       at Object.transportFormatted (../../node_modules/tslog/cjs/BaseLogger.js:115:13)
2026-10-04T20:37:38.1658949Z 
2026-10-04T20:37:38.1659310Z     console.log
2026-10-04T20:37:38.1662059Z       2026-10-04 20:37:38.133	INFO	~/work/scratch-editor/scratch-editor/packages/scratch-gui/src/lib/cloud-provider.ts:131	scratch-gui	Closed connection to websocket
2026-10-04T20:37:38.1663966Z 
2026-10-04T20:37:38.1664709Z       at Object.transportFormatted (../../node_modules/tslog/cjs/BaseLogger.js:115:13)
2026-10-04T20:37:38.1665599Z 
2026-10-04T20:37:38.1665943Z     console.log
2026-10-04T20:37:38.1668438Z       2026-10-04 20:37:38.135	INFO	~/work/scratch-editor/scratch-editor/packages/scratch-gui/src/lib/cloud-provider.ts:131	scratch-gui	Closed connection to websocket
2026-10-04T20:37:38.1670307Z 
2026-10-04T20:37:38.1671089Z       at Object.transportFormatted (../../node_modules/tslog/cjs/BaseLogger.js:115:13)
2026-10-04T20:37:38.1672173Z 
2026-10-04T20:37:38.1672537Z     console.log
2026-10-04T20:37:38.1674937Z       2026-10-04 20:37:38.136	INFO	~/work/scratch-editor/scratch-editor/packages/scratch-gui/src/lib/cloud-provider.ts:131	scratch-gui	Closed connection to websocket
2026-10-04T20:37:38.1676719Z 
2026-10-04T20:37:38.1677413Z       at Object.transportFormatted (../../node_modules/tslog/cjs/BaseLogger.js:115:13)
2026-10-04T20:37:38.1678199Z 
2026-10-04T20:37:38.1678531Z     console.log
2026-10-04T20:37:38.1681150Z       2026-10-04 20:37:38.138	INFO	~/work/scratch-editor/scratch-editor/packages/scratch-gui/src/lib/cloud-provider.ts:131	scratch-gui	Closed connection to websocket
2026-10-04T20:37:38.1684006Z 
2026-10-04T20:37:38.1684753Z       at Object.transportFormatted (../../node_modules/tslog/cjs/BaseLogger.js:115:13)
2026-10-04T20:37:38.1685590Z 
2026-10-04T20:37:38.1685919Z     console.log
2026-10-04T20:37:38.1688320Z       2026-10-04 20:37:38.140	INFO	~/work/scratch-editor/scratch-editor/packages/scratch-gui/src/lib/cloud-provider.ts:131	scratch-gui	Closed connection to websocket
2026-10-04T20:37:38.1702742Z 
2026-10-04T20:37:38.1703606Z       at Object.transportFormatted (../../node_modules/tslog/cjs/BaseLogger.js:115:13)
2026-10-04T20:37:38.1704578Z 
2026-10-04T20:37:38.1705020Z     console.log
2026-10-04T20:37:38.1707775Z       2026-10-04 20:37:38.142	INFO	~/work/scratch-editor/scratch-editor/packages/scratch-gui/src/lib/cloud-provider.ts:119	scratch-gui	Successfully connected to clouddata server.
2026-10-04T20:37:38.1709808Z 
2026-10-04T20:37:38.1710621Z       at Object.transportFormatted (../../node_modules/tslog/cjs/BaseLogger.js:115:13)
2026-10-04T20:37:38.1711857Z 
2026-10-04T20:37:38.1712275Z     console.log
2026-10-04T20:37:38.1714937Z       2026-10-04 20:37:38.143	INFO	~/work/scratch-editor/scratch-editor/packages/scratch-gui/src/lib/cloud-provider.ts:131	scratch-gui	Closed connection to websocket
2026-10-04T20:37:38.1717455Z 
2026-10-04T20:37:38.1718440Z       at Object.transportFormatted (../../node_modules/tslog/cjs/BaseLogger.js:115:13)
2026-10-04T20:37:38.1719591Z 
2026-10-04T20:37:38.1719960Z     console.log
2026-10-04T20:37:38.1722766Z       2026-10-04 20:37:38.148	INFO	~/work/scratch-editor/scratch-editor/packages/scratch-gui/src/lib/cloud-provider.ts:261	scratch-gui	Request close cloud connection without reconnecting
2026-10-04T20:37:38.1724933Z 
2026-10-04T20:37:38.1725653Z       at Object.transportFormatted (../../node_modules/tslog/cjs/BaseLogger.js:115:13)
2026-10-04T20:37:38.1726444Z 
2026-10-04T20:37:38.2410104Z PASS test/unit/reducers/alerts-reducer.test.js
2026-10-04T20:37:38.3385894Z PASS test/unit/util/mcremote-l10n.test.js
2026-10-04T20:37:38.8072931Z PASS test/unit/components/sound-editor.test.jsx
2026-10-04T20:37:38.8822782Z   ● Console
2026-10-04T20:37:38.8882123Z 
2026-10-04T20:37:38.8901064Z     console.error
2026-10-04T20:37:38.8923767Z       Warning: Failed prop type: The prop `canPaste` is marked as required in `SoundEditor`, but its value is `undefined`.
2026-10-04T20:37:38.8963115Z           at SoundEditor (~/work/scratch-editor/scratch-editor/packages/scratch-gui/src/components/sound-editor/sound-editor.jsx:141:25)
2026-10-04T20:37:38.8971892Z 
2026-10-04T20:37:38.8992459Z       34 |
2026-10-04T20:37:38.9022855Z       35 |     test('matches snapshot', () => {
2026-10-04T20:37:38.9053427Z     > 36 |         const {container} = renderWithIntl(<SoundEditor {...props} />);
2026-10-04T20:37:38.9062552Z          |                                            ^
2026-10-04T20:37:38.9082212Z       37 |
2026-10-04T20:37:38.9112814Z       38 |         expect(container.firstChild).toMatchSnapshot();
2026-10-04T20:37:38.9142211Z       39 |     });
2026-10-04T20:37:38.9151746Z 
2026-10-04T20:37:38.9172666Z       at printWarning (../../node_modules/react/cjs/react.development.js:209:30)
2026-10-04T20:37:38.9202579Z       at error (../../node_modules/react/cjs/react.development.js:183:7)
2026-10-04T20:37:38.9203682Z       at checkPropTypes (../../node_modules/react/cjs/react.development.js:2074:11)
2026-10-04T20:37:38.9232545Z       at validatePropTypes (../../node_modules/react/cjs/react.development.js:2275:7)
2026-10-04T20:37:38.9244465Z       at Object.createElementWithValidation [as createElement] (../../node_modules/react/cjs/react.development.js:2379:5)
2026-10-04T20:37:38.9246190Z       at Object.createElement (test/unit/components/sound-editor.test.jsx:36:44)
2026-10-04T20:37:38.9246908Z 
2026-10-04T20:37:38.9247117Z     console.error
2026-10-04T20:37:38.9248184Z       Warning: Failed prop type: The prop `onContainerClick` is marked as required in `SoundEditor`, but its value is `undefined`.
2026-10-04T20:37:38.9250055Z           at SoundEditor (~/work/scratch-editor/scratch-editor/packages/scratch-gui/src/components/sound-editor/sound-editor.jsx:141:25)
2026-10-04T20:37:38.9251176Z 
2026-10-04T20:37:38.9251962Z       34 |
2026-10-04T20:37:38.9252902Z       35 |     test('matches snapshot', () => {
2026-10-04T20:37:38.9254901Z     > 36 |         const {container} = renderWithIntl(<SoundEditor {...props} />);
2026-10-04T20:37:38.9256580Z          |                                            ^
2026-10-04T20:37:38.9257353Z       37 |
2026-10-04T20:37:38.9258431Z       38 |         expect(container.firstChild).toMatchSnapshot();
2026-10-04T20:37:38.9259497Z       39 |     });
2026-10-04T20:37:38.9259870Z 
2026-10-04T20:37:38.9260383Z       at printWarning (../../node_modules/react/cjs/react.development.js:209:30)
2026-10-04T20:37:38.9261425Z       at error (../../node_modules/react/cjs/react.development.js:183:7)
2026-10-04T20:37:38.9262756Z       at checkPropTypes (../../node_modules/react/cjs/react.development.js:2074:11)
2026-10-04T20:37:38.9263909Z       at validatePropTypes (../../node_modules/react/cjs/react.development.js:2275:7)
2026-10-04T20:37:38.9265828Z       at Object.createElementWithValidation [as createElement] (../../node_modules/react/cjs/react.development.js:2379:5)
2026-10-04T20:37:38.9267298Z       at Object.createElement (test/unit/components/sound-editor.test.jsx:36:44)
2026-10-04T20:37:38.9267929Z 
2026-10-04T20:37:38.9268124Z     console.error
2026-10-04T20:37:38.9269154Z       Warning: Failed prop type: The prop `onCopy` is marked as required in `SoundEditor`, but its value is `undefined`.
2026-10-04T20:37:38.9271052Z           at SoundEditor (~/work/scratch-editor/scratch-editor/packages/scratch-gui/src/components/sound-editor/sound-editor.jsx:141:25)
2026-10-04T20:37:38.9272502Z 
2026-10-04T20:37:38.9272817Z       34 |
2026-10-04T20:37:38.9273687Z       35 |     test('matches snapshot', () => {
2026-10-04T20:37:38.9275645Z     > 36 |         const {container} = renderWithIntl(<SoundEditor {...props} />);
2026-10-04T20:37:38.9277277Z          |                                            ^
2026-10-04T20:37:38.9277928Z       37 |
2026-10-04T20:37:38.9278742Z       38 |         expect(container.firstChild).toMatchSnapshot();
2026-10-04T20:37:38.9279608Z       39 |     });
2026-10-04T20:37:38.9279920Z 
2026-10-04T20:37:38.9280382Z       at printWarning (../../node_modules/react/cjs/react.development.js:209:30)
2026-10-04T20:37:38.9281360Z       at error (../../node_modules/react/cjs/react.development.js:183:7)
2026-10-04T20:37:38.9282630Z       at checkPropTypes (../../node_modules/react/cjs/react.development.js:2074:11)
2026-10-04T20:37:38.9284113Z       at validatePropTypes (../../node_modules/react/cjs/react.development.js:2275:7)
2026-10-04T20:37:38.9285511Z       at Object.createElementWithValidation [as createElement] (../../node_modules/react/cjs/react.development.js:2379:5)
2026-10-04T20:37:38.9286826Z       at Object.createElement (test/unit/components/sound-editor.test.jsx:36:44)
2026-10-04T20:37:38.9287350Z 
2026-10-04T20:37:38.9287518Z     console.error
2026-10-04T20:37:38.9288500Z       Warning: Failed prop type: The prop `onCopyToNew` is marked as required in `SoundEditor`, but its value is `undefined`.
2026-10-04T20:37:38.9295751Z           at SoundEditor (~/work/scratch-editor/scratch-editor/packages/scratch-gui/src/components/sound-editor/sound-editor.jsx:141:25)
2026-10-04T20:37:38.9296884Z 
2026-10-04T20:37:38.9297210Z       34 |
2026-10-04T20:37:38.9298121Z       35 |     test('matches snapshot', () => {
2026-10-04T20:37:38.9300013Z     > 36 |         const {container} = renderWithIntl(<SoundEditor {...props} />);
2026-10-04T20:37:38.9301970Z          |                                            ^
2026-10-04T20:37:38.9302758Z       37 |
2026-10-04T20:37:38.9303734Z       38 |         expect(container.firstChild).toMatchSnapshot();
2026-10-04T20:37:38.9304761Z       39 |     });
2026-10-04T20:37:38.9305129Z 
2026-10-04T20:37:38.9305653Z       at printWarning (../../node_modules/react/cjs/react.development.js:209:30)
2026-10-04T20:37:38.9306670Z       at error (../../node_modules/react/cjs/react.development.js:183:7)
2026-10-04T20:37:38.9307734Z       at checkPropTypes (../../node_modules/react/cjs/react.development.js:2074:11)
2026-10-04T20:37:38.9308876Z       at validatePropTypes (../../node_modules/react/cjs/react.development.js:2275:7)
2026-10-04T20:37:38.9310399Z       at Object.createElementWithValidation [as createElement] (../../node_modules/react/cjs/react.development.js:2379:5)
2026-10-04T20:37:38.9312227Z       at Object.createElement (test/unit/components/sound-editor.test.jsx:36:44)
2026-10-04T20:37:38.9312873Z 
2026-10-04T20:37:38.9313411Z     console.error
2026-10-04T20:37:38.9314499Z       Warning: Failed prop type: The prop `onFadeIn` is marked as required in `SoundEditor`, but its value is `undefined`.
2026-10-04T20:37:38.9316379Z           at SoundEditor (~/work/scratch-editor/scratch-editor/packages/scratch-gui/src/components/sound-editor/sound-editor.jsx:141:25)
2026-10-04T20:37:38.9317480Z 
2026-10-04T20:37:38.9317775Z       34 |
2026-10-04T20:37:38.9318691Z       35 |     test('matches snapshot', () => {
2026-10-04T20:37:38.9320657Z     > 36 |         const {container} = renderWithIntl(<SoundEditor {...props} />);
2026-10-04T20:37:38.9322735Z          |                                            ^
2026-10-04T20:37:38.9323494Z       37 |
2026-10-04T20:37:38.9324569Z       38 |         expect(container.firstChild).toMatchSnapshot();
2026-10-04T20:37:38.9325628Z       39 |     });
2026-10-04T20:37:38.9326009Z 
2026-10-04T20:37:38.9326516Z       at printWarning (../../node_modules/react/cjs/react.development.js:209:30)
2026-10-04T20:37:38.9327547Z       at error (../../node_modules/react/cjs/react.development.js:183:7)
2026-10-04T20:37:38.9328592Z       at checkPropTypes (../../node_modules/react/cjs/react.development.js:2074:11)
2026-10-04T20:37:38.9329733Z       at validatePropTypes (../../node_modules/react/cjs/react.development.js:2275:7)
2026-10-04T20:37:38.9331096Z       at Object.createElementWithValidation [as createElement] (../../node_modules/react/cjs/react.development.js:2379:5)
2026-10-04T20:37:38.9333098Z       at Object.createElement (test/unit/components/sound-editor.test.jsx:36:44)
2026-10-04T20:37:38.9333700Z 
2026-10-04T20:37:38.9333878Z     console.error
2026-10-04T20:37:38.9334939Z       Warning: Failed prop type: The prop `onFadeOut` is marked as required in `SoundEditor`, but its value is `undefined`.
2026-10-04T20:37:38.9336763Z           at SoundEditor (~/work/scratch-editor/scratch-editor/packages/scratch-gui/src/components/sound-editor/sound-editor.jsx:141:25)
2026-10-04T20:37:38.9337806Z 
2026-10-04T20:37:38.9338100Z       34 |
2026-10-04T20:37:38.9338999Z       35 |     test('matches snapshot', () => {
2026-10-04T20:37:38.9340969Z     > 36 |         const {container} = renderWithIntl(<SoundEditor {...props} />);
2026-10-04T20:37:38.9342912Z          |                                            ^
2026-10-04T20:37:38.9343681Z       37 |
2026-10-04T20:37:38.9344726Z       38 |         expect(container.firstChild).toMatchSnapshot();
2026-10-04T20:37:38.9345767Z       39 |     });
2026-10-04T20:37:38.9346106Z 
2026-10-04T20:37:38.9346598Z       at printWarning (../../node_modules/react/cjs/react.development.js:209:30)
2026-10-04T20:37:38.9347574Z       at error (../../node_modules/react/cjs/react.development.js:183:7)
2026-10-04T20:37:38.9348654Z       at checkPropTypes (../../node_modules/react/cjs/react.development.js:2074:11)
2026-10-04T20:37:38.9349876Z       at validatePropTypes (../../node_modules/react/cjs/react.development.js:2275:7)
2026-10-04T20:37:38.9351362Z       at Object.createElementWithValidation [as createElement] (../../node_modules/react/cjs/react.development.js:2379:5)
2026-10-04T20:37:38.9353553Z       at Object.createElement (test/unit/components/sound-editor.test.jsx:36:44)
2026-10-04T20:37:38.9367144Z 
2026-10-04T20:37:38.9367389Z     console.error
2026-10-04T20:37:38.9368544Z       Warning: Failed prop type: The prop `onMute` is marked as required in `SoundEditor`, but its value is `undefined`.
2026-10-04T20:37:38.9370746Z           at SoundEditor (~/work/scratch-editor/scratch-editor/packages/scratch-gui/src/components/sound-editor/sound-editor.jsx:141:25)
2026-10-04T20:37:38.9372111Z 
2026-10-04T20:37:38.9372443Z       34 |
2026-10-04T20:37:38.9373331Z       35 |     test('matches snapshot', () => {
2026-10-04T20:37:38.9375297Z     > 36 |         const {container} = renderWithIntl(<SoundEditor {...props} />);
2026-10-04T20:37:38.9376970Z          |                                            ^
2026-10-04T20:37:38.9377672Z       37 |
2026-10-04T20:37:38.9378629Z       38 |         expect(container.firstChild).toMatchSnapshot();
2026-10-04T20:37:38.9379687Z       39 |     });
2026-10-04T20:37:38.9380048Z 
2026-10-04T20:37:38.9380583Z       at printWarning (../../node_modules/react/cjs/react.development.js:209:30)
2026-10-04T20:37:38.9382093Z       at error (../../node_modules/react/cjs/react.development.js:183:7)
2026-10-04T20:37:38.9383110Z       at checkPropTypes (../../node_modules/react/cjs/react.development.js:2074:11)
2026-10-04T20:37:38.9384211Z       at validatePropTypes (../../node_modules/react/cjs/react.development.js:2275:7)
2026-10-04T20:37:38.9385514Z       at Object.createElementWithValidation [as createElement] (../../node_modules/react/cjs/react.development.js:2379:5)
2026-10-04T20:37:38.9386737Z       at Object.createElement (test/unit/components/sound-editor.test.jsx:36:44)
2026-10-04T20:37:38.9387570Z 
2026-10-04T20:37:38.9387714Z     console.error
2026-10-04T20:37:38.9388571Z       Warning: Failed prop type: The prop `onPaste` is marked as required in `SoundEditor`, but its value is `undefined`.
2026-10-04T20:37:38.9390059Z           at SoundEditor (~/work/scratch-editor/scratch-editor/packages/scratch-gui/src/components/sound-editor/sound-editor.jsx:141:25)
2026-10-04T20:37:38.9390870Z 
2026-10-04T20:37:38.9391101Z       34 |
2026-10-04T20:37:38.9452504Z       35 |     test('matches snapshot', () => {
2026-10-04T20:37:38.9454643Z     > 36 |         const {container} = renderWithIntl(<SoundEditor {...props} />);
2026-10-04T20:37:38.9456351Z          |                                            ^
2026-10-04T20:37:38.9457110Z       37 |
2026-10-04T20:37:38.9458190Z       38 |         expect(container.firstChild).toMatchSnapshot();
2026-10-04T20:37:38.9459284Z       39 |     });
2026-10-04T20:37:38.9459662Z 
2026-10-04T20:37:38.9460162Z       at printWarning (../../node_modules/react/cjs/react.development.js:209:30)
2026-10-04T20:37:38.9461231Z       at error (../../node_modules/react/cjs/react.development.js:183:7)
2026-10-04T20:37:38.9462479Z       at checkPropTypes (../../node_modules/react/cjs/react.development.js:2074:11)
2026-10-04T20:37:38.9463491Z       at validatePropTypes (../../node_modules/react/cjs/react.development.js:2275:7)
2026-10-04T20:37:38.9464781Z       at Object.createElementWithValidation [as createElement] (../../node_modules/react/cjs/react.development.js:2379:5)
2026-10-04T20:37:38.9466018Z       at Object.createElement (test/unit/components/sound-editor.test.jsx:36:44)
2026-10-04T20:37:38.9466565Z 
2026-10-04T20:37:38.9466716Z     console.error
2026-10-04T20:37:38.9467626Z       Warning: Failed prop type: The prop `tooLoud` is marked as required in `SoundEditor`, but its value is `undefined`.
2026-10-04T20:37:38.9469337Z           at SoundEditor (~/work/scratch-editor/scratch-editor/packages/scratch-gui/src/components/sound-editor/sound-editor.jsx:141:25)
2026-10-04T20:37:38.9470311Z 
2026-10-04T20:37:38.9470558Z       34 |
2026-10-04T20:37:38.9471904Z       35 |     test('matches snapshot', () => {
2026-10-04T20:37:38.9473637Z     > 36 |         const {container} = renderWithIntl(<SoundEditor {...props} />);
2026-10-04T20:37:38.9475076Z          |                                            ^
2026-10-04T20:37:38.9475689Z       37 |
2026-10-04T20:37:38.9476585Z       38 |         expect(container.firstChild).toMatchSnapshot();
2026-10-04T20:37:38.9477477Z       39 |     });
2026-10-04T20:37:38.9477800Z 
2026-10-04T20:37:38.9478236Z       at printWarning (../../node_modules/react/cjs/react.development.js:209:30)
2026-10-04T20:37:38.9479098Z       at error (../../node_modules/react/cjs/react.development.js:183:7)
2026-10-04T20:37:38.9480036Z       at checkPropTypes (../../node_modules/react/cjs/react.development.js:2074:11)
2026-10-04T20:37:38.9481019Z       at validatePropTypes (../../node_modules/react/cjs/react.development.js:2275:7)
2026-10-04T20:37:38.9490384Z       at Object.createElementWithValidation [as createElement] (../../node_modules/react/cjs/react.development.js:2379:5)
2026-10-04T20:37:38.9491816Z       at Object.createElement (test/unit/components/sound-editor.test.jsx:36:44)
2026-10-04T20:37:38.9492509Z 
2026-10-04T20:37:38.9492655Z     console.error
2026-10-04T20:37:38.9493413Z       Warning: Failed prop type: The prop `onClick` is marked as required in `IconButton`, but its value is `undefined`.
2026-10-04T20:37:38.9494962Z           at img (~/work/scratch-editor/scratch-editor/packages/scratch-gui/src/components/icon-button/icon-button.jsx:7:5)
2026-10-04T20:37:38.9496521Z           at SoundEditor (~/work/scratch-editor/scratch-editor/packages/scratch-gui/src/components/sound-editor/sound-editor.jsx:141:25)
2026-10-04T20:37:38.9498120Z           at IntlProvider (~/work/scratch-editor/scratch-editor/node_modules/react-intl/src/components/provider.js:33:47)
2026-10-04T20:37:38.9498908Z 
2026-10-04T20:37:38.9499411Z       185 |                 </div>
2026-10-04T20:37:38.9500500Z       186 |                 <div className={styles.inputGroup}>
2026-10-04T20:37:38.9501780Z     > 187 |                     <IconButton
2026-10-04T20:37:38.9502655Z           |                     ^
2026-10-04T20:37:38.9503505Z       188 |                         className={styles.toolButton}
2026-10-04T20:37:38.9504339Z       189 |                         img={copyIcon}
2026-10-04T20:37:38.9505364Z       190 |                         title={intl.formatMessage(messages.copy)}
2026-10-04T20:37:38.9505938Z 
2026-10-04T20:37:38.9506343Z       at printWarning (../../node_modules/react/cjs/react.development.js:209:30)
2026-10-04T20:37:38.9507152Z       at error (../../node_modules/react/cjs/react.development.js:183:7)
2026-10-04T20:37:38.9507993Z       at checkPropTypes (../../node_modules/react/cjs/react.development.js:2074:11)
2026-10-04T20:37:38.9508922Z       at validatePropTypes (../../node_modules/react/cjs/react.development.js:2275:7)
2026-10-04T20:37:38.9510097Z       at Object.createElementWithValidation [as createElement] (../../node_modules/react/cjs/react.development.js:2379:5)
2026-10-04T20:37:38.9511211Z       at createElement (src/components/sound-editor/sound-editor.jsx:187:21)
2026-10-04T20:37:38.9512598Z       at renderWithHooks (../../node_modules/react-dom/cjs/react-dom.development.js:15486:18)
2026-10-04T20:37:38.9513972Z       at mountIndeterminateComponent (../../node_modules/react-dom/cjs/react-dom.development.js:20103:13)
2026-10-04T20:37:38.9515601Z       at beginWork (../../node_modules/react-dom/cjs/react-dom.development.js:21626:16)
2026-10-04T20:37:38.9516821Z       at beginWork$1 (../../node_modules/react-dom/cjs/react-dom.development.js:27465:14)
2026-10-04T20:37:38.9518074Z       at performUnitOfWork (../../node_modules/react-dom/cjs/react-dom.development.js:26599:12)
2026-10-04T20:37:38.9519336Z       at workLoopSync (../../node_modules/react-dom/cjs/react-dom.development.js:26505:5)
2026-10-04T20:37:38.9520565Z       at renderRootSync (../../node_modules/react-dom/cjs/react-dom.development.js:26473:7)
2026-10-04T20:37:38.9522217Z       at performConcurrentWorkOnRoot (../../node_modules/react-dom/cjs/react-dom.development.js:25777:74)
2026-10-04T20:37:38.9523475Z       at flushActQueue (../../node_modules/react/cjs/react.development.js:2667:24)
2026-10-04T20:37:38.9524448Z       at act (../../node_modules/react/cjs/react.development.js:2582:11)
2026-10-04T20:37:38.9525393Z       at ../../node_modules/@testing-library/react/dist/act-compat.js:47:25
2026-10-04T20:37:38.9526467Z       at renderRoot (../../node_modules/@testing-library/react/dist/pure.js:180:26)
2026-10-04T20:37:38.9527511Z       at render (../../node_modules/@testing-library/react/dist/pure.js:271:10)
2026-10-04T20:37:38.9528455Z       at renderWithIntl (test/helpers/intl-helpers.jsx:6:14)
2026-10-04T20:37:38.9529437Z       at Object.<anonymous> (test/unit/components/sound-editor.test.jsx:36:43)
2026-10-04T20:37:38.9530040Z 
2026-10-04T20:37:38.9530234Z     console.error
2026-10-04T20:37:38.9531849Z       Warning: Input: Support for defaultProps will be removed from function components in a future major release. Use JavaScript default parameters instead.
2026-10-04T20:37:38.9534136Z           at small (~/work/scratch-editor/scratch-editor/packages/scratch-gui/src/components/forms/input.jsx:8:12)
2026-10-04T20:37:38.9536087Z           at BufferedInput (~/work/scratch-editor/scratch-editor/packages/scratch-gui/src/components/forms/buffered-input-hoc.jsx:13:13)
2026-10-04T20:37:38.9537380Z           at label
2026-10-04T20:37:38.9538503Z           at above (~/work/scratch-editor/scratch-editor/packages/scratch-gui/src/components/forms/label.jsx:9:26)
2026-10-04T20:37:38.9539556Z           at div
2026-10-04T20:37:38.9539961Z           at div
2026-10-04T20:37:38.9540334Z           at div
2026-10-04T20:37:38.9541959Z           at SoundEditor (~/work/scratch-editor/scratch-editor/packages/scratch-gui/src/components/sound-editor/sound-editor.jsx:141:25)
2026-10-04T20:37:38.9543581Z           at IntlProvider (~/work/scratch-editor/scratch-editor/node_modules/react-intl/src/components/provider.js:33:47)
2026-10-04T20:37:38.9544375Z 
2026-10-04T20:37:38.9544631Z       4 |
2026-10-04T20:37:38.9545886Z       5 | const renderWithIntl = (ui, {locale = 'en', messages = {}} = {}) => ({
2026-10-04T20:37:38.9547090Z     > 6 |     ...render(
2026-10-04T20:37:38.9547740Z         |              ^
2026-10-04T20:37:38.9548399Z       7 |         <IntlProvider
2026-10-04T20:37:38.9549063Z       8 |             locale={locale}
2026-10-04T20:37:38.9549743Z       9 |             messages={messages}
2026-10-04T20:37:38.9550101Z 
2026-10-04T20:37:38.9550543Z       at printWarning (../../node_modules/react-dom/cjs/react-dom.development.js:86:30)
2026-10-04T20:37:38.9551635Z       at error (../../node_modules/react-dom/cjs/react-dom.development.js:60:7)
2026-10-04T20:37:38.9552684Z       at validateFunctionComponentInDev (../../node_modules/react-dom/cjs/react-dom.development.js:20230:9)
2026-10-04T20:37:38.9553913Z       at mountIndeterminateComponent (../../node_modules/react-dom/cjs/react-dom.development.js:20189:7)
2026-10-04T20:37:38.9554961Z       at beginWork (../../node_modules/react-dom/cjs/react-dom.development.js:21626:16)
2026-10-04T20:37:38.9556157Z       at beginWork$1 (../../node_modules/react-dom/cjs/react-dom.development.js:27465:14)
2026-10-04T20:37:38.9557180Z       at performUnitOfWork (../../node_modules/react-dom/cjs/react-dom.development.js:26599:12)
2026-10-04T20:37:38.9558165Z       at workLoopSync (../../node_modules/react-dom/cjs/react-dom.development.js:26505:5)
2026-10-04T20:37:38.9559150Z       at renderRootSync (../../node_modules/react-dom/cjs/react-dom.development.js:26473:7)
2026-10-04T20:37:38.9560268Z       at performConcurrentWorkOnRoot (../../node_modules/react-dom/cjs/react-dom.development.js:25777:74)
2026-10-04T20:37:38.9561295Z       at flushActQueue (../../node_modules/react/cjs/react.development.js:2667:24)
2026-10-04T20:37:38.9562323Z       at act (../../node_modules/react/cjs/react.development.js:2582:11)
2026-10-04T20:37:38.9563105Z       at ../../node_modules/@testing-library/react/dist/act-compat.js:47:25
2026-10-04T20:37:38.9563948Z       at renderRoot (../../node_modules/@testing-library/react/dist/pure.js:180:26)
2026-10-04T20:37:38.9564800Z       at render (../../node_modules/@testing-library/react/dist/pure.js:271:10)
2026-10-04T20:37:38.9565561Z       at renderWithIntl (test/helpers/intl-helpers.jsx:6:14)
2026-10-04T20:37:38.9566342Z       at Object.<anonymous> (test/unit/components/sound-editor.test.jsx:36:43)
2026-10-04T20:37:38.9566826Z 
2026-10-04T20:37:38.9566976Z     console.error
2026-10-04T20:37:38.9568055Z       Warning: Box: Support for defaultProps will be removed from function components in a future major release. Use JavaScript default parameters instead.
2026-10-04T20:37:38.9569675Z           at alignContent (~/work/scratch-editor/scratch-editor/packages/scratch-gui/src/components/box/box.jsx:33:9)
2026-10-04T20:37:38.9570892Z           at div
2026-10-04T20:37:38.9572290Z           at containerRef (~/work/scratch-editor/scratch-editor/packages/scratch-gui/src/components/audio-trimmer/audio-selector.jsx:12:20)
2026-10-04T20:37:38.9573969Z           at AudioSelector (~/work/scratch-editor/scratch-editor/packages/scratch-gui/src/containers/audio-selector.jsx:13:9)
2026-10-04T20:37:38.9574913Z           at div
2026-10-04T20:37:38.9575241Z           at div
2026-10-04T20:37:38.9575546Z           at div
2026-10-04T20:37:38.9576574Z           at SoundEditor (~/work/scratch-editor/scratch-editor/packages/scratch-gui/src/components/sound-editor/sound-editor.jsx:141:25)
2026-10-04T20:37:38.9578181Z           at IntlProvider (~/work/scratch-editor/scratch-editor/node_modules/react-intl/src/components/provider.js:33:47)
2026-10-04T20:37:38.9578961Z 
2026-10-04T20:37:38.9579177Z       4 |
2026-10-04T20:37:38.9580438Z       5 | const renderWithIntl = (ui, {locale = 'en', messages = {}} = {}) => ({
2026-10-04T20:37:38.9581812Z     > 6 |     ...render(
2026-10-04T20:37:38.9582479Z         |              ^
2026-10-04T20:37:38.9583144Z       7 |         <IntlProvider
2026-10-04T20:37:38.9583808Z       8 |             locale={locale}
2026-10-04T20:37:38.9584493Z       9 |             messages={messages}
2026-10-04T20:37:38.9584858Z 
2026-10-04T20:37:38.9585302Z       at printWarning (../../node_modules/react-dom/cjs/react-dom.development.js:86:30)
2026-10-04T20:37:38.9586210Z       at error (../../node_modules/react-dom/cjs/react-dom.development.js:60:7)
2026-10-04T20:37:38.9587293Z       at validateFunctionComponentInDev (../../node_modules/react-dom/cjs/react-dom.development.js:20230:9)
2026-10-04T20:37:38.9588519Z       at mountIndeterminateComponent (../../node_modules/react-dom/cjs/react-dom.development.js:20189:7)
2026-10-04T20:37:38.9589589Z       at beginWork (../../node_modules/react-dom/cjs/react-dom.development.js:21626:16)
2026-10-04T20:37:38.9590754Z       at beginWork$1 (../../node_modules/react-dom/cjs/react-dom.development.js:27465:14)
2026-10-04T20:37:38.9591960Z       at performUnitOfWork (../../node_modules/react-dom/cjs/react-dom.development.js:26599:12)
2026-10-04T20:37:38.9592977Z       at workLoopSync (../../node_modules/react-dom/cjs/react-dom.development.js:26505:5)
2026-10-04T20:37:38.9593968Z       at renderRootSync (../../node_modules/react-dom/cjs/react-dom.development.js:26473:7)
2026-10-04T20:37:38.9595074Z       at performConcurrentWorkOnRoot (../../node_modules/react-dom/cjs/react-dom.development.js:25777:74)
2026-10-04T20:37:38.9596123Z       at flushActQueue (../../node_modules/react/cjs/react.development.js:2667:24)
2026-10-04T20:37:38.9596959Z       at act (../../node_modules/react/cjs/react.development.js:2582:11)
2026-10-04T20:37:38.9597735Z       at ../../node_modules/@testing-library/react/dist/act-compat.js:47:25
2026-10-04T20:37:38.9598583Z       at renderRoot (../../node_modules/@testing-library/react/dist/pure.js:180:26)
2026-10-04T20:37:38.9599444Z       at render (../../node_modules/@testing-library/react/dist/pure.js:271:10)
2026-10-04T20:37:38.9600196Z       at renderWithIntl (test/helpers/intl-helpers.jsx:6:14)
2026-10-04T20:37:38.9600973Z       at Object.<anonymous> (test/unit/components/sound-editor.test.jsx:36:43)
2026-10-04T20:37:38.9602462Z 
2026-10-04T20:37:38.9602702Z     console.warn
2026-10-04T20:37:38.9603863Z       Warning: componentWillReceiveProps has been renamed, and is not recommended for use. See https://reactjs.org/link/unsafe-component-lifecycles for details.
2026-10-04T20:37:38.9604949Z       
2026-10-04T20:37:38.9605469Z       * Move data fetching code or side effects to componentDidUpdate.
2026-10-04T20:37:38.9607336Z       * If you're updating state whenever props change, refactor your code to use memoization techniques or move it to static getDerivedStateFromProps. Learn more at: https://reactjs.org/link/derived-state
2026-10-04T20:37:38.9610361Z       * Rename componentWillReceiveProps to UNSAFE_componentWillReceiveProps to suppress this warning in non-strict mode. In React 18.x, only the UNSAFE_ name will work. To rename all deprecated lifecycles to their new names, you can run `npx react-codemod rename-unsafe-lifecycles` in your project source folder.
2026-10-04T20:37:38.9612421Z       
2026-10-04T20:37:38.9612885Z       Please update the following components: AudioSelector
2026-10-04T20:37:38.9613278Z 
2026-10-04T20:37:38.9613504Z       4 |
2026-10-04T20:37:38.9614755Z       5 | const renderWithIntl = (ui, {locale = 'en', messages = {}} = {}) => ({
2026-10-04T20:37:38.9615964Z     > 6 |     ...render(
2026-10-04T20:37:38.9616629Z         |              ^
2026-10-04T20:37:38.9617286Z       7 |         <IntlProvider
2026-10-04T20:37:38.9617953Z       8 |             locale={locale}
2026-10-04T20:37:38.9618645Z       9 |             messages={messages}
2026-10-04T20:37:38.9619012Z 
2026-10-04T20:37:38.9619462Z       at printWarning (../../node_modules/react-dom/cjs/react-dom.development.js:86:30)
2026-10-04T20:37:38.9620365Z       at warn (../../node_modules/react-dom/cjs/react-dom.development.js:49:7)
2026-10-04T20:37:38.9622024Z       at Object.<anonymous>.ReactStrictModeWarnings.flushPendingUnsafeLifecycleWarnings (../../node_modules/react-dom/cjs/react-dom.development.js:12912:7)
2026-10-04T20:37:38.9623720Z       at flushRenderPhaseStrictModeWarningsInDEV (../../node_modules/react-dom/cjs/react-dom.development.js:27349:31)
2026-10-04T20:37:38.9624950Z       at commitRootImpl (../../node_modules/react-dom/cjs/react-dom.development.js:26741:3)
2026-10-04T20:37:38.9625924Z       at commitRoot (../../node_modules/react-dom/cjs/react-dom.development.js:26721:5)
2026-10-04T20:37:38.9627209Z       at finishConcurrentRender (../../node_modules/react-dom/cjs/react-dom.development.js:26020:9)
2026-10-04T20:37:38.9628564Z       at performConcurrentWorkOnRoot (../../node_modules/react-dom/cjs/react-dom.development.js:25848:7)
2026-10-04T20:37:38.9629623Z       at flushActQueue (../../node_modules/react/cjs/react.development.js:2667:24)
2026-10-04T20:37:38.9630468Z       at act (../../node_modules/react/cjs/react.development.js:2582:11)
2026-10-04T20:37:38.9631273Z       at ../../node_modules/@testing-library/react/dist/act-compat.js:47:25
2026-10-04T20:37:38.9632352Z       at renderRoot (../../node_modules/@testing-library/react/dist/pure.js:180:26)
2026-10-04T20:37:38.9633228Z       at render (../../node_modules/@testing-library/react/dist/pure.js:271:10)
2026-10-04T20:37:38.9634006Z       at renderWithIntl (test/helpers/intl-helpers.jsx:6:14)
2026-10-04T20:37:38.9634792Z       at Object.<anonymous> (test/unit/components/sound-editor.test.jsx:36:43)
2026-10-04T20:37:38.9635284Z 
2026-10-04T20:37:39.0642952Z PASS test/unit/util/define-dynamic-block.test.js
2026-10-04T20:37:39.4563143Z PASS test/unit/components/notice-overlay.test.jsx
2026-10-04T20:37:39.6824657Z PASS test/unit/components/wire-scope-panel.test.jsx
2026-10-04T20:37:39.9779993Z PASS test/unit/containers/menu-bar-hoc.test.jsx
2026-10-04T20:37:39.9834207Z   ● Console
2026-10-04T20:37:39.9836639Z 
2026-10-04T20:37:39.9837151Z     console.error
2026-10-04T20:37:39.9837866Z       Error: Not implemented: window.confirm
2026-10-04T20:37:39.9839679Z           at module.exports (~/work/scratch-editor/scratch-editor/node_modules/jest-environment-jsdom/node_modules/jsdom/lib/jsdom/browser/not-implemented.js:9:17)
2026-10-04T20:37:39.9842378Z           at ~/work/scratch-editor/scratch-editor/node_modules/jest-environment-jsdom/node_modules/jsdom/lib/jsdom/browser/Window.js:870:7
2026-10-04T20:37:39.9845460Z           at Object.confirm [as confirmWithMessage] (~/work/scratch-editor/scratch-editor/packages/scratch-gui/src/containers/menu-bar-hoc.jsx:49:41)
2026-10-04T20:37:39.9847947Z           at MenuBarContainer.confirmWithMessage (~/work/scratch-editor/scratch-editor/packages/scratch-gui/src/containers/menu-bar-hoc.jsx:19:52)
2026-10-04T20:37:39.9850038Z           at wrapper (~/work/scratch-editor/scratch-editor/node_modules/lodash.bindall/index.js:550:15)
2026-10-04T20:37:39.9852400Z           at confirmReadyToReplaceProject (~/work/scratch-editor/scratch-editor/packages/scratch-gui/test/unit/containers/menu-bar-hoc.test.jsx:25:29)
2026-10-04T20:37:39.9854428Z           at ~/work/scratch-editor/scratch-editor/node_modules/jest-mock/build/index.js:397:39
2026-10-04T20:37:39.9856037Z           at ~/work/scratch-editor/scratch-editor/node_modules/jest-mock/build/index.js:404:13
2026-10-04T20:37:39.9857776Z           at mockConstructor (~/work/scratch-editor/scratch-editor/node_modules/jest-mock/build/index.js:103:19)
2026-10-04T20:37:39.9859755Z           at renderWithHooks (~/work/scratch-editor/scratch-editor/node_modules/react-dom/cjs/react-dom.development.js:15486:18)
2026-10-04T20:37:39.9862162Z           at mountIndeterminateComponent (~/work/scratch-editor/scratch-editor/node_modules/react-dom/cjs/react-dom.development.js:20103:13)
2026-10-04T20:37:39.9864331Z           at beginWork (~/work/scratch-editor/scratch-editor/node_modules/react-dom/cjs/react-dom.development.js:21626:16)
2026-10-04T20:37:39.9866317Z           at beginWork$1 (~/work/scratch-editor/scratch-editor/node_modules/react-dom/cjs/react-dom.development.js:27465:14)
2026-10-04T20:37:39.9868381Z           at performUnitOfWork (~/work/scratch-editor/scratch-editor/node_modules/react-dom/cjs/react-dom.development.js:26599:12)
2026-10-04T20:37:39.9870451Z           at workLoopSync (~/work/scratch-editor/scratch-editor/node_modules/react-dom/cjs/react-dom.development.js:26505:5)
2026-10-04T20:37:39.9872672Z           at renderRootSync (~/work/scratch-editor/scratch-editor/node_modules/react-dom/cjs/react-dom.development.js:26473:7)
2026-10-04T20:37:39.9875227Z           at performConcurrentWorkOnRoot (~/work/scratch-editor/scratch-editor/node_modules/react-dom/cjs/react-dom.development.js:25777:74)
2026-10-04T20:37:39.9877386Z           at flushActQueue (~/work/scratch-editor/scratch-editor/node_modules/react/cjs/react.development.js:2667:24)
2026-10-04T20:37:39.9879268Z           at act (~/work/scratch-editor/scratch-editor/node_modules/react/cjs/react.development.js:2582:11)
2026-10-04T20:37:39.9881061Z           at ~/work/scratch-editor/scratch-editor/node_modules/@testing-library/react/dist/act-compat.js:47:25
2026-10-04T20:37:39.9883163Z           at renderRoot (~/work/scratch-editor/scratch-editor/node_modules/@testing-library/react/dist/pure.js:180:26)
2026-10-04T20:37:39.9885043Z           at render (~/work/scratch-editor/scratch-editor/node_modules/@testing-library/react/dist/pure.js:271:10)
2026-10-04T20:37:39.9887117Z           at Object.<anonymous> (~/work/scratch-editor/scratch-editor/packages/scratch-gui/test/unit/containers/menu-bar-hoc.test.jsx:117:35)
2026-10-04T20:37:39.9889216Z           at Promise.then.completed (~/work/scratch-editor/scratch-editor/node_modules/jest-circus/build/utils.js:298:28)
2026-10-04T20:37:39.9890557Z           at new Promise (<anonymous>)
2026-10-04T20:37:39.9892107Z           at callAsyncCircusFn (~/work/scratch-editor/scratch-editor/node_modules/jest-circus/build/utils.js:231:10)
2026-10-04T20:37:39.9893991Z           at _callCircusTest (~/work/scratch-editor/scratch-editor/node_modules/jest-circus/build/run.js:316:40)
2026-10-04T20:37:39.9895744Z           at processTicksAndRejections (node:internal/process/task_queues:104:5)
2026-10-04T20:37:39.9897232Z           at _runTest (~/work/scratch-editor/scratch-editor/node_modules/jest-circus/build/run.js:252:3)
2026-10-04T20:37:39.9899090Z           at _runTestsForDescribeBlock (~/work/scratch-editor/scratch-editor/node_modules/jest-circus/build/run.js:126:9)
2026-10-04T20:37:39.9901152Z           at _runTestsForDescribeBlock (~/work/scratch-editor/scratch-editor/node_modules/jest-circus/build/run.js:121:9)
2026-10-04T20:37:39.9903137Z           at run (~/work/scratch-editor/scratch-editor/node_modules/jest-circus/build/run.js:71:3)
2026-10-04T20:37:39.9905361Z           at runAndTransformResultsToJestFormat (~/work/scratch-editor/scratch-editor/node_modules/jest-circus/build/legacy-code-todo-rewrite/jestAdapterInit.js:122:21)
2026-10-04T20:37:39.9907860Z           at jestAdapter (~/work/scratch-editor/scratch-editor/node_modules/jest-circus/build/legacy-code-todo-rewrite/jestAdapter.js:79:19)
2026-10-04T20:37:39.9909927Z           at runTestInternal (~/work/scratch-editor/scratch-editor/node_modules/jest-runner/build/runTest.js:367:16)
2026-10-04T20:37:39.9911966Z           at runTest (~/work/scratch-editor/scratch-editor/node_modules/jest-runner/build/runTest.js:444:34)
2026-10-04T20:37:39.9913849Z           at Object.worker (~/work/scratch-editor/scratch-editor/node_modules/jest-runner/build/testWorker.js:106:12) {
2026-10-04T20:37:39.9915181Z         type: 'not implemented'
2026-10-04T20:37:39.9915817Z       }
2026-10-04T20:37:39.9916210Z 
2026-10-04T20:37:39.9917182Z       47 |     MenuBarContainer.defaultProps = {
2026-10-04T20:37:39.9918540Z       48 |         // default to using standard js confirm
2026-10-04T20:37:39.9920332Z     > 49 |         confirmWithMessage: message => (confirm(message)) // eslint-disable-line no-alert
2026-10-04T20:37:39.9922156Z          |                                         ^
2026-10-04T20:37:39.9923085Z       50 |     };
2026-10-04T20:37:39.9924168Z       51 |     const mapStateToProps = state => ({
2026-10-04T20:37:39.9925875Z       52 |         projectChanged: state.scratchGui.projectChanged
2026-10-04T20:37:39.9926761Z 
2026-10-04T20:37:39.9927554Z       at VirtualConsole.<anonymous> (../../node_modules/jest-environment-jsdom/build/index.js:63:23)
2026-10-04T20:37:39.9928947Z       at Object.confirm [as confirmWithMessage] (src/containers/menu-bar-hoc.jsx:49:41)
2026-10-04T20:37:39.9930297Z       at MenuBarContainer.confirmWithMessage (src/containers/menu-bar-hoc.jsx:19:52)
2026-10-04T20:37:39.9931714Z       at wrapper (../../node_modules/lodash.bindall/index.js:550:15)
2026-10-04T20:37:39.9932989Z       at confirmReadyToReplaceProject (test/unit/containers/menu-bar-hoc.test.jsx:25:29)
2026-10-04T20:37:39.9934454Z       at renderWithHooks (../../node_modules/react-dom/cjs/react-dom.development.js:15486:18)
2026-10-04T20:37:39.9936000Z       at mountIndeterminateComponent (../../node_modules/react-dom/cjs/react-dom.development.js:20103:13)
2026-10-04T20:37:39.9937472Z       at beginWork (../../node_modules/react-dom/cjs/react-dom.development.js:21626:16)
2026-10-04T20:37:39.9938774Z       at beginWork$1 (../../node_modules/react-dom/cjs/react-dom.development.js:27465:14)
2026-10-04T20:37:39.9940167Z       at performUnitOfWork (../../node_modules/react-dom/cjs/react-dom.development.js:26599:12)
2026-10-04T20:37:39.9941731Z       at workLoopSync (../../node_modules/react-dom/cjs/react-dom.development.js:26505:5)
2026-10-04T20:37:39.9943110Z       at renderRootSync (../../node_modules/react-dom/cjs/react-dom.development.js:26473:7)
2026-10-04T20:37:39.9944617Z       at performConcurrentWorkOnRoot (../../node_modules/react-dom/cjs/react-dom.development.js:25777:74)
2026-10-04T20:37:39.9946259Z       at flushActQueue (../../node_modules/react/cjs/react.development.js:2667:24)
2026-10-04T20:37:39.9947673Z       at act (../../node_modules/react/cjs/react.development.js:2582:11)
2026-10-04T20:37:39.9949108Z       at ../../node_modules/@testing-library/react/dist/act-compat.js:47:25
2026-10-04T20:37:39.9950494Z       at renderRoot (../../node_modules/@testing-library/react/dist/pure.js:180:26)
2026-10-04T20:37:39.9951996Z       at render (../../node_modules/@testing-library/react/dist/pure.js:271:10)
2026-10-04T20:37:39.9953381Z       at Object.<anonymous> (test/unit/containers/menu-bar-hoc.test.jsx:117:35)
2026-10-04T20:37:39.9954255Z 
2026-10-04T20:37:39.9954683Z     console.error
2026-10-04T20:37:39.9955545Z       Error: Not implemented: window.confirm
2026-10-04T20:37:39.9957493Z           at module.exports (~/work/scratch-editor/scratch-editor/node_modules/jest-environment-jsdom/node_modules/jsdom/lib/jsdom/browser/not-implemented.js:9:17)
2026-10-04T20:37:39.9960127Z           at ~/work/scratch-editor/scratch-editor/node_modules/jest-environment-jsdom/node_modules/jsdom/lib/jsdom/browser/Window.js:870:7
2026-10-04T20:37:39.9962952Z           at Object.confirm [as confirmWithMessage] (~/work/scratch-editor/scratch-editor/packages/scratch-gui/src/containers/menu-bar-hoc.jsx:49:41)
2026-10-04T20:37:39.9965595Z           at MenuBarContainer.confirmWithMessage (~/work/scratch-editor/scratch-editor/packages/scratch-gui/src/containers/menu-bar-hoc.jsx:19:52)
2026-10-04T20:37:39.9967851Z           at wrapper (~/work/scratch-editor/scratch-editor/node_modules/lodash.bindall/index.js:550:15)
2026-10-04T20:37:39.9970266Z           at confirmReadyToReplaceProject (~/work/scratch-editor/scratch-editor/packages/scratch-gui/test/unit/containers/menu-bar-hoc.test.jsx:25:29)
2026-10-04T20:37:39.9972665Z           at ~/work/scratch-editor/scratch-editor/node_modules/jest-mock/build/index.js:397:39
2026-10-04T20:37:39.9974292Z           at ~/work/scratch-editor/scratch-editor/node_modules/jest-mock/build/index.js:404:13
2026-10-04T20:37:39.9976040Z           at mockConstructor (~/work/scratch-editor/scratch-editor/node_modules/jest-mock/build/index.js:103:19)
2026-10-04T20:37:39.9978363Z           at renderWithHooks (~/work/scratch-editor/scratch-editor/node_modules/react-dom/cjs/react-dom.development.js:15486:18)
2026-10-04T20:37:39.9980688Z           at mountIndeterminateComponent (~/work/scratch-editor/scratch-editor/node_modules/react-dom/cjs/react-dom.development.js:20103:13)
2026-10-04T20:37:39.9983223Z           at beginWork (~/work/scratch-editor/scratch-editor/node_modules/react-dom/cjs/react-dom.development.js:21626:16)
2026-10-04T20:37:39.9985420Z           at beginWork$1 (~/work/scratch-editor/scratch-editor/node_modules/react-dom/cjs/react-dom.development.js:27465:14)
2026-10-04T20:37:39.9987706Z           at performUnitOfWork (~/work/scratch-editor/scratch-editor/node_modules/react-dom/cjs/react-dom.development.js:26599:12)
2026-10-04T20:37:39.9989996Z           at workLoopSync (~/work/scratch-editor/scratch-editor/node_modules/react-dom/cjs/react-dom.development.js:26505:5)
2026-10-04T20:37:39.9992452Z           at renderRootSync (~/work/scratch-editor/scratch-editor/node_modules/react-dom/cjs/react-dom.development.js:26473:7)
2026-10-04T20:37:39.9994689Z           at performConcurrentWorkOnRoot (~/work/scratch-editor/scratch-editor/node_modules/react-dom/cjs/react-dom.development.js:25777:74)
2026-10-04T20:37:39.9996835Z           at flushActQueue (~/work/scratch-editor/scratch-editor/node_modules/react/cjs/react.development.js:2667:24)
2026-10-04T20:37:39.9998678Z           at act (~/work/scratch-editor/scratch-editor/node_modules/react/cjs/react.development.js:2582:11)
2026-10-04T20:37:40.0000446Z           at ~/work/scratch-editor/scratch-editor/node_modules/@testing-library/react/dist/act-compat.js:47:25
2026-10-04T20:37:40.0002782Z           at renderRoot (~/work/scratch-editor/scratch-editor/node_modules/@testing-library/react/dist/pure.js:180:26)
2026-10-04T20:37:40.0004672Z           at render (~/work/scratch-editor/scratch-editor/node_modules/@testing-library/react/dist/pure.js:271:10)
2026-10-04T20:37:40.0006725Z           at Object.<anonymous> (~/work/scratch-editor/scratch-editor/packages/scratch-gui/test/unit/containers/menu-bar-hoc.test.jsx:145:35)
2026-10-04T20:37:40.0008838Z           at Promise.then.completed (~/work/scratch-editor/scratch-editor/node_modules/jest-circus/build/utils.js:298:28)
2026-10-04T20:37:40.0010156Z           at new Promise (<anonymous>)
2026-10-04T20:37:40.0011696Z           at callAsyncCircusFn (~/work/scratch-editor/scratch-editor/node_modules/jest-circus/build/utils.js:231:10)
2026-10-04T20:37:40.0013604Z           at _callCircusTest (~/work/scratch-editor/scratch-editor/node_modules/jest-circus/build/run.js:316:40)
2026-10-04T20:37:40.0015135Z           at processTicksAndRejections (node:internal/process/task_queues:104:5)
2026-10-04T20:37:40.0016631Z           at _runTest (~/work/scratch-editor/scratch-editor/node_modules/jest-circus/build/run.js:252:3)
2026-10-04T20:37:40.0018548Z           at _runTestsForDescribeBlock (~/work/scratch-editor/scratch-editor/node_modules/jest-circus/build/run.js:126:9)
2026-10-04T20:37:40.0020520Z           at _runTestsForDescribeBlock (~/work/scratch-editor/scratch-editor/node_modules/jest-circus/build/run.js:121:9)
2026-10-04T20:37:40.0022480Z           at run (~/work/scratch-editor/scratch-editor/node_modules/jest-circus/build/run.js:71:3)
2026-10-04T20:37:40.0024724Z           at runAndTransformResultsToJestFormat (~/work/scratch-editor/scratch-editor/node_modules/jest-circus/build/legacy-code-todo-rewrite/jestAdapterInit.js:122:21)
2026-10-04T20:37:40.0027265Z           at jestAdapter (~/work/scratch-editor/scratch-editor/node_modules/jest-circus/build/legacy-code-todo-rewrite/jestAdapter.js:79:19)
2026-10-04T20:37:40.0029333Z           at runTestInternal (~/work/scratch-editor/scratch-editor/node_modules/jest-runner/build/runTest.js:367:16)
2026-10-04T20:37:40.0031390Z           at runTest (~/work/scratch-editor/scratch-editor/node_modules/jest-runner/build/runTest.js:444:34)
2026-10-04T20:37:40.0033466Z           at Object.worker (~/work/scratch-editor/scratch-editor/node_modules/jest-runner/build/testWorker.js:106:12) {
2026-10-04T20:37:40.0034752Z         type: 'not implemented'
2026-10-04T20:37:40.0035449Z       }
2026-10-04T20:37:40.0035814Z 
2026-10-04T20:37:40.0036789Z       47 |     MenuBarContainer.defaultProps = {
2026-10-04T20:37:40.0038053Z       48 |         // default to using standard js confirm
2026-10-04T20:37:40.0039840Z     > 49 |         confirmWithMessage: message => (confirm(message)) // eslint-disable-line no-alert
2026-10-04T20:37:40.0041635Z          |                                         ^
2026-10-04T20:37:40.0042579Z       50 |     };
2026-10-04T20:37:40.0043690Z       51 |     const mapStateToProps = state => ({
2026-10-04T20:37:40.0045190Z       52 |         projectChanged: state.scratchGui.projectChanged
2026-10-04T20:37:40.0046055Z 
2026-10-04T20:37:40.0046842Z       at VirtualConsole.<anonymous> (../../node_modules/jest-environment-jsdom/build/index.js:63:23)
2026-10-04T20:37:40.0048220Z       at Object.confirm [as confirmWithMessage] (src/containers/menu-bar-hoc.jsx:49:41)
2026-10-04T20:37:40.0049559Z       at MenuBarContainer.confirmWithMessage (src/containers/menu-bar-hoc.jsx:19:52)
2026-10-04T20:37:40.0051041Z       at wrapper (../../node_modules/lodash.bindall/index.js:550:15)
2026-10-04T20:37:40.0052606Z       at confirmReadyToReplaceProject (test/unit/containers/menu-bar-hoc.test.jsx:25:29)
2026-10-04T20:37:40.0054164Z       at renderWithHooks (../../node_modules/react-dom/cjs/react-dom.development.js:15486:18)
2026-10-04T20:37:40.0055840Z       at mountIndeterminateComponent (../../node_modules/react-dom/cjs/react-dom.development.js:20103:13)
2026-10-04T20:37:40.0057433Z       at beginWork (../../node_modules/react-dom/cjs/react-dom.development.js:21626:16)
2026-10-04T20:37:40.0058832Z       at beginWork$1 (../../node_modules/react-dom/cjs/react-dom.development.js:27465:14)
2026-10-04T20:37:40.0060384Z       at performUnitOfWork (../../node_modules/react-dom/cjs/react-dom.development.js:26599:12)
2026-10-04T20:37:40.0062389Z       at workLoopSync (../../node_modules/react-dom/cjs/react-dom.development.js:26505:5)
2026-10-04T20:37:40.0063953Z       at renderRootSync (../../node_modules/react-dom/cjs/react-dom.development.js:26473:7)
2026-10-04T20:37:40.0065614Z       at performConcurrentWorkOnRoot (../../node_modules/react-dom/cjs/react-dom.development.js:25777:74)
2026-10-04T20:37:40.0067130Z       at flushActQueue (../../node_modules/react/cjs/react.development.js:2667:24)
2026-10-04T20:37:40.0068321Z       at act (../../node_modules/react/cjs/react.development.js:2582:11)
2026-10-04T20:37:40.0069478Z       at ../../node_modules/@testing-library/react/dist/act-compat.js:47:25
2026-10-04T20:37:40.0070714Z       at renderRoot (../../node_modules/@testing-library/react/dist/pure.js:180:26)
2026-10-04T20:37:40.0072185Z       at render (../../node_modules/@testing-library/react/dist/pure.js:271:10)
2026-10-04T20:37:40.0073395Z       at Object.<anonymous> (test/unit/containers/menu-bar-hoc.test.jsx:145:35)
2026-10-04T20:37:40.0074149Z 
2026-10-04T20:37:40.2682037Z PASS test/unit/lib/indexeddb-sprite-store.test.js
2026-10-04T20:37:40.3578285Z PASS test/unit/lib/configure-mcremote-block-rendering.test.js
2026-10-04T20:37:40.5307500Z PASS test/unit/util/vm-listener-hoc.test.jsx (9.235 s)
2026-10-04T20:37:40.5553520Z   ● Console
2026-10-04T20:37:40.5642850Z 
2026-10-04T20:37:40.5703830Z     console.log
2026-10-04T20:37:40.5764426Z       2026-10-04 20:37:38.548	WARN		scratch-vm	Central dispatch replacing existing service provider for runtime
2026-10-04T20:37:40.5806115Z 
2026-10-04T20:37:40.5823262Z       at Object.c [as transportFormatted] (../scratch-vm/dist/web/webpack:/VirtualMachine/webpack/universalModuleDefinition:1:1)
2026-10-04T20:37:40.5851994Z 
2026-10-04T20:37:40.5852650Z     console.log
2026-10-04T20:37:40.5854582Z       2026-10-04 20:37:40.443	WARN		scratch-vm	Central dispatch replacing existing service provider for extensions
2026-10-04T20:37:40.5855760Z 
2026-10-04T20:37:40.5856649Z       at Object.c [as transportFormatted] (../scratch-vm/dist/web/webpack:/VirtualMachine/webpack/universalModuleDefinition:1:1)
2026-10-04T20:37:40.5857602Z 
2026-10-04T20:37:40.5857773Z     console.log
2026-10-04T20:37:40.5859417Z       2026-10-04 20:37:40.458	WARN		scratch-vm	Central dispatch replacing existing service provider for runtime
2026-10-04T20:37:40.5860544Z 
2026-10-04T20:37:40.5861405Z       at Object.c [as transportFormatted] (../scratch-vm/dist/web/webpack:/VirtualMachine/webpack/universalModuleDefinition:1:1)
2026-10-04T20:37:40.5862574Z 
2026-10-04T20:37:40.5862747Z     console.log
2026-10-04T20:37:40.5864427Z       2026-10-04 20:37:40.466	WARN		scratch-vm	Central dispatch replacing existing service provider for extensions
2026-10-04T20:37:40.5865577Z 
2026-10-04T20:37:40.5866462Z       at Object.c [as transportFormatted] (../scratch-vm/dist/web/webpack:/VirtualMachine/webpack/universalModuleDefinition:1:1)
2026-10-04T20:37:40.5882126Z 
2026-10-04T20:37:40.5912299Z     console.log
2026-10-04T20:37:40.5914078Z       2026-10-04 20:37:40.475	WARN		scratch-vm	Central dispatch replacing existing service provider for runtime
2026-10-04T20:37:40.5914759Z 
2026-10-04T20:37:40.5915253Z       at Object.c [as transportFormatted] (../scratch-vm/dist/web/webpack:/VirtualMachine/webpack/universalModuleDefinition:1:1)
2026-10-04T20:37:40.5915759Z 
2026-10-04T20:37:40.5915859Z     console.log
2026-10-04T20:37:40.5916790Z       2026-10-04 20:37:40.478	WARN		scratch-vm	Central dispatch replacing existing service provider for extensions
2026-10-04T20:37:40.5917485Z 
2026-10-04T20:37:40.5917954Z       at Object.c [as transportFormatted] (../scratch-vm/dist/web/webpack:/VirtualMachine/webpack/universalModuleDefinition:1:1)
2026-10-04T20:37:40.5918462Z 
2026-10-04T20:37:40.5918559Z     console.log
2026-10-04T20:37:40.5919448Z       2026-10-04 20:37:40.484	WARN		scratch-vm	Central dispatch replacing existing service provider for runtime
2026-10-04T20:37:40.5920064Z 
2026-10-04T20:37:40.5920537Z       at Object.c [as transportFormatted] (../scratch-vm/dist/web/webpack:/VirtualMachine/webpack/universalModuleDefinition:1:1)
2026-10-04T20:37:40.5921028Z 
2026-10-04T20:37:40.5921117Z     console.log
2026-10-04T20:37:40.5922202Z       2026-10-04 20:37:40.485	WARN		scratch-vm	Central dispatch replacing existing service provider for extensions
2026-10-04T20:37:40.5922824Z 
2026-10-04T20:37:40.5923276Z       at Object.c [as transportFormatted] (../scratch-vm/dist/web/webpack:/VirtualMachine/webpack/universalModuleDefinition:1:1)
2026-10-04T20:37:40.5923765Z 
2026-10-04T20:37:40.5923850Z     console.log
2026-10-04T20:37:40.5924714Z       2026-10-04 20:37:40.491	WARN		scratch-vm	Central dispatch replacing existing service provider for runtime
2026-10-04T20:37:40.5925315Z 
2026-10-04T20:37:40.5926189Z       at Object.c [as transportFormatted] (../scratch-vm/dist/web/webpack:/VirtualMachine/webpack/universalModuleDefinition:1:1)
2026-10-04T20:37:40.5926684Z 
2026-10-04T20:37:40.5926781Z     console.log
2026-10-04T20:37:40.5928361Z       2026-10-04 20:37:40.493	WARN		scratch-vm	Central dispatch replacing existing service provider for extensions
2026-10-04T20:37:40.5929571Z 
2026-10-04T20:37:40.5930382Z       at Object.c [as transportFormatted] (../scratch-vm/dist/web/webpack:/VirtualMachine/webpack/universalModuleDefinition:1:1)
2026-10-04T20:37:40.5931114Z 
2026-10-04T20:37:40.5931267Z     console.log
2026-10-04T20:37:40.5932907Z       2026-10-04 20:37:40.500	WARN		scratch-vm	Central dispatch replacing existing service provider for runtime
2026-10-04T20:37:40.5933801Z 
2026-10-04T20:37:40.5934504Z       at Object.c [as transportFormatted] (../scratch-vm/dist/web/webpack:/VirtualMachine/webpack/universalModuleDefinition:1:1)
2026-10-04T20:37:40.5935227Z 
2026-10-04T20:37:40.5935361Z     console.log
2026-10-04T20:37:40.5936668Z       2026-10-04 20:37:40.502	WARN		scratch-vm	Central dispatch replacing existing service provider for extensions
2026-10-04T20:37:40.5937563Z 
2026-10-04T20:37:40.5938243Z       at Object.c [as transportFormatted] (../scratch-vm/dist/web/webpack:/VirtualMachine/webpack/universalModuleDefinition:1:1)
2026-10-04T20:37:40.5938950Z 
2026-10-04T20:37:40.5939084Z     console.log
2026-10-04T20:37:40.5940663Z       2026-10-04 20:37:40.507	WARN		scratch-vm	Central dispatch replacing existing service provider for runtime
2026-10-04T20:37:40.5941901Z 
2026-10-04T20:37:40.5942597Z       at Object.c [as transportFormatted] (../scratch-vm/dist/web/webpack:/VirtualMachine/webpack/universalModuleDefinition:1:1)
2026-10-04T20:37:40.5943317Z 
2026-10-04T20:37:40.5943456Z     console.log
2026-10-04T20:37:40.5944766Z       2026-10-04 20:37:40.508	WARN		scratch-vm	Central dispatch replacing existing service provider for extensions
2026-10-04T20:37:40.5945668Z 
2026-10-04T20:37:40.5946346Z       at Object.c [as transportFormatted] (../scratch-vm/dist/web/webpack:/VirtualMachine/webpack/universalModuleDefinition:1:1)
2026-10-04T20:37:40.5947044Z 
2026-10-04T20:37:40.5947177Z     console.log
2026-10-04T20:37:40.5948470Z       2026-10-04 20:37:40.513	WARN		scratch-vm	Central dispatch replacing existing service provider for runtime
2026-10-04T20:37:40.5949370Z 
2026-10-04T20:37:40.5950057Z       at Object.c [as transportFormatted] (../scratch-vm/dist/web/webpack:/VirtualMachine/webpack/universalModuleDefinition:1:1)
2026-10-04T20:37:40.5950767Z 
2026-10-04T20:37:40.5950896Z     console.log
2026-10-04T20:37:40.5952524Z       2026-10-04 20:37:40.515	WARN		scratch-vm	Central dispatch replacing existing service provider for extensions
2026-10-04T20:37:40.5953610Z 
2026-10-04T20:37:40.5954510Z       at Object.c [as transportFormatted] (../scratch-vm/dist/web/webpack:/VirtualMachine/webpack/universalModuleDefinition:1:1)
2026-10-04T20:37:40.5955423Z 
2026-10-04T20:37:40.5955590Z     console.log
2026-10-04T20:37:40.5957267Z       2026-10-04 20:37:40.519	WARN		scratch-vm	Central dispatch replacing existing service provider for runtime
2026-10-04T20:37:40.5958451Z 
2026-10-04T20:37:40.5959347Z       at Object.c [as transportFormatted] (../scratch-vm/dist/web/webpack:/VirtualMachine/webpack/universalModuleDefinition:1:1)
2026-10-04T20:37:40.5960591Z 
2026-10-04T20:37:40.5960797Z     console.log
2026-10-04T20:37:40.5962807Z       2026-10-04 20:37:40.521	WARN		scratch-vm	Central dispatch replacing existing service provider for extensions
2026-10-04T20:37:40.5963983Z 
2026-10-04T20:37:40.5964841Z       at Object.c [as transportFormatted] (../scratch-vm/dist/web/webpack:/VirtualMachine/webpack/universalModuleDefinition:1:1)
2026-10-04T20:37:40.5965741Z 
2026-10-04T20:37:40.7046044Z PASS test/unit/util/drag-recognizer.test.js
2026-10-04T20:37:40.8792909Z PASS test/unit/util/color-modes.test.js
2026-10-04T20:37:41.1482802Z PASS test/unit/lib/indexeddb-project-store.test.js
2026-10-04T20:37:42.0402903Z ts-jest[config] (WARN) 
2026-10-04T20:37:42.0406120Z     The "ts-jest" config option "isolatedModules" is deprecated and will be removed in v30.0.0. Please use "isolatedModules: true" in ~/work/scratch-editor/scratch-editor/packages/scratch-gui/tsconfig.test.json instead, see https://www.typescriptlang.org/tsconfig/#isolatedModules
2026-10-04T20:37:42.0432428Z   
2026-10-04T20:37:42.6103014Z PASS test/unit/components/action-menu.test.jsx
2026-10-04T20:37:42.6323449Z   ● Console
2026-10-04T20:37:42.6366827Z 
2026-10-04T20:37:42.6392313Z     console.error
2026-10-04T20:37:42.6413313Z       Warning: An update to ActionMenu inside a test was not wrapped in act(...).
2026-10-04T20:37:42.6422191Z       
2026-10-04T20:37:42.6449328Z       When testing, code that causes React state updates should be wrapped into act(...):
2026-10-04T20:37:42.6493447Z       
2026-10-04T20:37:42.6542170Z       act(() => {
2026-10-04T20:37:42.6562443Z         /* fire events that update state */
2026-10-04T20:37:42.6585676Z       });
2026-10-04T20:37:42.6587478Z       /* assert on the output */
2026-10-04T20:37:42.6588089Z       
2026-10-04T20:37:42.6589385Z       This ensures that you're testing the behavior the user would see in the browser. Learn more at https://reactjs.org/link/wrap-tests-with-act
2026-10-04T20:37:42.6591379Z           at className (~/work/scratch-editor/scratch-editor/packages/scratch-gui/src/components/action-menu/action-menu.jsx:11:5)
2026-10-04T20:37:42.6592738Z 
2026-10-04T20:37:42.6593358Z       132 |             }
2026-10-04T20:37:42.6594632Z       133 |         } else if (e.key === KEY.TAB) {
2026-10-04T20:37:42.6596042Z     > 134 |             setIsExpanded(false);
2026-10-04T20:37:42.6597029Z           |             ^
2026-10-04T20:37:42.6598070Z       135 |             focusItem(buttonRef.current);
2026-10-04T20:37:42.6599516Z       136 |         } else if (e.key === KEY.ESCAPE) {
2026-10-04T20:37:42.6601215Z       137 |             if (document.activeElement === buttonRef.current) {
2026-10-04T20:37:42.6602331Z 
2026-10-04T20:37:42.6602976Z       at printWarning (../../node_modules/react-dom/cjs/react-dom.development.js:86:30)
2026-10-04T20:37:42.6604130Z       at error (../../node_modules/react-dom/cjs/react-dom.development.js:60:7)
2026-10-04T20:37:42.6605482Z       at warnIfUpdatesNotWrappedWithActDEV (../../node_modules/react-dom/cjs/react-dom.development.js:27628:9)
2026-10-04T20:37:42.6606971Z       at scheduleUpdateOnFiber (../../node_modules/react-dom/cjs/react-dom.development.js:25547:5)
2026-10-04T20:37:42.6608303Z       at dispatchSetState (../../node_modules/react-dom/cjs/react-dom.development.js:16708:7)
2026-10-04T20:37:42.6609499Z       at setIsExpanded (src/components/action-menu/action-menu.jsx:134:13)
2026-10-04T20:37:42.6610810Z       at HTMLUnknownElement.callCallback (../../node_modules/react-dom/cjs/react-dom.development.js:4164:14)
2026-10-04T20:37:42.6612993Z       at Object.invokeGuardedCallbackDev (../../node_modules/react-dom/cjs/react-dom.development.js:4213:16)
2026-10-04T20:37:42.6614484Z       at invokeGuardedCallback (../../node_modules/react-dom/cjs/react-dom.development.js:4277:31)
2026-10-04T20:37:42.6616051Z       at invokeGuardedCallbackAndCatchFirstError (../../node_modules/react-dom/cjs/react-dom.development.js:4291:25)
2026-10-04T20:37:42.6617569Z       at executeDispatch (../../node_modules/react-dom/cjs/react-dom.development.js:9041:3)
2026-10-04T20:37:42.6619004Z       at processDispatchQueueItemsInOrder (../../node_modules/react-dom/cjs/react-dom.development.js:9073:7)
2026-10-04T20:37:42.6620652Z       at processDispatchQueue (../../node_modules/react-dom/cjs/react-dom.development.js:9086:5)
2026-10-04T20:37:42.6623003Z       at dispatchEventsForPlugins (../../node_modules/react-dom/cjs/react-dom.development.js:9097:3)
2026-10-04T20:37:42.6624347Z       at ../../node_modules/react-dom/cjs/react-dom.development.js:9288:12
2026-10-04T20:37:42.6625575Z       at batchedUpdates$1 (../../node_modules/react-dom/cjs/react-dom.development.js:26179:12)
2026-10-04T20:37:42.6626912Z       at batchedUpdates (../../node_modules/react-dom/cjs/react-dom.development.js:3991:12)
2026-10-04T20:37:42.6628436Z       at dispatchEventForPluginEventSystem (../../node_modules/react-dom/cjs/react-dom.development.js:9287:3)
2026-10-04T20:37:42.6630488Z       at dispatchEventWithEnableCapturePhaseSelectiveHydrationWithoutDiscreteEventReplay (../../node_modules/react-dom/cjs/react-dom.development.js:6465:5)
2026-10-04T20:37:42.6632613Z       at dispatchEvent (../../node_modules/react-dom/cjs/react-dom.development.js:6457:5)
2026-10-04T20:37:42.6634240Z       at dispatchDiscreteEvent (../../node_modules/react-dom/cjs/react-dom.development.js:6430:5)
2026-10-04T20:37:42.6635564Z       at ../../node_modules/@testing-library/user-event/dist/cjs/event/dispatchEvent.js:39:40
2026-10-04T20:37:42.6636837Z       at Object.eventWrapper (../../node_modules/@testing-library/dom/dist/config.js:25:23)
2026-10-04T20:37:42.6638229Z       at Object.wrapEvent (../../node_modules/@testing-library/user-event/dist/cjs/event/wrapEvent.js:7:28)
2026-10-04T20:37:42.6639803Z       at Object.dispatchEvent (../../node_modules/@testing-library/user-event/dist/cjs/event/dispatchEvent.js:39:19)
2026-10-04T20:37:42.6641689Z       at Object.dispatchUIEvent (../../node_modules/@testing-library/user-event/dist/cjs/event/dispatchEvent.js:22:26)
2026-10-04T20:37:42.6643459Z       at KeyboardHost.keydown (../../node_modules/@testing-library/user-event/dist/cjs/system/keyboard.js:62:38)
2026-10-04T20:37:42.6645073Z       at keyboardAction (../../node_modules/@testing-library/user-event/dist/cjs/keyboard/index.js:22:35)
2026-10-04T20:37:42.6646638Z       at Object.keyboard (../../node_modules/@testing-library/user-event/dist/cjs/keyboard/index.js:11:15)
2026-10-04T20:37:42.6647913Z       at Object.<anonymous> (test/unit/components/action-menu.test.jsx:134:9)
2026-10-04T20:37:42.6648590Z 
2026-10-04T20:37:42.6648867Z     console.error
2026-10-04T20:37:42.6649703Z       Warning: An update to ReactTooltip inside a test was not wrapped in act(...).
2026-10-04T20:37:42.6650536Z       
2026-10-04T20:37:42.6651360Z       When testing, code that causes React state updates should be wrapped into act(...):
2026-10-04T20:37:42.6652638Z       
2026-10-04T20:37:42.6653104Z       act(() => {
2026-10-04T20:37:42.6653749Z         /* fire events that update state */
2026-10-04T20:37:42.6654366Z       });
2026-10-04T20:37:42.6654895Z       /* assert on the output */
2026-10-04T20:37:42.6655434Z       
2026-10-04T20:37:42.6656618Z       This ensures that you're testing the behavior the user would see in the browser. Learn more at https://reactjs.org/link/wrap-tests-with-act
2026-10-04T20:37:42.6658447Z           at ReactTooltip (~/work/scratch-editor/scratch-editor/node_modules/react-tooltip/src/index.js:93:22)
2026-10-04T20:37:42.6659534Z           at li
2026-10-04T20:37:42.6659996Z           at ul
2026-10-04T20:37:42.6660450Z           at div
2026-10-04T20:37:42.6661183Z           at div
2026-10-04T20:37:42.6662835Z           at className (~/work/scratch-editor/scratch-editor/packages/scratch-gui/src/components/action-menu/action-menu.jsx:11:5)
2026-10-04T20:37:42.6663925Z 
2026-10-04T20:37:42.6664797Z       28 |     const focusItem = useCallback(item => {
2026-10-04T20:37:42.6665860Z       29 |         if (item) {
2026-10-04T20:37:42.6666854Z     > 30 |             item.focus();
2026-10-04T20:37:42.6667841Z          |                  ^
2026-10-04T20:37:42.6668615Z       31 |         }
2026-10-04T20:37:42.6669348Z       32 |     }, []);
2026-10-04T20:37:42.6670056Z       33 |
2026-10-04T20:37:42.6670431Z 
2026-10-04T20:37:42.6671054Z       at printWarning (../../node_modules/react-dom/cjs/react-dom.development.js:86:30)
2026-10-04T20:37:42.6672484Z       at error (../../node_modules/react-dom/cjs/react-dom.development.js:60:7)
2026-10-04T20:37:42.6673859Z       at warnIfUpdatesNotWrappedWithActDEV (../../node_modules/react-dom/cjs/react-dom.development.js:27628:9)
2026-10-04T20:37:42.6675372Z       at scheduleUpdateOnFiber (../../node_modules/react-dom/cjs/react-dom.development.js:25547:5)
2026-10-04T20:37:42.6676762Z       at Object.enqueueSetState (../../node_modules/react-dom/cjs/react-dom.development.js:17925:7)
2026-10-04T20:37:42.6678317Z       at ReactTooltip.Object.<anonymous>.Component.setState (../../node_modules/react/cjs/react.development.js:354:16)
2026-10-04T20:37:42.6679641Z       at setState (../../node_modules/react-tooltip/src/index.js:686:12)
2026-10-04T20:37:42.6681032Z       at ReactTooltip.resetState (../../node_modules/react-tooltip/src/index.js:698:7)
2026-10-04T20:37:42.6682928Z       at HTMLButtonElement.patchedFocus [as focus] (../../node_modules/@testing-library/user-event/dist/cjs/document/patchFocus.js:37:26)
2026-10-04T20:37:42.6684286Z       at focus (src/components/action-menu/action-menu.jsx:30:18)
2026-10-04T20:37:42.6685128Z       at focusItem (src/components/action-menu/action-menu.jsx:135:13)
2026-10-04T20:37:42.6686244Z       at HTMLUnknownElement.callCallback (../../node_modules/react-dom/cjs/react-dom.development.js:4164:14)
2026-10-04T20:37:42.6687598Z       at Object.invokeGuardedCallbackDev (../../node_modules/react-dom/cjs/react-dom.development.js:4213:16)
2026-10-04T20:37:42.6688873Z       at invokeGuardedCallback (../../node_modules/react-dom/cjs/react-dom.development.js:4277:31)
2026-10-04T20:37:42.6690301Z       at invokeGuardedCallbackAndCatchFirstError (../../node_modules/react-dom/cjs/react-dom.development.js:4291:25)
2026-10-04T20:37:42.6702327Z       at executeDispatch (../../node_modules/react-dom/cjs/react-dom.development.js:9041:3)
2026-10-04T20:37:42.6703734Z       at processDispatchQueueItemsInOrder (../../node_modules/react-dom/cjs/react-dom.development.js:9073:7)
2026-10-04T20:37:42.6705115Z       at processDispatchQueue (../../node_modules/react-dom/cjs/react-dom.development.js:9086:5)
2026-10-04T20:37:42.6706405Z       at dispatchEventsForPlugins (../../node_modules/react-dom/cjs/react-dom.development.js:9097:3)
2026-10-04T20:37:42.6707504Z       at ../../node_modules/react-dom/cjs/react-dom.development.js:9288:12
2026-10-04T20:37:42.6708561Z       at batchedUpdates$1 (../../node_modules/react-dom/cjs/react-dom.development.js:26179:12)
2026-10-04T20:37:42.6709718Z       at batchedUpdates (../../node_modules/react-dom/cjs/react-dom.development.js:3991:12)
2026-10-04T20:37:42.6711033Z       at dispatchEventForPluginEventSystem (../../node_modules/react-dom/cjs/react-dom.development.js:9287:3)
2026-10-04T20:37:42.6713228Z       at dispatchEventWithEnableCapturePhaseSelectiveHydrationWithoutDiscreteEventReplay (../../node_modules/react-dom/cjs/react-dom.development.js:6465:5)
2026-10-04T20:37:42.6714924Z       at dispatchEvent (../../node_modules/react-dom/cjs/react-dom.development.js:6457:5)
2026-10-04T20:37:42.6716361Z       at dispatchDiscreteEvent (../../node_modules/react-dom/cjs/react-dom.development.js:6430:5)
2026-10-04T20:37:42.6717620Z       at ../../node_modules/@testing-library/user-event/dist/cjs/event/dispatchEvent.js:39:40
2026-10-04T20:37:42.6718823Z       at Object.eventWrapper (../../node_modules/@testing-library/dom/dist/config.js:25:23)
2026-10-04T20:37:42.6720068Z       at Object.wrapEvent (../../node_modules/@testing-library/user-event/dist/cjs/event/wrapEvent.js:7:28)
2026-10-04T20:37:42.6721959Z       at Object.dispatchEvent (../../node_modules/@testing-library/user-event/dist/cjs/event/dispatchEvent.js:39:19)
2026-10-04T20:37:42.6723526Z       at Object.dispatchUIEvent (../../node_modules/@testing-library/user-event/dist/cjs/event/dispatchEvent.js:22:26)
2026-10-04T20:37:42.6725005Z       at KeyboardHost.keydown (../../node_modules/@testing-library/user-event/dist/cjs/system/keyboard.js:62:38)
2026-10-04T20:37:42.6726385Z       at keyboardAction (../../node_modules/@testing-library/user-event/dist/cjs/keyboard/index.js:22:35)
2026-10-04T20:37:42.6727692Z       at Object.keyboard (../../node_modules/@testing-library/user-event/dist/cjs/keyboard/index.js:11:15)
2026-10-04T20:37:42.6728833Z       at Object.<anonymous> (test/unit/components/action-menu.test.jsx:134:9)
2026-10-04T20:37:42.6729372Z 
2026-10-04T20:37:42.6729542Z     console.error
2026-10-04T20:37:42.6730241Z       Warning: An update to ReactTooltip inside a test was not wrapped in act(...).
2026-10-04T20:37:42.6730935Z       
2026-10-04T20:37:42.6731834Z       When testing, code that causes React state updates should be wrapped into act(...):
2026-10-04T20:37:42.6732575Z       
2026-10-04T20:37:42.6733183Z       act(() => {
2026-10-04T20:37:42.6733633Z         /* fire events that update state */
2026-10-04T20:37:42.6734115Z       });
2026-10-04T20:37:42.6734507Z       /* assert on the output */
2026-10-04T20:37:42.6734933Z       
2026-10-04T20:37:42.6736009Z       This ensures that you're testing the behavior the user would see in the browser. Learn more at https://reactjs.org/link/wrap-tests-with-act
2026-10-04T20:37:42.6737698Z           at ReactTooltip (~/work/scratch-editor/scratch-editor/node_modules/react-tooltip/src/index.js:93:22)
2026-10-04T20:37:42.6738658Z           at div
2026-10-04T20:37:42.6739795Z           at className (~/work/scratch-editor/scratch-editor/packages/scratch-gui/src/components/action-menu/action-menu.jsx:11:5)
2026-10-04T20:37:42.6740744Z 
2026-10-04T20:37:42.6741722Z       28 |     const focusItem = useCallback(item => {
2026-10-04T20:37:42.6742645Z       29 |         if (item) {
2026-10-04T20:37:42.6743530Z     > 30 |             item.focus();
2026-10-04T20:37:42.6744375Z          |                  ^
2026-10-04T20:37:42.6745003Z       31 |         }
2026-10-04T20:37:42.6745602Z       32 |     }, []);
2026-10-04T20:37:42.6746170Z       33 |
2026-10-04T20:37:42.6746419Z 
2026-10-04T20:37:42.6746942Z       at printWarning (../../node_modules/react-dom/cjs/react-dom.development.js:86:30)
2026-10-04T20:37:42.6747966Z       at error (../../node_modules/react-dom/cjs/react-dom.development.js:60:7)
2026-10-04T20:37:42.6749200Z       at warnIfUpdatesNotWrappedWithActDEV (../../node_modules/react-dom/cjs/react-dom.development.js:27628:9)
2026-10-04T20:37:42.6750539Z       at scheduleUpdateOnFiber (../../node_modules/react-dom/cjs/react-dom.development.js:25547:5)
2026-10-04T20:37:42.6752277Z       at Object.enqueueSetState (../../node_modules/react-dom/cjs/react-dom.development.js:17925:7)
2026-10-04T20:37:42.6753814Z       at ReactTooltip.Object.<anonymous>.Component.setState (../../node_modules/react/cjs/react.development.js:354:16)
2026-10-04T20:37:42.6755015Z       at setState (../../node_modules/react-tooltip/src/index.js:475:12)
2026-10-04T20:37:42.6756292Z       at ReactTooltip.updateState (../../node_modules/react-tooltip/src/index.js:575:7)
2026-10-04T20:37:42.6757781Z       at HTMLButtonElement.patchedFocus [as focus] (../../node_modules/@testing-library/user-event/dist/cjs/document/patchFocus.js:37:26)
2026-10-04T20:37:42.6759058Z       at focus (src/components/action-menu/action-menu.jsx:30:18)
2026-10-04T20:37:42.6759911Z       at focusItem (src/components/action-menu/action-menu.jsx:135:13)
2026-10-04T20:37:42.6761074Z       at HTMLUnknownElement.callCallback (../../node_modules/react-dom/cjs/react-dom.development.js:4164:14)
2026-10-04T20:37:42.6762726Z       at Object.invokeGuardedCallbackDev (../../node_modules/react-dom/cjs/react-dom.development.js:4213:16)
2026-10-04T20:37:42.6854663Z       at invokeGuardedCallback (../../node_modules/react-dom/cjs/react-dom.development.js:4277:31)
2026-10-04T20:37:42.6856338Z       at invokeGuardedCallbackAndCatchFirstError (../../node_modules/react-dom/cjs/react-dom.development.js:4291:25)
2026-10-04T20:37:42.6857775Z       at executeDispatch (../../node_modules/react-dom/cjs/react-dom.development.js:9041:3)
2026-10-04T20:37:42.6859110Z       at processDispatchQueueItemsInOrder (../../node_modules/react-dom/cjs/react-dom.development.js:9073:7)
2026-10-04T20:37:42.6860445Z       at processDispatchQueue (../../node_modules/react-dom/cjs/react-dom.development.js:9086:5)
2026-10-04T20:37:42.6872136Z       at dispatchEventsForPlugins (../../node_modules/react-dom/cjs/react-dom.development.js:9097:3)
2026-10-04T20:37:42.6873348Z       at ../../node_modules/react-dom/cjs/react-dom.development.js:9288:12
2026-10-04T20:37:42.6874409Z       at batchedUpdates$1 (../../node_modules/react-dom/cjs/react-dom.development.js:26179:12)
2026-10-04T20:37:42.6875971Z       at batchedUpdates (../../node_modules/react-dom/cjs/react-dom.development.js:3991:12)
2026-10-04T20:37:42.6877281Z       at dispatchEventForPluginEventSystem (../../node_modules/react-dom/cjs/react-dom.development.js:9287:3)
2026-10-04T20:37:42.6879221Z       at dispatchEventWithEnableCapturePhaseSelectiveHydrationWithoutDiscreteEventReplay (../../node_modules/react-dom/cjs/react-dom.development.js:6465:5)
2026-10-04T20:37:42.6880925Z       at dispatchEvent (../../node_modules/react-dom/cjs/react-dom.development.js:6457:5)
2026-10-04T20:37:42.6882490Z       at dispatchDiscreteEvent (../../node_modules/react-dom/cjs/react-dom.development.js:6430:5)
2026-10-04T20:37:42.6883703Z       at ../../node_modules/@testing-library/user-event/dist/cjs/event/dispatchEvent.js:39:40
2026-10-04T20:37:42.6884865Z       at Object.eventWrapper (../../node_modules/@testing-library/dom/dist/config.js:25:23)
2026-10-04T20:37:42.6886110Z       at Object.wrapEvent (../../node_modules/@testing-library/user-event/dist/cjs/event/wrapEvent.js:7:28)
2026-10-04T20:37:42.6887539Z       at Object.dispatchEvent (../../node_modules/@testing-library/user-event/dist/cjs/event/dispatchEvent.js:39:19)
2026-10-04T20:37:42.6889034Z       at Object.dispatchUIEvent (../../node_modules/@testing-library/user-event/dist/cjs/event/dispatchEvent.js:22:26)
2026-10-04T20:37:42.6890496Z       at KeyboardHost.keydown (../../node_modules/@testing-library/user-event/dist/cjs/system/keyboard.js:62:38)
2026-10-04T20:37:42.6892096Z       at keyboardAction (../../node_modules/@testing-library/user-event/dist/cjs/keyboard/index.js:22:35)
2026-10-04T20:37:42.6893443Z       at Object.keyboard (../../node_modules/@testing-library/user-event/dist/cjs/keyboard/index.js:11:15)
2026-10-04T20:37:42.6894593Z       at Object.<anonymous> (test/unit/components/action-menu.test.jsx:134:9)
2026-10-04T20:37:42.6895157Z 
2026-10-04T20:37:42.6895335Z     console.error
2026-10-04T20:37:42.6896059Z       Warning: An update to ReactTooltip inside a test was not wrapped in act(...).
2026-10-04T20:37:42.6896780Z       
2026-10-04T20:37:42.6897481Z       When testing, code that causes React state updates should be wrapped into act(...):
2026-10-04T20:37:42.6898233Z       
2026-10-04T20:37:42.6898560Z       act(() => {
2026-10-04T20:37:42.6899005Z         /* fire events that update state */
2026-10-04T20:37:42.6899764Z       });
2026-10-04T20:37:42.6900180Z       /* assert on the output */
2026-10-04T20:37:42.6900602Z       
2026-10-04T20:37:42.6901897Z       This ensures that you're testing the behavior the user would see in the browser. Learn more at https://reactjs.org/link/wrap-tests-with-act
2026-10-04T20:37:42.6903621Z           at ReactTooltip (~/work/scratch-editor/scratch-editor/node_modules/react-tooltip/src/index.js:93:22)
2026-10-04T20:37:42.6904588Z           at div
2026-10-04T20:37:42.6905718Z           at className (~/work/scratch-editor/scratch-editor/packages/scratch-gui/src/components/action-menu/action-menu.jsx:11:5)
2026-10-04T20:37:42.6906690Z 
2026-10-04T20:37:42.6907216Z       at printWarning (../../node_modules/react-dom/cjs/react-dom.development.js:86:30)
2026-10-04T20:37:42.6908255Z       at error (../../node_modules/react-dom/cjs/react-dom.development.js:60:7)
2026-10-04T20:37:42.6909498Z       at warnIfUpdatesNotWrappedWithActDEV (../../node_modules/react-dom/cjs/react-dom.development.js:27628:9)
2026-10-04T20:37:42.6910864Z       at scheduleUpdateOnFiber (../../node_modules/react-dom/cjs/react-dom.development.js:25547:5)
2026-10-04T20:37:42.6912412Z       at Object.enqueueSetState (../../node_modules/react-dom/cjs/react-dom.development.js:17925:7)
2026-10-04T20:37:42.6913812Z       at ReactTooltip.Object.<anonymous>.Component.setState (../../node_modules/react/cjs/react.development.js:354:16)
2026-10-04T20:37:42.6914983Z       at setState (../../node_modules/react-tooltip/src/index.js:606:14)
2026-10-04T20:37:42.6915971Z       at ReactTooltip.updateState (../../node_modules/react-tooltip/src/index.js:630:7)
2026-10-04T20:37:42.6917373Z       at ReactTooltip.updateTooltip (../../node_modules/react-tooltip/src/index.js:549:16)
2026-10-04T20:37:42.6918490Z       at callCallback (../../node_modules/react-dom/cjs/react-dom.development.js:15036:12)
2026-10-04T20:37:42.6919648Z       at commitUpdateQueue (../../node_modules/react-dom/cjs/react-dom.development.js:15057:9)
2026-10-04T20:37:42.6920909Z       at commitLayoutEffectOnFiber (../../node_modules/react-dom/cjs/react-dom.development.js:23403:13)
2026-10-04T20:37:42.6922523Z       at commitLayoutMountEffects_complete (../../node_modules/react-dom/cjs/react-dom.development.js:24727:9)
2026-10-04T20:37:42.6923897Z       at commitLayoutEffects_begin (../../node_modules/react-dom/cjs/react-dom.development.js:24713:7)
2026-10-04T20:37:42.6925156Z       at commitLayoutEffects (../../node_modules/react-dom/cjs/react-dom.development.js:24651:3)
2026-10-04T20:37:42.6926313Z       at commitRootImpl (../../node_modules/react-dom/cjs/react-dom.development.js:26862:5)
2026-10-04T20:37:42.6927400Z       at commitRoot (../../node_modules/react-dom/cjs/react-dom.development.js:26721:5)
2026-10-04T20:37:42.6928565Z       at performSyncWorkOnRoot (../../node_modules/react-dom/cjs/react-dom.development.js:26156:3)
2026-10-04T20:37:42.6929773Z       at flushSyncCallbacks (../../node_modules/react-dom/cjs/react-dom.development.js:12042:22)
2026-10-04T20:37:42.6930827Z       at ../../node_modules/react-dom/cjs/react-dom.development.js:25690:13
2026-10-04T20:37:42.6931343Z 
2026-10-04T20:37:42.6931707Z     console.error
2026-10-04T20:37:42.6932393Z       Warning: An update to ActionMenu inside a test was not wrapped in act(...).
2026-10-04T20:37:42.6933066Z       
2026-10-04T20:37:42.6933749Z       When testing, code that causes React state updates should be wrapped into act(...):
2026-10-04T20:37:42.6934481Z       
2026-10-04T20:37:42.6934797Z       act(() => {
2026-10-04T20:37:42.6935244Z         /* fire events that update state */
2026-10-04T20:37:42.6935726Z       });
2026-10-04T20:37:42.6936134Z       /* assert on the output */
2026-10-04T20:37:42.6936561Z       
2026-10-04T20:37:42.6937619Z       This ensures that you're testing the behavior the user would see in the browser. Learn more at https://reactjs.org/link/wrap-tests-with-act
2026-10-04T20:37:42.6939675Z           at className (~/work/scratch-editor/scratch-editor/packages/scratch-gui/src/components/action-menu/action-menu.jsx:11:5)
2026-10-04T20:37:42.6940637Z 
2026-10-04T20:37:42.6941130Z       132 |             }
2026-10-04T20:37:42.6942594Z       133 |         } else if (e.key === KEY.TAB) {
2026-10-04T20:37:42.6943876Z     > 134 |             setIsExpanded(false);
2026-10-04T20:37:42.6944746Z           |             ^
2026-10-04T20:37:42.6945600Z       135 |             focusItem(buttonRef.current);
2026-10-04T20:37:42.6946931Z       136 |         } else if (e.key === KEY.ESCAPE) {
2026-10-04T20:37:42.6948471Z       137 |             if (document.activeElement === buttonRef.current) {
2026-10-04T20:37:42.6949207Z 
2026-10-04T20:37:42.6949723Z       at printWarning (../../node_modules/react-dom/cjs/react-dom.development.js:86:30)
2026-10-04T20:37:42.6950746Z       at error (../../node_modules/react-dom/cjs/react-dom.development.js:60:7)
2026-10-04T20:37:42.6952223Z       at warnIfUpdatesNotWrappedWithActDEV (../../node_modules/react-dom/cjs/react-dom.development.js:27628:9)
2026-10-04T20:37:42.6953662Z       at scheduleUpdateOnFiber (../../node_modules/react-dom/cjs/react-dom.development.js:25547:5)
2026-10-04T20:37:42.6954882Z       at dispatchSetState (../../node_modules/react-dom/cjs/react-dom.development.js:16708:7)
2026-10-04T20:37:42.6955944Z       at setIsExpanded (src/components/action-menu/action-menu.jsx:134:13)
2026-10-04T20:37:42.6957431Z       at HTMLUnknownElement.callCallback (../../node_modules/react-dom/cjs/react-dom.development.js:4164:14)
2026-10-04T20:37:42.6958842Z       at Object.invokeGuardedCallbackDev (../../node_modules/react-dom/cjs/react-dom.development.js:4213:16)
2026-10-04T20:37:42.6960178Z       at invokeGuardedCallback (../../node_modules/react-dom/cjs/react-dom.development.js:4277:31)
2026-10-04T20:37:42.6961885Z       at invokeGuardedCallbackAndCatchFirstError (../../node_modules/react-dom/cjs/react-dom.development.js:4291:25)
2026-10-04T20:37:42.6963247Z       at executeDispatch (../../node_modules/react-dom/cjs/react-dom.development.js:9041:3)
2026-10-04T20:37:42.6964544Z       at processDispatchQueueItemsInOrder (../../node_modules/react-dom/cjs/react-dom.development.js:9073:7)
2026-10-04T20:37:42.6965861Z       at processDispatchQueue (../../node_modules/react-dom/cjs/react-dom.development.js:9086:5)
2026-10-04T20:37:42.6967139Z       at dispatchEventsForPlugins (../../node_modules/react-dom/cjs/react-dom.development.js:9097:3)
2026-10-04T20:37:42.6968236Z       at ../../node_modules/react-dom/cjs/react-dom.development.js:9288:12
2026-10-04T20:37:42.6969253Z       at batchedUpdates$1 (../../node_modules/react-dom/cjs/react-dom.development.js:26179:12)
2026-10-04T20:37:42.6970405Z       at batchedUpdates (../../node_modules/react-dom/cjs/react-dom.development.js:3991:12)
2026-10-04T20:37:42.6971987Z       at dispatchEventForPluginEventSystem (../../node_modules/react-dom/cjs/react-dom.development.js:9287:3)
2026-10-04T20:37:42.6973945Z       at dispatchEventWithEnableCapturePhaseSelectiveHydrationWithoutDiscreteEventReplay (../../node_modules/react-dom/cjs/react-dom.development.js:6465:5)
2026-10-04T20:37:42.6975667Z       at dispatchEvent (../../node_modules/react-dom/cjs/react-dom.development.js:6457:5)
2026-10-04T20:37:42.6976804Z       at dispatchDiscreteEvent (../../node_modules/react-dom/cjs/react-dom.development.js:6430:5)
2026-10-04T20:37:42.6978069Z       at ../../node_modules/@testing-library/user-event/dist/cjs/event/dispatchEvent.js:39:40
2026-10-04T20:37:42.6979295Z       at Object.eventWrapper (../../node_modules/@testing-library/dom/dist/config.js:25:23)
2026-10-04T20:37:42.6980639Z       at Object.wrapEvent (../../node_modules/@testing-library/user-event/dist/cjs/event/wrapEvent.js:7:28)
2026-10-04T20:37:42.6984354Z       at Object.dispatchEvent (../../node_modules/@testing-library/user-event/dist/cjs/event/dispatchEvent.js:39:19)
2026-10-04T20:37:42.6985947Z       at Object.dispatchUIEvent (../../node_modules/@testing-library/user-event/dist/cjs/event/dispatchEvent.js:22:26)
2026-10-04T20:37:42.6987455Z       at KeyboardHost.keydown (../../node_modules/@testing-library/user-event/dist/cjs/system/keyboard.js:62:38)
2026-10-04T20:37:42.6988827Z       at keyboardAction (../../node_modules/@testing-library/user-event/dist/cjs/keyboard/index.js:22:35)
2026-10-04T20:37:42.6990152Z       at Object.keyboard (../../node_modules/@testing-library/user-event/dist/cjs/keyboard/index.js:11:15)
2026-10-04T20:37:42.6991317Z       at Object.<anonymous> (test/unit/components/action-menu.test.jsx:158:9)
2026-10-04T20:37:42.6992147Z 
2026-10-04T20:37:42.6992320Z     console.error
2026-10-04T20:37:42.6993042Z       Warning: An update to ReactTooltip inside a test was not wrapped in act(...).
2026-10-04T20:37:42.6993763Z       
2026-10-04T20:37:42.6994464Z       When testing, code that causes React state updates should be wrapped into act(...):
2026-10-04T20:37:42.6995214Z       
2026-10-04T20:37:42.6995535Z       act(() => {
2026-10-04T20:37:42.6995989Z         /* fire events that update state */
2026-10-04T20:37:42.6996470Z       });
2026-10-04T20:37:42.6996865Z       /* assert on the output */
2026-10-04T20:37:42.6997294Z       
2026-10-04T20:37:42.6998381Z       This ensures that you're testing the behavior the user would see in the browser. Learn more at https://reactjs.org/link/wrap-tests-with-act
2026-10-04T20:37:42.7000082Z           at ReactTooltip (~/work/scratch-editor/scratch-editor/node_modules/react-tooltip/src/index.js:93:22)
2026-10-04T20:37:42.7001382Z           at div
2026-10-04T20:37:42.7003075Z           at className (~/work/scratch-editor/scratch-editor/packages/scratch-gui/src/components/action-menu/action-menu.jsx:11:5)
2026-10-04T20:37:42.7004033Z 
2026-10-04T20:37:42.7004477Z       156 |         });
2026-10-04T20:37:42.7005026Z       157 |
2026-10-04T20:37:42.7006073Z     > 158 |         await user.tab({shift: true});
2026-10-04T20:37:42.7007095Z           |         ^
2026-10-04T20:37:42.7007655Z       159 |
2026-10-04T20:37:42.7008323Z       160 |         await waitFor(() => {
2026-10-04T20:37:42.7009549Z       161 |             expect(document.activeElement).toBe(beforeButton);
2026-10-04T20:37:42.7010265Z 
2026-10-04T20:37:42.7010771Z       at printWarning (../../node_modules/react-dom/cjs/react-dom.development.js:86:30)
2026-10-04T20:37:42.7012069Z       at error (../../node_modules/react-dom/cjs/react-dom.development.js:60:7)
2026-10-04T20:37:42.7013317Z       at warnIfUpdatesNotWrappedWithActDEV (../../node_modules/react-dom/cjs/react-dom.development.js:27628:9)
2026-10-04T20:37:42.7014696Z       at scheduleUpdateOnFiber (../../node_modules/react-dom/cjs/react-dom.development.js:25547:5)
2026-10-04T20:37:42.7015964Z       at Object.enqueueSetState (../../node_modules/react-dom/cjs/react-dom.development.js:17925:7)
2026-10-04T20:37:42.7017389Z       at ReactTooltip.Object.<anonymous>.Component.setState (../../node_modules/react/cjs/react.development.js:354:16)
2026-10-04T20:37:42.7018567Z       at setState (../../node_modules/react-tooltip/src/index.js:686:12)
2026-10-04T20:37:42.7019542Z       at ReactTooltip.resetState (../../node_modules/react-tooltip/src/index.js:698:7)
2026-10-04T20:37:42.7021030Z       at HTMLButtonElement.patchedFocus [as focus] (../../node_modules/@testing-library/user-event/dist/cjs/document/patchFocus.js:37:26)
2026-10-04T20:37:42.7022644Z       at ../../node_modules/@testing-library/user-event/dist/cjs/event/focus.js:20:40
2026-10-04T20:37:42.7023978Z       at Object.eventWrapper (../../node_modules/@testing-library/dom/dist/config.js:25:23)
2026-10-04T20:37:42.7025255Z       at Object.wrapEvent (../../node_modules/@testing-library/user-event/dist/cjs/event/wrapEvent.js:7:28)
2026-10-04T20:37:42.7026619Z       at Object.focusElement (../../node_modules/@testing-library/user-event/dist/cjs/event/focus.js:20:19)
2026-10-04T20:37:42.7027905Z       at ../../node_modules/@testing-library/user-event/dist/cjs/event/behavior/keydown.js:114:19
2026-10-04T20:37:42.7032097Z       at Object.dispatchEvent (../../node_modules/@testing-library/user-event/dist/cjs/event/dispatchEvent.js:41:13)
2026-10-04T20:37:42.7033682Z       at Object.dispatchUIEvent (../../node_modules/@testing-library/user-event/dist/cjs/event/dispatchEvent.js:22:26)
2026-10-04T20:37:42.7035195Z       at KeyboardHost.keydown (../../node_modules/@testing-library/user-event/dist/cjs/system/keyboard.js:62:38)
2026-10-04T20:37:42.7036560Z       at keyboardAction (../../node_modules/@testing-library/user-event/dist/cjs/keyboard/index.js:22:35)
2026-10-04T20:37:42.7037910Z       at Object.keyboard (../../node_modules/@testing-library/user-event/dist/cjs/keyboard/index.js:11:15)
2026-10-04T20:37:42.7039063Z       at Object.<anonymous> (test/unit/components/action-menu.test.jsx:158:9)
2026-10-04T20:37:42.7039606Z 
2026-10-04T20:37:42.8219193Z PASS test/unit/util/audio-effects.test.js
2026-10-04T20:37:42.9022951Z PASS test/unit/reducers/local-sprites-reducer.test.js
2026-10-04T20:37:42.9765827Z PASS test/unit/util/audio-util.test.js
2026-10-04T20:37:43.0477381Z PASS test/unit/reducers/local-projects-reducer.test.js
2026-10-04T20:37:43.1202828Z PASS test/unit/util/browser-storage-persistence.test.js
2026-10-04T20:37:43.6042780Z PASS test/unit/components/sprite-selector-item.test.jsx
2026-10-04T20:37:43.6102617Z   ● Console
2026-10-04T20:37:43.6131909Z 
2026-10-04T20:37:43.6162234Z     console.error
2026-10-04T20:37:43.6183440Z       Warning: DeleteButton: Support for defaultProps will be removed from function components in a future major release. Use JavaScript default parameters instead.
2026-10-04T20:37:43.6186448Z           at className (~/work/scratch-editor/scratch-editor/packages/scratch-gui/src/components/delete-button/delete-button.jsx:13:19)
2026-10-04T20:37:43.6187877Z           at div
2026-10-04T20:37:43.6189089Z           at ~/work/scratch-editor/scratch-editor/packages/scratch-gui/node_modules/@radix-ui/react-slot/src/slot.tsx:25:11
2026-10-04T20:37:43.6191200Z           at ~/work/scratch-editor/scratch-editor/packages/scratch-gui/node_modules/@radix-ui/react-primitive/src/primitive.tsx:47:13
2026-10-04T20:37:43.6193849Z           at ContextMenuTrigger (~/work/scratch-editor/scratch-editor/packages/scratch-gui/node_modules/@radix-ui/react-context-menu/src/context-menu.tsx:112:13)
2026-10-04T20:37:43.6196344Z           at Provider (~/work/scratch-editor/scratch-editor/packages/scratch-gui/node_modules/@radix-ui/react-context/src/create-context.tsx:126:15)
2026-10-04T20:37:43.6198695Z           at Provider (~/work/scratch-editor/scratch-editor/packages/scratch-gui/node_modules/@radix-ui/react-context/src/create-context.tsx:126:15)
2026-10-04T20:37:43.6201203Z           at Provider (~/work/scratch-editor/scratch-editor/packages/scratch-gui/node_modules/@radix-ui/react-context/src/create-context.tsx:126:15)
2026-10-04T20:37:43.6203639Z           at Popper (~/work/scratch-editor/scratch-editor/packages/scratch-gui/node_modules/@radix-ui/react-popper/src/popper.tsx:52:11)
2026-10-04T20:37:43.6205912Z           at Menu (~/work/scratch-editor/scratch-editor/packages/scratch-gui/node_modules/@radix-ui/react-menu/src/menu.tsx:88:11)
2026-10-04T20:37:43.6208270Z           at Provider (~/work/scratch-editor/scratch-editor/packages/scratch-gui/node_modules/@radix-ui/react-context/src/create-context.tsx:126:15)
2026-10-04T20:37:43.6211293Z           at ContextMenu (~/work/scratch-editor/scratch-editor/packages/scratch-gui/node_modules/@radix-ui/react-context-menu/src/context-menu.tsx:45:11)
2026-10-04T20:37:43.6214353Z           at SpriteSelectorItem (~/work/scratch-editor/scratch-editor/packages/scratch-gui/src/components/sprite-selector-item/sprite-selector-item.jsx:13:14)
2026-10-04T20:37:43.6216831Z           at IntlProvider (~/work/scratch-editor/scratch-editor/node_modules/react-intl/src/components/provider.js:33:47)
2026-10-04T20:37:43.6218022Z 
2026-10-04T20:37:43.6218635Z       4 |
2026-10-04T20:37:43.6220390Z       5 | const renderWithIntl = (ui, {locale = 'en', messages = {}} = {}) => ({
2026-10-04T20:37:43.6222383Z     > 6 |     ...render(
2026-10-04T20:37:43.6223431Z         |              ^
2026-10-04T20:37:43.6224538Z       7 |         <IntlProvider
2026-10-04T20:37:43.6225568Z       8 |             locale={locale}
2026-10-04T20:37:43.6226728Z       9 |             messages={messages}
2026-10-04T20:37:43.6227358Z 
2026-10-04T20:37:43.6228097Z       at printWarning (../../node_modules/react-dom/cjs/react-dom.development.js:86:30)
2026-10-04T20:37:43.6229415Z       at error (../../node_modules/react-dom/cjs/react-dom.development.js:60:7)
2026-10-04T20:37:43.6230989Z       at validateFunctionComponentInDev (../../node_modules/react-dom/cjs/react-dom.development.js:20230:9)
2026-10-04T20:37:43.6232984Z       at mountIndeterminateComponent (../../node_modules/react-dom/cjs/react-dom.development.js:20189:7)
2026-10-04T20:37:43.6234555Z       at beginWork (../../node_modules/react-dom/cjs/react-dom.development.js:21626:16)
2026-10-04T20:37:43.6236264Z       at beginWork$1 (../../node_modules/react-dom/cjs/react-dom.development.js:27465:14)
2026-10-04T20:37:43.6237744Z       at performUnitOfWork (../../node_modules/react-dom/cjs/react-dom.development.js:26599:12)
2026-10-04T20:37:43.6239196Z       at workLoopSync (../../node_modules/react-dom/cjs/react-dom.development.js:26505:5)
2026-10-04T20:37:43.6240682Z       at renderRootSync (../../node_modules/react-dom/cjs/react-dom.development.js:26473:7)
2026-10-04T20:37:43.6242666Z       at performConcurrentWorkOnRoot (../../node_modules/react-dom/cjs/react-dom.development.js:25777:74)
2026-10-04T20:37:43.6244229Z       at flushActQueue (../../node_modules/react/cjs/react.development.js:2667:24)
2026-10-04T20:37:43.6245455Z       at act (../../node_modules/react/cjs/react.development.js:2582:11)
2026-10-04T20:37:43.6246940Z       at ../../node_modules/@testing-library/react/dist/act-compat.js:47:25
2026-10-04T20:37:43.6248239Z       at renderRoot (../../node_modules/@testing-library/react/dist/pure.js:180:26)
2026-10-04T20:37:43.6249632Z       at render (../../node_modules/@testing-library/react/dist/pure.js:271:10)
2026-10-04T20:37:43.6250908Z       at renderWithIntl (test/helpers/intl-helpers.jsx:6:14)
2026-10-04T20:37:43.6252564Z       at Object.<anonymous> (test/unit/components/sprite-selector-item.test.jsx:57:43)
2026-10-04T20:37:43.6253422Z 
2026-10-04T20:37:43.7279641Z PASS test/unit/components/menu-bar.test.jsx
2026-10-04T20:37:43.7384880Z   ● Console
2026-10-04T20:37:43.7402228Z 
2026-10-04T20:37:43.7432681Z     console.error
2026-10-04T20:37:43.7434135Z       Warning: Box: Support for defaultProps will be removed from function components in a future major release. Use JavaScript default parameters instead.
2026-10-04T20:37:43.7436127Z           at alignContent (~/work/scratch-editor/scratch-editor/packages/scratch-gui/src/components/box/box.jsx:33:9)
2026-10-04T20:37:43.7437945Z           at MenuBar (~/work/scratch-editor/scratch-editor/packages/scratch-gui/src/components/menu-bar/menu-bar.jsx:161:9)
2026-10-04T20:37:43.7439859Z           at ConnectFunction (~/work/scratch-editor/scratch-editor/node_modules/react-redux/lib/components/connect.js:246:74)
2026-10-04T20:37:43.7442437Z           at MenuBarContainer (~/work/scratch-editor/scratch-editor/packages/scratch-gui/src/containers/menu-bar-hoc.jsx:9:13)
2026-10-04T20:37:43.7444406Z           at ConnectFunction (~/work/scratch-editor/scratch-editor/node_modules/react-redux/lib/components/connect.js:246:74)
2026-10-04T20:37:43.7445667Z           at injectIntl(Connect(MenuBarContainer))
2026-10-04T20:37:43.7446909Z           at children (~/work/scratch-editor/scratch-editor/packages/scratch-gui/src/contexts/menu-ref-context.jsx:31:34)
2026-10-04T20:37:43.7448799Z           at Provider (~/work/scratch-editor/scratch-editor/node_modules/react-redux/lib/components/Provider.js:19:3)
2026-10-04T20:37:43.7450607Z           at IntlProvider (~/work/scratch-editor/scratch-editor/node_modules/react-intl/src/components/provider.js:33:47)
2026-10-04T20:37:43.7451794Z 
2026-10-04T20:37:43.7452228Z       4 |
2026-10-04T20:37:43.7453764Z       5 | const renderWithIntl = (ui, {locale = 'en', messages = {}} = {}) => ({
2026-10-04T20:37:43.7455224Z     > 6 |     ...render(
2026-10-04T20:37:43.7456017Z         |              ^
2026-10-04T20:37:43.7456821Z       7 |         <IntlProvider
2026-10-04T20:37:43.7457633Z       8 |             locale={locale}
2026-10-04T20:37:43.7458471Z       9 |             messages={messages}
2026-10-04T20:37:43.7458910Z 
2026-10-04T20:37:43.7459438Z       at printWarning (../../node_modules/react-dom/cjs/react-dom.development.js:86:30)
2026-10-04T20:37:43.7460822Z       at error (../../node_modules/react-dom/cjs/react-dom.development.js:60:7)
2026-10-04T20:37:43.7492579Z       at validateFunctionComponentInDev (../../node_modules/react-dom/cjs/react-dom.development.js:20230:9)
2026-10-04T20:37:43.7493822Z       at mountIndeterminateComponent (../../node_modules/react-dom/cjs/react-dom.development.js:20189:7)
2026-10-04T20:37:43.7494558Z       at beginWork (../../node_modules/react-dom/cjs/react-dom.development.js:21626:16)
2026-10-04T20:37:43.7495198Z       at beginWork$1 (../../node_modules/react-dom/cjs/react-dom.development.js:27465:14)
2026-10-04T20:37:43.7495859Z       at performUnitOfWork (../../node_modules/react-dom/cjs/react-dom.development.js:26599:12)
2026-10-04T20:37:43.7496558Z       at workLoopSync (../../node_modules/react-dom/cjs/react-dom.development.js:26505:5)
2026-10-04T20:37:43.7497208Z       at renderRootSync (../../node_modules/react-dom/cjs/react-dom.development.js:26473:7)
2026-10-04T20:37:43.7497945Z       at performConcurrentWorkOnRoot (../../node_modules/react-dom/cjs/react-dom.development.js:25777:74)
2026-10-04T20:37:43.7498629Z       at flushActQueue (../../node_modules/react/cjs/react.development.js:2667:24)
2026-10-04T20:37:43.7499166Z       at act (../../node_modules/react/cjs/react.development.js:2582:11)
2026-10-04T20:37:43.7499680Z       at ../../node_modules/@testing-library/react/dist/act-compat.js:47:25
2026-10-04T20:37:43.7500232Z       at renderRoot (../../node_modules/@testing-library/react/dist/pure.js:180:26)
2026-10-04T20:37:43.7500778Z       at render (../../node_modules/@testing-library/react/dist/pure.js:271:10)
2026-10-04T20:37:43.7501274Z       at renderWithIntl (test/helpers/intl-helpers.jsx:6:14)
2026-10-04T20:37:43.7502130Z       at Object.<anonymous> (test/unit/components/menu-bar.test.jsx:65:43)
2026-10-04T20:37:43.7502449Z 
2026-10-04T20:37:43.7502543Z     console.log
2026-10-04T20:37:43.7503573Z       2026-10-04 20:37:42.434	WARN		scratch-vm	Central dispatch replacing existing service provider for runtime
2026-10-04T20:37:43.7504209Z 
2026-10-04T20:37:43.7504695Z       at Object.c [as transportFormatted] (../scratch-vm/dist/web/webpack:/VirtualMachine/webpack/universalModuleDefinition:1:1)
2026-10-04T20:37:43.7505194Z 
2026-10-04T20:37:43.7505577Z     console.log
2026-10-04T20:37:43.7506506Z       2026-10-04 20:37:43.581	WARN		scratch-vm	Central dispatch replacing existing service provider for extensions
2026-10-04T20:37:43.7507127Z 
2026-10-04T20:37:43.7507590Z       at Object.c [as transportFormatted] (../scratch-vm/dist/web/webpack:/VirtualMachine/webpack/universalModuleDefinition:1:1)
2026-10-04T20:37:43.7508078Z 
2026-10-04T20:37:43.7508170Z     console.log
2026-10-04T20:37:43.7509032Z       2026-10-04 20:37:43.662	WARN		scratch-vm	Central dispatch replacing existing service provider for runtime
2026-10-04T20:37:43.7509650Z 
2026-10-04T20:37:43.7510103Z       at Object.c [as transportFormatted] (../scratch-vm/dist/web/webpack:/VirtualMachine/webpack/universalModuleDefinition:1:1)
2026-10-04T20:37:43.7510585Z 
2026-10-04T20:37:43.7510678Z     console.log
2026-10-04T20:37:43.7511907Z       2026-10-04 20:37:43.664	WARN		scratch-vm	Central dispatch replacing existing service provider for extensions
2026-10-04T20:37:43.7512557Z 
2026-10-04T20:37:43.7513025Z       at Object.c [as transportFormatted] (../scratch-vm/dist/web/webpack:/VirtualMachine/webpack/universalModuleDefinition:1:1)
2026-10-04T20:37:43.7513509Z 
2026-10-04T20:37:43.7513600Z     console.log
2026-10-04T20:37:43.7514483Z       2026-10-04 20:37:43.678	WARN		scratch-vm	Central dispatch replacing existing service provider for runtime
2026-10-04T20:37:43.7515307Z 
2026-10-04T20:37:43.7515766Z       at Object.c [as transportFormatted] (../scratch-vm/dist/web/webpack:/VirtualMachine/webpack/universalModuleDefinition:1:1)
2026-10-04T20:37:43.7516246Z 
2026-10-04T20:37:43.7516337Z     console.log
2026-10-04T20:37:43.7517217Z       2026-10-04 20:37:43.680	WARN		scratch-vm	Central dispatch replacing existing service provider for extensions
2026-10-04T20:37:43.7517837Z 
2026-10-04T20:37:43.7518282Z       at Object.c [as transportFormatted] (../scratch-vm/dist/web/webpack:/VirtualMachine/webpack/universalModuleDefinition:1:1)
2026-10-04T20:37:43.7518761Z 
2026-10-04T20:37:43.7518855Z     console.log
2026-10-04T20:37:43.7519729Z       2026-10-04 20:37:43.693	WARN		scratch-vm	Central dispatch replacing existing service provider for runtime
2026-10-04T20:37:43.7520351Z 
2026-10-04T20:37:43.7520814Z       at Object.c [as transportFormatted] (../scratch-vm/dist/web/webpack:/VirtualMachine/webpack/universalModuleDefinition:1:1)
2026-10-04T20:37:43.7521299Z 
2026-10-04T20:37:43.7521389Z     console.log
2026-10-04T20:37:43.7543706Z       2026-10-04 20:37:43.695	WARN		scratch-vm	Central dispatch replacing existing service provider for extensions
2026-10-04T20:37:43.7544818Z 
2026-10-04T20:37:43.7545653Z       at Object.c [as transportFormatted] (../scratch-vm/dist/web/webpack:/VirtualMachine/webpack/universalModuleDefinition:1:1)
2026-10-04T20:37:43.7546512Z 
2026-10-04T20:37:43.7546653Z     console.log
2026-10-04T20:37:43.7548179Z       2026-10-04 20:37:43.705	WARN		scratch-vm	Central dispatch replacing existing service provider for runtime
2026-10-04T20:37:43.7549301Z 
2026-10-04T20:37:43.7550126Z       at Object.c [as transportFormatted] (../scratch-vm/dist/web/webpack:/VirtualMachine/webpack/universalModuleDefinition:1:1)
2026-10-04T20:37:43.7551005Z 
2026-10-04T20:37:43.7551156Z     console.log
2026-10-04T20:37:43.7553499Z       2026-10-04 20:37:43.707	WARN		scratch-vm	Central dispatch replacing existing service provider for extensions
2026-10-04T20:37:43.7554617Z 
2026-10-04T20:37:43.7555442Z       at Object.c [as transportFormatted] (../scratch-vm/dist/web/webpack:/VirtualMachine/webpack/universalModuleDefinition:1:1)
2026-10-04T20:37:43.7556296Z 
2026-10-04T20:37:43.9392896Z PASS test/unit/util/sb-file-uploader-hoc.test.jsx
2026-10-04T20:37:44.0987659Z PASS test/unit/util/drag-utils.test.js
2026-10-04T20:37:44.2825825Z PASS test/unit/contracts/mcremote-config-contract.test.js
2026-10-04T20:37:44.5107181Z PASS test/unit/containers/save-status.test.jsx
2026-10-04T20:37:44.5123579Z   ● Console
2026-10-04T20:37:44.5124236Z 
2026-10-04T20:37:44.5124688Z     console.error
2026-10-04T20:37:44.5126399Z       Warning: InlineMessageComponent: Support for defaultProps will be removed from function components in a future major release. Use JavaScript default parameters instead.
2026-10-04T20:37:44.5128793Z           at content (~/work/scratch-editor/scratch-editor/packages/scratch-gui/src/components/alerts/inline-message.jsx:11:5)
2026-10-04T20:37:44.5130823Z           at alertsList (~/work/scratch-editor/scratch-editor/packages/scratch-gui/src/containers/inline-messages.jsx:12:5)
2026-10-04T20:37:44.5133099Z           at ConnectFunction (~/work/scratch-editor/scratch-editor/node_modules/react-redux/lib/components/connect.js:246:74)
2026-10-04T20:37:44.5135140Z           at alertsList (~/work/scratch-editor/scratch-editor/packages/scratch-gui/src/components/menu-bar/save-status.jsx:26:5)
2026-10-04T20:37:44.5137190Z           at ConnectFunction (~/work/scratch-editor/scratch-editor/node_modules/react-redux/lib/components/connect.js:246:74)
2026-10-04T20:37:44.5139600Z           at Provider (~/work/scratch-editor/scratch-editor/node_modules/react-redux/lib/components/Provider.js:19:3)
2026-10-04T20:37:44.5141774Z           at IntlProvider (~/work/scratch-editor/scratch-editor/node_modules/react-intl/src/components/provider.js:33:47)
2026-10-04T20:37:44.5142941Z 
2026-10-04T20:37:44.5143443Z       4 |
2026-10-04T20:37:44.5145111Z       5 | const renderWithIntl = (ui, {locale = 'en', messages = {}} = {}) => ({
2026-10-04T20:37:44.5146720Z     > 6 |     ...render(
2026-10-04T20:37:44.5147692Z         |              ^
2026-10-04T20:37:44.5148652Z       7 |         <IntlProvider
2026-10-04T20:37:44.5149650Z       8 |             locale={locale}
2026-10-04T20:37:44.5150671Z       9 |             messages={messages}
2026-10-04T20:37:44.5151392Z 
2026-10-04T20:37:44.5152326Z       at printWarning (../../node_modules/react-dom/cjs/react-dom.development.js:86:30)
2026-10-04T20:37:44.5153616Z       at error (../../node_modules/react-dom/cjs/react-dom.development.js:60:7)
2026-10-04T20:37:44.5155044Z       at validateFunctionComponentInDev (../../node_modules/react-dom/cjs/react-dom.development.js:20230:9)
2026-10-04T20:37:44.5156675Z       at mountIndeterminateComponent (../../node_modules/react-dom/cjs/react-dom.development.js:20189:7)
2026-10-04T20:37:44.5158118Z       at beginWork (../../node_modules/react-dom/cjs/react-dom.development.js:21626:16)
2026-10-04T20:37:44.5159419Z       at beginWork$1 (../../node_modules/react-dom/cjs/react-dom.development.js:27465:14)
2026-10-04T20:37:44.5160815Z       at performUnitOfWork (../../node_modules/react-dom/cjs/react-dom.development.js:26599:12)
2026-10-04T20:37:44.5162488Z       at workLoopSync (../../node_modules/react-dom/cjs/react-dom.development.js:26505:5)
2026-10-04T20:37:44.5163977Z       at renderRootSync (../../node_modules/react-dom/cjs/react-dom.development.js:26473:7)
2026-10-04T20:37:44.5165904Z       at performConcurrentWorkOnRoot (../../node_modules/react-dom/cjs/react-dom.development.js:25777:74)
2026-10-04T20:37:44.5167519Z       at flushActQueue (../../node_modules/react/cjs/react.development.js:2667:24)
2026-10-04T20:37:44.5168814Z       at act (../../node_modules/react/cjs/react.development.js:2582:11)
2026-10-04T20:37:44.5170054Z       at ../../node_modules/@testing-library/react/dist/act-compat.js:47:25
2026-10-04T20:37:44.5171369Z       at renderRoot (../../node_modules/@testing-library/react/dist/pure.js:180:26)
2026-10-04T20:37:44.5173016Z       at render (../../node_modules/@testing-library/react/dist/pure.js:271:10)
2026-10-04T20:37:44.5174240Z       at renderWithIntl (test/helpers/intl-helpers.jsx:6:14)
2026-10-04T20:37:44.5175519Z       at Object.<anonymous> (test/unit/containers/save-status.test.jsx:34:43)
2026-10-04T20:37:44.5176368Z 
2026-10-04T20:37:44.6082242Z PASS test/unit/util/detect-locale.test.js
2026-10-04T20:37:44.7235056Z PASS test/unit/playground/render-gui.test.jsx
2026-10-04T20:37:44.9974193Z PASS test/unit/util/project-fetcher-hoc.test.jsx
2026-10-04T20:37:45.0723981Z PASS test/unit/lib/configure-continuous-flyout.test.js
2026-10-04T20:37:45.1692412Z PASS test/unit/scripts/prune-pages-artifact.test.js
2026-10-04T20:37:45.3654275Z PASS test/unit/util/hash-project-loader-hoc.test.jsx
2026-10-04T20:37:45.7725273Z PASS test/unit/util/mcremote-connection-target-persistence.test.js
2026-10-04T20:37:46.8202628Z PASS test/unit/components/monitor-list.test.jsx
2026-10-04T20:37:46.8650736Z   ● Console
2026-10-04T20:37:46.8651252Z 
2026-10-04T20:37:46.8651798Z     console.error
2026-10-04T20:37:46.8652490Z       Warning: Each child in a list should have a unique "key" prop.
2026-10-04T20:37:46.8653601Z       
2026-10-04T20:37:46.8654498Z       Check the render method of `MonitorList`. See https://reactjs.org/link/warning-keys for more information.
2026-10-04T20:37:46.8655511Z           at injectIntl(Connect(Monitor))
2026-10-04T20:37:46.8656871Z           at stageSize (~/work/scratch-editor/scratch-editor/packages/scratch-gui/src/components/monitor-list/monitor-list.jsx:16:26)
2026-10-04T20:37:46.8658652Z           at Provider (~/work/scratch-editor/scratch-editor/node_modules/react-redux/lib/components/Provider.js:19:3)
2026-10-04T20:37:46.8660088Z           at IntlProvider (~/work/scratch-editor/scratch-editor/node_modules/react-intl/src/components/provider.js:33:47)
2026-10-04T20:37:46.8660809Z 
2026-10-04T20:37:46.8661097Z       18 |         }}
2026-10-04T20:37:46.8661786Z       19 |     >
2026-10-04T20:37:46.8662421Z     > 20 |         <Box
2026-10-04T20:37:46.8663038Z          |         ^
2026-10-04T20:37:46.8663781Z       21 |             className={styles.monitorListScaler}
2026-10-04T20:37:46.8664703Z       22 |             style={stageSizeToTransform(props.stageSize)}
2026-10-04T20:37:46.8665414Z       23 |         >
2026-10-04T20:37:46.8665692Z 
2026-10-04T20:37:46.8666068Z       at printWarning (../../node_modules/react/cjs/react.development.js:209:30)
2026-10-04T20:37:46.8666812Z       at error (../../node_modules/react/cjs/react.development.js:183:7)
2026-10-04T20:37:46.8667697Z       at validateExplicitKey (../../node_modules/react/cjs/react.development.js:2191:5)
2026-10-04T20:37:46.8668760Z       at validateChildKeys (../../node_modules/react/cjs/react.development.js:2237:13)
2026-10-04T20:37:46.8670132Z       at Object.createElementWithValidation [as createElement] (../../node_modules/react/cjs/react.development.js:2372:7)
2026-10-04T20:37:46.8671407Z       at createElement (src/components/monitor-list/monitor-list.jsx:20:9)
2026-10-04T20:37:46.8672729Z       at renderWithHooks (../../node_modules/react-dom/cjs/react-dom.development.js:15486:18)
2026-10-04T20:37:46.8674001Z       at mountIndeterminateComponent (../../node_modules/react-dom/cjs/react-dom.development.js:20103:13)
2026-10-04T20:37:46.8675482Z       at beginWork (../../node_modules/react-dom/cjs/react-dom.development.js:21626:16)
2026-10-04T20:37:46.8676575Z       at beginWork$1 (../../node_modules/react-dom/cjs/react-dom.development.js:27465:14)
2026-10-04T20:37:46.8677859Z       at performUnitOfWork (../../node_modules/react-dom/cjs/react-dom.development.js:26599:12)
2026-10-04T20:37:46.8679010Z       at workLoopSync (../../node_modules/react-dom/cjs/react-dom.development.js:26505:5)
2026-10-04T20:37:46.8680115Z       at renderRootSync (../../node_modules/react-dom/cjs/react-dom.development.js:26473:7)
2026-10-04T20:37:46.8681385Z       at performConcurrentWorkOnRoot (../../node_modules/react-dom/cjs/react-dom.development.js:25777:74)
2026-10-04T20:37:46.8682808Z       at flushActQueue (../../node_modules/react/cjs/react.development.js:2667:24)
2026-10-04T20:37:46.8683754Z       at act (../../node_modules/react/cjs/react.development.js:2582:11)
2026-10-04T20:37:46.8684630Z       at ../../node_modules/@testing-library/react/dist/act-compat.js:47:25
2026-10-04T20:37:46.8685587Z       at renderRoot (../../node_modules/@testing-library/react/dist/pure.js:180:26)
2026-10-04T20:37:46.8686536Z       at render (../../node_modules/@testing-library/react/dist/pure.js:271:10)
2026-10-04T20:37:46.8687386Z       at renderWithIntl (test/helpers/intl-helpers.jsx:6:14)
2026-10-04T20:37:46.8688247Z       at Object.<anonymous> (test/unit/components/monitor-list.test.jsx:63:43)
2026-10-04T20:37:46.8688805Z 
2026-10-04T20:37:46.8688965Z     console.error
2026-10-04T20:37:46.8690164Z       Warning: Box: Support for defaultProps will be removed from function components in a future major release. Use JavaScript default parameters instead.
2026-10-04T20:37:46.8692368Z           at alignContent (~/work/scratch-editor/scratch-editor/packages/scratch-gui/src/components/box/box.jsx:33:9)
2026-10-04T20:37:46.8694170Z           at stageSize (~/work/scratch-editor/scratch-editor/packages/scratch-gui/src/components/monitor-list/monitor-list.jsx:16:26)
2026-10-04T20:37:46.8695951Z           at Provider (~/work/scratch-editor/scratch-editor/node_modules/react-redux/lib/components/Provider.js:19:3)
2026-10-04T20:37:46.8697609Z           at IntlProvider (~/work/scratch-editor/scratch-editor/node_modules/react-intl/src/components/provider.js:33:47)
2026-10-04T20:37:46.8698497Z 
2026-10-04T20:37:46.8698758Z       4 |
2026-10-04T20:37:46.8700258Z       5 | const renderWithIntl = (ui, {locale = 'en', messages = {}} = {}) => ({
2026-10-04T20:37:46.8701789Z     > 6 |     ...render(
2026-10-04T20:37:46.8702599Z         |              ^
2026-10-04T20:37:46.8703388Z       7 |         <IntlProvider
2026-10-04T20:37:46.8704162Z       8 |             locale={locale}
2026-10-04T20:37:46.8704961Z       9 |             messages={messages}
2026-10-04T20:37:46.8705416Z 
2026-10-04T20:37:46.8705910Z       at printWarning (../../node_modules/react-dom/cjs/react-dom.development.js:86:30)
2026-10-04T20:37:46.8706950Z       at error (../../node_modules/react-dom/cjs/react-dom.development.js:60:7)
2026-10-04T20:37:46.8708172Z       at validateFunctionComponentInDev (../../node_modules/react-dom/cjs/react-dom.development.js:20230:9)
2026-10-04T20:37:46.8709605Z       at mountIndeterminateComponent (../../node_modules/react-dom/cjs/react-dom.development.js:20189:7)
2026-10-04T20:37:46.8710829Z       at beginWork (../../node_modules/react-dom/cjs/react-dom.development.js:21626:16)
2026-10-04T20:37:46.8712241Z       at beginWork$1 (../../node_modules/react-dom/cjs/react-dom.development.js:27465:14)
2026-10-04T20:37:46.8713449Z       at performUnitOfWork (../../node_modules/react-dom/cjs/react-dom.development.js:26599:12)
2026-10-04T20:37:46.8714695Z       at workLoopSync (../../node_modules/react-dom/cjs/react-dom.development.js:26505:5)
2026-10-04T20:37:46.8716178Z       at renderRootSync (../../node_modules/react-dom/cjs/react-dom.development.js:26473:7)
2026-10-04T20:37:46.8717593Z       at performConcurrentWorkOnRoot (../../node_modules/react-dom/cjs/react-dom.development.js:25777:74)
2026-10-04T20:37:46.8718847Z       at flushActQueue (../../node_modules/react/cjs/react.development.js:2667:24)
2026-10-04T20:37:46.8719826Z       at act (../../node_modules/react/cjs/react.development.js:2582:11)
2026-10-04T20:37:46.8720744Z       at ../../node_modules/@testing-library/react/dist/act-compat.js:47:25
2026-10-04T20:37:46.8722039Z       at renderRoot (../../node_modules/@testing-library/react/dist/pure.js:180:26)
2026-10-04T20:37:46.8723082Z       at render (../../node_modules/@testing-library/react/dist/pure.js:271:10)
2026-10-04T20:37:46.8723990Z       at renderWithIntl (test/helpers/intl-helpers.jsx:6:14)
2026-10-04T20:37:46.8724920Z       at Object.<anonymous> (test/unit/components/monitor-list.test.jsx:63:43)
2026-10-04T20:37:46.8725510Z 
2026-10-04T20:37:46.8725683Z     console.error
2026-10-04T20:37:46.8726293Z       Warning: Each child in a list should have a unique "key" prop.
2026-10-04T20:37:46.8726926Z       
2026-10-04T20:37:46.8727739Z       Check the render method of `Box`. See https://reactjs.org/link/warning-keys for more information.
2026-10-04T20:37:46.8728683Z           at injectIntl(Connect(Monitor))
2026-10-04T20:37:46.8729899Z           at alignContent (~/work/scratch-editor/scratch-editor/packages/scratch-gui/src/components/box/box.jsx:33:9)
2026-10-04T20:37:46.8730941Z           at div
2026-10-04T20:37:46.8732255Z           at alignContent (~/work/scratch-editor/scratch-editor/packages/scratch-gui/src/components/box/box.jsx:33:9)
2026-10-04T20:37:46.8734410Z           at stageSize (~/work/scratch-editor/scratch-editor/packages/scratch-gui/src/components/monitor-list/monitor-list.jsx:16:26)
2026-10-04T20:37:46.8736272Z           at Provider (~/work/scratch-editor/scratch-editor/node_modules/react-redux/lib/components/Provider.js:19:3)
2026-10-04T20:37:46.8738043Z           at IntlProvider (~/work/scratch-editor/scratch-editor/node_modules/react-intl/src/components/provider.js:33:47)
2026-10-04T20:37:46.8738969Z 
2026-10-04T20:37:46.8739437Z       49 |         ...componentProps
2026-10-04T20:37:46.8740210Z       50 |     } = props;
2026-10-04T20:37:46.8741412Z     > 51 |     return React.createElement(element, {
2026-10-04T20:37:46.8742789Z          |                  ^
2026-10-04T20:37:46.8743992Z       52 |         className: classNames(className, styles.box),
2026-10-04T20:37:46.8745148Z       53 |         ref: componentRef,
2026-10-04T20:37:46.8746114Z       54 |         style: Object.assign(
2026-10-04T20:37:46.8746624Z 
2026-10-04T20:37:46.8747112Z       at printWarning (../../node_modules/react/cjs/react.development.js:209:30)
2026-10-04T20:37:46.8748026Z       at error (../../node_modules/react/cjs/react.development.js:183:7)
2026-10-04T20:37:46.8749038Z       at validateExplicitKey (../../node_modules/react/cjs/react.development.js:2191:5)
2026-10-04T20:37:46.8750160Z       at validateChildKeys (../../node_modules/react/cjs/react.development.js:2237:13)
2026-10-04T20:37:46.8751745Z       at Object.createElementWithValidation [as createElement] (../../node_modules/react/cjs/react.development.js:2372:7)
2026-10-04T20:37:46.8752927Z       at createElement (src/components/box/box.jsx:51:18)
2026-10-04T20:37:46.8753879Z       at renderWithHooks (../../node_modules/react-dom/cjs/react-dom.development.js:15486:18)
2026-10-04T20:37:46.8755156Z       at mountIndeterminateComponent (../../node_modules/react-dom/cjs/react-dom.development.js:20103:13)
2026-10-04T20:37:46.8756619Z       at beginWork (../../node_modules/react-dom/cjs/react-dom.development.js:21626:16)
2026-10-04T20:37:46.8757808Z       at beginWork$1 (../../node_modules/react-dom/cjs/react-dom.development.js:27465:14)
2026-10-04T20:37:46.8759028Z       at performUnitOfWork (../../node_modules/react-dom/cjs/react-dom.development.js:26599:12)
2026-10-04T20:37:46.8760230Z       at workLoopSync (../../node_modules/react-dom/cjs/react-dom.development.js:26505:5)
2026-10-04T20:37:46.8761384Z       at renderRootSync (../../node_modules/react-dom/cjs/react-dom.development.js:26473:7)
2026-10-04T20:37:46.8762918Z       at performConcurrentWorkOnRoot (../../node_modules/react-dom/cjs/react-dom.development.js:25777:74)
2026-10-04T20:37:46.8764147Z       at flushActQueue (../../node_modules/react/cjs/react.development.js:2667:24)
2026-10-04T20:37:46.8765121Z       at act (../../node_modules/react/cjs/react.development.js:2582:11)
2026-10-04T20:37:46.8766075Z       at ../../node_modules/@testing-library/react/dist/act-compat.js:47:25
2026-10-04T20:37:46.8767104Z       at renderRoot (../../node_modules/@testing-library/react/dist/pure.js:180:26)
2026-10-04T20:37:46.8768147Z       at render (../../node_modules/@testing-library/react/dist/pure.js:271:10)
2026-10-04T20:37:46.8769050Z       at renderWithIntl (test/helpers/intl-helpers.jsx:6:14)
2026-10-04T20:37:46.8769981Z       at Object.<anonymous> (test/unit/components/monitor-list.test.jsx:63:43)
2026-10-04T20:37:46.8770534Z 
2026-10-04T20:37:46.8770710Z     console.error
2026-10-04T20:37:46.8772042Z       Warning: Each child in a list should have a unique "key" prop. See https://reactjs.org/link/warning-keys for more information.
2026-10-04T20:37:46.8773398Z           at div
2026-10-04T20:37:46.8774426Z           at alignContent (~/work/scratch-editor/scratch-editor/packages/scratch-gui/src/components/box/box.jsx:33:9)
2026-10-04T20:37:46.8775504Z           at div
2026-10-04T20:37:46.8776637Z           at alignContent (~/work/scratch-editor/scratch-editor/packages/scratch-gui/src/components/box/box.jsx:33:9)
2026-10-04T20:37:46.8778573Z           at stageSize (~/work/scratch-editor/scratch-editor/packages/scratch-gui/src/components/monitor-list/monitor-list.jsx:16:26)
2026-10-04T20:37:46.8780417Z           at Provider (~/work/scratch-editor/scratch-editor/node_modules/react-redux/lib/components/Provider.js:19:3)
2026-10-04T20:37:46.8782768Z           at IntlProvider (~/work/scratch-editor/scratch-editor/node_modules/react-intl/src/components/provider.js:33:47)
2026-10-04T20:37:46.8783703Z 
2026-10-04T20:37:46.8783999Z       4 |
2026-10-04T20:37:46.8785491Z       5 | const renderWithIntl = (ui, {locale = 'en', messages = {}} = {}) => ({
2026-10-04T20:37:46.8786961Z     > 6 |     ...render(
2026-10-04T20:37:46.8787746Z         |              ^
2026-10-04T20:37:46.8788717Z       7 |         <IntlProvider
2026-10-04T20:37:46.8789675Z       8 |             locale={locale}
2026-10-04T20:37:46.8790945Z       9 |             messages={messages}
2026-10-04T20:37:46.8791790Z 
2026-10-04T20:37:46.8792454Z       at printWarning (../../node_modules/react-dom/cjs/react-dom.development.js:86:30)
2026-10-04T20:37:46.8793799Z       at error (../../node_modules/react-dom/cjs/react-dom.development.js:60:7)
2026-10-04T20:37:46.8795123Z       at warnForMissingKey (../../node_modules/react-dom/cjs/react-dom.development.js:13030:5)
2026-10-04T20:37:46.8796844Z       at warnOnInvalidKey (../../node_modules/react-dom/cjs/react-dom.development.js:13511:11)
2026-10-04T20:37:46.8798524Z       at reconcileChildrenIterator (../../node_modules/react-dom/cjs/react-dom.development.js:13752:23)
2026-10-04T20:37:46.8800360Z       at reconcileChildFibers (../../node_modules/react-dom/cjs/react-dom.development.js:14061:16)
2026-10-04T20:37:46.8802706Z       at reconcileChildren (../../node_modules/react-dom/cjs/react-dom.development.js:19186:28)
2026-10-04T20:37:46.8804479Z       at updateHostComponent (../../node_modules/react-dom/cjs/react-dom.development.js:19953:3)
2026-10-04T20:37:46.8806010Z       at beginWork (../../node_modules/react-dom/cjs/react-dom.development.js:21657:14)
2026-10-04T20:37:46.8807445Z       at beginWork$1 (../../node_modules/react-dom/cjs/react-dom.development.js:27465:14)
2026-10-04T20:37:46.8809077Z       at performUnitOfWork (../../node_modules/react-dom/cjs/react-dom.development.js:26599:12)
2026-10-04T20:37:46.8810578Z       at workLoopSync (../../node_modules/react-dom/cjs/react-dom.development.js:26505:5)
2026-10-04T20:37:46.8812419Z       at renderRootSync (../../node_modules/react-dom/cjs/react-dom.development.js:26473:7)
2026-10-04T20:37:46.8814083Z       at performConcurrentWorkOnRoot (../../node_modules/react-dom/cjs/react-dom.development.js:25777:74)
2026-10-04T20:37:46.8815651Z       at flushActQueue (../../node_modules/react/cjs/react.development.js:2667:24)
2026-10-04T20:37:46.8816957Z       at act (../../node_modules/react/cjs/react.development.js:2582:11)
2026-10-04T20:37:46.8818330Z       at ../../node_modules/@testing-library/react/dist/act-compat.js:47:25
2026-10-04T20:37:46.8819634Z       at renderRoot (../../node_modules/@testing-library/react/dist/pure.js:180:26)
2026-10-04T20:37:46.8821117Z       at render (../../node_modules/@testing-library/react/dist/pure.js:271:10)
2026-10-04T20:37:46.8822697Z       at renderWithIntl (test/helpers/intl-helpers.jsx:6:14)
2026-10-04T20:37:46.8823903Z       at Object.<anonymous> (test/unit/components/monitor-list.test.jsx:63:43)
2026-10-04T20:37:46.8825007Z 
2026-10-04T20:37:46.8825309Z     console.error
2026-10-04T20:37:46.8826495Z       Warning: Failed prop type: The prop `id` is marked as required in `Monitor`, but its value is `undefined`.
2026-10-04T20:37:46.8828483Z           at Monitor (~/work/scratch-editor/scratch-editor/packages/scratch-gui/src/containers/monitor.jsx:41:9)
2026-10-04T20:37:46.8830672Z           at ConnectFunction (~/work/scratch-editor/scratch-editor/node_modules/react-redux/lib/components/connect.js:246:74)
2026-10-04T20:37:46.8832588Z           at injectIntl(Connect(Monitor))
2026-10-04T20:37:46.8833320Z           at div
2026-10-04T20:37:46.8834800Z           at alignContent (~/work/scratch-editor/scratch-editor/packages/scratch-gui/src/components/box/box.jsx:33:9)
2026-10-04T20:37:46.8836218Z           at div
2026-10-04T20:37:46.8837621Z           at alignContent (~/work/scratch-editor/scratch-editor/packages/scratch-gui/src/components/box/box.jsx:33:9)
2026-10-04T20:37:46.8839917Z           at stageSize (~/work/scratch-editor/scratch-editor/packages/scratch-gui/src/components/monitor-list/monitor-list.jsx:16:26)
2026-10-04T20:37:46.8842527Z           at Provider (~/work/scratch-editor/scratch-editor/node_modules/react-redux/lib/components/Provider.js:19:3)
2026-10-04T20:37:46.8844692Z           at IntlProvider (~/work/scratch-editor/scratch-editor/node_modules/react-intl/src/components/provider.js:33:47)
2026-10-04T20:37:46.8845803Z 
2026-10-04T20:37:46.8846217Z       4 |
2026-10-04T20:37:46.8848194Z       5 | const renderWithIntl = (ui, {locale = 'en', messages = {}} = {}) => ({
2026-10-04T20:37:46.8849945Z     > 6 |     ...render(
2026-10-04T20:37:46.8851259Z         |              ^
2026-10-04T20:37:46.8852666Z       7 |         <IntlProvider
2026-10-04T20:37:46.8853937Z       8 |             locale={locale}
2026-10-04T20:37:46.8855107Z       9 |             messages={messages}
2026-10-04T20:37:46.8855682Z 
2026-10-04T20:37:46.8856454Z       at printWarning (../../node_modules/react/cjs/react.development.js:209:30)
2026-10-04T20:37:46.8857969Z       at error (../../node_modules/react/cjs/react.development.js:183:7)
2026-10-04T20:37:46.8859421Z       at checkPropTypes (../../node_modules/react/cjs/react.development.js:2074:11)
2026-10-04T20:37:46.8860887Z       at validatePropTypes (../../node_modules/react/cjs/react.development.js:2275:7)
2026-10-04T20:37:46.8862746Z       at Object.createElementWithValidation [as createElement] (../../node_modules/react/cjs/react.development.js:2379:5)
2026-10-04T20:37:46.8864395Z       at ../../node_modules/react-redux/lib/components/connect.js:388:17
2026-10-04T20:37:46.8865730Z       at mountMemo (../../node_modules/react-dom/cjs/react-dom.development.js:16406:19)
2026-10-04T20:37:46.8867330Z       at Object.useMemo (../../node_modules/react-dom/cjs/react-dom.development.js:16851:16)
2026-10-04T20:37:46.8868794Z       at Object.useMemo (../../node_modules/react/cjs/react.development.js:1650:21)
2026-10-04T20:37:46.8870432Z       at ConnectFunction (../../node_modules/react-redux/lib/components/connect.js:384:46)
2026-10-04T20:37:46.8872151Z       at renderWithHooks (../../node_modules/react-dom/cjs/react-dom.development.js:15486:18)
2026-10-04T20:37:46.8873901Z       at updateFunctionComponent (../../node_modules/react-dom/cjs/react-dom.development.js:19617:20)
2026-10-04T20:37:46.8875625Z       at updateSimpleMemoComponent (../../node_modules/react-dom/cjs/react-dom.development.js:19454:10)
2026-10-04T20:37:46.8877337Z       at updateMemoComponent (../../node_modules/react-dom/cjs/react-dom.development.js:19303:14)
2026-10-04T20:37:46.8878909Z       at beginWork (../../node_modules/react-dom/cjs/react-dom.development.js:21712:16)
2026-10-04T20:37:46.8880718Z       at beginWork$1 (../../node_modules/react-dom/cjs/react-dom.development.js:27465:14)
2026-10-04T20:37:46.8882475Z       at performUnitOfWork (../../node_modules/react-dom/cjs/react-dom.development.js:26599:12)
2026-10-04T20:37:46.8884002Z       at workLoopSync (../../node_modules/react-dom/cjs/react-dom.development.js:26505:5)
2026-10-04T20:37:46.8885608Z       at renderRootSync (../../node_modules/react-dom/cjs/react-dom.development.js:26473:7)
2026-10-04T20:37:46.8887209Z       at performConcurrentWorkOnRoot (../../node_modules/react-dom/cjs/react-dom.development.js:25777:74)
2026-10-04T20:37:46.8888848Z       at flushActQueue (../../node_modules/react/cjs/react.development.js:2667:24)
2026-10-04T20:37:46.8890116Z       at act (../../node_modules/react/cjs/react.development.js:2582:11)
2026-10-04T20:37:46.8891384Z       at ../../node_modules/@testing-library/react/dist/act-compat.js:47:25
2026-10-04T20:37:46.8892995Z       at renderRoot (../../node_modules/@testing-library/react/dist/pure.js:180:26)
2026-10-04T20:37:46.8894335Z       at render (../../node_modules/@testing-library/react/dist/pure.js:271:10)
2026-10-04T20:37:46.8895538Z       at renderWithIntl (test/helpers/intl-helpers.jsx:6:14)
2026-10-04T20:37:46.8896870Z       at Object.<anonymous> (test/unit/components/monitor-list.test.jsx:63:43)
2026-10-04T20:37:46.8897623Z 
2026-10-04T20:37:46.8897867Z     console.error
2026-10-04T20:37:46.8899174Z       Warning: Failed prop type: The prop `opcode` is marked as required in `Monitor`, but its value is `undefined`.
2026-10-04T20:37:46.8901223Z           at Monitor (~/work/scratch-editor/scratch-editor/packages/scratch-gui/src/containers/monitor.jsx:41:9)
2026-10-04T20:37:46.8903558Z           at ConnectFunction (~/work/scratch-editor/scratch-editor/node_modules/react-redux/lib/components/connect.js:246:74)
2026-10-04T20:37:46.8905146Z           at injectIntl(Connect(Monitor))
2026-10-04T20:37:46.8905926Z           at div
2026-10-04T20:37:46.8907355Z           at alignContent (~/work/scratch-editor/scratch-editor/packages/scratch-gui/src/components/box/box.jsx:33:9)
2026-10-04T20:37:46.8908763Z           at div
2026-10-04T20:37:46.8910220Z           at alignContent (~/work/scratch-editor/scratch-editor/packages/scratch-gui/src/components/box/box.jsx:33:9)
2026-10-04T20:37:46.8912927Z           at stageSize (~/work/scratch-editor/scratch-editor/packages/scratch-gui/src/components/monitor-list/monitor-list.jsx:16:26)
2026-10-04T20:37:46.8915241Z           at Provider (~/work/scratch-editor/scratch-editor/node_modules/react-redux/lib/components/Provider.js:19:3)
2026-10-04T20:37:46.8917420Z           at IntlProvider (~/work/scratch-editor/scratch-editor/node_modules/react-intl/src/components/provider.js:33:47)
2026-10-04T20:37:46.8918511Z 
2026-10-04T20:37:46.8918871Z       4 |
2026-10-04T20:37:46.8920772Z       5 | const renderWithIntl = (ui, {locale = 'en', messages = {}} = {}) => ({
2026-10-04T20:37:46.8922878Z     > 6 |     ...render(
2026-10-04T20:37:46.8924115Z         |              ^
2026-10-04T20:37:46.8925176Z       7 |         <IntlProvider
2026-10-04T20:37:46.8926265Z       8 |             locale={locale}
2026-10-04T20:37:46.8927290Z       9 |             messages={messages}
2026-10-04T20:37:46.8927827Z 
2026-10-04T20:37:46.8928636Z       at printWarning (../../node_modules/react/cjs/react.development.js:209:30)
2026-10-04T20:37:46.8929896Z       at error (../../node_modules/react/cjs/react.development.js:183:7)
2026-10-04T20:37:46.8931235Z       at checkPropTypes (../../node_modules/react/cjs/react.development.js:2074:11)
2026-10-04T20:37:46.8932973Z       at validatePropTypes (../../node_modules/react/cjs/react.development.js:2275:7)
2026-10-04T20:37:46.8935172Z       at Object.createElementWithValidation [as createElement] (../../node_modules/react/cjs/react.development.js:2379:5)
2026-10-04T20:37:46.8936749Z       at ../../node_modules/react-redux/lib/components/connect.js:388:17
2026-10-04T20:37:46.8938040Z       at mountMemo (../../node_modules/react-dom/cjs/react-dom.development.js:16406:19)
2026-10-04T20:37:46.8939631Z       at Object.useMemo (../../node_modules/react-dom/cjs/react-dom.development.js:16851:16)
2026-10-04T20:37:46.8941007Z       at Object.useMemo (../../node_modules/react/cjs/react.development.js:1650:21)
2026-10-04T20:37:46.8942792Z       at ConnectFunction (../../node_modules/react-redux/lib/components/connect.js:384:46)
2026-10-04T20:37:46.8944310Z       at renderWithHooks (../../node_modules/react-dom/cjs/react-dom.development.js:15486:18)
2026-10-04T20:37:46.8946032Z       at updateFunctionComponent (../../node_modules/react-dom/cjs/react-dom.development.js:19617:20)
2026-10-04T20:37:46.8947751Z       at updateSimpleMemoComponent (../../node_modules/react-dom/cjs/react-dom.development.js:19454:10)
2026-10-04T20:37:46.8949649Z       at updateMemoComponent (../../node_modules/react-dom/cjs/react-dom.development.js:19303:14)
2026-10-04T20:37:46.8951129Z       at beginWork (../../node_modules/react-dom/cjs/react-dom.development.js:21712:16)
2026-10-04T20:37:46.8952979Z       at beginWork$1 (../../node_modules/react-dom/cjs/react-dom.development.js:27465:14)
2026-10-04T20:37:46.8954531Z       at performUnitOfWork (../../node_modules/react-dom/cjs/react-dom.development.js:26599:12)
2026-10-04T20:37:46.8955937Z       at workLoopSync (../../node_modules/react-dom/cjs/react-dom.development.js:26505:5)
2026-10-04T20:37:46.8957512Z       at renderRootSync (../../node_modules/react-dom/cjs/react-dom.development.js:26473:7)
2026-10-04T20:37:46.8959093Z       at performConcurrentWorkOnRoot (../../node_modules/react-dom/cjs/react-dom.development.js:25777:74)
2026-10-04T20:37:46.8960707Z       at flushActQueue (../../node_modules/react/cjs/react.development.js:2667:24)
2026-10-04T20:37:46.8962321Z       at act (../../node_modules/react/cjs/react.development.js:2582:11)
2026-10-04T20:37:46.8976417Z       at ../../node_modules/@testing-library/react/dist/act-compat.js:47:25
2026-10-04T20:37:46.8977529Z       at renderRoot (../../node_modules/@testing-library/react/dist/pure.js:180:26)
2026-10-04T20:37:46.8978940Z       at render (../../node_modules/@testing-library/react/dist/pure.js:271:10)
2026-10-04T20:37:46.8979930Z       at renderWithIntl (test/helpers/intl-helpers.jsx:6:14)
2026-10-04T20:37:46.8980926Z       at Object.<anonymous> (test/unit/components/monitor-list.test.jsx:63:43)
2026-10-04T20:37:46.8981844Z 
2026-10-04T20:37:46.8982050Z     console.error
2026-10-04T20:37:46.8983138Z       Warning: Failed prop type: Invalid prop `vm` of type `Object` supplied to `Monitor`, expected instance of `<<anonymous>>`.
2026-10-04T20:37:46.8984887Z           at Monitor (~/work/scratch-editor/scratch-editor/packages/scratch-gui/src/containers/monitor.jsx:41:9)
2026-10-04T20:37:46.8986737Z           at ConnectFunction (~/work/scratch-editor/scratch-editor/node_modules/react-redux/lib/components/connect.js:246:74)
2026-10-04T20:37:46.8988004Z           at injectIntl(Connect(Monitor))
2026-10-04T20:37:46.8988548Z           at div
2026-10-04T20:37:46.8989686Z           at alignContent (~/work/scratch-editor/scratch-editor/packages/scratch-gui/src/components/box/box.jsx:33:9)
2026-10-04T20:37:46.8990802Z           at div
2026-10-04T20:37:46.8992208Z           at alignContent (~/work/scratch-editor/scratch-editor/packages/scratch-gui/src/components/box/box.jsx:33:9)
2026-10-04T20:37:46.8994171Z           at stageSize (~/work/scratch-editor/scratch-editor/packages/scratch-gui/src/components/monitor-list/monitor-list.jsx:16:26)
2026-10-04T20:37:46.8996130Z           at Provider (~/work/scratch-editor/scratch-editor/node_modules/react-redux/lib/components/Provider.js:19:3)
2026-10-04T20:37:46.8998263Z           at IntlProvider (~/work/scratch-editor/scratch-editor/node_modules/react-intl/src/components/provider.js:33:47)
2026-10-04T20:37:46.8999311Z 
2026-10-04T20:37:46.8999695Z       4 |
2026-10-04T20:37:46.9001238Z       5 | const renderWithIntl = (ui, {locale = 'en', messages = {}} = {}) => ({
2026-10-04T20:37:46.9002993Z     > 6 |     ...render(
2026-10-04T20:37:46.9003780Z         |              ^
2026-10-04T20:37:46.9004601Z       7 |         <IntlProvider
2026-10-04T20:37:46.9005465Z       8 |             locale={locale}
2026-10-04T20:37:46.9006345Z       9 |             messages={messages}
2026-10-04T20:37:46.9006821Z 
2026-10-04T20:37:46.9007344Z       at printWarning (../../node_modules/react/cjs/react.development.js:209:30)
2026-10-04T20:37:46.9008385Z       at error (../../node_modules/react/cjs/react.development.js:183:7)
2026-10-04T20:37:46.9009447Z       at checkPropTypes (../../node_modules/react/cjs/react.development.js:2074:11)
2026-10-04T20:37:46.9010597Z       at validatePropTypes (../../node_modules/react/cjs/react.development.js:2275:7)
2026-10-04T20:37:46.9012412Z       at Object.createElementWithValidation [as createElement] (../../node_modules/react/cjs/react.development.js:2379:5)
2026-10-04T20:37:46.9013767Z       at ../../node_modules/react-redux/lib/components/connect.js:388:17
2026-10-04T20:37:46.9014859Z       at mountMemo (../../node_modules/react-dom/cjs/react-dom.development.js:16406:19)
2026-10-04T20:37:46.9016078Z       at Object.useMemo (../../node_modules/react-dom/cjs/react-dom.development.js:16851:16)
2026-10-04T20:37:46.9017269Z       at Object.useMemo (../../node_modules/react/cjs/react.development.js:1650:21)
2026-10-04T20:37:46.9018436Z       at ConnectFunction (../../node_modules/react-redux/lib/components/connect.js:384:46)
2026-10-04T20:37:46.9019712Z       at renderWithHooks (../../node_modules/react-dom/cjs/react-dom.development.js:15486:18)
2026-10-04T20:37:46.9021076Z       at updateFunctionComponent (../../node_modules/react-dom/cjs/react-dom.development.js:19617:20)
2026-10-04T20:37:46.9023135Z       at updateSimpleMemoComponent (../../node_modules/react-dom/cjs/react-dom.development.js:19454:10)
2026-10-04T20:37:46.9024593Z       at updateMemoComponent (../../node_modules/react-dom/cjs/react-dom.development.js:19303:14)
2026-10-04T20:37:46.9025869Z       at beginWork (../../node_modules/react-dom/cjs/react-dom.development.js:21712:16)
2026-10-04T20:37:46.9027030Z       at beginWork$1 (../../node_modules/react-dom/cjs/react-dom.development.js:27465:14)
2026-10-04T20:37:46.9028270Z       at performUnitOfWork (../../node_modules/react-dom/cjs/react-dom.development.js:26599:12)
2026-10-04T20:37:46.9029551Z       at workLoopSync (../../node_modules/react-dom/cjs/react-dom.development.js:26505:5)
2026-10-04T20:37:46.9030787Z       at renderRootSync (../../node_modules/react-dom/cjs/react-dom.development.js:26473:7)
2026-10-04T20:37:46.9032393Z       at performConcurrentWorkOnRoot (../../node_modules/react-dom/cjs/react-dom.development.js:25777:74)
2026-10-04T20:37:46.9033673Z       at flushActQueue (../../node_modules/react/cjs/react.development.js:2667:24)
2026-10-04T20:37:46.9034687Z       at act (../../node_modules/react/cjs/react.development.js:2582:11)
2026-10-04T20:37:46.9035622Z       at ../../node_modules/@testing-library/react/dist/act-compat.js:47:25
2026-10-04T20:37:46.9036602Z       at renderRoot (../../node_modules/@testing-library/react/dist/pure.js:180:26)
2026-10-04T20:37:46.9037676Z       at render (../../node_modules/@testing-library/react/dist/pure.js:271:10)
2026-10-04T20:37:46.9038617Z       at renderWithIntl (test/helpers/intl-helpers.jsx:6:14)
2026-10-04T20:37:46.9039594Z       at Object.<anonymous> (test/unit/components/monitor-list.test.jsx:63:43)
2026-10-04T20:37:46.9040218Z 
2026-10-04T20:37:46.9040712Z     console.error
2026-10-04T20:37:46.9042106Z       Warning: Failed prop type: The prop `label` is marked as required in `MonitorComponent`, but its value is `undefined`.
2026-10-04T20:37:46.9043911Z           at label (~/work/scratch-editor/scratch-editor/packages/scratch-gui/src/components/monitor/monitor.jsx:48:44)
2026-10-04T20:37:46.9045741Z           at Monitor (~/work/scratch-editor/scratch-editor/packages/scratch-gui/src/containers/monitor.jsx:41:9)
2026-10-04T20:37:46.9047588Z           at ConnectFunction (~/work/scratch-editor/scratch-editor/node_modules/react-redux/lib/components/connect.js:246:74)
2026-10-04T20:37:46.9048856Z           at injectIntl(Connect(Monitor))
2026-10-04T20:37:46.9049409Z           at div
2026-10-04T20:37:46.9050525Z           at alignContent (~/work/scratch-editor/scratch-editor/packages/scratch-gui/src/components/box/box.jsx:33:9)
2026-10-04T20:37:46.9051873Z           at div
2026-10-04T20:37:46.9052975Z           at alignContent (~/work/scratch-editor/scratch-editor/packages/scratch-gui/src/components/box/box.jsx:33:9)
2026-10-04T20:37:46.9054834Z           at stageSize (~/work/scratch-editor/scratch-editor/packages/scratch-gui/src/components/monitor-list/monitor-list.jsx:16:26)
2026-10-04T20:37:46.9056803Z           at Provider (~/work/scratch-editor/scratch-editor/node_modules/react-redux/lib/components/Provider.js:19:3)
2026-10-04T20:37:46.9058642Z           at IntlProvider (~/work/scratch-editor/scratch-editor/node_modules/react-intl/src/components/provider.js:33:47)
2026-10-04T20:37:46.9059603Z 
2026-10-04T20:37:46.9060433Z       206 |                     onOk={this.handleSliderPromptOk}
2026-10-04T20:37:46.9061805Z       207 |                 />}
2026-10-04T20:37:46.9062931Z     > 208 |                 <MonitorComponent
2026-10-04T20:37:46.9063965Z           |                 ^
2026-10-04T20:37:46.9065082Z       209 |                     componentRef={this.setElement}
2026-10-04T20:37:46.9066217Z       210 |                     {...monitorProps}
2026-10-04T20:37:46.9067775Z       211 |                     draggable={this.props.draggable}
2026-10-04T20:37:46.9068521Z 
2026-10-04T20:37:46.9069033Z       at printWarning (../../node_modules/react/cjs/react.development.js:209:30)
2026-10-04T20:37:46.9070083Z       at error (../../node_modules/react/cjs/react.development.js:183:7)
2026-10-04T20:37:46.9071144Z       at checkPropTypes (../../node_modules/react/cjs/react.development.js:2074:11)
2026-10-04T20:37:46.9072601Z       at validatePropTypes (../../node_modules/react/cjs/react.development.js:2275:7)
2026-10-04T20:37:46.9074098Z       at Object.createElementWithValidation [as createElement] (../../node_modules/react/cjs/react.development.js:2379:5)
2026-10-04T20:37:46.9075523Z       at Monitor.createElement [as render] (src/containers/monitor.jsx:208:17)
2026-10-04T20:37:46.9076779Z       at finishClassComponent (../../node_modules/react-dom/cjs/react-dom.development.js:19781:31)
2026-10-04T20:37:46.9078190Z       at updateClassComponent (../../node_modules/react-dom/cjs/react-dom.development.js:19727:24)
2026-10-04T20:37:46.9079486Z       at beginWork (../../node_modules/react-dom/cjs/react-dom.development.js:21650:16)
2026-10-04T20:37:46.9080660Z       at beginWork$1 (../../node_modules/react-dom/cjs/react-dom.development.js:27465:14)
2026-10-04T20:37:46.9084653Z       at performUnitOfWork (../../node_modules/react-dom/cjs/react-dom.development.js:26599:12)
2026-10-04T20:37:46.9085974Z       at workLoopSync (../../node_modules/react-dom/cjs/react-dom.development.js:26505:5)
2026-10-04T20:37:46.9087253Z       at renderRootSync (../../node_modules/react-dom/cjs/react-dom.development.js:26473:7)
2026-10-04T20:37:46.9088940Z       at performConcurrentWorkOnRoot (../../node_modules/react-dom/cjs/react-dom.development.js:25777:74)
2026-10-04T20:37:46.9090225Z       at flushActQueue (../../node_modules/react/cjs/react.development.js:2667:24)
2026-10-04T20:37:46.9091253Z       at act (../../node_modules/react/cjs/react.development.js:2582:11)
2026-10-04T20:37:46.9092508Z       at ../../node_modules/@testing-library/react/dist/act-compat.js:47:25
2026-10-04T20:37:46.9093576Z       at renderRoot (../../node_modules/@testing-library/react/dist/pure.js:180:26)
2026-10-04T20:37:46.9094663Z       at render (../../node_modules/@testing-library/react/dist/pure.js:271:10)
2026-10-04T20:37:46.9095614Z       at renderWithIntl (test/helpers/intl-helpers.jsx:6:14)
2026-10-04T20:37:46.9096594Z       at Object.<anonymous> (test/unit/components/monitor-list.test.jsx:63:43)
2026-10-04T20:37:46.9097211Z 
2026-10-04T20:37:46.9097410Z     console.error
2026-10-04T20:37:46.9098851Z       Warning: MonitorComponent: Support for defaultProps will be removed from function components in a future major release. Use JavaScript default parameters instead.
2026-10-04T20:37:46.9101034Z           at label (~/work/scratch-editor/scratch-editor/packages/scratch-gui/src/components/monitor/monitor.jsx:48:44)
2026-10-04T20:37:46.9103128Z           at Monitor (~/work/scratch-editor/scratch-editor/packages/scratch-gui/src/containers/monitor.jsx:41:9)
2026-10-04T20:37:46.9105008Z           at ConnectFunction (~/work/scratch-editor/scratch-editor/node_modules/react-redux/lib/components/connect.js:246:74)
2026-10-04T20:37:46.9106285Z           at injectIntl(Connect(Monitor))
2026-10-04T20:37:46.9106838Z           at div
2026-10-04T20:37:46.9107970Z           at alignContent (~/work/scratch-editor/scratch-editor/packages/scratch-gui/src/components/box/box.jsx:33:9)
2026-10-04T20:37:46.9109074Z           at div
2026-10-04T20:37:46.9110201Z           at alignContent (~/work/scratch-editor/scratch-editor/packages/scratch-gui/src/components/box/box.jsx:33:9)
2026-10-04T20:37:46.9112373Z           at stageSize (~/work/scratch-editor/scratch-editor/packages/scratch-gui/src/components/monitor-list/monitor-list.jsx:16:26)
2026-10-04T20:37:46.9114453Z           at Provider (~/work/scratch-editor/scratch-editor/node_modules/react-redux/lib/components/Provider.js:19:3)
2026-10-04T20:37:46.9116311Z           at IntlProvider (~/work/scratch-editor/scratch-editor/node_modules/react-intl/src/components/provider.js:33:47)
2026-10-04T20:37:46.9117210Z 
2026-10-04T20:37:46.9117525Z       4 |
2026-10-04T20:37:46.9118998Z       5 | const renderWithIntl = (ui, {locale = 'en', messages = {}} = {}) => ({
2026-10-04T20:37:46.9120434Z     > 6 |     ...render(
2026-10-04T20:37:46.9121210Z         |              ^
2026-10-04T20:37:46.9122308Z       7 |         <IntlProvider
2026-10-04T20:37:46.9123110Z       8 |             locale={locale}
2026-10-04T20:37:46.9123937Z       9 |             messages={messages}
2026-10-04T20:37:46.9124364Z 
2026-10-04T20:37:46.9124896Z       at printWarning (../../node_modules/react-dom/cjs/react-dom.development.js:86:30)
2026-10-04T20:37:46.9125924Z       at error (../../node_modules/react-dom/cjs/react-dom.development.js:60:7)
2026-10-04T20:37:46.9127145Z       at validateFunctionComponentInDev (../../node_modules/react-dom/cjs/react-dom.development.js:20230:9)
2026-10-04T20:37:46.9128604Z       at mountIndeterminateComponent (../../node_modules/react-dom/cjs/react-dom.development.js:20189:7)
2026-10-04T20:37:46.9129888Z       at beginWork (../../node_modules/react-dom/cjs/react-dom.development.js:21626:16)
2026-10-04T20:37:46.9131023Z       at beginWork$1 (../../node_modules/react-dom/cjs/react-dom.development.js:27465:14)
2026-10-04T20:37:46.9132857Z       at performUnitOfWork (../../node_modules/react-dom/cjs/react-dom.development.js:26599:12)
2026-10-04T20:37:46.9134088Z       at workLoopSync (../../node_modules/react-dom/cjs/react-dom.development.js:26505:5)
2026-10-04T20:37:46.9135288Z       at renderRootSync (../../node_modules/react-dom/cjs/react-dom.development.js:26473:7)
2026-10-04T20:37:46.9136602Z       at performConcurrentWorkOnRoot (../../node_modules/react-dom/cjs/react-dom.development.js:25777:74)
2026-10-04T20:37:46.9137799Z       at flushActQueue (../../node_modules/react/cjs/react.development.js:2667:24)
2026-10-04T20:37:46.9138740Z       at act (../../node_modules/react/cjs/react.development.js:2582:11)
2026-10-04T20:37:46.9139616Z       at ../../node_modules/@testing-library/react/dist/act-compat.js:47:25
2026-10-04T20:37:46.9140518Z       at renderRoot (../../node_modules/@testing-library/react/dist/pure.js:180:26)
2026-10-04T20:37:46.9141743Z       at render (../../node_modules/@testing-library/react/dist/pure.js:271:10)
2026-10-04T20:37:46.9142664Z       at renderWithIntl (test/helpers/intl-helpers.jsx:6:14)
2026-10-04T20:37:46.9143622Z       at Object.<anonymous> (test/unit/components/monitor-list.test.jsx:63:43)
2026-10-04T20:37:46.9144215Z 
2026-10-04T20:37:46.9144400Z     console.error
2026-10-04T20:37:46.9145534Z       Warning: Failed prop type: Invalid prop `vm` of type `Object` supplied to `SliderMonitor`, expected instance of `<<anonymous>>`.
2026-10-04T20:37:46.9147280Z           at SliderMonitor (~/work/scratch-editor/scratch-editor/packages/scratch-gui/src/containers/slider-monitor.jsx:12:9)
2026-10-04T20:37:46.9149088Z           at ConnectFunction (~/work/scratch-editor/scratch-editor/node_modules/react-redux/lib/components/connect.js:246:74)
2026-10-04T20:37:46.9150179Z           at span
2026-10-04T20:37:46.9151410Z           at ~/work/scratch-editor/scratch-editor/packages/scratch-gui/node_modules/@radix-ui/react-primitive/src/primitive.tsx:47:13
2026-10-04T20:37:46.9153764Z           at ContextMenuTrigger (~/work/scratch-editor/scratch-editor/packages/scratch-gui/node_modules/@radix-ui/react-context-menu/src/context-menu.tsx:112:13)
2026-10-04T20:37:46.9155648Z           at div
2026-10-04T20:37:46.9157023Z           at alignContent (~/work/scratch-editor/scratch-editor/packages/scratch-gui/src/components/box/box.jsx:33:9)
2026-10-04T20:37:46.9158850Z           at DraggableCore (~/work/scratch-editor/scratch-editor/node_modules/react-draggable/dist/react-draggable.js:1504:6)
2026-10-04T20:37:46.9160622Z           at Draggable (~/work/scratch-editor/scratch-editor/node_modules/react-draggable/lib/Draggable.js:175:38)
2026-10-04T20:37:46.9162785Z           at Provider (~/work/scratch-editor/scratch-editor/packages/scratch-gui/node_modules/@radix-ui/react-context/src/create-context.tsx:126:15)
2026-10-04T20:37:46.9164989Z           at Provider (~/work/scratch-editor/scratch-editor/packages/scratch-gui/node_modules/@radix-ui/react-context/src/create-context.tsx:126:15)
2026-10-04T20:37:46.9167153Z           at Provider (~/work/scratch-editor/scratch-editor/packages/scratch-gui/node_modules/@radix-ui/react-context/src/create-context.tsx:126:15)
2026-10-04T20:37:46.9169259Z           at Popper (~/work/scratch-editor/scratch-editor/packages/scratch-gui/node_modules/@radix-ui/react-popper/src/popper.tsx:52:11)
2026-10-04T20:37:46.9171164Z           at Menu (~/work/scratch-editor/scratch-editor/packages/scratch-gui/node_modules/@radix-ui/react-menu/src/menu.tsx:88:11)
2026-10-04T20:37:46.9173498Z           at Provider (~/work/scratch-editor/scratch-editor/packages/scratch-gui/node_modules/@radix-ui/react-context/src/create-context.tsx:126:15)
2026-10-04T20:37:46.9175777Z           at ContextMenu (~/work/scratch-editor/scratch-editor/packages/scratch-gui/node_modules/@radix-ui/react-context-menu/src/context-menu.tsx:45:11)
2026-10-04T20:37:46.9177850Z           at label (~/work/scratch-editor/scratch-editor/packages/scratch-gui/src/components/monitor/monitor.jsx:48:44)
2026-10-04T20:37:46.9179860Z           at Monitor (~/work/scratch-editor/scratch-editor/packages/scratch-gui/src/containers/monitor.jsx:41:9)
2026-10-04T20:37:46.9182719Z           at ConnectFunction (~/work/scratch-editor/scratch-editor/node_modules/react-redux/lib/components/connect.js:246:74)
2026-10-04T20:37:46.9183968Z           at injectIntl(Connect(Monitor))
2026-10-04T20:37:46.9184489Z           at div
2026-10-04T20:37:46.9185600Z           at alignContent (~/work/scratch-editor/scratch-editor/packages/scratch-gui/src/components/box/box.jsx:33:9)
2026-10-04T20:37:46.9186628Z           at div
2026-10-04T20:37:46.9187731Z           at alignContent (~/work/scratch-editor/scratch-editor/packages/scratch-gui/src/components/box/box.jsx:33:9)
2026-10-04T20:37:46.9189648Z           at stageSize (~/work/scratch-editor/scratch-editor/packages/scratch-gui/src/components/monitor-list/monitor-list.jsx:16:26)
2026-10-04T20:37:46.9191420Z           at Provider (~/work/scratch-editor/scratch-editor/node_modules/react-redux/lib/components/Provider.js:19:3)
2026-10-04T20:37:46.9193432Z           at IntlProvider (~/work/scratch-editor/scratch-editor/node_modules/react-intl/src/components/provider.js:33:47)
2026-10-04T20:37:46.9194375Z 
2026-10-04T20:37:46.9194766Z       4 |
2026-10-04T20:37:46.9196289Z       5 | const renderWithIntl = (ui, {locale = 'en', messages = {}} = {}) => ({
2026-10-04T20:37:46.9197800Z     > 6 |     ...render(
2026-10-04T20:37:46.9198613Z         |              ^
2026-10-04T20:37:46.9199518Z       7 |         <IntlProvider
2026-10-04T20:37:46.9200344Z       8 |             locale={locale}
2026-10-04T20:37:46.9201199Z       9 |             messages={messages}
2026-10-04T20:37:46.9201898Z 
2026-10-04T20:37:46.9202393Z       at printWarning (../../node_modules/react/cjs/react.development.js:209:30)
2026-10-04T20:37:46.9203390Z       at error (../../node_modules/react/cjs/react.development.js:183:7)
2026-10-04T20:37:46.9204661Z       at checkPropTypes (../../node_modules/react/cjs/react.development.js:2074:11)
2026-10-04T20:37:46.9205777Z       at validatePropTypes (../../node_modules/react/cjs/react.development.js:2275:7)
2026-10-04T20:37:46.9207116Z       at Object.createElementWithValidation [as createElement] (../../node_modules/react/cjs/react.development.js:2379:5)
2026-10-04T20:37:46.9208418Z       at ../../node_modules/react-redux/lib/components/connect.js:388:17
2026-10-04T20:37:46.9209471Z       at mountMemo (../../node_modules/react-dom/cjs/react-dom.development.js:16406:19)
2026-10-04T20:37:46.9210670Z       at Object.useMemo (../../node_modules/react-dom/cjs/react-dom.development.js:16851:16)
2026-10-04T20:37:46.9212108Z       at Object.useMemo (../../node_modules/react/cjs/react.development.js:1650:21)
2026-10-04T20:37:46.9213189Z       at ConnectFunction (../../node_modules/react-redux/lib/components/connect.js:384:46)
2026-10-04T20:37:46.9214335Z       at renderWithHooks (../../node_modules/react-dom/cjs/react-dom.development.js:15486:18)
2026-10-04T20:37:46.9215513Z       at updateFunctionComponent (../../node_modules/react-dom/cjs/react-dom.development.js:19617:20)
2026-10-04T20:37:46.9216899Z       at updateSimpleMemoComponent (../../node_modules/react-dom/cjs/react-dom.development.js:19454:10)
2026-10-04T20:37:46.9218227Z       at updateMemoComponent (../../node_modules/react-dom/cjs/react-dom.development.js:19303:14)
2026-10-04T20:37:46.9219435Z       at beginWork (../../node_modules/react-dom/cjs/react-dom.development.js:21712:16)
2026-10-04T20:37:46.9220565Z       at beginWork$1 (../../node_modules/react-dom/cjs/react-dom.development.js:27465:14)
2026-10-04T20:37:46.9222340Z       at performUnitOfWork (../../node_modules/react-dom/cjs/react-dom.development.js:26599:12)
2026-10-04T20:37:46.9223589Z       at workLoopSync (../../node_modules/react-dom/cjs/react-dom.development.js:26505:5)
2026-10-04T20:37:46.9224818Z       at renderRootSync (../../node_modules/react-dom/cjs/react-dom.development.js:26473:7)
2026-10-04T20:37:46.9226112Z       at performConcurrentWorkOnRoot (../../node_modules/react-dom/cjs/react-dom.development.js:25777:74)
2026-10-04T20:37:46.9227294Z       at flushActQueue (../../node_modules/react/cjs/react.development.js:2667:24)
2026-10-04T20:37:46.9228253Z       at act (../../node_modules/react/cjs/react.development.js:2582:11)
2026-10-04T20:37:46.9229177Z       at ../../node_modules/@testing-library/react/dist/act-compat.js:47:25
2026-10-04T20:37:46.9230147Z       at renderRoot (../../node_modules/@testing-library/react/dist/pure.js:180:26)
2026-10-04T20:37:46.9231164Z       at render (../../node_modules/@testing-library/react/dist/pure.js:271:10)
2026-10-04T20:37:46.9232332Z       at renderWithIntl (test/helpers/intl-helpers.jsx:6:14)
2026-10-04T20:37:46.9233249Z       at Object.<anonymous> (test/unit/components/monitor-list.test.jsx:63:43)
2026-10-04T20:37:46.9233818Z 
2026-10-04T20:37:46.9233995Z     console.error
2026-10-04T20:37:46.9235004Z       Warning: Failed prop type: The prop `label` is marked as required in `SliderMonitor`, but its value is `undefined`.
2026-10-04T20:37:46.9236806Z           at categoryColor (~/work/scratch-editor/scratch-editor/packages/scratch-gui/src/components/monitor/slider-monitor.jsx:7:25)
2026-10-04T20:37:46.9238765Z           at SliderMonitor (~/work/scratch-editor/scratch-editor/packages/scratch-gui/src/containers/slider-monitor.jsx:12:9)
2026-10-04T20:37:46.9240682Z           at ConnectFunction (~/work/scratch-editor/scratch-editor/node_modules/react-redux/lib/components/connect.js:246:74)
2026-10-04T20:37:46.9242141Z           at span
2026-10-04T20:37:46.9243383Z           at ~/work/scratch-editor/scratch-editor/packages/scratch-gui/node_modules/@radix-ui/react-primitive/src/primitive.tsx:47:13
2026-10-04T20:37:46.9245585Z           at ContextMenuTrigger (~/work/scratch-editor/scratch-editor/packages/scratch-gui/node_modules/@radix-ui/react-context-menu/src/context-menu.tsx:112:13)
2026-10-04T20:37:46.9247238Z           at div
2026-10-04T20:37:46.9248316Z           at alignContent (~/work/scratch-editor/scratch-editor/packages/scratch-gui/src/components/box/box.jsx:33:9)
2026-10-04T20:37:46.9250064Z           at DraggableCore (~/work/scratch-editor/scratch-editor/node_modules/react-draggable/dist/react-draggable.js:1504:6)
2026-10-04T20:37:46.9252011Z           at Draggable (~/work/scratch-editor/scratch-editor/node_modules/react-draggable/lib/Draggable.js:175:38)
2026-10-04T20:37:46.9253950Z           at Provider (~/work/scratch-editor/scratch-editor/packages/scratch-gui/node_modules/@radix-ui/react-context/src/create-context.tsx:126:15)
2026-10-04T20:37:46.9256423Z           at Provider (~/work/scratch-editor/scratch-editor/packages/scratch-gui/node_modules/@radix-ui/react-context/src/create-context.tsx:126:15)
2026-10-04T20:37:46.9258626Z           at Provider (~/work/scratch-editor/scratch-editor/packages/scratch-gui/node_modules/@radix-ui/react-context/src/create-context.tsx:126:15)
2026-10-04T20:37:46.9260774Z           at Popper (~/work/scratch-editor/scratch-editor/packages/scratch-gui/node_modules/@radix-ui/react-popper/src/popper.tsx:52:11)
2026-10-04T20:37:46.9263007Z           at Menu (~/work/scratch-editor/scratch-editor/packages/scratch-gui/node_modules/@radix-ui/react-menu/src/menu.tsx:88:11)
2026-10-04T20:37:46.9265073Z           at Provider (~/work/scratch-editor/scratch-editor/packages/scratch-gui/node_modules/@radix-ui/react-context/src/create-context.tsx:126:15)
2026-10-04T20:37:46.9267307Z           at ContextMenu (~/work/scratch-editor/scratch-editor/packages/scratch-gui/node_modules/@radix-ui/react-context-menu/src/context-menu.tsx:45:11)
2026-10-04T20:37:46.9269611Z           at label (~/work/scratch-editor/scratch-editor/packages/scratch-gui/src/components/monitor/monitor.jsx:48:44)
2026-10-04T20:37:46.9271235Z           at Monitor (~/work/scratch-editor/scratch-editor/packages/scratch-gui/src/containers/monitor.jsx:41:9)
2026-10-04T20:37:46.9273348Z           at ConnectFunction (~/work/scratch-editor/scratch-editor/node_modules/react-redux/lib/components/connect.js:246:74)
2026-10-04T20:37:46.9274560Z           at injectIntl(Connect(Monitor))
2026-10-04T20:37:46.9275078Z           at div
2026-10-04T20:37:46.9276184Z           at alignContent (~/work/scratch-editor/scratch-editor/packages/scratch-gui/src/components/box/box.jsx:33:9)
2026-10-04T20:37:46.9277259Z           at div
2026-10-04T20:37:46.9278288Z           at alignContent (~/work/scratch-editor/scratch-editor/packages/scratch-gui/src/components/box/box.jsx:33:9)
2026-10-04T20:37:46.9280148Z           at stageSize (~/work/scratch-editor/scratch-editor/packages/scratch-gui/src/components/monitor-list/monitor-list.jsx:16:26)
2026-10-04T20:37:46.9282272Z           at Provider (~/work/scratch-editor/scratch-editor/node_modules/react-redux/lib/components/Provider.js:19:3)
2026-10-04T20:37:46.9284050Z           at IntlProvider (~/work/scratch-editor/scratch-editor/node_modules/react-intl/src/components/provider.js:33:47)
2026-10-04T20:37:46.9284945Z 
2026-10-04T20:37:46.9285611Z       36 |         } = this.props;
2026-10-04T20:37:46.9286475Z       37 |         return (
2026-10-04T20:37:46.9287335Z     > 38 |             <SliderMonitorComponent
2026-10-04T20:37:46.9288278Z          |             ^
2026-10-04T20:37:46.9289089Z       39 |                 {...props}
2026-10-04T20:37:46.9290180Z       40 |                 value={this.state.value}
2026-10-04T20:37:46.9291812Z       41 |                 onSliderUpdate={this.handleSliderUpdate}
2026-10-04T20:37:46.9292506Z 
2026-10-04T20:37:46.9293340Z       at printWarning (../../node_modules/react/cjs/react.development.js:209:30)
2026-10-04T20:37:46.9294359Z       at error (../../node_modules/react/cjs/react.development.js:183:7)
2026-10-04T20:37:46.9295376Z       at checkPropTypes (../../node_modules/react/cjs/react.development.js:2074:11)
2026-10-04T20:37:46.9296490Z       at validatePropTypes (../../node_modules/react/cjs/react.development.js:2275:7)
2026-10-04T20:37:46.9297973Z       at Object.createElementWithValidation [as createElement] (../../node_modules/react/cjs/react.development.js:2379:5)
2026-10-04T20:37:46.9299562Z       at SliderMonitor.createElement [as render] (src/containers/slider-monitor.jsx:38:13)
2026-10-04T20:37:46.9300903Z       at finishClassComponent (../../node_modules/react-dom/cjs/react-dom.development.js:19781:31)
2026-10-04T20:37:46.9302555Z       at updateClassComponent (../../node_modules/react-dom/cjs/react-dom.development.js:19727:24)
2026-10-04T20:37:46.9303857Z       at beginWork (../../node_modules/react-dom/cjs/react-dom.development.js:21650:16)
2026-10-04T20:37:46.9305084Z       at beginWork$1 (../../node_modules/react-dom/cjs/react-dom.development.js:27465:14)
2026-10-04T20:37:46.9306290Z       at performUnitOfWork (../../node_modules/react-dom/cjs/react-dom.development.js:26599:12)
2026-10-04T20:37:46.9307524Z       at workLoopSync (../../node_modules/react-dom/cjs/react-dom.development.js:26505:5)
2026-10-04T20:37:46.9308815Z       at renderRootSync (../../node_modules/react-dom/cjs/react-dom.development.js:26473:7)
2026-10-04T20:37:46.9310204Z       at performConcurrentWorkOnRoot (../../node_modules/react-dom/cjs/react-dom.development.js:25777:74)
2026-10-04T20:37:46.9312081Z       at flushActQueue (../../node_modules/react/cjs/react.development.js:2667:24)
2026-10-04T20:37:46.9313089Z       at act (../../node_modules/react/cjs/react.development.js:2582:11)
2026-10-04T20:37:46.9314323Z       at ../../node_modules/@testing-library/react/dist/act-compat.js:47:25
2026-10-04T20:37:46.9315443Z       at renderRoot (../../node_modules/@testing-library/react/dist/pure.js:180:26)
2026-10-04T20:37:46.9316513Z       at render (../../node_modules/@testing-library/react/dist/pure.js:271:10)
2026-10-04T20:37:46.9319214Z       at renderWithIntl (test/helpers/intl-helpers.jsx:6:14)
2026-10-04T20:37:46.9320184Z       at Object.<anonymous> (test/unit/components/monitor-list.test.jsx:63:43)
2026-10-04T20:37:46.9320796Z 
2026-10-04T20:37:46.9320990Z     console.error
2026-10-04T20:37:46.9322678Z       Warning: SliderMonitor: Support for defaultProps will be removed from function components in a future major release. Use JavaScript default parameters instead.
2026-10-04T20:37:46.9324905Z           at categoryColor (~/work/scratch-editor/scratch-editor/packages/scratch-gui/src/components/monitor/slider-monitor.jsx:7:25)
2026-10-04T20:37:46.9327484Z           at SliderMonitor (~/work/scratch-editor/scratch-editor/packages/scratch-gui/src/containers/slider-monitor.jsx:12:9)
2026-10-04T20:37:46.9329681Z           at ConnectFunction (~/work/scratch-editor/scratch-editor/node_modules/react-redux/lib/components/connect.js:246:74)
2026-10-04T20:37:46.9330862Z           at span
2026-10-04T20:37:46.9332357Z           at ~/work/scratch-editor/scratch-editor/packages/scratch-gui/node_modules/@radix-ui/react-primitive/src/primitive.tsx:47:13
2026-10-04T20:37:46.9334840Z           at ContextMenuTrigger (~/work/scratch-editor/scratch-editor/packages/scratch-gui/node_modules/@radix-ui/react-context-menu/src/context-menu.tsx:112:13)
2026-10-04T20:37:46.9336248Z           at div
2026-10-04T20:37:46.9337446Z           at alignContent (~/work/scratch-editor/scratch-editor/packages/scratch-gui/src/components/box/box.jsx:33:9)
2026-10-04T20:37:46.9339360Z           at DraggableCore (~/work/scratch-editor/scratch-editor/node_modules/react-draggable/dist/react-draggable.js:1504:6)
2026-10-04T20:37:46.9341809Z           at Draggable (~/work/scratch-editor/scratch-editor/node_modules/react-draggable/lib/Draggable.js:175:38)
2026-10-04T20:37:46.9343904Z           at Provider (~/work/scratch-editor/scratch-editor/packages/scratch-gui/node_modules/@radix-ui/react-context/src/create-context.tsx:126:15)
2026-10-04T20:37:46.9348305Z           at Provider (~/work/scratch-editor/scratch-editor/packages/scratch-gui/node_modules/@radix-ui/react-context/src/create-context.tsx:126:15)
2026-10-04T20:37:46.9350657Z           at Provider (~/work/scratch-editor/scratch-editor/packages/scratch-gui/node_modules/@radix-ui/react-context/src/create-context.tsx:126:15)
2026-10-04T20:37:46.9354456Z           at Popper (~/work/scratch-editor/scratch-editor/packages/scratch-gui/node_modules/@radix-ui/react-popper/src/popper.tsx:52:11)
2026-10-04T20:37:46.9356575Z           at Menu (~/work/scratch-editor/scratch-editor/packages/scratch-gui/node_modules/@radix-ui/react-menu/src/menu.tsx:88:11)
2026-10-04T20:37:46.9358720Z           at Provider (~/work/scratch-editor/scratch-editor/packages/scratch-gui/node_modules/@radix-ui/react-context/src/create-context.tsx:126:15)
2026-10-04T20:37:46.9360953Z           at ContextMenu (~/work/scratch-editor/scratch-editor/packages/scratch-gui/node_modules/@radix-ui/react-context-menu/src/context-menu.tsx:45:11)
2026-10-04T20:37:46.9363185Z           at label (~/work/scratch-editor/scratch-editor/packages/scratch-gui/src/components/monitor/monitor.jsx:48:44)
2026-10-04T20:37:46.9364827Z           at Monitor (~/work/scratch-editor/scratch-editor/packages/scratch-gui/src/containers/monitor.jsx:41:9)
2026-10-04T20:37:46.9366892Z           at ConnectFunction (~/work/scratch-editor/scratch-editor/node_modules/react-redux/lib/components/connect.js:246:74)
2026-10-04T20:37:46.9368069Z           at injectIntl(Connect(Monitor))
2026-10-04T20:37:46.9368592Z           at div
2026-10-04T20:37:46.9369692Z           at alignContent (~/work/scratch-editor/scratch-editor/packages/scratch-gui/src/components/box/box.jsx:33:9)
2026-10-04T20:37:46.9370759Z           at div
2026-10-04T20:37:46.9372095Z           at alignContent (~/work/scratch-editor/scratch-editor/packages/scratch-gui/src/components/box/box.jsx:33:9)
2026-10-04T20:37:46.9374041Z           at stageSize (~/work/scratch-editor/scratch-editor/packages/scratch-gui/src/components/monitor-list/monitor-list.jsx:16:26)
2026-10-04T20:37:46.9377363Z           at Provider (~/work/scratch-editor/scratch-editor/node_modules/react-redux/lib/components/Provider.js:19:3)
2026-10-04T20:37:46.9412586Z           at IntlProvider (~/work/scratch-editor/scratch-editor/node_modules/react-intl/src/components/provider.js:33:47)
2026-10-04T20:37:46.9413626Z 
2026-10-04T20:37:46.9414079Z       4 |
2026-10-04T20:37:46.9415701Z       5 | const renderWithIntl = (ui, {locale = 'en', messages = {}} = {}) => ({
2026-10-04T20:37:46.9417250Z     > 6 |     ...render(
2026-10-04T20:37:46.9417999Z         |              ^
2026-10-04T20:37:46.9418481Z       7 |         <IntlProvider
2026-10-04T20:37:46.9418929Z       8 |             locale={locale}
2026-10-04T20:37:46.9419373Z       9 |             messages={messages}
2026-10-04T20:37:46.9419617Z 
2026-10-04T20:37:46.9419918Z       at printWarning (../../node_modules/react-dom/cjs/react-dom.development.js:86:30)
2026-10-04T20:37:46.9420514Z       at error (../../node_modules/react-dom/cjs/react-dom.development.js:60:7)
2026-10-04T20:37:46.9421229Z       at validateFunctionComponentInDev (../../node_modules/react-dom/cjs/react-dom.development.js:20230:9)
2026-10-04T20:37:46.9422824Z       at mountIndeterminateComponent (../../node_modules/react-dom/cjs/react-dom.development.js:20189:7)
2026-10-04T20:37:46.9424483Z       at beginWork (../../node_modules/react-dom/cjs/react-dom.development.js:21626:16)
2026-10-04T20:37:46.9425711Z       at beginWork$1 (../../node_modules/react-dom/cjs/react-dom.development.js:27465:14)
2026-10-04T20:37:46.9426969Z       at performUnitOfWork (../../node_modules/react-dom/cjs/react-dom.development.js:26599:12)
2026-10-04T20:37:46.9428165Z       at workLoopSync (../../node_modules/react-dom/cjs/react-dom.development.js:26505:5)
2026-10-04T20:37:46.9429333Z       at renderRootSync (../../node_modules/react-dom/cjs/react-dom.development.js:26473:7)
2026-10-04T20:37:46.9430692Z       at performConcurrentWorkOnRoot (../../node_modules/react-dom/cjs/react-dom.development.js:25777:74)
2026-10-04T20:37:46.9433566Z       at flushActQueue (../../node_modules/react/cjs/react.development.js:2667:24)
2026-10-04T20:37:46.9434587Z       at act (../../node_modules/react/cjs/react.development.js:2582:11)
2026-10-04T20:37:46.9435545Z       at ../../node_modules/@testing-library/react/dist/act-compat.js:47:25
2026-10-04T20:37:46.9436588Z       at renderRoot (../../node_modules/@testing-library/react/dist/pure.js:180:26)
2026-10-04T20:37:46.9437651Z       at render (../../node_modules/@testing-library/react/dist/pure.js:271:10)
2026-10-04T20:37:46.9438569Z       at renderWithIntl (test/helpers/intl-helpers.jsx:6:14)
2026-10-04T20:37:46.9439535Z       at Object.<anonymous> (test/unit/components/monitor-list.test.jsx:63:43)
2026-10-04T20:37:46.9440133Z 
2026-10-04T20:37:46.9440312Z     console.warn
2026-10-04T20:37:46.9441950Z       Warning: componentWillReceiveProps has been renamed, and is not recommended for use. See https://reactjs.org/link/unsafe-component-lifecycles for details.
2026-10-04T20:37:46.9443555Z       
2026-10-04T20:37:46.9444155Z       * Move data fetching code or side effects to componentDidUpdate.
2026-10-04T20:37:46.9446108Z       * If you're updating state whenever props change, refactor your code to use memoization techniques or move it to static getDerivedStateFromProps. Learn more at: https://reactjs.org/link/derived-state
2026-10-04T20:37:46.9449769Z       * Rename componentWillReceiveProps to UNSAFE_componentWillReceiveProps to suppress this warning in non-strict mode. In React 18.x, only the UNSAFE_ name will work. To rename all deprecated lifecycles to their new names, you can run `npx react-codemod rename-unsafe-lifecycles` in your project source folder.
2026-10-04T20:37:46.9452265Z       
2026-10-04T20:37:46.9452886Z       Please update the following components: Draggable, SliderMonitor
2026-10-04T20:37:46.9453426Z 
2026-10-04T20:37:46.9453718Z       4 |
2026-10-04T20:37:46.9455217Z       5 | const renderWithIntl = (ui, {locale = 'en', messages = {}} = {}) => ({
2026-10-04T20:37:46.9456670Z     > 6 |     ...render(
2026-10-04T20:37:46.9457455Z         |              ^
2026-10-04T20:37:46.9458250Z       7 |         <IntlProvider
2026-10-04T20:37:46.9459021Z       8 |             locale={locale}
2026-10-04T20:37:46.9459808Z       9 |             messages={messages}
2026-10-04T20:37:46.9460222Z 
2026-10-04T20:37:46.9460733Z       at printWarning (../../node_modules/react-dom/cjs/react-dom.development.js:86:30)
2026-10-04T20:37:46.9461998Z       at warn (../../node_modules/react-dom/cjs/react-dom.development.js:49:7)
2026-10-04T20:37:46.9463641Z       at Object.<anonymous>.ReactStrictModeWarnings.flushPendingUnsafeLifecycleWarnings (../../node_modules/react-dom/cjs/react-dom.development.js:12912:7)
2026-10-04T20:37:46.9467538Z       at flushRenderPhaseStrictModeWarningsInDEV (../../node_modules/react-dom/cjs/react-dom.development.js:27349:31)
2026-10-04T20:37:46.9468861Z       at commitRootImpl (../../node_modules/react-dom/cjs/react-dom.development.js:26741:3)
2026-10-04T20:37:46.9470254Z       at commitRoot (../../node_modules/react-dom/cjs/react-dom.development.js:26721:5)
2026-10-04T20:37:46.9471749Z       at finishConcurrentRender (../../node_modules/react-dom/cjs/react-dom.development.js:26020:9)
2026-10-04T20:37:46.9473097Z       at performConcurrentWorkOnRoot (../../node_modules/react-dom/cjs/react-dom.development.js:25848:7)
2026-10-04T20:37:46.9474225Z       at flushActQueue (../../node_modules/react/cjs/react.development.js:2667:24)
2026-10-04T20:37:46.9475130Z       at act (../../node_modules/react/cjs/react.development.js:2582:11)
2026-10-04T20:37:46.9476007Z       at ../../node_modules/@testing-library/react/dist/act-compat.js:47:25
2026-10-04T20:37:46.9476973Z       at renderRoot (../../node_modules/@testing-library/react/dist/pure.js:180:26)
2026-10-04T20:37:46.9477992Z       at render (../../node_modules/@testing-library/react/dist/pure.js:271:10)
2026-10-04T20:37:46.9482869Z       at renderWithIntl (test/helpers/intl-helpers.jsx:6:14)
2026-10-04T20:37:46.9483862Z       at Object.<anonymous> (test/unit/components/monitor-list.test.jsx:63:43)
2026-10-04T20:37:46.9484445Z 
2026-10-04T20:37:46.9484614Z     console.error
2026-10-04T20:37:46.9486496Z       Warning: findDOMNode is deprecated and will be removed in the next major release. Instead, add a ref directly to the element you want to reference. Learn more about using refs safely here: https://reactjs.org/link/strict-mode-find-node
2026-10-04T20:37:46.9488917Z           at Draggable (~/work/scratch-editor/scratch-editor/node_modules/react-draggable/lib/Draggable.js:175:38)
2026-10-04T20:37:46.9490912Z           at Provider (~/work/scratch-editor/scratch-editor/packages/scratch-gui/node_modules/@radix-ui/react-context/src/create-context.tsx:126:15)
2026-10-04T20:37:46.9493704Z           at Provider (~/work/scratch-editor/scratch-editor/packages/scratch-gui/node_modules/@radix-ui/react-context/src/create-context.tsx:126:15)
2026-10-04T20:37:46.9495946Z           at Provider (~/work/scratch-editor/scratch-editor/packages/scratch-gui/node_modules/@radix-ui/react-context/src/create-context.tsx:126:15)
2026-10-04T20:37:46.9498049Z           at Popper (~/work/scratch-editor/scratch-editor/packages/scratch-gui/node_modules/@radix-ui/react-popper/src/popper.tsx:52:11)
2026-10-04T20:37:46.9500131Z           at Menu (~/work/scratch-editor/scratch-editor/packages/scratch-gui/node_modules/@radix-ui/react-menu/src/menu.tsx:88:11)
2026-10-04T20:37:46.9502403Z           at Provider (~/work/scratch-editor/scratch-editor/packages/scratch-gui/node_modules/@radix-ui/react-context/src/create-context.tsx:126:15)
2026-10-04T20:37:46.9504564Z           at ContextMenu (~/work/scratch-editor/scratch-editor/packages/scratch-gui/node_modules/@radix-ui/react-context-menu/src/context-menu.tsx:45:11)
2026-10-04T20:37:46.9506556Z           at label (~/work/scratch-editor/scratch-editor/packages/scratch-gui/src/components/monitor/monitor.jsx:48:44)
2026-10-04T20:37:46.9508199Z           at Monitor (~/work/scratch-editor/scratch-editor/packages/scratch-gui/src/containers/monitor.jsx:41:9)
2026-10-04T20:37:46.9509883Z           at ConnectFunction (~/work/scratch-editor/scratch-editor/node_modules/react-redux/lib/components/connect.js:246:74)
2026-10-04T20:37:46.9511036Z           at injectIntl(Connect(Monitor))
2026-10-04T20:37:46.9511787Z           at div
2026-10-04T20:37:46.9512847Z           at alignContent (~/work/scratch-editor/scratch-editor/packages/scratch-gui/src/components/box/box.jsx:33:9)
2026-10-04T20:37:46.9513856Z           at div
2026-10-04T20:37:46.9514895Z           at alignContent (~/work/scratch-editor/scratch-editor/packages/scratch-gui/src/components/box/box.jsx:33:9)
2026-10-04T20:37:46.9516738Z           at stageSize (~/work/scratch-editor/scratch-editor/packages/scratch-gui/src/components/monitor-list/monitor-list.jsx:16:26)
2026-10-04T20:37:46.9518883Z           at Provider (~/work/scratch-editor/scratch-editor/node_modules/react-redux/lib/components/Provider.js:19:3)
2026-10-04T20:37:46.9520751Z           at IntlProvider (~/work/scratch-editor/scratch-editor/node_modules/react-intl/src/components/provider.js:33:47)
2026-10-04T20:37:46.9521992Z 
2026-10-04T20:37:46.9522360Z       4 |
2026-10-04T20:37:46.9525160Z       5 | const renderWithIntl = (ui, {locale = 'en', messages = {}} = {}) => ({
2026-10-04T20:37:46.9526695Z     > 6 |     ...render(
2026-10-04T20:37:46.9527459Z         |              ^
2026-10-04T20:37:46.9528284Z       7 |         <IntlProvider
2026-10-04T20:37:46.9529124Z       8 |             locale={locale}
2026-10-04T20:37:46.9529932Z       9 |             messages={messages}
2026-10-04T20:37:46.9530381Z 
2026-10-04T20:37:46.9530941Z       at printWarning (../../node_modules/react-dom/cjs/react-dom.development.js:86:30)
2026-10-04T20:37:46.9532331Z       at error (../../node_modules/react-dom/cjs/react-dom.development.js:60:7)
2026-10-04T20:37:46.9533491Z       at Object.findDOMNode (../../node_modules/react-dom/cjs/react-dom.development.js:29666:7)
2026-10-04T20:37:46.9534861Z       at Draggable.findDOMNode [as componentDidMount] (../../node_modules/react-draggable/lib/Draggable.js:206:61)
2026-10-04T20:37:46.9536363Z       at commitLayoutEffectOnFiber (../../node_modules/react-dom/cjs/react-dom.development.js:23349:28)
2026-10-04T20:37:46.9537875Z       at commitLayoutMountEffects_complete (../../node_modules/react-dom/cjs/react-dom.development.js:24727:9)
2026-10-04T20:37:46.9539588Z       at commitLayoutEffects_begin (../../node_modules/react-dom/cjs/react-dom.development.js:24713:7)
2026-10-04T20:37:46.9540922Z       at commitLayoutEffects (../../node_modules/react-dom/cjs/react-dom.development.js:24651:3)
2026-10-04T20:37:46.9542382Z       at commitRootImpl (../../node_modules/react-dom/cjs/react-dom.development.js:26862:5)
2026-10-04T20:37:46.9543550Z       at commitRoot (../../node_modules/react-dom/cjs/react-dom.development.js:26721:5)
2026-10-04T20:37:46.9544784Z       at finishConcurrentRender (../../node_modules/react-dom/cjs/react-dom.development.js:26020:9)
2026-10-04T20:37:46.9546178Z       at performConcurrentWorkOnRoot (../../node_modules/react-dom/cjs/react-dom.development.js:25848:7)
2026-10-04T20:37:46.9547425Z       at flushActQueue (../../node_modules/react/cjs/react.development.js:2667:24)
2026-10-04T20:37:46.9548405Z       at act (../../node_modules/react/cjs/react.development.js:2582:11)
2026-10-04T20:37:46.9549332Z       at ../../node_modules/@testing-library/react/dist/act-compat.js:47:25
2026-10-04T20:37:46.9550349Z       at renderRoot (../../node_modules/@testing-library/react/dist/pure.js:180:26)
2026-10-04T20:37:46.9551333Z       at render (../../node_modules/@testing-library/react/dist/pure.js:271:10)
2026-10-04T20:37:46.9552485Z       at renderWithIntl (test/helpers/intl-helpers.jsx:6:14)
2026-10-04T20:37:46.9553415Z       at Object.<anonymous> (test/unit/components/monitor-list.test.jsx:63:43)
2026-10-04T20:37:46.9554000Z 
2026-10-04T20:37:46.9554415Z PASS test/unit/lib/configure-workspace-zoom.test.js
2026-10-04T20:37:47.0174756Z PASS test/unit/containers/sprite-selector-item.test.jsx
2026-10-04T20:37:47.0222563Z   ● Console
2026-10-04T20:37:47.0223160Z 
2026-10-04T20:37:47.0223626Z     console.error
2026-10-04T20:37:47.0225164Z       Warning: DeleteButton: Support for defaultProps will be removed from function components in a future major release. Use JavaScript default parameters instead.
2026-10-04T20:37:47.0227531Z           at className (~/work/scratch-editor/scratch-editor/packages/scratch-gui/src/components/delete-button/delete-button.jsx:13:19)
2026-10-04T20:37:47.0228931Z           at div
2026-10-04T20:37:47.0230680Z           at ~/work/scratch-editor/scratch-editor/packages/scratch-gui/node_modules/@radix-ui/react-slot/src/slot.tsx:25:11
2026-10-04T20:37:47.0233148Z           at ~/work/scratch-editor/scratch-editor/packages/scratch-gui/node_modules/@radix-ui/react-primitive/src/primitive.tsx:47:13
2026-10-04T20:37:47.0235588Z           at ContextMenuTrigger (~/work/scratch-editor/scratch-editor/packages/scratch-gui/node_modules/@radix-ui/react-context-menu/src/context-menu.tsx:112:13)
2026-10-04T20:37:47.0238044Z           at Provider (~/work/scratch-editor/scratch-editor/packages/scratch-gui/node_modules/@radix-ui/react-context/src/create-context.tsx:126:15)
2026-10-04T20:37:47.0240381Z           at Provider (~/work/scratch-editor/scratch-editor/packages/scratch-gui/node_modules/@radix-ui/react-context/src/create-context.tsx:126:15)
2026-10-04T20:37:47.0243234Z           at Provider (~/work/scratch-editor/scratch-editor/packages/scratch-gui/node_modules/@radix-ui/react-context/src/create-context.tsx:126:15)
2026-10-04T20:37:47.0245639Z           at Popper (~/work/scratch-editor/scratch-editor/packages/scratch-gui/node_modules/@radix-ui/react-popper/src/popper.tsx:52:11)
2026-10-04T20:37:47.0247795Z           at Menu (~/work/scratch-editor/scratch-editor/packages/scratch-gui/node_modules/@radix-ui/react-menu/src/menu.tsx:88:11)
2026-10-04T20:37:47.0250088Z           at Provider (~/work/scratch-editor/scratch-editor/packages/scratch-gui/node_modules/@radix-ui/react-context/src/create-context.tsx:126:15)
2026-10-04T20:37:47.0252788Z           at ContextMenu (~/work/scratch-editor/scratch-editor/packages/scratch-gui/node_modules/@radix-ui/react-context-menu/src/context-menu.tsx:45:11)
2026-10-04T20:37:47.0255786Z           at SpriteSelectorItem (~/work/scratch-editor/scratch-editor/packages/scratch-gui/src/components/sprite-selector-item/sprite-selector-item.jsx:13:14)
2026-10-04T20:37:47.0258319Z           at SpriteSelectorItem (~/work/scratch-editor/scratch-editor/packages/scratch-gui/src/containers/sprite-selector-item.jsx:20:9)
2026-10-04T20:37:47.0260463Z           at ConnectFunction (~/work/scratch-editor/scratch-editor/node_modules/react-redux/lib/components/connect.js:246:74)
2026-10-04T20:37:47.0262750Z           at Provider (~/work/scratch-editor/scratch-editor/node_modules/react-redux/lib/components/Provider.js:19:3)
2026-10-04T20:37:47.0264712Z           at IntlProvider (~/work/scratch-editor/scratch-editor/node_modules/react-intl/src/components/provider.js:33:47)
2026-10-04T20:37:47.0265841Z 
2026-10-04T20:37:47.0266438Z       4 |
2026-10-04T20:37:47.0268175Z       5 | const renderWithIntl = (ui, {locale = 'en', messages = {}} = {}) => ({
2026-10-04T20:37:47.0269882Z     > 6 |     ...render(
2026-10-04T20:37:47.0270892Z         |              ^
2026-10-04T20:37:47.0272135Z       7 |         <IntlProvider
2026-10-04T20:37:47.0273166Z       8 |             locale={locale}
2026-10-04T20:37:47.0274201Z       9 |             messages={messages}
2026-10-04T20:37:47.0274835Z 
2026-10-04T20:37:47.0275550Z       at printWarning (../../node_modules/react-dom/cjs/react-dom.development.js:86:30)
2026-10-04T20:37:47.0276849Z       at error (../../node_modules/react-dom/cjs/react-dom.development.js:60:7)
2026-10-04T20:37:47.0278317Z       at validateFunctionComponentInDev (../../node_modules/react-dom/cjs/react-dom.development.js:20230:9)
2026-10-04T20:37:47.0280007Z       at mountIndeterminateComponent (../../node_modules/react-dom/cjs/react-dom.development.js:20189:7)
2026-10-04T20:37:47.0281701Z       at beginWork (../../node_modules/react-dom/cjs/react-dom.development.js:21626:16)
2026-10-04T20:37:47.0283061Z       at beginWork$1 (../../node_modules/react-dom/cjs/react-dom.development.js:27465:14)
2026-10-04T20:37:47.0284764Z       at performUnitOfWork (../../node_modules/react-dom/cjs/react-dom.development.js:26599:12)
2026-10-04T20:37:47.0286230Z       at workLoopSync (../../node_modules/react-dom/cjs/react-dom.development.js:26505:5)
2026-10-04T20:37:47.0287616Z       at renderRootSync (../../node_modules/react-dom/cjs/react-dom.development.js:26473:7)
2026-10-04T20:37:47.0289112Z       at performConcurrentWorkOnRoot (../../node_modules/react-dom/cjs/react-dom.development.js:25777:74)
2026-10-04T20:37:47.0290614Z       at flushActQueue (../../node_modules/react/cjs/react.development.js:2667:24)
2026-10-04T20:37:47.0292049Z       at act (../../node_modules/react/cjs/react.development.js:2582:11)
2026-10-04T20:37:47.0293214Z       at ../../node_modules/@testing-library/react/dist/act-compat.js:47:25
2026-10-04T20:37:47.0294427Z       at renderRoot (../../node_modules/@testing-library/react/dist/pure.js:180:26)
2026-10-04T20:37:47.0295653Z       at render (../../node_modules/@testing-library/react/dist/pure.js:271:10)
2026-10-04T20:37:47.0296758Z       at renderWithIntl (test/helpers/intl-helpers.jsx:6:14)
2026-10-04T20:37:47.0298045Z       at Object.<anonymous> (test/unit/containers/sprite-selector-item.test.jsx:73:23)
2026-10-04T20:37:47.0298897Z 
2026-10-04T20:37:47.0299248Z     console.log
2026-10-04T20:37:47.0301135Z       2026-10-04 20:37:45.823	WARN		scratch-vm	Central dispatch replacing existing service provider for runtime
2026-10-04T20:37:47.0302715Z 
2026-10-04T20:37:47.0303755Z       at Object.c [as transportFormatted] (../scratch-vm/dist/web/webpack:/VirtualMachine/webpack/universalModuleDefinition:1:1)
2026-10-04T20:37:47.0305290Z 
2026-10-04T20:37:47.0305645Z     console.log
2026-10-04T20:37:47.0307542Z       2026-10-04 20:37:46.958	WARN		scratch-vm	Central dispatch replacing existing service provider for extensions
2026-10-04T20:37:47.0308871Z 
2026-10-04T20:37:47.0309878Z       at Object.c [as transportFormatted] (../scratch-vm/dist/web/webpack:/VirtualMachine/webpack/universalModuleDefinition:1:1)
2026-10-04T20:37:47.0311018Z 
2026-10-04T20:37:47.1142989Z PASS test/unit/util/throttled-property-hoc.test.jsx
2026-10-04T20:37:47.1522902Z   ● Console
2026-10-04T20:37:47.1562001Z 
2026-10-04T20:37:47.1652472Z     console.error
2026-10-04T20:37:47.1664036Z       Warning: You provided a `value` prop to a form field without an `onChange` handler. This will render a read-only field. If the field should be mutable use `defaultValue`. Otherwise, set either `onChange` or `readOnly`.
2026-10-04T20:37:47.1666362Z           at input
2026-10-04T20:37:47.1667903Z           at propToThrottle (~/work/scratch-editor/scratch-editor/packages/scratch-gui/test/unit/util/throttled-property-hoc.test.jsx:11:29)
2026-10-04T20:37:47.1670376Z           at ThrottledPropertyWrapper (~/work/scratch-editor/scratch-editor/packages/scratch-gui/src/lib/throttled-property-hoc.jsx:18:9)
2026-10-04T20:37:47.1672062Z 
2026-10-04T20:37:47.1673314Z       19 |         global.Date.now = () => 0;
2026-10-04T20:37:47.1674565Z       20 |
2026-10-04T20:37:47.1675627Z     > 21 |         component = render(
2026-10-04T20:37:47.1676840Z          |                           ^
2026-10-04T20:37:47.1683151Z       22 |             <WrappedComponent
2026-10-04T20:37:47.1684358Z       23 |                 doNotThrottle="oldvalue"
2026-10-04T20:37:47.1685731Z       24 |                 propToThrottle={0}
2026-10-04T20:37:47.1686424Z 
2026-10-04T20:37:47.1687148Z       at printWarning (../../node_modules/react-dom/cjs/react-dom.development.js:86:30)
2026-10-04T20:37:47.1688942Z       at error (../../node_modules/react-dom/cjs/react-dom.development.js:60:7)
2026-10-04T20:37:47.1690515Z       at checkControlledValueProps (../../node_modules/react-dom/cjs/react-dom.development.js:1592:7)
2026-10-04T20:37:47.1692333Z       at initWrapperState (../../node_modules/react-dom/cjs/react-dom.development.js:1775:5)
2026-10-04T20:37:47.1693905Z       at setInitialProperties (../../node_modules/react-dom/cjs/react-dom.development.js:9888:7)
2026-10-04T20:37:47.1695494Z       at finalizeInitialChildren (../../node_modules/react-dom/cjs/react-dom.development.js:10950:3)
2026-10-04T20:37:47.1696972Z       at completeWork (../../node_modules/react-dom/cjs/react-dom.development.js:22232:17)
2026-10-04T20:37:47.1698459Z       at completeUnitOfWork (../../node_modules/react-dom/cjs/react-dom.development.js:26632:16)
2026-10-04T20:37:47.1700080Z       at performUnitOfWork (../../node_modules/react-dom/cjs/react-dom.development.js:26607:5)
2026-10-04T20:37:47.1701811Z       at workLoopSync (../../node_modules/react-dom/cjs/react-dom.development.js:26505:5)
2026-10-04T20:37:47.1703305Z       at renderRootSync (../../node_modules/react-dom/cjs/react-dom.development.js:26473:7)
2026-10-04T20:37:47.1704870Z       at performConcurrentWorkOnRoot (../../node_modules/react-dom/cjs/react-dom.development.js:25777:74)
2026-10-04T20:37:47.1706402Z       at flushActQueue (../../node_modules/react/cjs/react.development.js:2667:24)
2026-10-04T20:37:47.1707508Z       at act (../../node_modules/react/cjs/react.development.js:2582:11)
2026-10-04T20:37:47.1708622Z       at ../../node_modules/@testing-library/react/dist/act-compat.js:47:25
2026-10-04T20:37:47.1709808Z       at renderRoot (../../node_modules/@testing-library/react/dist/pure.js:180:26)
2026-10-04T20:37:47.1711410Z       at render (../../node_modules/@testing-library/react/dist/pure.js:271:10)
2026-10-04T20:37:47.1712976Z       at Object.<anonymous> (test/unit/util/throttled-property-hoc.test.jsx:21:27)
2026-10-04T20:37:47.1713789Z 
2026-10-04T20:37:47.1714095Z     console.error
2026-10-04T20:37:47.1716033Z       Warning: You provided a `value` prop to a form field without an `onChange` handler. This will render a read-only field. If the field should be mutable use `defaultValue`. Otherwise, set either `onChange` or `readOnly`.
2026-10-04T20:37:47.1717869Z           at input
2026-10-04T20:37:47.1719362Z           at propToThrottle (~/work/scratch-editor/scratch-editor/packages/scratch-gui/test/unit/util/throttled-property-hoc.test.jsx:11:29)
2026-10-04T20:37:47.1722115Z           at ThrottledPropertyWrapper (~/work/scratch-editor/scratch-editor/packages/scratch-gui/src/lib/throttled-property-hoc.jsx:18:9)
2026-10-04T20:37:47.1723464Z 
2026-10-04T20:37:47.1724614Z       19 |         global.Date.now = () => 0;
2026-10-04T20:37:47.1725809Z       20 |
2026-10-04T20:37:47.1726850Z     > 21 |         component = render(
2026-10-04T20:37:47.1728094Z          |                           ^
2026-10-04T20:37:47.1729327Z       22 |             <WrappedComponent
2026-10-04T20:37:47.1730632Z       23 |                 doNotThrottle="oldvalue"
2026-10-04T20:37:47.1732341Z       24 |                 propToThrottle={0}
2026-10-04T20:37:47.1733127Z 
2026-10-04T20:37:47.1733883Z       at printWarning (../../node_modules/react-dom/cjs/react-dom.development.js:86:30)
2026-10-04T20:37:47.1735192Z       at error (../../node_modules/react-dom/cjs/react-dom.development.js:60:7)
2026-10-04T20:37:47.1736710Z       at checkControlledValueProps (../../node_modules/react-dom/cjs/react-dom.development.js:1592:7)
2026-10-04T20:37:47.1738352Z       at initWrapperState (../../node_modules/react-dom/cjs/react-dom.development.js:1775:5)
2026-10-04T20:37:47.1739900Z       at setInitialProperties (../../node_modules/react-dom/cjs/react-dom.development.js:9888:7)
2026-10-04T20:37:47.1742104Z       at finalizeInitialChildren (../../node_modules/react-dom/cjs/react-dom.development.js:10950:3)
2026-10-04T20:37:47.1743727Z       at completeWork (../../node_modules/react-dom/cjs/react-dom.development.js:22232:17)
2026-10-04T20:37:47.1745211Z       at completeUnitOfWork (../../node_modules/react-dom/cjs/react-dom.development.js:26632:16)
2026-10-04T20:37:47.1746745Z       at performUnitOfWork (../../node_modules/react-dom/cjs/react-dom.development.js:26607:5)
2026-10-04T20:37:47.1748179Z       at workLoopSync (../../node_modules/react-dom/cjs/react-dom.development.js:26505:5)
2026-10-04T20:37:47.1749614Z       at renderRootSync (../../node_modules/react-dom/cjs/react-dom.development.js:26473:7)
2026-10-04T20:37:47.1751176Z       at performConcurrentWorkOnRoot (../../node_modules/react-dom/cjs/react-dom.development.js:25777:74)
2026-10-04T20:37:47.1752969Z       at flushActQueue (../../node_modules/react/cjs/react.development.js:2667:24)
2026-10-04T20:37:47.1754213Z       at act (../../node_modules/react/cjs/react.development.js:2582:11)
2026-10-04T20:37:47.1755414Z       at ../../node_modules/@testing-library/react/dist/act-compat.js:47:25
2026-10-04T20:37:47.1756581Z       at renderRoot (../../node_modules/@testing-library/react/dist/pure.js:180:26)
2026-10-04T20:37:47.1757776Z       at render (../../node_modules/@testing-library/react/dist/pure.js:271:10)
2026-10-04T20:37:47.1758947Z       at Object.<anonymous> (test/unit/util/throttled-property-hoc.test.jsx:21:27)
2026-10-04T20:37:47.1759775Z 
2026-10-04T20:37:47.1760083Z     console.error
2026-10-04T20:37:47.1762315Z       Warning: You provided a `value` prop to a form field without an `onChange` handler. This will render a read-only field. If the field should be mutable use `defaultValue`. Otherwise, set either `onChange` or `readOnly`.
2026-10-04T20:37:47.1764628Z           at input
2026-10-04T20:37:47.1766224Z           at propToThrottle (~/work/scratch-editor/scratch-editor/packages/scratch-gui/test/unit/util/throttled-property-hoc.test.jsx:11:29)
2026-10-04T20:37:47.1768682Z           at ThrottledPropertyWrapper (~/work/scratch-editor/scratch-editor/packages/scratch-gui/src/lib/throttled-property-hoc.jsx:18:9)
2026-10-04T20:37:47.1769995Z 
2026-10-04T20:37:47.1771114Z       19 |         global.Date.now = () => 0;
2026-10-04T20:37:47.1772598Z       20 |
2026-10-04T20:37:47.1773659Z     > 21 |         component = render(
2026-10-04T20:37:47.1774858Z          |                           ^
2026-10-04T20:37:47.1776080Z       22 |             <WrappedComponent
2026-10-04T20:37:47.1777344Z       23 |                 doNotThrottle="oldvalue"
2026-10-04T20:37:47.1778673Z       24 |                 propToThrottle={0}
2026-10-04T20:37:47.1779355Z 
2026-10-04T20:37:47.1780093Z       at printWarning (../../node_modules/react-dom/cjs/react-dom.development.js:86:30)
2026-10-04T20:37:47.1781419Z       at error (../../node_modules/react-dom/cjs/react-dom.development.js:60:7)
2026-10-04T20:37:47.1783182Z       at checkControlledValueProps (../../node_modules/react-dom/cjs/react-dom.development.js:1592:7)
2026-10-04T20:37:47.1784703Z       at initWrapperState (../../node_modules/react-dom/cjs/react-dom.development.js:1775:5)
2026-10-04T20:37:47.1786267Z       at setInitialProperties (../../node_modules/react-dom/cjs/react-dom.development.js:9888:7)
2026-10-04T20:37:47.1787831Z       at finalizeInitialChildren (../../node_modules/react-dom/cjs/react-dom.development.js:10950:3)
2026-10-04T20:37:47.1789407Z       at completeWork (../../node_modules/react-dom/cjs/react-dom.development.js:22232:17)
2026-10-04T20:37:47.1790889Z       at completeUnitOfWork (../../node_modules/react-dom/cjs/react-dom.development.js:26632:16)
2026-10-04T20:37:47.1793026Z       at performUnitOfWork (../../node_modules/react-dom/cjs/react-dom.development.js:26607:5)
2026-10-04T20:37:47.1794533Z       at workLoopSync (../../node_modules/react-dom/cjs/react-dom.development.js:26505:5)
2026-10-04T20:37:47.1796041Z       at renderRootSync (../../node_modules/react-dom/cjs/react-dom.development.js:26473:7)
2026-10-04T20:37:47.1797606Z       at performConcurrentWorkOnRoot (../../node_modules/react-dom/cjs/react-dom.development.js:25777:74)
2026-10-04T20:37:47.1801356Z       at flushActQueue (../../node_modules/react/cjs/react.development.js:2667:24)
2026-10-04T20:37:47.1803079Z       at act (../../node_modules/react/cjs/react.development.js:2582:11)
2026-10-04T20:37:47.1804344Z       at ../../node_modules/@testing-library/react/dist/act-compat.js:47:25
2026-10-04T20:37:47.1805608Z       at renderRoot (../../node_modules/@testing-library/react/dist/pure.js:180:26)
2026-10-04T20:37:47.1806908Z       at render (../../node_modules/@testing-library/react/dist/pure.js:271:10)
2026-10-04T20:37:47.1808230Z       at Object.<anonymous> (test/unit/util/throttled-property-hoc.test.jsx:21:27)
2026-10-04T20:37:47.1809095Z 
2026-10-04T20:37:47.1809424Z     console.error
2026-10-04T20:37:47.1811744Z       Warning: You provided a `value` prop to a form field without an `onChange` handler. This will render a read-only field. If the field should be mutable use `defaultValue`. Otherwise, set either `onChange` or `readOnly`.
2026-10-04T20:37:47.1813670Z           at input
2026-10-04T20:37:47.1815237Z           at propToThrottle (~/work/scratch-editor/scratch-editor/packages/scratch-gui/test/unit/util/throttled-property-hoc.test.jsx:11:29)
2026-10-04T20:37:47.1817666Z           at ThrottledPropertyWrapper (~/work/scratch-editor/scratch-editor/packages/scratch-gui/src/lib/throttled-property-hoc.jsx:18:9)
2026-10-04T20:37:47.1819298Z 
2026-10-04T20:37:47.1820463Z       19 |         global.Date.now = () => 0;
2026-10-04T20:37:47.1821921Z       20 |
2026-10-04T20:37:47.1822980Z     > 21 |         component = render(
2026-10-04T20:37:47.1824109Z          |                           ^
2026-10-04T20:37:47.1825317Z       22 |             <WrappedComponent
2026-10-04T20:37:47.1826404Z       23 |                 doNotThrottle="oldvalue"
2026-10-04T20:37:47.1827586Z       24 |                 propToThrottle={0}
2026-10-04T20:37:47.1828274Z 
2026-10-04T20:37:47.1829023Z       at printWarning (../../node_modules/react-dom/cjs/react-dom.development.js:86:30)
2026-10-04T20:37:47.1830391Z       at error (../../node_modules/react-dom/cjs/react-dom.development.js:60:7)
2026-10-04T20:37:47.1832169Z       at checkControlledValueProps (../../node_modules/react-dom/cjs/react-dom.development.js:1592:7)
2026-10-04T20:37:47.1833750Z       at initWrapperState (../../node_modules/react-dom/cjs/react-dom.development.js:1775:5)
2026-10-04T20:37:47.1835300Z       at setInitialProperties (../../node_modules/react-dom/cjs/react-dom.development.js:9888:7)
2026-10-04T20:37:47.1836880Z       at finalizeInitialChildren (../../node_modules/react-dom/cjs/react-dom.development.js:10950:3)
2026-10-04T20:37:47.1838428Z       at completeWork (../../node_modules/react-dom/cjs/react-dom.development.js:22232:17)
2026-10-04T20:37:47.1839964Z       at completeUnitOfWork (../../node_modules/react-dom/cjs/react-dom.development.js:26632:16)
2026-10-04T20:37:47.1841860Z       at performUnitOfWork (../../node_modules/react-dom/cjs/react-dom.development.js:26607:5)
2026-10-04T20:37:47.1843381Z       at workLoopSync (../../node_modules/react-dom/cjs/react-dom.development.js:26505:5)
2026-10-04T20:37:47.1844885Z       at renderRootSync (../../node_modules/react-dom/cjs/react-dom.development.js:26473:7)
2026-10-04T20:37:47.1846488Z       at performConcurrentWorkOnRoot (../../node_modules/react-dom/cjs/react-dom.development.js:25777:74)
2026-10-04T20:37:47.1848992Z       at flushActQueue (../../node_modules/react/cjs/react.development.js:2667:24)
2026-10-04T20:37:47.1850510Z       at act (../../node_modules/react/cjs/react.development.js:2582:11)
2026-10-04T20:37:47.1852423Z       at ../../node_modules/@testing-library/react/dist/act-compat.js:47:25
2026-10-04T20:37:47.1854018Z       at renderRoot (../../node_modules/@testing-library/react/dist/pure.js:180:26)
2026-10-04T20:37:47.1855688Z       at render (../../node_modules/@testing-library/react/dist/pure.js:271:10)
2026-10-04T20:37:47.1882346Z       at Object.<anonymous> (test/unit/util/throttled-property-hoc.test.jsx:21:27)
2026-10-04T20:37:47.1883316Z 
2026-10-04T20:37:47.3649528Z PASS test/unit/components/controls.test.jsx
2026-10-04T20:37:47.3694820Z   ● Console
2026-10-04T20:37:47.3695396Z 
2026-10-04T20:37:47.3695896Z     console.error
2026-10-04T20:37:47.3697419Z       Warning: Controls: Support for defaultProps will be removed from function components in a future major release. Use JavaScript default parameters instead.
2026-10-04T20:37:47.3699454Z           at active (~/work/scratch-editor/scratch-editor/packages/scratch-gui/src/components/controls/controls.jsx:27:9)
2026-10-04T20:37:47.3701235Z           at IntlProvider (~/work/scratch-editor/scratch-editor/node_modules/react-intl/src/components/provider.js:33:47)
2026-10-04T20:37:47.3702517Z 
2026-10-04T20:37:47.3702967Z       4 |
2026-10-04T20:37:47.3704649Z       5 | const renderWithIntl = (ui, {locale = 'en', messages = {}} = {}) => ({
2026-10-04T20:37:47.3706600Z     > 6 |     ...render(
2026-10-04T20:37:47.3707468Z         |              ^
2026-10-04T20:37:47.3708321Z       7 |         <IntlProvider
2026-10-04T20:37:47.3709209Z       8 |             locale={locale}
2026-10-04T20:37:47.3710139Z       9 |             messages={messages}
2026-10-04T20:37:47.3710716Z 
2026-10-04T20:37:47.3711396Z       at printWarning (../../node_modules/react-dom/cjs/react-dom.development.js:86:30)
2026-10-04T20:37:47.3712850Z       at error (../../node_modules/react-dom/cjs/react-dom.development.js:60:7)
2026-10-04T20:37:47.3714208Z       at validateFunctionComponentInDev (../../node_modules/react-dom/cjs/react-dom.development.js:20230:9)
2026-10-04T20:37:47.3715738Z       at mountIndeterminateComponent (../../node_modules/react-dom/cjs/react-dom.development.js:20189:7)
2026-10-04T20:37:47.3717041Z       at beginWork (../../node_modules/react-dom/cjs/react-dom.development.js:21626:16)
2026-10-04T20:37:47.3718271Z       at beginWork$1 (../../node_modules/react-dom/cjs/react-dom.development.js:27465:14)
2026-10-04T20:37:47.3719562Z       at performUnitOfWork (../../node_modules/react-dom/cjs/react-dom.development.js:26599:12)
2026-10-04T20:37:47.3720838Z       at workLoopSync (../../node_modules/react-dom/cjs/react-dom.development.js:26505:5)
2026-10-04T20:37:47.3722345Z       at renderRootSync (../../node_modules/react-dom/cjs/react-dom.development.js:26473:7)
2026-10-04T20:37:47.3723763Z       at performConcurrentWorkOnRoot (../../node_modules/react-dom/cjs/react-dom.development.js:25777:74)
2026-10-04T20:37:47.3725094Z       at flushActQueue (../../node_modules/react/cjs/react.development.js:2667:24)
2026-10-04T20:37:47.3726110Z       at act (../../node_modules/react/cjs/react.development.js:2582:11)
2026-10-04T20:37:47.3727099Z       at ../../node_modules/@testing-library/react/dist/act-compat.js:47:25
2026-10-04T20:37:47.3728169Z       at renderRoot (../../node_modules/@testing-library/react/dist/pure.js:180:26)
2026-10-04T20:37:47.3729212Z       at render (../../node_modules/@testing-library/react/dist/pure.js:271:10)
2026-10-04T20:37:47.3730175Z       at renderWithIntl (test/helpers/intl-helpers.jsx:6:14)
2026-10-04T20:37:47.3731701Z       at Object.<anonymous> (test/unit/components/controls.test.jsx:16:59)
2026-10-04T20:37:47.3732450Z 
2026-10-04T20:37:47.3732781Z     console.error
2026-10-04T20:37:47.3734232Z       Warning: GreenFlagComponent: Support for defaultProps will be removed from function components in a future major release. Use JavaScript default parameters instead.
2026-10-04T20:37:47.3736288Z           at active (~/work/scratch-editor/scratch-editor/packages/scratch-gui/src/components/green-flag/green-flag.jsx:17:9)
2026-10-04T20:37:47.3737439Z           at div
2026-10-04T20:37:47.3738561Z           at active (~/work/scratch-editor/scratch-editor/packages/scratch-gui/src/components/controls/controls.jsx:27:9)
2026-10-04T20:37:47.3740417Z           at IntlProvider (~/work/scratch-editor/scratch-editor/node_modules/react-intl/src/components/provider.js:33:47)
2026-10-04T20:37:47.3741660Z 
2026-10-04T20:37:47.3742109Z       4 |
2026-10-04T20:37:47.3743691Z       5 | const renderWithIntl = (ui, {locale = 'en', messages = {}} = {}) => ({
2026-10-04T20:37:47.3745233Z     > 6 |     ...render(
2026-10-04T20:37:47.3746129Z         |              ^
2026-10-04T20:37:47.3747053Z       7 |         <IntlProvider
2026-10-04T20:37:47.3748003Z       8 |             locale={locale}
2026-10-04T20:37:47.3748968Z       9 |             messages={messages}
2026-10-04T20:37:47.3749571Z 
2026-10-04T20:37:47.3750227Z       at printWarning (../../node_modules/react-dom/cjs/react-dom.development.js:86:30)
2026-10-04T20:37:47.3752006Z       at error (../../node_modules/react-dom/cjs/react-dom.development.js:60:7)
2026-10-04T20:37:47.3753390Z       at validateFunctionComponentInDev (../../node_modules/react-dom/cjs/react-dom.development.js:20230:9)
2026-10-04T20:37:47.3755011Z       at mountIndeterminateComponent (../../node_modules/react-dom/cjs/react-dom.development.js:20189:7)
2026-10-04T20:37:47.3756391Z       at beginWork (../../node_modules/react-dom/cjs/react-dom.development.js:21626:16)
2026-10-04T20:37:47.3757714Z       at beginWork$1 (../../node_modules/react-dom/cjs/react-dom.development.js:27465:14)
2026-10-04T20:37:47.3759013Z       at performUnitOfWork (../../node_modules/react-dom/cjs/react-dom.development.js:26599:12)
2026-10-04T20:37:47.3760353Z       at workLoopSync (../../node_modules/react-dom/cjs/react-dom.development.js:26505:5)
2026-10-04T20:37:47.3761806Z       at renderRootSync (../../node_modules/react-dom/cjs/react-dom.development.js:26473:7)
2026-10-04T20:37:47.3763178Z       at performConcurrentWorkOnRoot (../../node_modules/react-dom/cjs/react-dom.development.js:25777:74)
2026-10-04T20:37:47.3764479Z       at flushActQueue (../../node_modules/react/cjs/react.development.js:2667:24)
2026-10-04T20:37:47.3765570Z       at act (../../node_modules/react/cjs/react.development.js:2582:11)
2026-10-04T20:37:47.3766607Z       at ../../node_modules/@testing-library/react/dist/act-compat.js:47:25
2026-10-04T20:37:47.3767698Z       at renderRoot (../../node_modules/@testing-library/react/dist/pure.js:180:26)
2026-10-04T20:37:47.3768790Z       at render (../../node_modules/@testing-library/react/dist/pure.js:271:10)
2026-10-04T20:37:47.3769803Z       at renderWithIntl (test/helpers/intl-helpers.jsx:6:14)
2026-10-04T20:37:47.3770774Z       at Object.<anonymous> (test/unit/components/controls.test.jsx:16:59)
2026-10-04T20:37:47.3771708Z 
2026-10-04T20:37:47.3772213Z     console.error
2026-10-04T20:37:47.3773712Z       Warning: StopAllComponent: Support for defaultProps will be removed from function components in a future major release. Use JavaScript default parameters instead.
2026-10-04T20:37:47.3775757Z           at active (~/work/scratch-editor/scratch-editor/packages/scratch-gui/src/components/stop-all/stop-all.jsx:17:9)
2026-10-04T20:37:47.3776913Z           at div
2026-10-04T20:37:47.3778298Z           at active (~/work/scratch-editor/scratch-editor/packages/scratch-gui/src/components/controls/controls.jsx:27:9)
2026-10-04T20:37:47.3780132Z           at IntlProvider (~/work/scratch-editor/scratch-editor/node_modules/react-intl/src/components/provider.js:33:47)
2026-10-04T20:37:47.3781143Z 
2026-10-04T20:37:47.3781768Z       4 |
2026-10-04T20:37:47.3783313Z       5 | const renderWithIntl = (ui, {locale = 'en', messages = {}} = {}) => ({
2026-10-04T20:37:47.3784767Z     > 6 |     ...render(
2026-10-04T20:37:47.3785635Z         |              ^
2026-10-04T20:37:47.3786511Z       7 |         <IntlProvider
2026-10-04T20:37:47.3787385Z       8 |             locale={locale}
2026-10-04T20:37:47.3788284Z       9 |             messages={messages}
2026-10-04T20:37:47.3788870Z 
2026-10-04T20:37:47.3789510Z       at printWarning (../../node_modules/react-dom/cjs/react-dom.development.js:86:30)
2026-10-04T20:37:47.3790646Z       at error (../../node_modules/react-dom/cjs/react-dom.development.js:60:7)
2026-10-04T20:37:47.3792128Z       at validateFunctionComponentInDev (../../node_modules/react-dom/cjs/react-dom.development.js:20230:9)
2026-10-04T20:37:47.3793624Z       at mountIndeterminateComponent (../../node_modules/react-dom/cjs/react-dom.development.js:20189:7)
2026-10-04T20:37:47.3794940Z       at beginWork (../../node_modules/react-dom/cjs/react-dom.development.js:21626:16)
2026-10-04T20:37:47.3796457Z       at beginWork$1 (../../node_modules/react-dom/cjs/react-dom.development.js:27465:14)
2026-10-04T20:37:47.3797717Z       at performUnitOfWork (../../node_modules/react-dom/cjs/react-dom.development.js:26599:12)
2026-10-04T20:37:47.3798987Z       at workLoopSync (../../node_modules/react-dom/cjs/react-dom.development.js:26505:5)
2026-10-04T20:37:47.3800250Z       at renderRootSync (../../node_modules/react-dom/cjs/react-dom.development.js:26473:7)
2026-10-04T20:37:47.3801831Z       at performConcurrentWorkOnRoot (../../node_modules/react-dom/cjs/react-dom.development.js:25777:74)
2026-10-04T20:37:47.3803171Z       at flushActQueue (../../node_modules/react/cjs/react.development.js:2667:24)
2026-10-04T20:37:47.3804246Z       at act (../../node_modules/react/cjs/react.development.js:2582:11)
2026-10-04T20:37:47.3805254Z       at ../../node_modules/@testing-library/react/dist/act-compat.js:47:25
2026-10-04T20:37:47.3806358Z       at renderRoot (../../node_modules/@testing-library/react/dist/pure.js:180:26)
2026-10-04T20:37:47.3807446Z       at render (../../node_modules/@testing-library/react/dist/pure.js:271:10)
2026-10-04T20:37:47.3808449Z       at renderWithIntl (test/helpers/intl-helpers.jsx:6:14)
2026-10-04T20:37:47.3809466Z       at Object.<anonymous> (test/unit/components/controls.test.jsx:16:59)
2026-10-04T20:37:47.3810164Z 
2026-10-04T20:37:47.6234472Z PASS test/unit/containers/slider-prompt.test.jsx
2026-10-04T20:37:47.6545208Z   ● Console
2026-10-04T20:37:47.6552331Z 
2026-10-04T20:37:47.6553166Z     console.error
2026-10-04T20:37:47.6555454Z       Warning: react-modal: App element is not defined. Please use `Modal.setAppElement(el)` or set `appElement={el}`. This is needed so screen readers don't see main content when modal is opened. It is not recommended, but you can opt-out by setting `ariaHideApp={false}`.
2026-10-04T20:37:47.6557423Z 
2026-10-04T20:37:47.6557917Z       4 |
2026-10-04T20:37:47.6559552Z       5 | const renderWithIntl = (ui, {locale = 'en', messages = {}} = {}) => ({
2026-10-04T20:37:47.6561252Z     > 6 |     ...render(
2026-10-04T20:37:47.6562830Z         |              ^
2026-10-04T20:37:47.6564426Z       7 |         <IntlProvider
2026-10-04T20:37:47.6565566Z       8 |             locale={locale}
2026-10-04T20:37:47.6566668Z       9 |             messages={messages}
2026-10-04T20:37:47.6567338Z 
2026-10-04T20:37:47.6567933Z       at printWarning (../../node_modules/warning/warning.js:34:15)
2026-10-04T20:37:47.6568974Z       at warning (../../node_modules/warning/warning.js:57:20)
2026-10-04T20:37:47.6570162Z       at validateElement (../../node_modules/react-modal/lib/helpers/ariaAppHider.js:77:27)
2026-10-04T20:37:47.6571742Z       at Object.hide (../../node_modules/react-modal/lib/helpers/ariaAppHider.js:89:26)
2026-10-04T20:37:47.6573211Z       at ModalPortal.beforeOpen (../../node_modules/react-modal/lib/components/ModalPortal.js:342:22)
2026-10-04T20:37:47.6574711Z       at ModalPortal._this.open (../../node_modules/react-modal/lib/components/ModalPortal.js:135:13)
2026-10-04T20:37:47.6576309Z       at ModalPortal.componentDidMount (../../node_modules/react-modal/lib/components/ModalPortal.js:285:14)
2026-10-04T20:37:47.6577882Z       at commitLayoutEffectOnFiber (../../node_modules/react-dom/cjs/react-dom.development.js:23349:28)
2026-10-04T20:37:47.6579490Z       at commitLayoutMountEffects_complete (../../node_modules/react-dom/cjs/react-dom.development.js:24727:9)
2026-10-04T20:37:47.6581046Z       at commitLayoutEffects_begin (../../node_modules/react-dom/cjs/react-dom.development.js:24713:7)
2026-10-04T20:37:47.6582815Z       at commitLayoutEffects (../../node_modules/react-dom/cjs/react-dom.development.js:24651:3)
2026-10-04T20:37:47.6584225Z       at commitRootImpl (../../node_modules/react-dom/cjs/react-dom.development.js:26862:5)
2026-10-04T20:37:47.6585942Z       at commitRoot (../../node_modules/react-dom/cjs/react-dom.development.js:26721:5)
2026-10-04T20:37:47.6587360Z       at finishConcurrentRender (../../node_modules/react-dom/cjs/react-dom.development.js:26020:9)
2026-10-04T20:37:47.6588932Z       at performConcurrentWorkOnRoot (../../node_modules/react-dom/cjs/react-dom.development.js:25848:7)
2026-10-04T20:37:47.6590343Z       at flushActQueue (../../node_modules/react/cjs/react.development.js:2667:24)
2026-10-04T20:37:47.6591739Z       at act (../../node_modules/react/cjs/react.development.js:2582:11)
2026-10-04T20:37:47.6592901Z       at ../../node_modules/@testing-library/react/dist/act-compat.js:47:25
2026-10-04T20:37:47.6594076Z       at renderRoot (../../node_modules/@testing-library/react/dist/pure.js:180:26)
2026-10-04T20:37:47.6595284Z       at render (../../node_modules/@testing-library/react/dist/pure.js:271:10)
2026-10-04T20:37:47.6596339Z       at renderWithIntl (test/helpers/intl-helpers.jsx:6:14)
2026-10-04T20:37:47.6597557Z       at Object.<anonymous> (test/unit/containers/slider-prompt.test.jsx:28:23)
2026-10-04T20:37:47.6598293Z 
2026-10-04T20:37:47.6598608Z     console.error
2026-10-04T20:37:47.6599967Z       Warning: Box: Support for defaultProps will be removed from function components in a future major release. Use JavaScript default parameters instead.
2026-10-04T20:37:47.6602248Z           at alignContent (~/work/scratch-editor/scratch-editor/packages/scratch-gui/src/components/box/box.jsx:33:9)
2026-10-04T20:37:47.6603494Z           at div
2026-10-04T20:37:47.6604034Z           at div
2026-10-04T20:37:47.6605296Z           at ModalPortal (~/work/scratch-editor/scratch-editor/node_modules/react-modal/lib/components/ModalPortal.js:79:5)
2026-10-04T20:37:47.6607303Z           at Modal (~/work/scratch-editor/scratch-editor/node_modules/react-modal/lib/components/Modal.js:73:5)
2026-10-04T20:37:47.6609198Z           at className (~/work/scratch-editor/scratch-editor/packages/scratch-gui/src/components/modal/modal.jsx:19:58)
2026-10-04T20:37:47.6611002Z           at Modal (~/work/scratch-editor/scratch-editor/packages/scratch-gui/src/containers/modal.jsx:10:9)
2026-10-04T20:37:47.6613489Z           at ConnectFunction (~/work/scratch-editor/scratch-editor/node_modules/react-redux/lib/components/connect.js:246:74)
2026-10-04T20:37:47.6615858Z           at SliderPromptComponent (~/work/scratch-editor/scratch-editor/packages/scratch-gui/src/components/slider-prompt/slider-prompt.jsx:30:25)
2026-10-04T20:37:47.6618108Z           at SliderPrompt (~/work/scratch-editor/scratch-editor/packages/scratch-gui/src/containers/slider-prompt.jsx:8:9)
2026-10-04T20:37:47.6620198Z           at Provider (~/work/scratch-editor/scratch-editor/node_modules/react-redux/lib/components/Provider.js:19:3)
2026-10-04T20:37:47.6622400Z           at IntlProvider (~/work/scratch-editor/scratch-editor/node_modules/react-intl/src/components/provider.js:33:47)
2026-10-04T20:37:47.6623551Z 
2026-10-04T20:37:47.6624023Z       4 |
2026-10-04T20:37:47.6625679Z       5 | const renderWithIntl = (ui, {locale = 'en', messages = {}} = {}) => ({
2026-10-04T20:37:47.6627340Z     > 6 |     ...render(
2026-10-04T20:37:47.6628313Z         |              ^
2026-10-04T20:37:47.6629258Z       7 |         <IntlProvider
2026-10-04T20:37:47.6630204Z       8 |             locale={locale}
2026-10-04T20:37:47.6631202Z       9 |             messages={messages}
2026-10-04T20:37:47.6632134Z 
2026-10-04T20:37:47.6632856Z       at printWarning (../../node_modules/react-dom/cjs/react-dom.development.js:86:30)
2026-10-04T20:37:47.6634221Z       at error (../../node_modules/react-dom/cjs/react-dom.development.js:60:7)
2026-10-04T20:37:47.6636253Z       at validateFunctionComponentInDev (../../node_modules/react-dom/cjs/react-dom.development.js:20230:9)
2026-10-04T20:37:47.6638100Z       at mountIndeterminateComponent (../../node_modules/react-dom/cjs/react-dom.development.js:20189:7)
2026-10-04T20:37:47.6639819Z       at beginWork (../../node_modules/react-dom/cjs/react-dom.development.js:21626:16)
2026-10-04T20:37:47.6641350Z       at beginWork$1 (../../node_modules/react-dom/cjs/react-dom.development.js:27465:14)
2026-10-04T20:37:47.6643244Z       at performUnitOfWork (../../node_modules/react-dom/cjs/react-dom.development.js:26599:12)
2026-10-04T20:37:47.6644762Z       at workLoopSync (../../node_modules/react-dom/cjs/react-dom.development.js:26505:5)
2026-10-04T20:37:47.6646254Z       at renderRootSync (../../node_modules/react-dom/cjs/react-dom.development.js:26473:7)
2026-10-04T20:37:47.6647845Z       at performSyncWorkOnRoot (../../node_modules/react-dom/cjs/react-dom.development.js:26124:20)
2026-10-04T20:37:47.6649471Z       at flushSyncCallbacks (../../node_modules/react-dom/cjs/react-dom.development.js:12042:22)
2026-10-04T20:37:47.6650990Z       at commitRootImpl (../../node_modules/react-dom/cjs/react-dom.development.js:26998:3)
2026-10-04T20:37:47.6652666Z       at commitRoot (../../node_modules/react-dom/cjs/react-dom.development.js:26721:5)
2026-10-04T20:37:47.6654193Z       at finishConcurrentRender (../../node_modules/react-dom/cjs/react-dom.development.js:26020:9)
2026-10-04T20:37:47.6656102Z       at performConcurrentWorkOnRoot (../../node_modules/react-dom/cjs/react-dom.development.js:25848:7)
2026-10-04T20:37:47.6659822Z       at flushActQueue (../../node_modules/react/cjs/react.development.js:2667:24)
2026-10-04T20:37:47.6661161Z       at act (../../node_modules/react/cjs/react.development.js:2582:11)
2026-10-04T20:37:47.6692356Z       at ../../node_modules/@testing-library/react/dist/act-compat.js:47:25
2026-10-04T20:37:47.6722244Z       at renderRoot (../../node_modules/@testing-library/react/dist/pure.js:180:26)
2026-10-04T20:37:47.6723166Z       at render (../../node_modules/@testing-library/react/dist/pure.js:271:10)
2026-10-04T20:37:47.6752506Z       at renderWithIntl (test/helpers/intl-helpers.jsx:6:14)
2026-10-04T20:37:47.6782394Z       at Object.<anonymous> (test/unit/containers/slider-prompt.test.jsx:28:23)
2026-10-04T20:37:47.6783659Z 
2026-10-04T20:37:47.6812091Z     console.error
2026-10-04T20:37:47.6843114Z       Warning: CloseButton: Support for defaultProps will be removed from function components in a future major release. Use JavaScript default parameters instead.
2026-10-04T20:37:47.6852885Z           at className (~/work/scratch-editor/scratch-editor/packages/scratch-gui/src/components/close-button/close-button.jsx:17:19)
2026-10-04T20:37:47.6862950Z           at div
2026-10-04T20:37:47.6863505Z           at div
2026-10-04T20:37:47.6864160Z           at div
2026-10-04T20:37:47.6865508Z           at alignContent (~/work/scratch-editor/scratch-editor/packages/scratch-gui/src/components/box/box.jsx:33:9)
2026-10-04T20:37:47.6866923Z           at div
2026-10-04T20:37:47.6867491Z           at div
2026-10-04T20:37:47.6868816Z           at ModalPortal (~/work/scratch-editor/scratch-editor/node_modules/react-modal/lib/components/ModalPortal.js:79:5)
2026-10-04T20:37:47.6871030Z           at Modal (~/work/scratch-editor/scratch-editor/node_modules/react-modal/lib/components/Modal.js:73:5)
2026-10-04T20:37:47.6873319Z           at className (~/work/scratch-editor/scratch-editor/packages/scratch-gui/src/components/modal/modal.jsx:19:58)
2026-10-04T20:37:47.6890565Z           at Modal (~/work/scratch-editor/scratch-editor/packages/scratch-gui/src/containers/modal.jsx:10:9)
2026-10-04T20:37:47.6892915Z           at ConnectFunction (~/work/scratch-editor/scratch-editor/node_modules/react-redux/lib/components/connect.js:246:74)
2026-10-04T20:37:47.6895289Z           at SliderPromptComponent (~/work/scratch-editor/scratch-editor/packages/scratch-gui/src/components/slider-prompt/slider-prompt.jsx:30:25)
2026-10-04T20:37:47.6898314Z           at SliderPrompt (~/work/scratch-editor/scratch-editor/packages/scratch-gui/src/containers/slider-prompt.jsx:8:9)
2026-10-04T20:37:47.6900461Z           at Provider (~/work/scratch-editor/scratch-editor/node_modules/react-redux/lib/components/Provider.js:19:3)
2026-10-04T20:37:47.6902944Z           at IntlProvider (~/work/scratch-editor/scratch-editor/node_modules/react-intl/src/components/provider.js:33:47)
2026-10-04T20:37:47.6904154Z 
2026-10-04T20:37:47.6904787Z       4 |
2026-10-04T20:37:47.6906605Z       5 | const renderWithIntl = (ui, {locale = 'en', messages = {}} = {}) => ({
2026-10-04T20:37:47.6908391Z     > 6 |     ...render(
2026-10-04T20:37:47.6909428Z         |              ^
2026-10-04T20:37:47.6910634Z       7 |         <IntlProvider
2026-10-04T20:37:47.6912413Z       8 |             locale={locale}
2026-10-04T20:37:47.6913736Z       9 |             messages={messages}
2026-10-04T20:37:47.6914608Z 
2026-10-04T20:37:47.6915498Z       at printWarning (../../node_modules/react-dom/cjs/react-dom.development.js:86:30)
2026-10-04T20:37:47.6916991Z       at error (../../node_modules/react-dom/cjs/react-dom.development.js:60:7)
2026-10-04T20:37:47.6918695Z       at validateFunctionComponentInDev (../../node_modules/react-dom/cjs/react-dom.development.js:20230:9)
2026-10-04T20:37:47.6920568Z       at mountIndeterminateComponent (../../node_modules/react-dom/cjs/react-dom.development.js:20189:7)
2026-10-04T20:37:47.6922449Z       at beginWork (../../node_modules/react-dom/cjs/react-dom.development.js:21626:16)
2026-10-04T20:37:47.6923560Z       at beginWork$1 (../../node_modules/react-dom/cjs/react-dom.development.js:27465:14)
2026-10-04T20:37:47.6924748Z       at performUnitOfWork (../../node_modules/react-dom/cjs/react-dom.development.js:26599:12)
2026-10-04T20:37:47.6925918Z       at workLoopSync (../../node_modules/react-dom/cjs/react-dom.development.js:26505:5)
2026-10-04T20:37:47.6927302Z       at renderRootSync (../../node_modules/react-dom/cjs/react-dom.development.js:26473:7)
2026-10-04T20:37:47.6928593Z       at performSyncWorkOnRoot (../../node_modules/react-dom/cjs/react-dom.development.js:26124:20)
2026-10-04T20:37:47.6929820Z       at flushSyncCallbacks (../../node_modules/react-dom/cjs/react-dom.development.js:12042:22)
2026-10-04T20:37:47.6930985Z       at commitRootImpl (../../node_modules/react-dom/cjs/react-dom.development.js:26998:3)
2026-10-04T20:37:47.6932318Z       at commitRoot (../../node_modules/react-dom/cjs/react-dom.development.js:26721:5)
2026-10-04T20:37:47.6933477Z       at finishConcurrentRender (../../node_modules/react-dom/cjs/react-dom.development.js:26020:9)
2026-10-04T20:37:47.6934786Z       at performConcurrentWorkOnRoot (../../node_modules/react-dom/cjs/react-dom.development.js:25848:7)
2026-10-04T20:37:47.6935941Z       at flushActQueue (../../node_modules/react/cjs/react.development.js:2667:24)
2026-10-04T20:37:47.6936952Z       at act (../../node_modules/react/cjs/react.development.js:2582:11)
2026-10-04T20:37:47.6937841Z       at ../../node_modules/@testing-library/react/dist/act-compat.js:47:25
2026-10-04T20:37:47.6938796Z       at renderRoot (../../node_modules/@testing-library/react/dist/pure.js:180:26)
2026-10-04T20:37:47.6939751Z       at render (../../node_modules/@testing-library/react/dist/pure.js:271:10)
2026-10-04T20:37:47.6940589Z       at renderWithIntl (test/helpers/intl-helpers.jsx:6:14)
2026-10-04T20:37:47.6941680Z       at Object.<anonymous> (test/unit/containers/slider-prompt.test.jsx:28:23)
2026-10-04T20:37:47.6942243Z 
2026-10-04T20:37:47.6942412Z     console.error
2026-10-04T20:37:47.6944373Z       Warning: react-modal: App element is not defined. Please use `Modal.setAppElement(el)` or set `appElement={el}`. This is needed so screen readers don't see main content when modal is opened. It is not recommended, but you can opt-out by setting `ariaHideApp={false}`.
2026-10-04T20:37:47.6946309Z 
2026-10-04T20:37:47.6946688Z       at printWarning (../../node_modules/warning/warning.js:34:15)
2026-10-04T20:37:47.6947488Z       at warning (../../node_modules/warning/warning.js:57:20)
2026-10-04T20:37:47.6948440Z       at validateElement (../../node_modules/react-modal/lib/helpers/ariaAppHider.js:77:27)
2026-10-04T20:37:47.6949534Z       at Object.show (../../node_modules/react-modal/lib/helpers/ariaAppHider.js:116:27)
2026-10-04T20:37:47.6950771Z       at ModalPortal._this.afterClose (../../node_modules/react-modal/lib/components/ModalPortal.js:114:24)
2026-10-04T20:37:47.6952404Z       at ModalPortal.componentWillUnmount (../../node_modules/react-modal/lib/components/ModalPortal.js:317:14)
2026-10-04T20:37:47.6953871Z       at callComponentWillUnmountWithTimer (../../node_modules/react-dom/cjs/react-dom.development.js:22896:14)
2026-10-04T20:37:47.6955319Z       at safelyCallComponentWillUnmount (../../node_modules/react-dom/cjs/react-dom.development.js:22912:5)
2026-10-04T20:37:47.6956712Z       at commitDeletionEffectsOnFiber (../../node_modules/react-dom/cjs/react-dom.development.js:24168:13)
2026-10-04T20:37:47.6958152Z       at recursivelyTraverseDeletionEffects (../../node_modules/react-dom/cjs/react-dom.development.js:24028:5)
2026-10-04T20:37:47.6959549Z       at commitDeletionEffectsOnFiber (../../node_modules/react-dom/cjs/react-dom.development.js:24101:11)
2026-10-04T20:37:47.6960980Z       at recursivelyTraverseDeletionEffects (../../node_modules/react-dom/cjs/react-dom.development.js:24028:5)
2026-10-04T20:37:47.6962587Z       at commitDeletionEffectsOnFiber (../../node_modules/react-dom/cjs/react-dom.development.js:24172:9)
2026-10-04T20:37:47.6964003Z       at recursivelyTraverseDeletionEffects (../../node_modules/react-dom/cjs/react-dom.development.js:24028:5)
2026-10-04T20:37:47.6965417Z       at commitDeletionEffectsOnFiber (../../node_modules/react-dom/cjs/react-dom.development.js:24157:9)
2026-10-04T20:37:47.6966828Z       at recursivelyTraverseDeletionEffects (../../node_modules/react-dom/cjs/react-dom.development.js:24028:5)
2026-10-04T20:37:47.6968468Z       at commitDeletionEffectsOnFiber (../../node_modules/react-dom/cjs/react-dom.development.js:24172:9)
2026-10-04T20:37:47.6969894Z       at recursivelyTraverseDeletionEffects (../../node_modules/react-dom/cjs/react-dom.development.js:24028:5)
2026-10-04T20:37:47.6971301Z       at commitDeletionEffectsOnFiber (../../node_modules/react-dom/cjs/react-dom.development.js:24209:9)
2026-10-04T20:37:47.6972921Z       at recursivelyTraverseDeletionEffects (../../node_modules/react-dom/cjs/react-dom.development.js:24028:5)
2026-10-04T20:37:47.6974312Z       at commitDeletionEffectsOnFiber (../../node_modules/react-dom/cjs/react-dom.development.js:24157:9)
2026-10-04T20:37:47.6975733Z       at recursivelyTraverseDeletionEffects (../../node_modules/react-dom/cjs/react-dom.development.js:24028:5)
2026-10-04T20:37:47.6977132Z       at commitDeletionEffectsOnFiber (../../node_modules/react-dom/cjs/react-dom.development.js:24157:9)
2026-10-04T20:37:47.6978585Z       at recursivelyTraverseDeletionEffects (../../node_modules/react-dom/cjs/react-dom.development.js:24028:5)
2026-10-04T20:37:47.6979998Z       at commitDeletionEffectsOnFiber (../../node_modules/react-dom/cjs/react-dom.development.js:24172:9)
2026-10-04T20:37:47.6981413Z       at recursivelyTraverseDeletionEffects (../../node_modules/react-dom/cjs/react-dom.development.js:24028:5)
2026-10-04T20:37:47.6983153Z       at commitDeletionEffectsOnFiber (../../node_modules/react-dom/cjs/react-dom.development.js:24209:9)
2026-10-04T20:37:47.6984566Z       at recursivelyTraverseDeletionEffects (../../node_modules/react-dom/cjs/react-dom.development.js:24028:5)
2026-10-04T20:37:47.6985978Z       at commitDeletionEffectsOnFiber (../../node_modules/react-dom/cjs/react-dom.development.js:24157:9)
2026-10-04T20:37:47.6987669Z       at recursivelyTraverseDeletionEffects (../../node_modules/react-dom/cjs/react-dom.development.js:24028:5)
2026-10-04T20:37:47.6989058Z       at commitDeletionEffectsOnFiber (../../node_modules/react-dom/cjs/react-dom.development.js:24209:9)
2026-10-04T20:37:47.6990467Z       at recursivelyTraverseDeletionEffects (../../node_modules/react-dom/cjs/react-dom.development.js:24028:5)
2026-10-04T20:37:47.6992105Z       at commitDeletionEffectsOnFiber (../../node_modules/react-dom/cjs/react-dom.development.js:24172:9)
2026-10-04T20:37:47.6993434Z       at commitDeletionEffects (../../node_modules/react-dom/cjs/react-dom.development.js:24015:5)
2026-10-04T20:37:47.6994807Z       at recursivelyTraverseMutationEffects (../../node_modules/react-dom/cjs/react-dom.development.js:24298:9)
2026-10-04T20:37:47.6996216Z       at commitMutationEffectsOnFiber (../../node_modules/react-dom/cjs/react-dom.development.js:24471:9)
2026-10-04T20:37:47.6997537Z       at commitMutationEffects (../../node_modules/react-dom/cjs/react-dom.development.js:24282:3)
2026-10-04T20:37:47.6998715Z       at commitRootImpl (../../node_modules/react-dom/cjs/react-dom.development.js:26849:5)
2026-10-04T20:37:47.6999786Z       at commitRoot (../../node_modules/react-dom/cjs/react-dom.development.js:26721:5)
2026-10-04T20:37:47.7000981Z       at performSyncWorkOnRoot (../../node_modules/react-dom/cjs/react-dom.development.js:26156:3)
2026-10-04T20:37:47.7002452Z       at flushSyncCallbacks (../../node_modules/react-dom/cjs/react-dom.development.js:12042:22)
2026-10-04T20:37:47.7003606Z       at flushSync (../../node_modules/react-dom/cjs/react-dom.development.js:26240:7)
2026-10-04T20:37:47.7005364Z       at ReactDOMRoot.Object.<anonymous>.ReactDOMHydrationRoot.unmount.ReactDOMRoot.unmount [as unmount] (../../node_modules/react-dom/cjs/react-dom.development.js:29375:5)
2026-10-04T20:37:47.7007012Z       at Object.unmount (../../node_modules/@testing-library/react/dist/pure.js:155:12)
2026-10-04T20:37:47.7007944Z       at ../../node_modules/@testing-library/react/dist/pure.js:286:12
2026-10-04T20:37:47.7008806Z       at ../../node_modules/@testing-library/react/dist/act-compat.js:48:24
2026-10-04T20:37:47.7009684Z       at act (../../node_modules/react/cjs/react.development.js:2512:16)
2026-10-04T20:37:47.7010773Z       at ../../node_modules/@testing-library/react/dist/act-compat.js:47:25
2026-10-04T20:37:47.7011849Z       at ../../node_modules/@testing-library/react/dist/pure.js:285:28
2026-10-04T20:37:47.7012553Z           at Array.forEach (<anonymous>)
2026-10-04T20:37:47.7013307Z       at cleanup (../../node_modules/@testing-library/react/dist/pure.js:281:22)
2026-10-04T20:37:47.7014326Z       at Object.<anonymous> (../../node_modules/@testing-library/react/dist/index.js:29:25)
2026-10-04T20:37:47.7014923Z 
2026-10-04T20:37:47.7015078Z     console.error
2026-10-04T20:37:47.7017058Z       Warning: react-modal: App element is not defined. Please use `Modal.setAppElement(el)` or set `appElement={el}`. This is needed so screen readers don't see main content when modal is opened. It is not recommended, but you can opt-out by setting `ariaHideApp={false}`.
2026-10-04T20:37:47.7018728Z 
2026-10-04T20:37:47.7019077Z       4 |
2026-10-04T20:37:47.7020519Z       5 | const renderWithIntl = (ui, {locale = 'en', messages = {}} = {}) => ({
2026-10-04T20:37:47.7022075Z     > 6 |     ...render(
2026-10-04T20:37:47.7022813Z         |              ^
2026-10-04T20:37:47.7023552Z       7 |         <IntlProvider
2026-10-04T20:37:47.7024307Z       8 |             locale={locale}
2026-10-04T20:37:47.7025076Z       9 |             messages={messages}
2026-10-04T20:37:47.7025485Z 
2026-10-04T20:37:47.7025853Z       at printWarning (../../node_modules/warning/warning.js:34:15)
2026-10-04T20:37:47.7026904Z       at warning (../../node_modules/warning/warning.js:57:20)
2026-10-04T20:37:47.7027857Z       at validateElement (../../node_modules/react-modal/lib/helpers/ariaAppHider.js:77:27)
2026-10-04T20:37:47.7029042Z       at Object.hide (../../node_modules/react-modal/lib/helpers/ariaAppHider.js:89:26)
2026-10-04T20:37:47.7030243Z       at ModalPortal.beforeOpen (../../node_modules/react-modal/lib/components/ModalPortal.js:342:22)
2026-10-04T20:37:47.7031731Z       at ModalPortal._this.open (../../node_modules/react-modal/lib/components/ModalPortal.js:135:13)
2026-10-04T20:37:47.7033078Z       at ModalPortal.componentDidMount (../../node_modules/react-modal/lib/components/ModalPortal.js:285:14)
2026-10-04T20:37:47.7034437Z       at commitLayoutEffectOnFiber (../../node_modules/react-dom/cjs/react-dom.development.js:23349:28)
2026-10-04T20:37:47.7035818Z       at commitLayoutMountEffects_complete (../../node_modules/react-dom/cjs/react-dom.development.js:24727:9)
2026-10-04T20:37:47.7037173Z       at commitLayoutEffects_begin (../../node_modules/react-dom/cjs/react-dom.development.js:24713:7)
2026-10-04T20:37:47.7038422Z       at commitLayoutEffects (../../node_modules/react-dom/cjs/react-dom.development.js:24651:3)
2026-10-04T20:37:47.7039590Z       at commitRootImpl (../../node_modules/react-dom/cjs/react-dom.development.js:26862:5)
2026-10-04T20:37:47.7040673Z       at commitRoot (../../node_modules/react-dom/cjs/react-dom.development.js:26721:5)
2026-10-04T20:37:47.7042027Z       at finishConcurrentRender (../../node_modules/react-dom/cjs/react-dom.development.js:26020:9)
2026-10-04T20:37:47.7043343Z       at performConcurrentWorkOnRoot (../../node_modules/react-dom/cjs/react-dom.development.js:25848:7)
2026-10-04T20:37:47.7044498Z       at flushActQueue (../../node_modules/react/cjs/react.development.js:2667:24)
2026-10-04T20:37:47.7045426Z       at act (../../node_modules/react/cjs/react.development.js:2582:11)
2026-10-04T20:37:47.7046294Z       at ../../node_modules/@testing-library/react/dist/act-compat.js:47:25
2026-10-04T20:37:47.7047248Z       at renderRoot (../../node_modules/@testing-library/react/dist/pure.js:180:26)
2026-10-04T20:37:47.7048212Z       at render (../../node_modules/@testing-library/react/dist/pure.js:271:10)
2026-10-04T20:37:47.7049287Z       at renderWithIntl (test/helpers/intl-helpers.jsx:6:14)
2026-10-04T20:37:47.7050208Z       at Object.<anonymous> (test/unit/containers/slider-prompt.test.jsx:43:23)
2026-10-04T20:37:47.7050765Z 
2026-10-04T20:37:47.7050937Z     console.error
2026-10-04T20:37:47.7053103Z       Warning: react-modal: App element is not defined. Please use `Modal.setAppElement(el)` or set `appElement={el}`. This is needed so screen readers don't see main content when modal is opened. It is not recommended, but you can opt-out by setting `ariaHideApp={false}`.
2026-10-04T20:37:47.7054766Z 
2026-10-04T20:37:47.7055161Z       at printWarning (../../node_modules/warning/warning.js:34:15)
2026-10-04T20:37:47.7055944Z       at warning (../../node_modules/warning/warning.js:57:20)
2026-10-04T20:37:47.7056895Z       at validateElement (../../node_modules/react-modal/lib/helpers/ariaAppHider.js:77:27)
2026-10-04T20:37:47.7057979Z       at Object.show (../../node_modules/react-modal/lib/helpers/ariaAppHider.js:116:27)
2026-10-04T20:37:47.7059201Z       at ModalPortal._this.afterClose (../../node_modules/react-modal/lib/components/ModalPortal.js:114:24)
2026-10-04T20:37:47.7060611Z       at ModalPortal.componentWillUnmount (../../node_modules/react-modal/lib/components/ModalPortal.js:317:14)
2026-10-04T20:37:47.7062286Z       at callComponentWillUnmountWithTimer (../../node_modules/react-dom/cjs/react-dom.development.js:22896:14)
2026-10-04T20:37:47.7063733Z       at safelyCallComponentWillUnmount (../../node_modules/react-dom/cjs/react-dom.development.js:22912:5)
2026-10-04T20:37:47.7065124Z       at commitDeletionEffectsOnFiber (../../node_modules/react-dom/cjs/react-dom.development.js:24168:13)
2026-10-04T20:37:47.7066554Z       at recursivelyTraverseDeletionEffects (../../node_modules/react-dom/cjs/react-dom.development.js:24028:5)
2026-10-04T20:37:47.7068215Z       at commitDeletionEffectsOnFiber (../../node_modules/react-dom/cjs/react-dom.development.js:24101:11)
2026-10-04T20:37:47.7069594Z       at recursivelyTraverseDeletionEffects (../../node_modules/react-dom/cjs/react-dom.development.js:24028:5)
2026-10-04T20:37:47.7071008Z       at commitDeletionEffectsOnFiber (../../node_modules/react-dom/cjs/react-dom.development.js:24172:9)
2026-10-04T20:37:47.7072641Z       at recursivelyTraverseDeletionEffects (../../node_modules/react-dom/cjs/react-dom.development.js:24028:5)
2026-10-04T20:37:47.7074052Z       at commitDeletionEffectsOnFiber (../../node_modules/react-dom/cjs/react-dom.development.js:24157:9)
2026-10-04T20:37:47.7075498Z       at recursivelyTraverseDeletionEffects (../../node_modules/react-dom/cjs/react-dom.development.js:24028:5)
2026-10-04T20:37:47.7076902Z       at commitDeletionEffectsOnFiber (../../node_modules/react-dom/cjs/react-dom.development.js:24172:9)
2026-10-04T20:37:47.7078321Z       at recursivelyTraverseDeletionEffects (../../node_modules/react-dom/cjs/react-dom.development.js:24028:5)
2026-10-04T20:37:47.7079719Z       at commitDeletionEffectsOnFiber (../../node_modules/react-dom/cjs/react-dom.development.js:24209:9)
2026-10-04T20:37:47.7081151Z       at recursivelyTraverseDeletionEffects (../../node_modules/react-dom/cjs/react-dom.development.js:24028:5)
2026-10-04T20:37:47.7082750Z       at commitDeletionEffectsOnFiber (../../node_modules/react-dom/cjs/react-dom.development.js:24157:9)
2026-10-04T20:37:47.7084169Z       at recursivelyTraverseDeletionEffects (../../node_modules/react-dom/cjs/react-dom.development.js:24028:5)
2026-10-04T20:37:47.7085581Z       at commitDeletionEffectsOnFiber (../../node_modules/react-dom/cjs/react-dom.development.js:24157:9)
2026-10-04T20:37:47.7087004Z       at recursivelyTraverseDeletionEffects (../../node_modules/react-dom/cjs/react-dom.development.js:24028:5)
2026-10-04T20:37:47.7088461Z       at commitDeletionEffectsOnFiber (../../node_modules/react-dom/cjs/react-dom.development.js:24172:9)
2026-10-04T20:37:47.7089883Z       at recursivelyTraverseDeletionEffects (../../node_modules/react-dom/cjs/react-dom.development.js:24028:5)
2026-10-04T20:37:47.7091835Z       at commitDeletionEffectsOnFiber (../../node_modules/react-dom/cjs/react-dom.development.js:24209:9)
2026-10-04T20:37:47.7093320Z       at recursivelyTraverseDeletionEffects (../../node_modules/react-dom/cjs/react-dom.development.js:24028:5)
2026-10-04T20:37:47.7094754Z       at commitDeletionEffectsOnFiber (../../node_modules/react-dom/cjs/react-dom.development.js:24157:9)
2026-10-04T20:37:47.7096178Z       at recursivelyTraverseDeletionEffects (../../node_modules/react-dom/cjs/react-dom.development.js:24028:5)
2026-10-04T20:37:47.7097575Z       at commitDeletionEffectsOnFiber (../../node_modules/react-dom/cjs/react-dom.development.js:24209:9)
2026-10-04T20:37:47.7098998Z       at recursivelyTraverseDeletionEffects (../../node_modules/react-dom/cjs/react-dom.development.js:24028:5)
2026-10-04T20:37:47.7100411Z       at commitDeletionEffectsOnFiber (../../node_modules/react-dom/cjs/react-dom.development.js:24172:9)
2026-10-04T20:37:47.7101911Z       at commitDeletionEffects (../../node_modules/react-dom/cjs/react-dom.development.js:24015:5)
2026-10-04T20:37:47.7103307Z       at recursivelyTraverseMutationEffects (../../node_modules/react-dom/cjs/react-dom.development.js:24298:9)
2026-10-04T20:37:47.7104717Z       at commitMutationEffectsOnFiber (../../node_modules/react-dom/cjs/react-dom.development.js:24471:9)
2026-10-04T20:37:47.7106016Z       at commitMutationEffects (../../node_modules/react-dom/cjs/react-dom.development.js:24282:3)
2026-10-04T20:37:47.7107192Z       at commitRootImpl (../../node_modules/react-dom/cjs/react-dom.development.js:26849:5)
2026-10-04T20:37:47.7108285Z       at commitRoot (../../node_modules/react-dom/cjs/react-dom.development.js:26721:5)
2026-10-04T20:37:47.7109442Z       at performSyncWorkOnRoot (../../node_modules/react-dom/cjs/react-dom.development.js:26156:3)
2026-10-04T20:37:47.7110897Z       at flushSyncCallbacks (../../node_modules/react-dom/cjs/react-dom.development.js:12042:22)
2026-10-04T20:37:47.7112219Z       at flushSync (../../node_modules/react-dom/cjs/react-dom.development.js:26240:7)
2026-10-04T20:37:47.7113979Z       at ReactDOMRoot.Object.<anonymous>.ReactDOMHydrationRoot.unmount.ReactDOMRoot.unmount [as unmount] (../../node_modules/react-dom/cjs/react-dom.development.js:29375:5)
2026-10-04T20:37:47.7115628Z       at Object.unmount (../../node_modules/@testing-library/react/dist/pure.js:155:12)
2026-10-04T20:37:47.7116548Z       at ../../node_modules/@testing-library/react/dist/pure.js:286:12
2026-10-04T20:37:47.7117421Z       at ../../node_modules/@testing-library/react/dist/act-compat.js:48:24
2026-10-04T20:37:47.7118287Z       at act (../../node_modules/react/cjs/react.development.js:2512:16)
2026-10-04T20:37:47.7119183Z       at ../../node_modules/@testing-library/react/dist/act-compat.js:47:25
2026-10-04T20:37:47.7120052Z       at ../../node_modules/@testing-library/react/dist/pure.js:285:28
2026-10-04T20:37:47.7120734Z           at Array.forEach (<anonymous>)
2026-10-04T20:37:47.7121702Z       at cleanup (../../node_modules/@testing-library/react/dist/pure.js:281:22)
2026-10-04T20:37:47.7122752Z       at Object.<anonymous> (../../node_modules/@testing-library/react/dist/index.js:29:25)
2026-10-04T20:37:47.7123348Z 
2026-10-04T20:37:47.7123513Z     console.error
2026-10-04T20:37:47.7125494Z       Warning: react-modal: App element is not defined. Please use `Modal.setAppElement(el)` or set `appElement={el}`. This is needed so screen readers don't see main content when modal is opened. It is not recommended, but you can opt-out by setting `ariaHideApp={false}`.
2026-10-04T20:37:47.7127162Z 
2026-10-04T20:37:47.7127458Z       4 |
2026-10-04T20:37:47.7128931Z       5 | const renderWithIntl = (ui, {locale = 'en', messages = {}} = {}) => ({
2026-10-04T20:37:47.7130288Z     > 6 |     ...render(
2026-10-04T20:37:47.7131019Z         |              ^
2026-10-04T20:37:47.7131969Z       7 |         <IntlProvider
2026-10-04T20:37:47.7132948Z       8 |             locale={locale}
2026-10-04T20:37:47.7133757Z       9 |             messages={messages}
2026-10-04T20:37:47.7134169Z 
2026-10-04T20:37:47.7134541Z       at printWarning (../../node_modules/warning/warning.js:34:15)
2026-10-04T20:37:47.7135332Z       at warning (../../node_modules/warning/warning.js:57:20)
2026-10-04T20:37:47.7136272Z       at validateElement (../../node_modules/react-modal/lib/helpers/ariaAppHider.js:77:27)
2026-10-04T20:37:47.7137369Z       at Object.hide (../../node_modules/react-modal/lib/helpers/ariaAppHider.js:89:26)
2026-10-04T20:37:47.7138548Z       at ModalPortal.beforeOpen (../../node_modules/react-modal/lib/components/ModalPortal.js:342:22)
2026-10-04T20:37:47.7139834Z       at ModalPortal._this.open (../../node_modules/react-modal/lib/components/ModalPortal.js:135:13)
2026-10-04T20:37:47.7141160Z       at ModalPortal.componentDidMount (../../node_modules/react-modal/lib/components/ModalPortal.js:285:14)
2026-10-04T20:37:47.7142805Z       at commitLayoutEffectOnFiber (../../node_modules/react-dom/cjs/react-dom.development.js:23349:28)
2026-10-04T20:37:47.7144181Z       at commitLayoutMountEffects_complete (../../node_modules/react-dom/cjs/react-dom.development.js:24727:9)
2026-10-04T20:37:47.7145523Z       at commitLayoutEffects_begin (../../node_modules/react-dom/cjs/react-dom.development.js:24713:7)
2026-10-04T20:37:47.7146756Z       at commitLayoutEffects (../../node_modules/react-dom/cjs/react-dom.development.js:24651:3)
2026-10-04T20:37:47.7147921Z       at commitRootImpl (../../node_modules/react-dom/cjs/react-dom.development.js:26862:5)
2026-10-04T20:37:47.7149254Z       at commitRoot (../../node_modules/react-dom/cjs/react-dom.development.js:26721:5)
2026-10-04T20:37:47.7150419Z       at finishConcurrentRender (../../node_modules/react-dom/cjs/react-dom.development.js:26020:9)
2026-10-04T20:37:47.7151928Z       at performConcurrentWorkOnRoot (../../node_modules/react-dom/cjs/react-dom.development.js:25848:7)
2026-10-04T20:37:47.7153119Z       at flushActQueue (../../node_modules/react/cjs/react.development.js:2667:24)
2026-10-04T20:37:47.7154075Z       at act (../../node_modules/react/cjs/react.development.js:2582:11)
2026-10-04T20:37:47.7154951Z       at ../../node_modules/@testing-library/react/dist/act-compat.js:47:25
2026-10-04T20:37:47.7155921Z       at renderRoot (../../node_modules/@testing-library/react/dist/pure.js:180:26)
2026-10-04T20:37:47.7156883Z       at render (../../node_modules/@testing-library/react/dist/pure.js:271:10)
2026-10-04T20:37:47.7157729Z       at renderWithIntl (test/helpers/intl-helpers.jsx:6:14)
2026-10-04T20:37:47.7158618Z       at Object.<anonymous> (test/unit/containers/slider-prompt.test.jsx:60:23)
2026-10-04T20:37:47.7159171Z 
2026-10-04T20:37:47.7159329Z     console.error
2026-10-04T20:37:47.7161304Z       Warning: react-modal: App element is not defined. Please use `Modal.setAppElement(el)` or set `appElement={el}`. This is needed so screen readers don't see main content when modal is opened. It is not recommended, but you can opt-out by setting `ariaHideApp={false}`.
2026-10-04T20:37:47.7163320Z 
2026-10-04T20:37:47.7163715Z       at printWarning (../../node_modules/warning/warning.js:34:15)
2026-10-04T20:37:47.7164504Z       at warning (../../node_modules/warning/warning.js:57:20)
2026-10-04T20:37:47.7165452Z       at validateElement (../../node_modules/react-modal/lib/helpers/ariaAppHider.js:77:27)
2026-10-04T20:37:47.7166533Z       at Object.show (../../node_modules/react-modal/lib/helpers/ariaAppHider.js:116:27)
2026-10-04T20:37:47.7167752Z       at ModalPortal._this.afterClose (../../node_modules/react-modal/lib/components/ModalPortal.js:114:24)
2026-10-04T20:37:47.7169179Z       at ModalPortal.componentWillUnmount (../../node_modules/react-modal/lib/components/ModalPortal.js:317:14)
2026-10-04T20:37:47.7170634Z       at callComponentWillUnmountWithTimer (../../node_modules/react-dom/cjs/react-dom.development.js:22896:14)
2026-10-04T20:37:47.7172478Z       at safelyCallComponentWillUnmount (../../node_modules/react-dom/cjs/react-dom.development.js:22912:5)
2026-10-04T20:37:47.7173879Z       at commitDeletionEffectsOnFiber (../../node_modules/react-dom/cjs/react-dom.development.js:24168:13)
2026-10-04T20:37:47.7175300Z       at recursivelyTraverseDeletionEffects (../../node_modules/react-dom/cjs/react-dom.development.js:24028:5)
2026-10-04T20:37:47.7176721Z       at commitDeletionEffectsOnFiber (../../node_modules/react-dom/cjs/react-dom.development.js:24101:11)
2026-10-04T20:37:47.7178141Z       at recursivelyTraverseDeletionEffects (../../node_modules/react-dom/cjs/react-dom.development.js:24028:5)
2026-10-04T20:37:47.7179564Z       at commitDeletionEffectsOnFiber (../../node_modules/react-dom/cjs/react-dom.development.js:24172:9)
2026-10-04T20:37:47.7180991Z       at recursivelyTraverseDeletionEffects (../../node_modules/react-dom/cjs/react-dom.development.js:24028:5)
2026-10-04T20:37:47.7182838Z       at commitDeletionEffectsOnFiber (../../node_modules/react-dom/cjs/react-dom.development.js:24157:9)
2026-10-04T20:37:47.7184273Z       at recursivelyTraverseDeletionEffects (../../node_modules/react-dom/cjs/react-dom.development.js:24028:5)
2026-10-04T20:37:47.7185672Z       at commitDeletionEffectsOnFiber (../../node_modules/react-dom/cjs/react-dom.development.js:24172:9)
2026-10-04T20:37:47.7187097Z       at recursivelyTraverseDeletionEffects (../../node_modules/react-dom/cjs/react-dom.development.js:24028:5)
2026-10-04T20:37:47.7188523Z       at commitDeletionEffectsOnFiber (../../node_modules/react-dom/cjs/react-dom.development.js:24209:9)
2026-10-04T20:37:47.7189934Z       at recursivelyTraverseDeletionEffects (../../node_modules/react-dom/cjs/react-dom.development.js:24028:5)
2026-10-04T20:37:47.7191767Z       at commitDeletionEffectsOnFiber (../../node_modules/react-dom/cjs/react-dom.development.js:24157:9)
2026-10-04T20:37:47.7193211Z       at recursivelyTraverseDeletionEffects (../../node_modules/react-dom/cjs/react-dom.development.js:24028:5)
2026-10-04T20:37:47.7194628Z       at commitDeletionEffectsOnFiber (../../node_modules/react-dom/cjs/react-dom.development.js:24157:9)
2026-10-04T20:37:47.7196047Z       at recursivelyTraverseDeletionEffects (../../node_modules/react-dom/cjs/react-dom.development.js:24028:5)
2026-10-04T20:37:47.7197482Z       at commitDeletionEffectsOnFiber (../../node_modules/react-dom/cjs/react-dom.development.js:24172:9)
2026-10-04T20:37:47.7198887Z       at recursivelyTraverseDeletionEffects (../../node_modules/react-dom/cjs/react-dom.development.js:24028:5)
2026-10-04T20:37:47.7200317Z       at commitDeletionEffectsOnFiber (../../node_modules/react-dom/cjs/react-dom.development.js:24209:9)
2026-10-04T20:37:47.7201961Z       at recursivelyTraverseDeletionEffects (../../node_modules/react-dom/cjs/react-dom.development.js:24028:5)
2026-10-04T20:37:47.7203381Z       at commitDeletionEffectsOnFiber (../../node_modules/react-dom/cjs/react-dom.development.js:24157:9)
2026-10-04T20:37:47.7204758Z       at recursivelyTraverseDeletionEffects (../../node_modules/react-dom/cjs/react-dom.development.js:24028:5)
2026-10-04T20:37:47.7206171Z       at commitDeletionEffectsOnFiber (../../node_modules/react-dom/cjs/react-dom.development.js:24209:9)
2026-10-04T20:37:47.7207576Z       at recursivelyTraverseDeletionEffects (../../node_modules/react-dom/cjs/react-dom.development.js:24028:5)
2026-10-04T20:37:47.7208974Z       at commitDeletionEffectsOnFiber (../../node_modules/react-dom/cjs/react-dom.development.js:24172:9)
2026-10-04T20:37:47.7210268Z       at commitDeletionEffects (../../node_modules/react-dom/cjs/react-dom.development.js:24015:5)
2026-10-04T20:37:47.7212001Z       at recursivelyTraverseMutationEffects (../../node_modules/react-dom/cjs/react-dom.development.js:24298:9)
2026-10-04T20:37:47.7213457Z       at commitMutationEffectsOnFiber (../../node_modules/react-dom/cjs/react-dom.development.js:24471:9)
2026-10-04T20:37:47.7214772Z       at commitMutationEffects (../../node_modules/react-dom/cjs/react-dom.development.js:24282:3)
2026-10-04T20:37:47.7216173Z       at commitRootImpl (../../node_modules/react-dom/cjs/react-dom.development.js:26849:5)
2026-10-04T20:37:47.7217305Z       at commitRoot (../../node_modules/react-dom/cjs/react-dom.development.js:26721:5)
2026-10-04T20:37:47.7218474Z       at performSyncWorkOnRoot (../../node_modules/react-dom/cjs/react-dom.development.js:26156:3)
2026-10-04T20:37:47.7219706Z       at flushSyncCallbacks (../../node_modules/react-dom/cjs/react-dom.development.js:12042:22)
2026-10-04T20:37:47.7220829Z       at flushSync (../../node_modules/react-dom/cjs/react-dom.development.js:26240:7)
2026-10-04T20:37:47.7222821Z       at ReactDOMRoot.Object.<anonymous>.ReactDOMHydrationRoot.unmount.ReactDOMRoot.unmount [as unmount] (../../node_modules/react-dom/cjs/react-dom.development.js:29375:5)
2026-10-04T20:37:47.7224495Z       at Object.unmount (../../node_modules/@testing-library/react/dist/pure.js:155:12)
2026-10-04T20:37:47.7225442Z       at ../../node_modules/@testing-library/react/dist/pure.js:286:12
2026-10-04T20:37:47.7226310Z       at ../../node_modules/@testing-library/react/dist/act-compat.js:48:24
2026-10-04T20:37:47.7227197Z       at act (../../node_modules/react/cjs/react.development.js:2512:16)
2026-10-04T20:37:47.7228089Z       at ../../node_modules/@testing-library/react/dist/act-compat.js:47:25
2026-10-04T20:37:47.7229039Z       at ../../node_modules/@testing-library/react/dist/pure.js:285:28
2026-10-04T20:37:47.7229747Z           at Array.forEach (<anonymous>)
2026-10-04T20:37:47.7230511Z       at cleanup (../../node_modules/@testing-library/react/dist/pure.js:281:22)
2026-10-04T20:37:47.7231723Z       at Object.<anonymous> (../../node_modules/@testing-library/react/dist/index.js:29:25)
2026-10-04T20:37:47.7232566Z 
2026-10-04T20:37:47.7251900Z PASS test/unit/lib/mcremote-block-ref.test.js
2026-10-04T20:37:48.0040772Z PASS test/unit/components/error-boundary-hoc.test.jsx
2026-10-04T20:37:48.0089371Z   ● Console
2026-10-04T20:37:48.0112105Z 
2026-10-04T20:37:48.0142350Z     console.error
2026-10-04T20:37:48.0143119Z       Error: Uncaught [Error: Test error]
2026-10-04T20:37:48.0173388Z           at reportException (~/work/scratch-editor/scratch-editor/node_modules/jest-environment-jsdom/node_modules/jsdom/lib/jsdom/living/helpers/runtime-script-errors.js:66:24)
2026-10-04T20:37:48.0202983Z           at innerInvokeEventListeners (~/work/scratch-editor/scratch-editor/node_modules/jest-environment-jsdom/node_modules/jsdom/lib/jsdom/living/events/EventTarget-impl.js:353:9)
2026-10-04T20:37:48.0205573Z           at invokeEventListeners (~/work/scratch-editor/scratch-editor/node_modules/jest-environment-jsdom/node_modules/jsdom/lib/jsdom/living/events/EventTarget-impl.js:286:3)
2026-10-04T20:37:48.0208910Z           at HTMLUnknownElementImpl._dispatch (~/work/scratch-editor/scratch-editor/node_modules/jest-environment-jsdom/node_modules/jsdom/lib/jsdom/living/events/EventTarget-impl.js:233:9)
2026-10-04T20:37:48.0212573Z           at HTMLUnknownElementImpl.dispatchEvent (~/work/scratch-editor/scratch-editor/node_modules/jest-environment-jsdom/node_modules/jsdom/lib/jsdom/living/events/EventTarget-impl.js:104:17)
2026-10-04T20:37:48.0215819Z           at HTMLUnknownElement.dispatchEvent (~/work/scratch-editor/scratch-editor/node_modules/jest-environment-jsdom/node_modules/jsdom/lib/jsdom/living/generated/EventTarget.js:241:34)
2026-10-04T20:37:48.0219023Z           at Object.invokeGuardedCallbackDev (~/work/scratch-editor/scratch-editor/node_modules/react-dom/cjs/react-dom.development.js:4213:16)
2026-10-04T20:37:48.0221710Z           at invokeGuardedCallback (~/work/scratch-editor/scratch-editor/node_modules/react-dom/cjs/react-dom.development.js:4277:31)
2026-10-04T20:37:48.0223987Z           at beginWork$1 (~/work/scratch-editor/scratch-editor/node_modules/react-dom/cjs/react-dom.development.js:27490:7)
2026-10-04T20:37:48.0226613Z           at performUnitOfWork (~/work/scratch-editor/scratch-editor/node_modules/react-dom/cjs/react-dom.development.js:26599:12)
2026-10-04T20:37:48.0228826Z           at workLoopSync (~/work/scratch-editor/scratch-editor/node_modules/react-dom/cjs/react-dom.development.js:26505:5)
2026-10-04T20:37:48.0230977Z           at renderRootSync (~/work/scratch-editor/scratch-editor/node_modules/react-dom/cjs/react-dom.development.js:26473:7)
2026-10-04T20:37:48.0233826Z           at performConcurrentWorkOnRoot (~/work/scratch-editor/scratch-editor/node_modules/react-dom/cjs/react-dom.development.js:25777:74)
2026-10-04T20:37:48.0236035Z           at flushActQueue (~/work/scratch-editor/scratch-editor/node_modules/react/cjs/react.development.js:2667:24)
2026-10-04T20:37:48.0237998Z           at act (~/work/scratch-editor/scratch-editor/node_modules/react/cjs/react.development.js:2582:11)
2026-10-04T20:37:48.0239856Z           at ~/work/scratch-editor/scratch-editor/node_modules/@testing-library/react/dist/act-compat.js:47:25
2026-10-04T20:37:48.0241989Z           at renderRoot (~/work/scratch-editor/scratch-editor/node_modules/@testing-library/react/dist/pure.js:180:26)
2026-10-04T20:37:48.0243983Z           at render (~/work/scratch-editor/scratch-editor/node_modules/@testing-library/react/dist/pure.js:271:10)
2026-10-04T20:37:48.0246002Z           at renderWithIntl (~/work/scratch-editor/scratch-editor/packages/scratch-gui/test/helpers/intl-helpers.jsx:6:14)
2026-10-04T20:37:48.0248287Z           at Object.<anonymous> (~/work/scratch-editor/scratch-editor/packages/scratch-gui/test/unit/components/error-boundary-hoc.test.jsx:39:59)
2026-10-04T20:37:48.0250847Z           at Promise.then.completed (~/work/scratch-editor/scratch-editor/node_modules/jest-circus/build/utils.js:298:28)
2026-10-04T20:37:48.0252497Z           at new Promise (<anonymous>)
2026-10-04T20:37:48.0253922Z           at callAsyncCircusFn (~/work/scratch-editor/scratch-editor/node_modules/jest-circus/build/utils.js:231:10)
2026-10-04T20:37:48.0255867Z           at _callCircusTest (~/work/scratch-editor/scratch-editor/node_modules/jest-circus/build/run.js:316:40)
2026-10-04T20:37:48.0257477Z           at processTicksAndRejections (node:internal/process/task_queues:104:5)
2026-10-04T20:37:48.0259063Z           at _runTest (~/work/scratch-editor/scratch-editor/node_modules/jest-circus/build/run.js:252:3)
2026-10-04T20:37:48.0261122Z           at _runTestsForDescribeBlock (~/work/scratch-editor/scratch-editor/node_modules/jest-circus/build/run.js:126:9)
2026-10-04T20:37:48.0263461Z           at _runTestsForDescribeBlock (~/work/scratch-editor/scratch-editor/node_modules/jest-circus/build/run.js:121:9)
2026-10-04T20:37:48.0265437Z           at run (~/work/scratch-editor/scratch-editor/node_modules/jest-circus/build/run.js:71:3)
2026-10-04T20:37:48.0267761Z           at runAndTransformResultsToJestFormat (~/work/scratch-editor/scratch-editor/node_modules/jest-circus/build/legacy-code-todo-rewrite/jestAdapterInit.js:122:21)
2026-10-04T20:37:48.0270372Z           at jestAdapter (~/work/scratch-editor/scratch-editor/node_modules/jest-circus/build/legacy-code-todo-rewrite/jestAdapter.js:79:19)
2026-10-04T20:37:48.0272784Z           at runTestInternal (~/work/scratch-editor/scratch-editor/node_modules/jest-runner/build/runTest.js:367:16)
2026-10-04T20:37:48.0274706Z           at runTest (~/work/scratch-editor/scratch-editor/node_modules/jest-runner/build/runTest.js:444:34)
2026-10-04T20:37:48.0276649Z           at Object.worker (~/work/scratch-editor/scratch-editor/node_modules/jest-runner/build/testWorker.js:106:12) {
2026-10-04T20:37:48.0278043Z         detail: Error: Test error
2026-10-04T20:37:48.0279559Z             at ThrowError (~/work/scratch-editor/scratch-editor/packages/scratch-gui/test/unit/components/error-boundary-hoc.test.jsx:37:19)
2026-10-04T20:37:48.0282386Z             at renderWithHooks (~/work/scratch-editor/scratch-editor/node_modules/react-dom/cjs/react-dom.development.js:15486:18)
2026-10-04T20:37:48.0284747Z             at mountIndeterminateComponent (~/work/scratch-editor/scratch-editor/node_modules/react-dom/cjs/react-dom.development.js:20103:13)
2026-10-04T20:37:48.0287095Z             at beginWork (~/work/scratch-editor/scratch-editor/node_modules/react-dom/cjs/react-dom.development.js:21626:16)
2026-10-04T20:37:48.0289380Z             at HTMLUnknownElement.callCallback (~/work/scratch-editor/scratch-editor/node_modules/react-dom/cjs/react-dom.development.js:4164:14)
2026-10-04T20:37:48.0292631Z             at HTMLUnknownElement.callTheUserObjectsOperation (~/work/scratch-editor/scratch-editor/node_modules/jest-environment-jsdom/node_modules/jsdom/lib/jsdom/living/generated/EventListener.js:26:30)
2026-10-04T20:37:48.0295982Z             at innerInvokeEventListeners (~/work/scratch-editor/scratch-editor/node_modules/jest-environment-jsdom/node_modules/jsdom/lib/jsdom/living/events/EventTarget-impl.js:350:25)
2026-10-04T20:37:48.0299025Z             at invokeEventListeners (~/work/scratch-editor/scratch-editor/node_modules/jest-environment-jsdom/node_modules/jsdom/lib/jsdom/living/events/EventTarget-impl.js:286:3)
2026-10-04T20:37:48.0302270Z             at HTMLUnknownElementImpl._dispatch (~/work/scratch-editor/scratch-editor/node_modules/jest-environment-jsdom/node_modules/jsdom/lib/jsdom/living/events/EventTarget-impl.js:233:9)
2026-10-04T20:37:48.0305504Z             at HTMLUnknownElementImpl.dispatchEvent (~/work/scratch-editor/scratch-editor/node_modules/jest-environment-jsdom/node_modules/jsdom/lib/jsdom/living/events/EventTarget-impl.js:104:17)
2026-10-04T20:37:48.0309121Z             at HTMLUnknownElement.dispatchEvent (~/work/scratch-editor/scratch-editor/node_modules/jest-environment-jsdom/node_modules/jsdom/lib/jsdom/living/generated/EventTarget.js:241:34)
2026-10-04T20:37:48.0312242Z             at Object.invokeGuardedCallbackDev (~/work/scratch-editor/scratch-editor/node_modules/react-dom/cjs/react-dom.development.js:4213:16)
2026-10-04T20:37:48.0314676Z             at invokeGuardedCallback (~/work/scratch-editor/scratch-editor/node_modules/react-dom/cjs/react-dom.development.js:4277:31)
2026-10-04T20:37:48.0316892Z             at beginWork$1 (~/work/scratch-editor/scratch-editor/node_modules/react-dom/cjs/react-dom.development.js:27490:7)
2026-10-04T20:37:48.0319070Z             at performUnitOfWork (~/work/scratch-editor/scratch-editor/node_modules/react-dom/cjs/react-dom.development.js:26599:12)
2026-10-04T20:37:48.0321296Z             at workLoopSync (~/work/scratch-editor/scratch-editor/node_modules/react-dom/cjs/react-dom.development.js:26505:5)
2026-10-04T20:37:48.0323767Z             at renderRootSync (~/work/scratch-editor/scratch-editor/node_modules/react-dom/cjs/react-dom.development.js:26473:7)
2026-10-04T20:37:48.0326095Z             at performConcurrentWorkOnRoot (~/work/scratch-editor/scratch-editor/node_modules/react-dom/cjs/react-dom.development.js:25777:74)
2026-10-04T20:37:48.0328356Z             at flushActQueue (~/work/scratch-editor/scratch-editor/node_modules/react/cjs/react.development.js:2667:24)
2026-10-04T20:37:48.0330267Z             at act (~/work/scratch-editor/scratch-editor/node_modules/react/cjs/react.development.js:2582:11)
2026-10-04T20:37:48.0332522Z             at ~/work/scratch-editor/scratch-editor/node_modules/@testing-library/react/dist/act-compat.js:47:25
2026-10-04T20:37:48.0334522Z             at renderRoot (~/work/scratch-editor/scratch-editor/node_modules/@testing-library/react/dist/pure.js:180:26)
2026-10-04T20:37:48.0336533Z             at render (~/work/scratch-editor/scratch-editor/node_modules/@testing-library/react/dist/pure.js:271:10)
2026-10-04T20:37:48.0338867Z             at renderWithIntl (~/work/scratch-editor/scratch-editor/packages/scratch-gui/test/helpers/intl-helpers.jsx:6:14)
2026-10-04T20:37:48.0341212Z             at Object.<anonymous> (~/work/scratch-editor/scratch-editor/packages/scratch-gui/test/unit/components/error-boundary-hoc.test.jsx:39:59)
2026-10-04T20:37:48.0343730Z             at Promise.then.completed (~/work/scratch-editor/scratch-editor/node_modules/jest-circus/build/utils.js:298:28)
2026-10-04T20:37:48.0345139Z             at new Promise (<anonymous>)
2026-10-04T20:37:48.0346570Z             at callAsyncCircusFn (~/work/scratch-editor/scratch-editor/node_modules/jest-circus/build/utils.js:231:10)
2026-10-04T20:37:48.0348579Z             at _callCircusTest (~/work/scratch-editor/scratch-editor/node_modules/jest-circus/build/run.js:316:40)
2026-10-04T20:37:48.0350192Z             at processTicksAndRejections (node:internal/process/task_queues:104:5)
2026-10-04T20:37:48.0352053Z             at _runTest (~/work/scratch-editor/scratch-editor/node_modules/jest-circus/build/run.js:252:3)
2026-10-04T20:37:48.0354035Z             at _runTestsForDescribeBlock (~/work/scratch-editor/scratch-editor/node_modules/jest-circus/build/run.js:126:9)
2026-10-04T20:37:48.0356122Z             at _runTestsForDescribeBlock (~/work/scratch-editor/scratch-editor/node_modules/jest-circus/build/run.js:121:9)
2026-10-04T20:37:48.0358022Z             at run (~/work/scratch-editor/scratch-editor/node_modules/jest-circus/build/run.js:71:3)
2026-10-04T20:37:48.0360385Z             at runAndTransformResultsToJestFormat (~/work/scratch-editor/scratch-editor/node_modules/jest-circus/build/legacy-code-todo-rewrite/jestAdapterInit.js:122:21)
2026-10-04T20:37:48.0363613Z             at jestAdapter (~/work/scratch-editor/scratch-editor/node_modules/jest-circus/build/legacy-code-todo-rewrite/jestAdapter.js:79:19)
2026-10-04T20:37:48.0365871Z             at runTestInternal (~/work/scratch-editor/scratch-editor/node_modules/jest-runner/build/runTest.js:367:16)
2026-10-04T20:37:48.0367806Z             at runTest (~/work/scratch-editor/scratch-editor/node_modules/jest-runner/build/runTest.js:444:34)
2026-10-04T20:37:48.0370448Z             at Object.worker (~/work/scratch-editor/scratch-editor/node_modules/jest-runner/build/testWorker.js:106:12),
2026-10-04T20:37:48.0372510Z         type: 'unhandled exception'
2026-10-04T20:37:48.0373588Z       }
2026-10-04T20:37:48.0374029Z 
2026-10-04T20:37:48.0374655Z       4 |
2026-10-04T20:37:48.0376661Z       5 | const renderWithIntl = (ui, {locale = 'en', messages = {}} = {}) => ({
2026-10-04T20:37:48.0378566Z     > 6 |     ...render(
2026-10-04T20:37:48.0391280Z         |              ^
2026-10-04T20:37:48.0392864Z       7 |         <IntlProvider
2026-10-04T20:37:48.0394067Z       8 |             locale={locale}
2026-10-04T20:37:48.0395259Z       9 |             messages={messages}
2026-10-04T20:37:48.0395987Z 
2026-10-04T20:37:48.0396863Z       at VirtualConsole.<anonymous> (../../node_modules/jest-environment-jsdom/build/index.js:63:23)
2026-10-04T20:37:48.0398595Z       at Object.invokeGuardedCallbackDev (../../node_modules/react-dom/cjs/react-dom.development.js:4213:16)
2026-10-04T20:37:48.0400316Z       at invokeGuardedCallback (../../node_modules/react-dom/cjs/react-dom.development.js:4277:31)
2026-10-04T20:37:48.0402065Z       at beginWork$1 (../../node_modules/react-dom/cjs/react-dom.development.js:27490:7)
2026-10-04T20:37:48.0403590Z       at performUnitOfWork (../../node_modules/react-dom/cjs/react-dom.development.js:26599:12)
2026-10-04T20:37:48.0405104Z       at workLoopSync (../../node_modules/react-dom/cjs/react-dom.development.js:26505:5)
2026-10-04T20:37:48.0406872Z       at renderRootSync (../../node_modules/react-dom/cjs/react-dom.development.js:26473:7)
2026-10-04T20:37:48.0408540Z       at performConcurrentWorkOnRoot (../../node_modules/react-dom/cjs/react-dom.development.js:25777:74)
2026-10-04T20:37:48.0410093Z       at flushActQueue (../../node_modules/react/cjs/react.development.js:2667:24)
2026-10-04T20:37:48.0411388Z       at act (../../node_modules/react/cjs/react.development.js:2582:11)
2026-10-04T20:37:48.0412913Z       at ../../node_modules/@testing-library/react/dist/act-compat.js:47:25
2026-10-04T20:37:48.0414226Z       at renderRoot (../../node_modules/@testing-library/react/dist/pure.js:180:26)
2026-10-04T20:37:48.0415651Z       at render (../../node_modules/@testing-library/react/dist/pure.js:271:10)
2026-10-04T20:37:48.0416816Z       at renderWithIntl (test/helpers/intl-helpers.jsx:6:14)
2026-10-04T20:37:48.0417993Z       at Object.<anonymous> (test/unit/components/error-boundary-hoc.test.jsx:39:59)
2026-10-04T20:37:48.0418818Z 
2026-10-04T20:37:48.0419202Z     console.error
2026-10-04T20:37:48.0419946Z       Error: Uncaught [Error: Test error]
2026-10-04T20:37:48.0422245Z           at reportException (~/work/scratch-editor/scratch-editor/node_modules/jest-environment-jsdom/node_modules/jsdom/lib/jsdom/living/helpers/runtime-script-errors.js:66:24)
2026-10-04T20:37:48.0425340Z           at innerInvokeEventListeners (~/work/scratch-editor/scratch-editor/node_modules/jest-environment-jsdom/node_modules/jsdom/lib/jsdom/living/events/EventTarget-impl.js:353:9)
2026-10-04T20:37:48.0428412Z           at invokeEventListeners (~/work/scratch-editor/scratch-editor/node_modules/jest-environment-jsdom/node_modules/jsdom/lib/jsdom/living/events/EventTarget-impl.js:286:3)
2026-10-04T20:37:48.0432120Z           at HTMLUnknownElementImpl._dispatch (~/work/scratch-editor/scratch-editor/node_modules/jest-environment-jsdom/node_modules/jsdom/lib/jsdom/living/events/EventTarget-impl.js:233:9)
2026-10-04T20:37:48.0435206Z           at HTMLUnknownElementImpl.dispatchEvent (~/work/scratch-editor/scratch-editor/node_modules/jest-environment-jsdom/node_modules/jsdom/lib/jsdom/living/events/EventTarget-impl.js:104:17)
2026-10-04T20:37:48.0438363Z           at HTMLUnknownElement.dispatchEvent (~/work/scratch-editor/scratch-editor/node_modules/jest-environment-jsdom/node_modules/jsdom/lib/jsdom/living/generated/EventTarget.js:241:34)
2026-10-04T20:37:48.0441256Z           at Object.invokeGuardedCallbackDev (~/work/scratch-editor/scratch-editor/node_modules/react-dom/cjs/react-dom.development.js:4213:16)
2026-10-04T20:37:48.0443991Z           at invokeGuardedCallback (~/work/scratch-editor/scratch-editor/node_modules/react-dom/cjs/react-dom.development.js:4277:31)
2026-10-04T20:37:48.0446291Z           at beginWork$1 (~/work/scratch-editor/scratch-editor/node_modules/react-dom/cjs/react-dom.development.js:27490:7)
2026-10-04T20:37:48.0448554Z           at performUnitOfWork (~/work/scratch-editor/scratch-editor/node_modules/react-dom/cjs/react-dom.development.js:26599:12)
2026-10-04T20:37:48.0450827Z           at workLoopSync (~/work/scratch-editor/scratch-editor/node_modules/react-dom/cjs/react-dom.development.js:26505:5)
2026-10-04T20:37:48.0453330Z           at renderRootSync (~/work/scratch-editor/scratch-editor/node_modules/react-dom/cjs/react-dom.development.js:26473:7)
2026-10-04T20:37:48.0455692Z           at recoverFromConcurrentError (~/work/scratch-editor/scratch-editor/node_modules/react-dom/cjs/react-dom.development.js:25889:20)
2026-10-04T20:37:48.0458017Z           at performConcurrentWorkOnRoot (~/work/scratch-editor/scratch-editor/node_modules/react-dom/cjs/react-dom.development.js:25789:22)
2026-10-04T20:37:48.0460144Z           at flushActQueue (~/work/scratch-editor/scratch-editor/node_modules/react/cjs/react.development.js:2667:24)
2026-10-04T20:37:48.0462737Z           at act (~/work/scratch-editor/scratch-editor/node_modules/react/cjs/react.development.js:2582:11)
2026-10-04T20:37:48.0464707Z           at ~/work/scratch-editor/scratch-editor/node_modules/@testing-library/react/dist/act-compat.js:47:25
2026-10-04T20:37:48.0466769Z           at renderRoot (~/work/scratch-editor/scratch-editor/node_modules/@testing-library/react/dist/pure.js:180:26)
2026-10-04T20:37:48.0468813Z           at render (~/work/scratch-editor/scratch-editor/node_modules/@testing-library/react/dist/pure.js:271:10)
2026-10-04T20:37:48.0470916Z           at renderWithIntl (~/work/scratch-editor/scratch-editor/packages/scratch-gui/test/helpers/intl-helpers.jsx:6:14)
2026-10-04T20:37:48.0473560Z           at Object.<anonymous> (~/work/scratch-editor/scratch-editor/packages/scratch-gui/test/unit/components/error-boundary-hoc.test.jsx:39:59)
2026-10-04T20:37:48.0475844Z           at Promise.then.completed (~/work/scratch-editor/scratch-editor/node_modules/jest-circus/build/utils.js:298:28)
2026-10-04T20:37:48.0477316Z           at new Promise (<anonymous>)
2026-10-04T20:37:48.0478804Z           at callAsyncCircusFn (~/work/scratch-editor/scratch-editor/node_modules/jest-circus/build/utils.js:231:10)
2026-10-04T20:37:48.0480844Z           at _callCircusTest (~/work/scratch-editor/scratch-editor/node_modules/jest-circus/build/run.js:316:40)
2026-10-04T20:37:48.0482795Z           at processTicksAndRejections (node:internal/process/task_queues:104:5)
2026-10-04T20:37:48.0484427Z           at _runTest (~/work/scratch-editor/scratch-editor/node_modules/jest-circus/build/run.js:252:3)
2026-10-04T20:37:48.0486799Z           at _runTestsForDescribeBlock (~/work/scratch-editor/scratch-editor/node_modules/jest-circus/build/run.js:126:9)
2026-10-04T20:37:48.0488838Z           at _runTestsForDescribeBlock (~/work/scratch-editor/scratch-editor/node_modules/jest-circus/build/run.js:121:9)
2026-10-04T20:37:48.0490756Z           at run (~/work/scratch-editor/scratch-editor/node_modules/jest-circus/build/run.js:71:3)
2026-10-04T20:37:48.0493289Z           at runAndTransformResultsToJestFormat (~/work/scratch-editor/scratch-editor/node_modules/jest-circus/build/legacy-code-todo-rewrite/jestAdapterInit.js:122:21)
2026-10-04T20:37:48.0495853Z           at jestAdapter (~/work/scratch-editor/scratch-editor/node_modules/jest-circus/build/legacy-code-todo-rewrite/jestAdapter.js:79:19)
2026-10-04T20:37:48.0497999Z           at runTestInternal (~/work/scratch-editor/scratch-editor/node_modules/jest-runner/build/runTest.js:367:16)
2026-10-04T20:37:48.0499867Z           at runTest (~/work/scratch-editor/scratch-editor/node_modules/jest-runner/build/runTest.js:444:34)
2026-10-04T20:37:48.0501952Z           at Object.worker (~/work/scratch-editor/scratch-editor/node_modules/jest-runner/build/testWorker.js:106:12) {
2026-10-04T20:37:48.0503307Z         detail: Error: Test error
2026-10-04T20:37:48.0504894Z             at ThrowError (~/work/scratch-editor/scratch-editor/packages/scratch-gui/test/unit/components/error-boundary-hoc.test.jsx:37:19)
2026-10-04T20:37:48.0507127Z             at renderWithHooks (~/work/scratch-editor/scratch-editor/node_modules/react-dom/cjs/react-dom.development.js:15486:18)
2026-10-04T20:37:48.0509354Z             at mountIndeterminateComponent (~/work/scratch-editor/scratch-editor/node_modules/react-dom/cjs/react-dom.development.js:20103:13)
2026-10-04T20:37:48.0511806Z             at beginWork (~/work/scratch-editor/scratch-editor/node_modules/react-dom/cjs/react-dom.development.js:21626:16)
2026-10-04T20:37:48.0514040Z             at HTMLUnknownElement.callCallback (~/work/scratch-editor/scratch-editor/node_modules/react-dom/cjs/react-dom.development.js:4164:14)
2026-10-04T20:37:48.0517160Z             at HTMLUnknownElement.callTheUserObjectsOperation (~/work/scratch-editor/scratch-editor/node_modules/jest-environment-jsdom/node_modules/jsdom/lib/jsdom/living/generated/EventListener.js:26:30)
2026-10-04T20:37:48.0520330Z             at innerInvokeEventListeners (~/work/scratch-editor/scratch-editor/node_modules/jest-environment-jsdom/node_modules/jsdom/lib/jsdom/living/events/EventTarget-impl.js:350:25)
2026-10-04T20:37:48.0523422Z             at invokeEventListeners (~/work/scratch-editor/scratch-editor/node_modules/jest-environment-jsdom/node_modules/jsdom/lib/jsdom/living/events/EventTarget-impl.js:286:3)
2026-10-04T20:37:48.0528671Z             at HTMLUnknownElementImpl._dispatch (~/work/scratch-editor/scratch-editor/node_modules/jest-environment-jsdom/node_modules/jsdom/lib/jsdom/living/events/EventTarget-impl.js:233:9)
2026-10-04T20:37:48.0532088Z             at HTMLUnknownElementImpl.dispatchEvent (~/work/scratch-editor/scratch-editor/node_modules/jest-environment-jsdom/node_modules/jsdom/lib/jsdom/living/events/EventTarget-impl.js:104:17)
2026-10-04T20:37:48.0535227Z             at HTMLUnknownElement.dispatchEvent (~/work/scratch-editor/scratch-editor/node_modules/jest-environment-jsdom/node_modules/jsdom/lib/jsdom/living/generated/EventTarget.js:241:34)
2026-10-04T20:37:48.0537925Z             at Object.invokeGuardedCallbackDev (~/work/scratch-editor/scratch-editor/node_modules/react-dom/cjs/react-dom.development.js:4213:16)
2026-10-04T20:37:48.0540072Z             at invokeGuardedCallback (~/work/scratch-editor/scratch-editor/node_modules/react-dom/cjs/react-dom.development.js:4277:31)
2026-10-04T20:37:48.0542468Z             at beginWork$1 (~/work/scratch-editor/scratch-editor/node_modules/react-dom/cjs/react-dom.development.js:27490:7)
2026-10-04T20:37:48.0544988Z             at performUnitOfWork (~/work/scratch-editor/scratch-editor/node_modules/react-dom/cjs/react-dom.development.js:26599:12)
2026-10-04T20:37:48.0547071Z             at workLoopSync (~/work/scratch-editor/scratch-editor/node_modules/react-dom/cjs/react-dom.development.js:26505:5)
2026-10-04T20:37:48.0549165Z             at renderRootSync (~/work/scratch-editor/scratch-editor/node_modules/react-dom/cjs/react-dom.development.js:26473:7)
2026-10-04T20:37:48.0551341Z             at recoverFromConcurrentError (~/work/scratch-editor/scratch-editor/node_modules/react-dom/cjs/react-dom.development.js:25889:20)
2026-10-04T20:37:48.0559699Z             at performConcurrentWorkOnRoot (~/work/scratch-editor/scratch-editor/node_modules/react-dom/cjs/react-dom.development.js:25789:22)
2026-10-04T20:37:48.0562240Z             at flushActQueue (~/work/scratch-editor/scratch-editor/node_modules/react/cjs/react.development.js:2667:24)
2026-10-04T20:37:48.0565976Z             at act (~/work/scratch-editor/scratch-editor/node_modules/react/cjs/react.development.js:2582:11)
2026-10-04T20:37:48.0567941Z             at ~/work/scratch-editor/scratch-editor/node_modules/@testing-library/react/dist/act-compat.js:47:25
2026-10-04T20:37:48.0569915Z             at renderRoot (~/work/scratch-editor/scratch-editor/node_modules/@testing-library/react/dist/pure.js:180:26)
2026-10-04T20:37:48.0579354Z             at render (~/work/scratch-editor/scratch-editor/node_modules/@testing-library/react/dist/pure.js:271:10)
2026-10-04T20:37:48.0581428Z             at renderWithIntl (~/work/scratch-editor/scratch-editor/packages/scratch-gui/test/helpers/intl-helpers.jsx:6:14)
2026-10-04T20:37:48.0583930Z             at Object.<anonymous> (~/work/scratch-editor/scratch-editor/packages/scratch-gui/test/unit/components/error-boundary-hoc.test.jsx:39:59)
2026-10-04T20:37:48.0586287Z             at Promise.then.completed (~/work/scratch-editor/scratch-editor/node_modules/jest-circus/build/utils.js:298:28)
2026-10-04T20:37:48.0587734Z             at new Promise (<anonymous>)
2026-10-04T20:37:48.0589495Z             at callAsyncCircusFn (~/work/scratch-editor/scratch-editor/node_modules/jest-circus/build/utils.js:231:10)
2026-10-04T20:37:48.0643220Z             at _callCircusTest (~/work/scratch-editor/scratch-editor/node_modules/jest-circus/build/run.js:316:40)
2026-10-04T20:37:48.0645074Z             at processTicksAndRejections (node:internal/process/task_queues:104:5)
2026-10-04T20:37:48.0672808Z             at _runTest (~/work/scratch-editor/scratch-editor/node_modules/jest-circus/build/run.js:252:3)
2026-10-04T20:37:48.0703009Z             at _runTestsForDescribeBlock (~/work/scratch-editor/scratch-editor/node_modules/jest-circus/build/run.js:126:9)
2026-10-04T20:37:48.0712376Z             at _runTestsForDescribeBlock (~/work/scratch-editor/scratch-editor/node_modules/jest-circus/build/run.js:121:9)
2026-10-04T20:37:48.0714406Z             at run (~/work/scratch-editor/scratch-editor/node_modules/jest-circus/build/run.js:71:3)
2026-10-04T20:37:48.0716840Z             at runAndTransformResultsToJestFormat (~/work/scratch-editor/scratch-editor/node_modules/jest-circus/build/legacy-code-todo-rewrite/jestAdapterInit.js:122:21)
2026-10-04T20:37:48.0719530Z             at jestAdapter (~/work/scratch-editor/scratch-editor/node_modules/jest-circus/build/legacy-code-todo-rewrite/jestAdapter.js:79:19)
2026-10-04T20:37:48.0722110Z             at runTestInternal (~/work/scratch-editor/scratch-editor/node_modules/jest-runner/build/runTest.js:367:16)
2026-10-04T20:37:48.0724142Z             at runTest (~/work/scratch-editor/scratch-editor/node_modules/jest-runner/build/runTest.js:444:34)
2026-10-04T20:37:48.0726666Z             at Object.worker (~/work/scratch-editor/scratch-editor/node_modules/jest-runner/build/testWorker.js:106:12),
2026-10-04T20:37:48.0728142Z         type: 'unhandled exception'
2026-10-04T20:37:48.0728926Z       }
2026-10-04T20:37:48.0729362Z 
2026-10-04T20:37:48.0729995Z       4 |
2026-10-04T20:37:48.0732072Z       5 | const renderWithIntl = (ui, {locale = 'en', messages = {}} = {}) => ({
2026-10-04T20:37:48.0733918Z     > 6 |     ...render(
2026-10-04T20:37:48.0735028Z         |              ^
2026-10-04T20:37:48.0736143Z       7 |         <IntlProvider
2026-10-04T20:37:48.0737252Z       8 |             locale={locale}
2026-10-04T20:37:48.0738379Z       9 |             messages={messages}
2026-10-04T20:37:48.0739051Z 
2026-10-04T20:37:48.0739915Z       at VirtualConsole.<anonymous> (../../node_modules/jest-environment-jsdom/build/index.js:63:23)
2026-10-04T20:37:48.0741835Z       at Object.invokeGuardedCallbackDev (../../node_modules/react-dom/cjs/react-dom.development.js:4213:16)
2026-10-04T20:37:48.0743568Z       at invokeGuardedCallback (../../node_modules/react-dom/cjs/react-dom.development.js:4277:31)
2026-10-04T20:37:48.0745081Z       at beginWork$1 (../../node_modules/react-dom/cjs/react-dom.development.js:27490:7)
2026-10-04T20:37:48.0746589Z       at performUnitOfWork (../../node_modules/react-dom/cjs/react-dom.development.js:26599:12)
2026-10-04T20:37:48.0748092Z       at workLoopSync (../../node_modules/react-dom/cjs/react-dom.development.js:26505:5)
2026-10-04T20:37:48.0749559Z       at renderRootSync (../../node_modules/react-dom/cjs/react-dom.development.js:26473:7)
2026-10-04T20:37:48.0751299Z       at recoverFromConcurrentError (../../node_modules/react-dom/cjs/react-dom.development.js:25889:20)
2026-10-04T20:37:48.0753279Z       at performConcurrentWorkOnRoot (../../node_modules/react-dom/cjs/react-dom.development.js:25789:22)
2026-10-04T20:37:48.0754824Z       at flushActQueue (../../node_modules/react/cjs/react.development.js:2667:24)
2026-10-04T20:37:48.0756116Z       at act (../../node_modules/react/cjs/react.development.js:2582:11)
2026-10-04T20:37:48.0757635Z       at ../../node_modules/@testing-library/react/dist/act-compat.js:47:25
2026-10-04T20:37:48.0758994Z       at renderRoot (../../node_modules/@testing-library/react/dist/pure.js:180:26)
2026-10-04T20:37:48.0760334Z       at render (../../node_modules/@testing-library/react/dist/pure.js:271:10)
2026-10-04T20:37:48.0761793Z       at renderWithIntl (test/helpers/intl-helpers.jsx:6:14)
2026-10-04T20:37:48.0763097Z       at Object.<anonymous> (test/unit/components/error-boundary-hoc.test.jsx:39:59)
2026-10-04T20:37:48.0763964Z 
2026-10-04T20:37:48.0764340Z     console.error
2026-10-04T20:37:48.0765197Z       The above error occurred in the <ThrowError> component:
2026-10-04T20:37:48.0766090Z       
2026-10-04T20:37:48.0767582Z           at ThrowError (~/work/scratch-editor/scratch-editor/packages/scratch-gui/test/unit/components/error-boundary-hoc.test.jsx:37:19)
2026-10-04T20:37:48.0769897Z           at ErrorBoundary (~/work/scratch-editor/scratch-editor/packages/scratch-gui/src/containers/error-boundary.jsx:11:9)
2026-10-04T20:37:48.0772339Z           at ConnectFunction (~/work/scratch-editor/scratch-editor/node_modules/react-redux/lib/components/connect.js:246:74)
2026-10-04T20:37:48.0774471Z           at Provider (~/work/scratch-editor/scratch-editor/node_modules/react-redux/lib/components/Provider.js:19:3)
2026-10-04T20:37:48.0776695Z           at IntlProvider (~/work/scratch-editor/scratch-editor/node_modules/react-intl/src/components/provider.js:33:47)
2026-10-04T20:37:48.0778059Z       
2026-10-04T20:37:48.0779282Z       React will try to recreate this component tree from scratch using the error boundary you provided, ErrorBoundary.
2026-10-04T20:37:48.0780761Z 
2026-10-04T20:37:48.0781261Z       4 |
2026-10-04T20:37:48.0783329Z       5 | const renderWithIntl = (ui, {locale = 'en', messages = {}} = {}) => ({
2026-10-04T20:37:48.0785144Z     > 6 |     ...render(
2026-10-04T20:37:48.0786361Z         |              ^
2026-10-04T20:37:48.0787458Z       7 |         <IntlProvider
2026-10-04T20:37:48.0788606Z       8 |             locale={locale}
2026-10-04T20:37:48.0789816Z       9 |             messages={messages}
2026-10-04T20:37:48.0790519Z 
2026-10-04T20:37:48.0791322Z       at logCapturedError (../../node_modules/react-dom/cjs/react-dom.development.js:18704:23)
2026-10-04T20:37:48.0793205Z       at ErrorBoundary.callback (../../node_modules/react-dom/cjs/react-dom.development.js:18772:7)
2026-10-04T20:37:48.0794785Z       at callCallback (../../node_modules/react-dom/cjs/react-dom.development.js:15036:12)
2026-10-04T20:37:48.0796318Z       at commitUpdateQueue (../../node_modules/react-dom/cjs/react-dom.development.js:15057:9)
2026-10-04T20:37:48.0797999Z       at commitLayoutEffectOnFiber (../../node_modules/react-dom/cjs/react-dom.development.js:23403:13)
2026-10-04T20:37:48.0799758Z       at commitLayoutMountEffects_complete (../../node_modules/react-dom/cjs/react-dom.development.js:24727:9)
2026-10-04T20:37:48.0801728Z       at commitLayoutEffects_begin (../../node_modules/react-dom/cjs/react-dom.development.js:24713:7)
2026-10-04T20:37:48.0803389Z       at commitLayoutEffects (../../node_modules/react-dom/cjs/react-dom.development.js:24651:3)
2026-10-04T20:37:48.0804932Z       at commitRootImpl (../../node_modules/react-dom/cjs/react-dom.development.js:26862:5)
2026-10-04T20:37:48.0806386Z       at commitRoot (../../node_modules/react-dom/cjs/react-dom.development.js:26721:5)
2026-10-04T20:37:48.0807933Z       at finishConcurrentRender (../../node_modules/react-dom/cjs/react-dom.development.js:25931:9)
2026-10-04T20:37:48.0809574Z       at performConcurrentWorkOnRoot (../../node_modules/react-dom/cjs/react-dom.development.js:25848:7)
2026-10-04T20:37:48.0824336Z       at flushActQueue (../../node_modules/react/cjs/react.development.js:2667:24)
2026-10-04T20:37:48.0825673Z       at act (../../node_modules/react/cjs/react.development.js:2582:11)
2026-10-04T20:37:48.0826938Z       at ../../node_modules/@testing-library/react/dist/act-compat.js:47:25
2026-10-04T20:37:48.0828274Z       at renderRoot (../../node_modules/@testing-library/react/dist/pure.js:180:26)
2026-10-04T20:37:48.0829597Z       at render (../../node_modules/@testing-library/react/dist/pure.js:271:10)
2026-10-04T20:37:48.0830799Z       at renderWithIntl (test/helpers/intl-helpers.jsx:6:14)
2026-10-04T20:37:48.0832310Z       at Object.<anonymous> (test/unit/components/error-boundary-hoc.test.jsx:39:59)
2026-10-04T20:37:48.0833214Z 
2026-10-04T20:37:48.0833600Z     console.error
2026-10-04T20:37:48.0835180Z       Warning: Box: Support for defaultProps will be removed from function components in a future major release. Use JavaScript default parameters instead.
2026-10-04T20:37:48.0837537Z           at alignContent (~/work/scratch-editor/scratch-editor/packages/scratch-gui/src/components/box/box.jsx:33:9)
2026-10-04T20:37:48.0839069Z           at div
2026-10-04T20:37:48.0840595Z           at eventId (~/work/scratch-editor/scratch-editor/packages/scratch-gui/src/components/crash-message/crash-message.jsx:32:20)
2026-10-04T20:37:48.0843118Z           at ErrorBoundary (~/work/scratch-editor/scratch-editor/packages/scratch-gui/src/containers/error-boundary.jsx:11:9)
2026-10-04T20:37:48.0845317Z           at ConnectFunction (~/work/scratch-editor/scratch-editor/node_modules/react-redux/lib/components/connect.js:246:74)
2026-10-04T20:37:48.0847422Z           at Provider (~/work/scratch-editor/scratch-editor/node_modules/react-redux/lib/components/Provider.js:19:3)
2026-10-04T20:37:48.0849804Z           at IntlProvider (~/work/scratch-editor/scratch-editor/node_modules/react-intl/src/components/provider.js:33:47)
2026-10-04T20:37:48.0851006Z 
2026-10-04T20:37:48.0851777Z       4 |
2026-10-04T20:37:48.0853615Z       5 | const renderWithIntl = (ui, {locale = 'en', messages = {}} = {}) => ({
2026-10-04T20:37:48.0855389Z     > 6 |     ...render(
2026-10-04T20:37:48.0856520Z         |              ^
2026-10-04T20:37:48.0857627Z       7 |         <IntlProvider
2026-10-04T20:37:48.0858771Z       8 |             locale={locale}
2026-10-04T20:37:48.0859910Z       9 |             messages={messages}
2026-10-04T20:37:48.0860605Z 
2026-10-04T20:37:48.0861351Z       at printWarning (../../node_modules/react-dom/cjs/react-dom.development.js:86:30)
2026-10-04T20:37:48.0862991Z       at error (../../node_modules/react-dom/cjs/react-dom.development.js:60:7)
2026-10-04T20:37:48.0864551Z       at validateFunctionComponentInDev (../../node_modules/react-dom/cjs/react-dom.development.js:20230:9)
2026-10-04T20:37:48.0866316Z       at mountIndeterminateComponent (../../node_modules/react-dom/cjs/react-dom.development.js:20189:7)
2026-10-04T20:37:48.0867827Z       at beginWork (../../node_modules/react-dom/cjs/react-dom.development.js:21626:16)
2026-10-04T20:37:48.0869258Z       at beginWork$1 (../../node_modules/react-dom/cjs/react-dom.development.js:27465:14)
2026-10-04T20:37:48.0870777Z       at performUnitOfWork (../../node_modules/react-dom/cjs/react-dom.development.js:26599:12)
2026-10-04T20:37:48.0872574Z       at workLoopSync (../../node_modules/react-dom/cjs/react-dom.development.js:26505:5)
2026-10-04T20:37:48.0874093Z       at renderRootSync (../../node_modules/react-dom/cjs/react-dom.development.js:26473:7)
2026-10-04T20:37:48.0875655Z       at performSyncWorkOnRoot (../../node_modules/react-dom/cjs/react-dom.development.js:26124:20)
2026-10-04T20:37:48.0877245Z       at flushSyncCallbacks (../../node_modules/react-dom/cjs/react-dom.development.js:12042:22)
2026-10-04T20:37:48.0879108Z       at commitRootImpl (../../node_modules/react-dom/cjs/react-dom.development.js:26998:3)
2026-10-04T20:37:48.0880572Z       at commitRoot (../../node_modules/react-dom/cjs/react-dom.development.js:26721:5)
2026-10-04T20:37:48.0882211Z       at finishConcurrentRender (../../node_modules/react-dom/cjs/react-dom.development.js:25931:9)
2026-10-04T20:37:48.0883854Z       at performConcurrentWorkOnRoot (../../node_modules/react-dom/cjs/react-dom.development.js:25848:7)
2026-10-04T20:37:48.0885240Z       at flushActQueue (../../node_modules/react/cjs/react.development.js:2667:24)
2026-10-04T20:37:48.0886463Z       at act (../../node_modules/react/cjs/react.development.js:2582:11)
2026-10-04T20:37:48.0887602Z       at ../../node_modules/@testing-library/react/dist/act-compat.js:47:25
2026-10-04T20:37:48.0888794Z       at renderRoot (../../node_modules/@testing-library/react/dist/pure.js:180:26)
2026-10-04T20:37:48.0890484Z       at render (../../node_modules/@testing-library/react/dist/pure.js:271:10)
2026-10-04T20:37:48.0891961Z       at renderWithIntl (test/helpers/intl-helpers.jsx:6:14)
2026-10-04T20:37:48.0893257Z       at Object.<anonymous> (test/unit/components/error-boundary-hoc.test.jsx:39:59)
2026-10-04T20:37:48.0894130Z 
2026-10-04T20:37:48.0894704Z PASS test/unit/lib/mcremote-block-names.test.js
2026-10-04T20:37:48.1129124Z PASS test/unit/util/blockly-input-editing-shortcuts.test.js
2026-10-04T20:37:48.1943365Z PASS test/unit/util/tutorial-from-url.test.js
2026-10-04T20:37:48.2622999Z PASS test/unit/reducers/mcremote-observation-reducer.test.js
2026-10-04T20:37:48.3240490Z PASS test/unit/reducers/mode-reducer.test.js
2026-10-04T20:37:48.3482918Z PASS test/unit/components/cards.test.jsx
2026-10-04T20:37:48.3512737Z   ● Console
2026-10-04T20:37:48.3532312Z 
2026-10-04T20:37:48.3572369Z     console.warn
2026-10-04T20:37:48.3573788Z       Warning: componentWillReceiveProps has been renamed, and is not recommended for use. See https://reactjs.org/link/unsafe-component-lifecycles for details.
2026-10-04T20:37:48.3575065Z       
2026-10-04T20:37:48.3575678Z       * Move data fetching code or side effects to componentDidUpdate.
2026-10-04T20:37:48.3577597Z       * If you're updating state whenever props change, refactor your code to use memoization techniques or move it to static getDerivedStateFromProps. Learn more at: https://reactjs.org/link/derived-state
2026-10-04T20:37:48.3581051Z       * Rename componentWillReceiveProps to UNSAFE_componentWillReceiveProps to suppress this warning in non-strict mode. In React 18.x, only the UNSAFE_ name will work. To rename all deprecated lifecycles to their new names, you can run `npx react-codemod rename-unsafe-lifecycles` in your project source folder.
2026-10-04T20:37:48.3583550Z       
2026-10-04T20:37:48.3584100Z       Please update the following components: Draggable
2026-10-04T20:37:48.3584534Z 
2026-10-04T20:37:48.3584896Z       4 |
2026-10-04T20:37:48.3586421Z       5 | const renderWithIntl = (ui, {locale = 'en', messages = {}} = {}) => ({
2026-10-04T20:37:48.3588145Z     > 6 |     ...render(
2026-10-04T20:37:48.3589041Z         |              ^
2026-10-04T20:37:48.3589942Z       7 |         <IntlProvider
2026-10-04T20:37:48.3590838Z       8 |             locale={locale}
2026-10-04T20:37:48.3591991Z       9 |             messages={messages}
2026-10-04T20:37:48.3592547Z 
2026-10-04T20:37:48.3593422Z       at printWarning (../../node_modules/react-dom/cjs/react-dom.development.js:86:30)
2026-10-04T20:37:48.3594783Z       at warn (../../node_modules/react-dom/cjs/react-dom.development.js:49:7)
2026-10-04T20:37:48.3596756Z       at Object.<anonymous>.ReactStrictModeWarnings.flushPendingUnsafeLifecycleWarnings (../../node_modules/react-dom/cjs/react-dom.development.js:12912:7)
2026-10-04T20:37:48.3599476Z       at flushRenderPhaseStrictModeWarningsInDEV (../../node_modules/react-dom/cjs/react-dom.development.js:27349:31)
2026-10-04T20:37:48.3601178Z       at commitRootImpl (../../node_modules/react-dom/cjs/react-dom.development.js:26741:3)
2026-10-04T20:37:48.3603024Z       at commitRoot (../../node_modules/react-dom/cjs/react-dom.development.js:26721:5)
2026-10-04T20:37:48.3604631Z       at finishConcurrentRender (../../node_modules/react-dom/cjs/react-dom.development.js:26020:9)
2026-10-04T20:37:48.3606379Z       at performConcurrentWorkOnRoot (../../node_modules/react-dom/cjs/react-dom.development.js:25848:7)
2026-10-04T20:37:48.3607966Z       at flushActQueue (../../node_modules/react/cjs/react.development.js:2667:24)
2026-10-04T20:37:48.3609336Z       at act (../../node_modules/react/cjs/react.development.js:2582:11)
2026-10-04T20:37:48.3610618Z       at ../../node_modules/@testing-library/react/dist/act-compat.js:47:25
2026-10-04T20:37:48.3612261Z       at renderRoot (../../node_modules/@testing-library/react/dist/pure.js:180:26)
2026-10-04T20:37:48.3613684Z       at render (../../node_modules/@testing-library/react/dist/pure.js:271:10)
2026-10-04T20:37:48.3614915Z       at renderWithIntl (test/helpers/intl-helpers.jsx:6:14)
2026-10-04T20:37:48.3616161Z       at Object.<anonymous> (test/unit/components/cards.test.jsx:41:43)
2026-10-04T20:37:48.3616956Z 
2026-10-04T20:37:48.3617362Z     console.error
2026-10-04T20:37:48.3619499Z       Warning: findDOMNode is deprecated and will be removed in the next major release. Instead, add a ref directly to the element you want to reference. Learn more about using refs safely here: https://reactjs.org/link/strict-mode-find-node
2026-10-04T20:37:48.3622844Z           at Draggable (~/work/scratch-editor/scratch-editor/node_modules/react-draggable/lib/Draggable.js:175:38)
2026-10-04T20:37:48.3624220Z           at div
2026-10-04T20:37:48.3625684Z           at activeDeckId (~/work/scratch-editor/scratch-editor/packages/scratch-gui/src/components/cards/cards.jsx:415:9)
2026-10-04T20:37:48.3627860Z           at IntlProvider (~/work/scratch-editor/scratch-editor/node_modules/react-intl/src/components/provider.js:33:47)
2026-10-04T20:37:48.3629141Z 
2026-10-04T20:37:48.3629694Z       4 |
2026-10-04T20:37:48.3631779Z       5 | const renderWithIntl = (ui, {locale = 'en', messages = {}} = {}) => ({
2026-10-04T20:37:48.3633617Z     > 6 |     ...render(
2026-10-04T20:37:48.3634732Z         |              ^
2026-10-04T20:37:48.3635869Z       7 |         <IntlProvider
2026-10-04T20:37:48.3637039Z       8 |             locale={locale}
2026-10-04T20:37:48.3638260Z       9 |             messages={messages}
2026-10-04T20:37:48.3639009Z 
2026-10-04T20:37:48.3639823Z       at printWarning (../../node_modules/react-dom/cjs/react-dom.development.js:86:30)
2026-10-04T20:37:48.3641256Z       at error (../../node_modules/react-dom/cjs/react-dom.development.js:60:7)
2026-10-04T20:37:48.3643083Z       at Object.findDOMNode (../../node_modules/react-dom/cjs/react-dom.development.js:29666:7)
2026-10-04T20:37:48.3644847Z       at Draggable.findDOMNode [as componentDidMount] (../../node_modules/react-draggable/lib/Draggable.js:206:61)
2026-10-04T20:37:48.3646716Z       at commitLayoutEffectOnFiber (../../node_modules/react-dom/cjs/react-dom.development.js:23349:28)
2026-10-04T20:37:48.3648551Z       at commitLayoutMountEffects_complete (../../node_modules/react-dom/cjs/react-dom.development.js:24727:9)
2026-10-04T20:37:48.3650381Z       at commitLayoutEffects_begin (../../node_modules/react-dom/cjs/react-dom.development.js:24713:7)
2026-10-04T20:37:48.3652305Z       at commitLayoutEffects (../../node_modules/react-dom/cjs/react-dom.development.js:24651:3)
2026-10-04T20:37:48.3654261Z       at commitRootImpl (../../node_modules/react-dom/cjs/react-dom.development.js:26862:5)
2026-10-04T20:37:48.3655811Z       at commitRoot (../../node_modules/react-dom/cjs/react-dom.development.js:26721:5)
2026-10-04T20:37:48.3657361Z       at finishConcurrentRender (../../node_modules/react-dom/cjs/react-dom.development.js:26020:9)
2026-10-04T20:37:48.3659106Z       at performConcurrentWorkOnRoot (../../node_modules/react-dom/cjs/react-dom.development.js:25848:7)
2026-10-04T20:37:48.3660663Z       at flushActQueue (../../node_modules/react/cjs/react.development.js:2667:24)
2026-10-04T20:37:48.3662264Z       at act (../../node_modules/react/cjs/react.development.js:2582:11)
2026-10-04T20:37:48.3663578Z       at ../../node_modules/@testing-library/react/dist/act-compat.js:47:25
2026-10-04T20:37:48.3664949Z       at renderRoot (../../node_modules/@testing-library/react/dist/pure.js:180:26)
2026-10-04T20:37:48.3666308Z       at render (../../node_modules/@testing-library/react/dist/pure.js:271:10)
2026-10-04T20:37:48.3667548Z       at renderWithIntl (test/helpers/intl-helpers.jsx:6:14)
2026-10-04T20:37:48.3668657Z       at Object.<anonymous> (test/unit/components/cards.test.jsx:41:43)
2026-10-04T20:37:48.3669356Z 
2026-10-04T20:37:48.4629642Z PASS test/unit/util/audio-context.test.js
2026-10-04T20:37:48.4695588Z PASS test/unit/components/icon-button.test.jsx
2026-10-04T20:37:48.5905141Z PASS test/unit/components/toggle-buttons.test.jsx
2026-10-04T20:37:48.5982758Z   ● Console
2026-10-04T20:37:48.6002101Z 
2026-10-04T20:37:48.6057168Z     console.error
2026-10-04T20:37:48.6093343Z       Warning: ToggleButtons: Support for defaultProps will be removed from function components in a future major release. Use JavaScript default parameters instead.
2026-10-04T20:37:48.6130030Z           at buttons (~/work/scratch-editor/scratch-editor/packages/scratch-gui/src/components/toggle-buttons/toggle-buttons.jsx:7:25)
2026-10-04T20:37:48.6131859Z 
2026-10-04T20:37:48.6132583Z       19 |
2026-10-04T20:37:48.6133885Z       20 |     test('renders multiple buttons', () => {
2026-10-04T20:37:48.6135734Z     > 21 |         const {container} = render(<ToggleButtons
2026-10-04T20:37:48.6137307Z          |                                   ^
2026-10-04T20:37:48.6138432Z       22 |             buttons={buttons}
2026-10-04T20:37:48.6139574Z       23 |         />);
2026-10-04T20:37:48.6140551Z       24 |
2026-10-04T20:37:48.6141062Z 
2026-10-04T20:37:48.6142067Z       at printWarning (../../node_modules/react-dom/cjs/react-dom.development.js:86:30)
2026-10-04T20:37:48.6143505Z       at error (../../node_modules/react-dom/cjs/react-dom.development.js:60:7)
2026-10-04T20:37:48.6145078Z       at validateFunctionComponentInDev (../../node_modules/react-dom/cjs/react-dom.development.js:20230:9)
2026-10-04T20:37:48.6146886Z       at mountIndeterminateComponent (../../node_modules/react-dom/cjs/react-dom.development.js:20189:7)
2026-10-04T20:37:48.6148474Z       at beginWork (../../node_modules/react-dom/cjs/react-dom.development.js:21626:16)
2026-10-04T20:37:48.6149921Z       at beginWork$1 (../../node_modules/react-dom/cjs/react-dom.development.js:27465:14)
2026-10-04T20:37:48.6151432Z       at performUnitOfWork (../../node_modules/react-dom/cjs/react-dom.development.js:26599:12)
2026-10-04T20:37:48.6153131Z       at workLoopSync (../../node_modules/react-dom/cjs/react-dom.development.js:26505:5)
2026-10-04T20:37:48.6154471Z       at renderRootSync (../../node_modules/react-dom/cjs/react-dom.development.js:26473:7)
2026-10-04T20:37:48.6155988Z       at performConcurrentWorkOnRoot (../../node_modules/react-dom/cjs/react-dom.development.js:25777:74)
2026-10-04T20:37:48.6157376Z       at flushActQueue (../../node_modules/react/cjs/react.development.js:2667:24)
2026-10-04T20:37:48.6158559Z       at act (../../node_modules/react/cjs/react.development.js:2582:11)
2026-10-04T20:37:48.6160071Z       at ../../node_modules/@testing-library/react/dist/act-compat.js:47:25
2026-10-04T20:37:48.6161385Z       at renderRoot (../../node_modules/@testing-library/react/dist/pure.js:180:26)
2026-10-04T20:37:48.6162955Z       at render (../../node_modules/@testing-library/react/dist/pure.js:271:10)
2026-10-04T20:37:48.6164301Z       at Object.<anonymous> (test/unit/components/toggle-buttons.test.jsx:21:35)
2026-10-04T20:37:48.6165156Z 
2026-10-04T20:37:48.7744798Z PASS test/unit/components/button.test.jsx
2026-10-04T20:37:48.8301349Z PASS test/unit/components/monitor.test.jsx
2026-10-04T20:37:48.8423116Z   ● Console
2026-10-04T20:37:48.8423929Z 
2026-10-04T20:37:48.8424707Z     console.error
2026-10-04T20:37:48.8426503Z       Warning: MonitorComponent: Support for defaultProps will be removed from function components in a future major release. Use JavaScript default parameters instead.
2026-10-04T20:37:48.8429018Z           at label (~/work/scratch-editor/scratch-editor/packages/scratch-gui/src/components/monitor/monitor.jsx:48:44)
2026-10-04T20:37:48.8430304Z 
2026-10-04T20:37:48.8430878Z       24 |
2026-10-04T20:37:48.8432701Z       25 |     test('it selects the correct colors based on default color mode', () => {
2026-10-04T20:37:48.8434675Z     > 26 |         const {container} = render(<Monitor
2026-10-04T20:37:48.8436323Z          |                                   ^
2026-10-04T20:37:48.8437392Z       27 |             {...defaultProps}
2026-10-04T20:37:48.8439048Z       28 |             colorMode={DEFAULT_MODE}
2026-10-04T20:37:48.8440288Z       29 |         />);
2026-10-04T20:37:48.8440969Z 
2026-10-04T20:37:48.8442009Z       at printWarning (../../node_modules/react-dom/cjs/react-dom.development.js:86:30)
2026-10-04T20:37:48.8446429Z       at error (../../node_modules/react-dom/cjs/react-dom.development.js:60:7)
2026-10-04T20:37:48.8448027Z       at validateFunctionComponentInDev (../../node_modules/react-dom/cjs/react-dom.development.js:20230:9)
2026-10-04T20:37:48.8449708Z       at mountIndeterminateComponent (../../node_modules/react-dom/cjs/react-dom.development.js:20189:7)
2026-10-04T20:37:48.8451187Z       at beginWork (../../node_modules/react-dom/cjs/react-dom.development.js:21626:16)
2026-10-04T20:37:48.8452728Z       at beginWork$1 (../../node_modules/react-dom/cjs/react-dom.development.js:27465:14)
2026-10-04T20:37:48.8454027Z       at performUnitOfWork (../../node_modules/react-dom/cjs/react-dom.development.js:26599:12)
2026-10-04T20:37:48.8455358Z       at workLoopSync (../../node_modules/react-dom/cjs/react-dom.development.js:26505:5)
2026-10-04T20:37:48.8456616Z       at renderRootSync (../../node_modules/react-dom/cjs/react-dom.development.js:26473:7)
2026-10-04T20:37:48.8457954Z       at performConcurrentWorkOnRoot (../../node_modules/react-dom/cjs/react-dom.development.js:25777:74)
2026-10-04T20:37:48.8459264Z       at flushActQueue (../../node_modules/react/cjs/react.development.js:2667:24)
2026-10-04T20:37:48.8460332Z       at act (../../node_modules/react/cjs/react.development.js:2582:11)
2026-10-04T20:37:48.8461414Z       at ../../node_modules/@testing-library/react/dist/act-compat.js:47:25
2026-10-04T20:37:48.8462988Z       at renderRoot (../../node_modules/@testing-library/react/dist/pure.js:180:26)
2026-10-04T20:37:48.8464253Z       at render (../../node_modules/@testing-library/react/dist/pure.js:271:10)
2026-10-04T20:37:48.8465422Z       at Object.<anonymous> (test/unit/components/monitor.test.jsx:26:35)
2026-10-04T20:37:48.8466206Z 
2026-10-04T20:37:48.8466604Z     console.error
2026-10-04T20:37:48.8468148Z       Warning: Box: Support for defaultProps will be removed from function components in a future major release. Use JavaScript default parameters instead.
2026-10-04T20:37:48.8470776Z           at alignContent (~/work/scratch-editor/scratch-editor/packages/scratch-gui/src/components/box/box.jsx:33:9)
2026-10-04T20:37:48.8473287Z           at DraggableCore (~/work/scratch-editor/scratch-editor/node_modules/react-draggable/dist/react-draggable.js:1504:6)
2026-10-04T20:37:48.8475417Z           at Draggable (~/work/scratch-editor/scratch-editor/node_modules/react-draggable/lib/Draggable.js:175:38)
2026-10-04T20:37:48.8477731Z           at Provider (~/work/scratch-editor/scratch-editor/packages/scratch-gui/node_modules/@radix-ui/react-context/src/create-context.tsx:126:15)
2026-10-04T20:37:48.8480299Z           at Provider (~/work/scratch-editor/scratch-editor/packages/scratch-gui/node_modules/@radix-ui/react-context/src/create-context.tsx:126:15)
2026-10-04T20:37:48.8485593Z           at Provider (~/work/scratch-editor/scratch-editor/packages/scratch-gui/node_modules/@radix-ui/react-context/src/create-context.tsx:126:15)
2026-10-04T20:37:48.8488114Z           at Popper (~/work/scratch-editor/scratch-editor/packages/scratch-gui/node_modules/@radix-ui/react-popper/src/popper.tsx:52:11)
2026-10-04T20:37:48.8495049Z           at Menu (~/work/scratch-editor/scratch-editor/packages/scratch-gui/node_modules/@radix-ui/react-menu/src/menu.tsx:88:11)
2026-10-04T20:37:48.8497378Z           at Provider (~/work/scratch-editor/scratch-editor/packages/scratch-gui/node_modules/@radix-ui/react-context/src/create-context.tsx:126:15)
2026-10-04T20:37:48.8499701Z           at ContextMenu (~/work/scratch-editor/scratch-editor/packages/scratch-gui/node_modules/@radix-ui/react-context-menu/src/context-menu.tsx:45:11)
2026-10-04T20:37:48.8502572Z           at label (~/work/scratch-editor/scratch-editor/packages/scratch-gui/src/components/monitor/monitor.jsx:48:44)
2026-10-04T20:37:48.8506651Z 
2026-10-04T20:37:48.8507154Z       24 |
2026-10-04T20:37:48.8508486Z       25 |     test('it selects the correct colors based on default color mode', () => {
2026-10-04T20:37:48.8510020Z     > 26 |         const {container} = render(<Monitor
2026-10-04T20:37:48.8511173Z          |                                   ^
2026-10-04T20:37:48.8512437Z       27 |             {...defaultProps}
2026-10-04T20:37:48.8513750Z       28 |             colorMode={DEFAULT_MODE}
2026-10-04T20:37:48.8662908Z       29 |         />);
2026-10-04T20:37:48.8676278Z 
2026-10-04T20:37:48.8681315Z       at printWarning (../../node_modules/react-dom/cjs/react-dom.development.js:86:30)
2026-10-04T20:37:48.8682902Z       at error (../../node_modules/react-dom/cjs/react-dom.development.js:60:7)
2026-10-04T20:37:48.8684418Z       at validateFunctionComponentInDev (../../node_modules/react-dom/cjs/react-dom.development.js:20230:9)
2026-10-04T20:37:48.8686202Z       at mountIndeterminateComponent (../../node_modules/react-dom/cjs/react-dom.development.js:20189:7)
2026-10-04T20:37:48.8687722Z       at beginWork (../../node_modules/react-dom/cjs/react-dom.development.js:21626:16)
2026-10-04T20:37:48.8689057Z       at beginWork$1 (../../node_modules/react-dom/cjs/react-dom.development.js:27465:14)
2026-10-04T20:37:48.8690413Z       at performUnitOfWork (../../node_modules/react-dom/cjs/react-dom.development.js:26599:12)
2026-10-04T20:37:48.8693213Z       at workLoopSync (../../node_modules/react-dom/cjs/react-dom.development.js:26505:5)
2026-10-04T20:37:48.8695398Z       at renderRootSync (../../node_modules/react-dom/cjs/react-dom.development.js:26473:7)
2026-10-04T20:37:48.8696643Z       at performConcurrentWorkOnRoot (../../node_modules/react-dom/cjs/react-dom.development.js:25777:74)
2026-10-04T20:37:48.8697777Z       at flushActQueue (../../node_modules/react/cjs/react.development.js:2667:24)
2026-10-04T20:37:48.8699084Z       at act (../../node_modules/react/cjs/react.development.js:2582:11)
2026-10-04T20:37:48.8699976Z       at ../../node_modules/@testing-library/react/dist/act-compat.js:47:25
2026-10-04T20:37:48.8700914Z       at renderRoot (../../node_modules/@testing-library/react/dist/pure.js:180:26)
2026-10-04T20:37:48.8702079Z       at render (../../node_modules/@testing-library/react/dist/pure.js:271:10)
2026-10-04T20:37:48.8703000Z       at Object.<anonymous> (test/unit/components/monitor.test.jsx:26:35)
2026-10-04T20:37:48.8703559Z 
2026-10-04T20:37:48.8703830Z     console.warn
2026-10-04T20:37:48.8705138Z       Warning: componentWillReceiveProps has been renamed, and is not recommended for use. See https://reactjs.org/link/unsafe-component-lifecycles for details.
2026-10-04T20:37:48.8706564Z       
2026-10-04T20:37:48.8707367Z       * Move data fetching code or side effects to componentDidUpdate.
2026-10-04T20:37:48.8709440Z       * If you're updating state whenever props change, refactor your code to use memoization techniques or move it to static getDerivedStateFromProps. Learn more at: https://reactjs.org/link/derived-state
2026-10-04T20:37:48.8713357Z       * Rename componentWillReceiveProps to UNSAFE_componentWillReceiveProps to suppress this warning in non-strict mode. In React 18.x, only the UNSAFE_ name will work. To rename all deprecated lifecycles to their new names, you can run `npx react-codemod rename-unsafe-lifecycles` in your project source folder.
2026-10-04T20:37:48.8715895Z       
2026-10-04T20:37:48.8716556Z       Please update the following components: Draggable
2026-10-04T20:37:48.8717155Z 
2026-10-04T20:37:48.8717694Z       24 |
2026-10-04T20:37:48.8719543Z       25 |     test('it selects the correct colors based on default color mode', () => {
2026-10-04T20:37:48.8721441Z     > 26 |         const {container} = render(<Monitor
2026-10-04T20:37:48.8723282Z          |                                   ^
2026-10-04T20:37:48.8724384Z       27 |             {...defaultProps}
2026-10-04T20:37:48.8725576Z       28 |             colorMode={DEFAULT_MODE}
2026-10-04T20:37:48.8726708Z       29 |         />);
2026-10-04T20:37:48.8727342Z 
2026-10-04T20:37:48.8728041Z       at printWarning (../../node_modules/react-dom/cjs/react-dom.development.js:86:30)
2026-10-04T20:37:48.8729304Z       at warn (../../node_modules/react-dom/cjs/react-dom.development.js:49:7)
2026-10-04T20:37:48.8731155Z       at Object.<anonymous>.ReactStrictModeWarnings.flushPendingUnsafeLifecycleWarnings (../../node_modules/react-dom/cjs/react-dom.development.js:12912:7)
2026-10-04T20:37:48.8733650Z       at flushRenderPhaseStrictModeWarningsInDEV (../../node_modules/react-dom/cjs/react-dom.development.js:27349:31)
2026-10-04T20:37:48.8735234Z       at commitRootImpl (../../node_modules/react-dom/cjs/react-dom.development.js:26741:3)
2026-10-04T20:37:48.8736574Z       at commitRoot (../../node_modules/react-dom/cjs/react-dom.development.js:26721:5)
2026-10-04T20:37:48.8738068Z       at finishConcurrentRender (../../node_modules/react-dom/cjs/react-dom.development.js:26020:9)
2026-10-04T20:37:48.8739608Z       at performConcurrentWorkOnRoot (../../node_modules/react-dom/cjs/react-dom.development.js:25848:7)
2026-10-04T20:37:48.8741003Z       at flushActQueue (../../node_modules/react/cjs/react.development.js:2667:24)
2026-10-04T20:37:48.8742412Z       at act (../../node_modules/react/cjs/react.development.js:2582:11)
2026-10-04T20:37:48.8743532Z       at ../../node_modules/@testing-library/react/dist/act-compat.js:47:25
2026-10-04T20:37:48.8744734Z       at renderRoot (../../node_modules/@testing-library/react/dist/pure.js:180:26)
2026-10-04T20:37:48.8745933Z       at render (../../node_modules/@testing-library/react/dist/pure.js:271:10)
2026-10-04T20:37:48.8747393Z       at Object.<anonymous> (test/unit/components/monitor.test.jsx:26:35)
2026-10-04T20:37:48.8748155Z 
2026-10-04T20:37:48.8748507Z     console.error
2026-10-04T20:37:48.8750541Z       Warning: findDOMNode is deprecated and will be removed in the next major release. Instead, add a ref directly to the element you want to reference. Learn more about using refs safely here: https://reactjs.org/link/strict-mode-find-node
2026-10-04T20:37:48.8753354Z           at Draggable (~/work/scratch-editor/scratch-editor/node_modules/react-draggable/lib/Draggable.js:175:38)
2026-10-04T20:37:48.8755425Z           at Provider (~/work/scratch-editor/scratch-editor/packages/scratch-gui/node_modules/@radix-ui/react-context/src/create-context.tsx:126:15)
2026-10-04T20:37:48.8757718Z           at Provider (~/work/scratch-editor/scratch-editor/packages/scratch-gui/node_modules/@radix-ui/react-context/src/create-context.tsx:126:15)
2026-10-04T20:37:48.8759997Z           at Provider (~/work/scratch-editor/scratch-editor/packages/scratch-gui/node_modules/@radix-ui/react-context/src/create-context.tsx:126:15)
2026-10-04T20:37:48.8762534Z           at Popper (~/work/scratch-editor/scratch-editor/packages/scratch-gui/node_modules/@radix-ui/react-popper/src/popper.tsx:52:11)
2026-10-04T20:37:48.8764712Z           at Menu (~/work/scratch-editor/scratch-editor/packages/scratch-gui/node_modules/@radix-ui/react-menu/src/menu.tsx:88:11)
2026-10-04T20:37:48.8766877Z           at Provider (~/work/scratch-editor/scratch-editor/packages/scratch-gui/node_modules/@radix-ui/react-context/src/create-context.tsx:126:15)
2026-10-04T20:37:48.8769276Z           at ContextMenu (~/work/scratch-editor/scratch-editor/packages/scratch-gui/node_modules/@radix-ui/react-context-menu/src/context-menu.tsx:45:11)
2026-10-04T20:37:48.8772176Z           at label (~/work/scratch-editor/scratch-editor/packages/scratch-gui/src/components/monitor/monitor.jsx:48:44)
2026-10-04T20:37:48.8773364Z 
2026-10-04T20:37:48.8773858Z       24 |
2026-10-04T20:37:48.8775190Z       25 |     test('it selects the correct colors based on default color mode', () => {
2026-10-04T20:37:48.8776982Z     > 26 |         const {container} = render(<Monitor
2026-10-04T20:37:48.8778311Z          |                                   ^
2026-10-04T20:37:48.8779327Z       27 |             {...defaultProps}
2026-10-04T20:37:48.8780479Z       28 |             colorMode={DEFAULT_MODE}
2026-10-04T20:37:48.8781899Z       29 |         />);
2026-10-04T20:37:48.8782573Z 
2026-10-04T20:37:48.8783272Z       at printWarning (../../node_modules/react-dom/cjs/react-dom.development.js:86:30)
2026-10-04T20:37:48.8784530Z       at error (../../node_modules/react-dom/cjs/react-dom.development.js:60:7)
2026-10-04T20:37:48.8785835Z       at Object.findDOMNode (../../node_modules/react-dom/cjs/react-dom.development.js:29666:7)
2026-10-04T20:37:48.8787373Z       at Draggable.findDOMNode [as componentDidMount] (../../node_modules/react-draggable/lib/Draggable.js:206:61)
2026-10-04T20:37:48.8789107Z       at commitLayoutEffectOnFiber (../../node_modules/react-dom/cjs/react-dom.development.js:23349:28)
2026-10-04T20:37:48.8790889Z       at commitLayoutMountEffects_complete (../../node_modules/react-dom/cjs/react-dom.development.js:24727:9)
2026-10-04T20:37:48.8792950Z       at commitLayoutEffects_begin (../../node_modules/react-dom/cjs/react-dom.development.js:24713:7)
2026-10-04T20:37:48.8794618Z       at commitLayoutEffects (../../node_modules/react-dom/cjs/react-dom.development.js:24651:3)
2026-10-04T20:37:48.8796170Z       at commitRootImpl (../../node_modules/react-dom/cjs/react-dom.development.js:26862:5)
2026-10-04T20:37:48.8797647Z       at commitRoot (../../node_modules/react-dom/cjs/react-dom.development.js:26721:5)
2026-10-04T20:37:48.8799546Z       at finishConcurrentRender (../../node_modules/react-dom/cjs/react-dom.development.js:26020:9)
2026-10-04T20:37:48.8801322Z       at performConcurrentWorkOnRoot (../../node_modules/react-dom/cjs/react-dom.development.js:25848:7)
2026-10-04T20:37:48.8803159Z       at flushActQueue (../../node_modules/react/cjs/react.development.js:2667:24)
2026-10-04T20:37:48.8804434Z       at act (../../node_modules/react/cjs/react.development.js:2582:11)
2026-10-04T20:37:48.8805728Z       at ../../node_modules/@testing-library/react/dist/act-compat.js:47:25
2026-10-04T20:37:48.8807004Z       at renderRoot (../../node_modules/@testing-library/react/dist/pure.js:180:26)
2026-10-04T20:37:48.8808374Z       at render (../../node_modules/@testing-library/react/dist/pure.js:271:10)
2026-10-04T20:37:48.8809637Z       at Object.<anonymous> (test/unit/components/monitor.test.jsx:26:35)
2026-10-04T20:37:48.8810457Z 
2026-10-04T20:37:48.8810984Z PASS test/unit/util/default-project.test.js
2026-10-04T20:37:48.8997636Z PASS test/unit/util/sb-file-uploader-util.test.js
2026-10-04T20:37:48.9248799Z PASS test/unit/reducers/workspace-metrics-reducer.test.js
2026-10-04T20:37:48.9795591Z PASS test/unit/reducers/mcremote-catalog.test.js
2026-10-04T20:37:49.0347755Z PASS test/unit/util/translate-video.test.js
2026-10-04T20:37:49.0670990Z PASS test/unit/reducers/mcremote-connection-target-reducer.test.js
2026-10-04T20:37:49.1122529Z PASS test/unit/util/code-payload.test.js
2026-10-04T20:37:49.1523175Z PASS test/unit/util/opcode-labels.test.js
2026-10-04T20:37:49.2806659Z PASS test/unit/util/get-costume-url.test.js
2026-10-04T20:37:50.0578307Z PASS test/unit/containers/blocks.test.js (10.572 s)
2026-10-04T20:37:50.0589469Z   ● Console
2026-10-04T20:37:50.0589786Z 
2026-10-04T20:37:50.0589973Z     console.log
2026-10-04T20:37:50.0591424Z       2026-10-04 20:37:50.048	ERROR	~/work/scratch-editor/scratch-editor/packages/scratch-gui/src/containers/blocks.jsx:488	scratch-gui	
2026-10-04T20:37:50.0593338Z        Error  Workspace Update Error: workspace load failed
2026-10-04T20:37:50.0593952Z       error stack:
2026-10-04T20:37:50.0594328Z         • blocks.test.js	
2026-10-04T20:37:50.0595131Z       	~/work/scratch-editor/scratch-editor/packages/scratch-gui/test/unit/containers/blocks.test.js:46
2026-10-04T20:37:50.0595844Z         • index.js	
2026-10-04T20:37:50.0596520Z       	~/work/scratch-editor/scratch-editor/node_modules/jest-mock/build/index.js:397
2026-10-04T20:37:50.0597157Z         • index.js	
2026-10-04T20:37:50.0597823Z       	~/work/scratch-editor/scratch-editor/node_modules/jest-mock/build/index.js:404
2026-10-04T20:37:50.0598432Z         • index.js	
2026-10-04T20:37:50.0599100Z       	~/work/scratch-editor/scratch-editor/node_modules/jest-mock/build/index.js:148
2026-10-04T20:37:50.0599707Z         • blocks.jsx	
2026-10-04T20:37:50.0600442Z       	~/work/scratch-editor/scratch-editor/packages/scratch-gui/src/containers/blocks.jsx:474
2026-10-04T20:37:50.0601111Z         • blocks.test.js	
2026-10-04T20:37:50.0602307Z       	~/work/scratch-editor/scratch-editor/packages/scratch-gui/test/unit/containers/blocks.test.js:49
2026-10-04T20:37:50.0603035Z         • utils.js	
2026-10-04T20:37:50.0603736Z       	~/work/scratch-editor/scratch-editor/node_modules/jest-circus/build/utils.js:298
2026-10-04T20:37:50.0604341Z         • utils.js	
2026-10-04T20:37:50.0605015Z       	~/work/scratch-editor/scratch-editor/node_modules/jest-circus/build/utils.js:231
2026-10-04T20:37:50.0605898Z         • run.js	
2026-10-04T20:37:50.0606695Z       	~/work/scratch-editor/scratch-editor/node_modules/jest-circus/build/run.js:316
2026-10-04T20:37:50.0607359Z         • task_queues	
2026-10-04T20:37:50.0607748Z       	/process/task_queues:104
2026-10-04T20:37:50.0608121Z         • run.js	
2026-10-04T20:37:50.0608775Z       	~/work/scratch-editor/scratch-editor/node_modules/jest-circus/build/run.js:252
2026-10-04T20:37:50.0609360Z         • run.js	
2026-10-04T20:37:50.0610021Z       	~/work/scratch-editor/scratch-editor/node_modules/jest-circus/build/run.js:126
2026-10-04T20:37:50.0610601Z         • run.js	
2026-10-04T20:37:50.0611241Z       	~/work/scratch-editor/scratch-editor/node_modules/jest-circus/build/run.js:121
2026-10-04T20:37:50.0612937Z         • run.js	
2026-10-04T20:37:50.0614294Z       	~/work/scratch-editor/scratch-editor/node_modules/jest-circus/build/run.js:71
2026-10-04T20:37:50.0615720Z         • jestAdapterInit.js	
2026-10-04T20:37:50.0617478Z       	~/work/scratch-editor/scratch-editor/node_modules/jest-circus/build/legacy-code-todo-rewrite/jestAdapterInit.js:122
2026-10-04T20:37:50.0619023Z         • jestAdapter.js	
2026-10-04T20:37:50.0620730Z       	~/work/scratch-editor/scratch-editor/node_modules/jest-circus/build/legacy-code-todo-rewrite/jestAdapter.js:79
2026-10-04T20:37:50.0622935Z         • runTest.js	
2026-10-04T20:37:50.0624271Z       	~/work/scratch-editor/scratch-editor/node_modules/jest-runner/build/runTest.js:367
2026-10-04T20:37:50.0625488Z         • runTest.js	
2026-10-04T20:37:50.0626245Z       	~/work/scratch-editor/scratch-editor/node_modules/jest-runner/build/runTest.js:444
2026-10-04T20:37:50.0626890Z         • testWorker.js	
2026-10-04T20:37:50.0627644Z       	~/work/scratch-editor/scratch-editor/node_modules/jest-runner/build/testWorker.js:106
2026-10-04T20:37:50.0628135Z 
2026-10-04T20:37:50.0628437Z       at Object.transportFormatted (../../node_modules/tslog/cjs/BaseLogger.js:115:13)
2026-10-04T20:37:50.0628783Z 
2026-10-04T20:37:50.0628878Z     console.log
2026-10-04T20:37:50.0630007Z       2026-10-04 20:37:50.051	ERROR	~/work/scratch-editor/scratch-editor/packages/scratch-gui/src/containers/blocks.jsx:488	scratch-gui	
2026-10-04T20:37:50.0631214Z        Error  Workspace Update Error: XML parse failed
2026-10-04T20:37:50.0632148Z       error stack:
2026-10-04T20:37:50.0632536Z         • blocks.test.js	
2026-10-04T20:37:50.0633347Z       	~/work/scratch-editor/scratch-editor/packages/scratch-gui/test/unit/containers/blocks.test.js:57
2026-10-04T20:37:50.0634035Z         • index.js	
2026-10-04T20:37:50.0634718Z       	~/work/scratch-editor/scratch-editor/node_modules/jest-mock/build/index.js:397
2026-10-04T20:37:50.0635327Z         • index.js	
2026-10-04T20:37:50.0635992Z       	~/work/scratch-editor/scratch-editor/node_modules/jest-mock/build/index.js:404
2026-10-04T20:37:50.0636600Z         • index.js	
2026-10-04T20:37:50.0637246Z       	~/work/scratch-editor/scratch-editor/node_modules/jest-mock/build/index.js:148
2026-10-04T20:37:50.0637854Z         • blocks.jsx	
2026-10-04T20:37:50.0638832Z       	~/work/scratch-editor/scratch-editor/packages/scratch-gui/src/containers/blocks.jsx:473
2026-10-04T20:37:50.0639524Z         • blocks.test.js	
2026-10-04T20:37:50.0640303Z       	~/work/scratch-editor/scratch-editor/packages/scratch-gui/test/unit/containers/blocks.test.js:60
2026-10-04T20:37:50.0640978Z         • utils.js	
2026-10-04T20:37:50.0642413Z       	~/work/scratch-editor/scratch-editor/node_modules/jest-circus/build/utils.js:298
2026-10-04T20:37:50.0643483Z         • utils.js	
2026-10-04T20:37:50.0644207Z       	~/work/scratch-editor/scratch-editor/node_modules/jest-circus/build/utils.js:231
2026-10-04T20:37:50.0644836Z         • run.js	
2026-10-04T20:37:50.0645523Z       	~/work/scratch-editor/scratch-editor/node_modules/jest-circus/build/run.js:316
2026-10-04T20:37:50.0646132Z         • task_queues	
2026-10-04T20:37:50.0646532Z       	/process/task_queues:104
2026-10-04T20:37:50.0646909Z         • run.js	
2026-10-04T20:37:50.0647571Z       	~/work/scratch-editor/scratch-editor/node_modules/jest-circus/build/run.js:252
2026-10-04T20:37:50.0648166Z         • run.js	
2026-10-04T20:37:50.0648884Z       	~/work/scratch-editor/scratch-editor/node_modules/jest-circus/build/run.js:126
2026-10-04T20:37:50.0649543Z         • run.js	
2026-10-04T20:37:50.0650504Z       	~/work/scratch-editor/scratch-editor/node_modules/jest-circus/build/run.js:121
2026-10-04T20:37:50.0651121Z         • run.js	
2026-10-04T20:37:50.0652137Z       	~/work/scratch-editor/scratch-editor/node_modules/jest-circus/build/run.js:71
2026-10-04T20:37:50.0652818Z         • jestAdapterInit.js	
2026-10-04T20:37:50.0653704Z       	~/work/scratch-editor/scratch-editor/node_modules/jest-circus/build/legacy-code-todo-rewrite/jestAdapterInit.js:122
2026-10-04T20:37:50.0654473Z         • jestAdapter.js	
2026-10-04T20:37:50.0655354Z       	~/work/scratch-editor/scratch-editor/node_modules/jest-circus/build/legacy-code-todo-rewrite/jestAdapter.js:79
2026-10-04T20:37:50.0656173Z         • runTest.js	
2026-10-04T20:37:50.0656912Z       	~/work/scratch-editor/scratch-editor/node_modules/jest-runner/build/runTest.js:367
2026-10-04T20:37:50.0657571Z         • runTest.js	
2026-10-04T20:37:50.0658276Z       	~/work/scratch-editor/scratch-editor/node_modules/jest-runner/build/runTest.js:444
2026-10-04T20:37:50.0658924Z         • testWorker.js	
2026-10-04T20:37:50.0659679Z       	~/work/scratch-editor/scratch-editor/node_modules/jest-runner/build/testWorker.js:106
2026-10-04T20:37:50.0660169Z 
2026-10-04T20:37:50.0660470Z       at Object.transportFormatted (../../node_modules/tslog/cjs/BaseLogger.js:115:13)
2026-10-04T20:37:50.0660816Z 
2026-10-04T20:37:50.2610920Z 
2026-10-04T20:37:50.2625299Z Test Suites: 72 passed, 72 total
2026-10-04T20:37:50.2626215Z Tests:       1 skipped, 530 passed, 531 total
2026-10-04T20:37:50.2626889Z Snapshots:   15 passed, 15 total
2026-10-04T20:37:50.2627410Z Time:        27.412 s
2026-10-04T20:37:50.2627959Z Ran all test suites matching /test[\/]unit/i.
2026-10-04T20:37:50.4102456Z 
2026-10-04T20:37:50.4103006Z > @scratch/scratch-gui@15.0.1 test:integration
2026-10-04T20:37:50.4103910Z > cross-env JEST_JUNIT_OUTPUT_NAME=integration-tests-results.xml jest --maxWorkers=4 test[\\/]integration
2026-10-04T20:37:50.4104470Z 
2026-10-04T20:37:50.8605715Z jest-haste-map: duplicate manual mock found: index
2026-10-04T20:37:50.8606391Z   The following files share their name; please delete one of them:
2026-10-04T20:37:50.8606902Z     * <rootDir>/src/lib/settings/color-mode/dark/__mocks__/index.js
2026-10-04T20:37:50.8607413Z     * <rootDir>/src/lib/settings/color-mode/default/__mocks__/index.js
2026-10-04T20:37:50.8607707Z 
2026-10-04T20:37:52.9333154Z Browserslist: browsers data (caniuse-lite) is 10 months old. Please run:
2026-10-04T20:37:52.9362357Z   npx update-browserslist-db@latest
2026-10-04T20:37:52.9383960Z   Why you should do it regularly: https://github.com/browserslist/update-db#readme
2026-10-04T20:37:52.9412515Z Browserslist: browsers data (caniuse-lite) is 10 months old. Please run:
2026-10-04T20:37:52.9431983Z   npx update-browserslist-db@latest
2026-10-04T20:37:52.9465755Z   Why you should do it regularly: https://github.com/browserslist/update-db#readme
2026-10-04T20:37:52.9489791Z Browserslist: browsers data (caniuse-lite) is 10 months old. Please run:
2026-10-04T20:37:52.9512609Z   npx update-browserslist-db@latest
2026-10-04T20:37:52.9532669Z   Why you should do it regularly: https://github.com/browserslist/update-db#readme
2026-10-04T20:37:52.9568995Z Browserslist: browsers data (caniuse-lite) is 10 months old. Please run:
2026-10-04T20:37:52.9595794Z   npx update-browserslist-db@latest
2026-10-04T20:37:52.9614300Z   Why you should do it regularly: https://github.com/browserslist/update-db#readme
2026-10-04T20:38:58.3475468Z PASS test/integration/menu-bar-keyboard-nav.test.js (66.211 s)
2026-10-04T20:39:26.0470212Z PASS test/integration/blocks-standalone.test.js (94.001 s)
2026-10-04T20:39:26.3200324Z PASS test/integration/blocks.test.js (94.276 s)
2026-10-04T20:39:38.1542619Z PASS test/integration/sprites.test.js (106.051 s)
2026-10-04T20:40:10.2465865Z PASS test/integration/sb-file-uploader-hoc.test.js (32.023 s)
2026-10-04T20:40:14.0932693Z PASS test/integration/menu-bar.test.js (47.726 s)
2026-10-04T20:40:15.4743971Z PASS test/integration/sounds.test.js (49.318 s)
2026-10-04T20:40:21.8525733Z PASS test/integration/project-loading.test.js (11.531 s)
2026-10-04T20:40:35.6747178Z PASS test/integration/connection-modal.test.js (13.348 s)
2026-10-04T20:40:37.6265764Z PASS test/integration/backdrops.test.js (21.968 s)
2026-10-04T20:40:45.0395735Z PASS test/integration/project-state.test.js (9.338 s)
2026-10-04T20:40:45.3278099Z PASS test/integration/localization.test.js (31.175 s)
2026-10-04T20:40:49.7245447Z PASS test/integration/tutorials-shortcut.test.js (12.072 s)
2026-10-04T20:40:53.8073267Z PASS test/integration/how-tos.test.js (8.429 s)
2026-10-04T20:40:54.0138153Z PASS test/integration/stage-size.test.js (8.925 s)
2026-10-04T20:40:55.3284327Z PASS test/integration/backpack.test.js (5.546 s)
2026-10-04T20:40:58.3739259Z PASS test/integration/costumes.test.js (119.982 s)
2026-10-04T20:40:58.4454676Z 
2026-10-04T20:40:58.4462460Z Test Suites: 1 skipped, 17 passed, 17 of 18 total
2026-10-04T20:40:58.4463387Z Tests:       7 skipped, 127 passed, 134 total
2026-10-04T20:40:58.4464035Z Snapshots:   0 total
2026-10-04T20:40:58.4464517Z Time:        187.555 s
2026-10-04T20:40:58.4465184Z Ran all test suites matching /test[\/]integration/i.
2026-10-04T20:40:58.6178653Z 
2026-10-04T20:40:58.6179304Z > @scratch/scratch-gui@15.0.1 test:playwright
2026-10-04T20:40:58.6179742Z > playwright test
2026-10-04T20:40:58.6179907Z 
2026-10-04T20:40:59.2713664Z 
2026-10-04T20:40:59.2714274Z Running 8 tests using 2 workers
2026-10-04T20:40:59.2715233Z 
2026-10-04T20:41:03.0595265Z   ✓  1 [chromium] › test/playwright/backpack-drag-over.spec.js:19:1 › backpack highlights when a block is dragged over it (3.2s)
2026-10-04T20:41:03.1784320Z   ✓  2 [chromium] › test/playwright/drag-over-targets.spec.js:54:1 › stage selector scales when a block is dragged over it (3.3s)
2026-10-04T20:41:05.4392501Z   ✓  4 [chromium] › test/playwright/editor-loads.spec.js:4:1 › the editor loads and the Backpack header is visible (2.2s)
2026-10-04T20:41:06.2869629Z   ✓  3 [chromium] › test/playwright/drag-over-targets.spec.js:93:1 › sprite tile scales when a block is dragged over it (3.2s)
2026-10-04T20:41:14.9028500Z   ✓  6 [firefox] › test/playwright/drag-over-targets.spec.js:54:1 › stage selector scales when a block is dragged over it (4.4s)
2026-10-04T20:41:18.1558254Z   ✓  7 [firefox] › test/playwright/drag-over-targets.spec.js:93:1 › sprite tile scales when a block is dragged over it (3.2s)
2026-10-04T20:41:19.5222401Z   ✓  5 [firefox] › test/playwright/backpack-drag-over.spec.js:19:1 › backpack highlights when a block is dragged over it (9.7s)
2026-10-04T20:41:20.1601394Z   ✓  8 [firefox] › test/playwright/editor-loads.spec.js:4:1 › the editor loads and the Backpack header is visible (2.0s)
2026-10-04T20:41:20.5650046Z 
2026-10-04T20:41:20.5655939Z   8 passed (21.4s)
2026-10-04T20:41:20.6196173Z ##[end-action id=__self_2.__run_2;outcome=success;conclusion=success;duration_ms=274155]
2026-10-04T20:41:20.6199852Z ##[start-action display=Store Test Results;id=__self_2.__actions_upload-artifact]
2026-10-04T20:41:20.6248871Z ##[group]Run actions/upload-artifact@043fb46d1a93c77aae656e7c1c64a875d1fc6a0a
2026-10-04T20:41:20.6249292Z with:
2026-10-04T20:41:20.6249509Z   name: scratch-gui-test-output
2026-10-04T20:41:20.6249814Z   path: ./packages/scratch-gui/test-results/*
2026-10-04T20:41:20.6250141Z   if-no-files-found: warn
2026-10-04T20:41:20.6250393Z   compression-level: 6
2026-10-04T20:41:20.6250620Z   overwrite: false
2026-10-04T20:41:20.6250853Z   include-hidden-files: false
2026-10-04T20:41:20.6251105Z   archive: true
2026-10-04T20:41:20.6251320Z ##[endgroup]
2026-10-04T20:41:20.7729280Z With the provided path, there will be 4 files uploaded
2026-10-04T20:41:20.7736663Z Artifact name is valid!
2026-10-04T20:41:20.7737887Z Root directory input is valid!
2026-10-04T20:41:20.9864728Z Uploading artifact: scratch-gui-test-output.zip
2026-10-04T20:41:20.9908338Z Beginning upload of artifact content to blob storage
2026-10-04T20:41:21.0847256Z Uploaded bytes 221419
2026-10-04T20:41:21.0965232Z Finished uploading artifact content to blob storage!
2026-10-04T20:41:21.0966842Z SHA256 digest of uploaded artifact is a0bf351dbcfd3f2b3dbd59e31af0dd89df2957e78ec78e235a27fd2af92c4930
2026-10-04T20:41:21.0968176Z Finalizing artifact upload
2026-10-04T20:41:21.3639642Z Artifact scratch-gui-test-output successfully finalized. Artifact ID 11314144276
2026-10-04T20:41:21.3641317Z Artifact scratch-gui-test-output has been successfully uploaded! Final size is 221419 bytes. Artifact ID is 11314144276
2026-10-04T20:41:21.3645734Z Artifact download URL: https://github.com/Naohiro2g/scratch-editor/actions/runs/37232360354/artifacts/11314144276
2026-10-04T20:41:21.3742346Z ##[end-action id=__self_2.__actions_upload-artifact;outcome=success;conclusion=success;duration_ms=754]
2026-10-04T20:41:21.4632678Z Post job cleanup.
2026-10-04T20:41:21.5944769Z (node:10108) [DEP0040] DeprecationWarning: The `punycode` module is deprecated. Please use a userland alternative instead.
2026-10-04T20:41:21.5946370Z (Use `node --trace-deprecation ...` to show where the warning was created)
2026-10-04T20:41:21.5948897Z Cache hit occurred on the primary key node-cache-Linux-x64-npm-69cb4414235ee94f335727ba52666c89e5f73de777cfedeb8032147c8bf198e2, not saving cache.
2026-10-04T20:41:21.6097265Z Post job cleanup.
2026-10-04T20:41:21.6964982Z [command]/usr/bin/git version
2026-10-04T20:41:21.7015079Z git version 2.55.0
2026-10-04T20:41:21.7066149Z Temporarily overriding HOME='~/work/_temp/1ae4dddd-4856-4cc6-96ee-019410fdb285' before making global git config changes
2026-10-04T20:41:21.7067751Z Adding repository directory to the temporary git global config as a safe directory
2026-10-04T20:41:21.7075015Z [command]/usr/bin/git config --global --add safe.directory ~/work/scratch-editor/scratch-editor
2026-10-04T20:41:21.7122117Z [command]/usr/bin/git config --local --name-only --get-regexp core\.sshCommand
2026-10-04T20:41:21.7169898Z [command]/usr/bin/git submodule foreach --recursive sh -c "git config --local --name-only --get-regexp 'core\.sshCommand' && git config --local --unset-all 'core.sshCommand' || :"
2026-10-04T20:41:21.7493196Z [command]/usr/bin/git config --local --name-only --get-regexp http\.https\:\/\/github\.com\/\.extraheader
2026-10-04T20:41:21.7529949Z http.https://github.com/.extraheader
2026-10-04T20:41:21.7543873Z [command]/usr/bin/git config --local --unset-all http.https://github.com/.extraheader
2026-10-04T20:41:21.7591951Z [command]/usr/bin/git submodule foreach --recursive sh -c "git config --local --name-only --get-regexp 'http\.https\:\/\/github\.com\/\.extraheader' && git config --local --unset-all 'http.https://github.com/.extraheader' || :"
2026-10-04T20:41:21.8103456Z Cleaning up orphan processes
2026-10-04T20:41:21.8547031Z Terminate orphan process: pid (4987) (chromedriver)
2026-10-04T20:41:21.8598632Z Terminate orphan process: pid (4988) (chromedriver)
2026-10-04T20:41:21.8636269Z Terminate orphan process: pid (4989) (chromedriver)
2026-10-04T20:41:21.8672921Z Terminate orphan process: pid (4990) (chromedriver)
2026-10-04T20:41:21.8704017Z Terminate orphan process: pid (6162) (chromedriver)
2026-10-04T20:41:21.8745079Z Terminate orphan process: pid (6577) (chromedriver)
2026-10-04T20:41:21.8776024Z Terminate orphan process: pid (6599) (chromedriver)
2026-10-04T20:41:21.8814673Z Terminate orphan process: pid (6981) (chromedriver)
2026-10-04T20:41:21.8856186Z Terminate orphan process: pid (7546) (chromedriver)
2026-10-04T20:41:21.8887701Z Terminate orphan process: pid (7709) (chromedriver)
2026-10-04T20:41:21.8918598Z Terminate orphan process: pid (7852) (chromedriver)
2026-10-04T20:41:21.8949379Z Terminate orphan process: pid (8048) (chromedriver)
2026-10-04T20:41:21.8985089Z Terminate orphan process: pid (8394) (chromedriver)
2026-10-04T20:41:21.9015617Z Terminate orphan process: pid (8531) (chromedriver)
2026-10-04T20:41:21.9050991Z Terminate orphan process: pid (8721) (chromedriver)
2026-10-04T20:41:21.9096013Z Terminate orphan process: pid (8744) (chromedriver)
2026-10-04T20:41:21.9127348Z Terminate orphan process: pid (9004) (chromedriver)
