
> scratch-editor@15.0.1 build
> cross-env NODE_ENV=production npm run --workspaces build


> @scratch/task-herder@15.0.1 build
> tsc --project tsconfig.build.json && vite build

rolldown-vite v7.3.1 building client environment for production...
[2K
transforming...✓ 6 modules transformed.
rendering chunks...

[unplugin:dts] Start generate declaration files...
[unplugin:dts] Declaration files built in 1182ms.

computing gzip size...
dist/task-herder.js  4.08 kB │ gzip: 1.36 kB
[2K
transforming...✓ 6 modules transformed.
rendering chunks...
computing gzip size...
dist/task-herder.umd.cjs  3.34 kB │ gzip: 1.30 kB
✓ built in 1.28s

> @scratch/scratch-storage@15.0.1 build
> npm run clean && webpack --mode=production


> @scratch/scratch-storage@15.0.1 clean
> rimraf dist

Browserslist: browsers data (caniuse-lite) is 10 months old. Please run:
  npx update-browserslist-db@latest
  Why you should do it regularly: https://github.com/browserslist/update-db#readme
<s> [webpack.Progress] 0% 

<s> [webpack.Progress] 1% setup before run
<s> [webpack.Progress] 1% setup before run NodeEnvironmentPlugin
<s> [webpack.Progress] 1% setup before run
<s> [webpack.Progress] 2% setup run
<s> [webpack.Progress] 2% setup run webpack-cli
<s> [webpack.Progress] 2% setup run
<s> [webpack.Progress] 4% setup normal module factory
<s> [webpack.Progress] 4% setup normal module factory
<s> [webpack.Progress] 5% setup context module factory
<s> [webpack.Progress] 5% setup context module factory
<s> [webpack.Progress] 6% setup before compile
<s> [webpack.Progress] 6% setup before compile
<s> [webpack.Progress] 7% setup compile
<s> [webpack.Progress] 7% setup compile ExternalsPlugin
<s> [webpack.Progress] 7% setup compile
<s> [webpack.Progress] 8% setup compilation
<s> [webpack.Progress] 8% setup compilation ArrayPushCallbackChunkFormatPlugin
<s> [webpack.Progress] 8% setup compilation JsonpChunkLoadingPlugin
<s> [webpack.Progress] 8% setup compilation StartupChunkDependenciesPlugin
<s> [webpack.Progress] 8% setup compilation ImportScriptsChunkLoadingPlugin
<s> [webpack.Progress] 8% setup compilation FetchCompileAsyncWasmPlugin
<s> [webpack.Progress] 8% setup compilation ExportPropertyLibraryPlugin
<s> [webpack.Progress] 8% setup compilation UmdLibraryPlugin
<s> [webpack.Progress] 8% setup compilation WorkerAndWorkletPlugin
<s> [webpack.Progress] 8% setup compilation SplitChunksPlugin
<s> [webpack.Progress] 8% setup compilation ResolverCachePlugin
<s> [webpack.Progress] 8% setup compilation
<s> [webpack.Progress] 9% setup compilation
<s> [webpack.Progress] 9% setup compilation ProvidePlugin
<s> [webpack.Progress] 9% setup compilation ProgressPlugin
<s> [webpack.Progress] 9% setup compilation ExternalsPlugin
<s> [webpack.Progress] 9% setup compilation ChunkPrefetchPreloadPlugin
<s> [webpack.Progress] 9% setup compilation ResourceHintPlugin
<s> [webpack.Progress] 9% setup compilation SourceMapDevToolPlugin
<s> [webpack.Progress] 9% setup compilation JavascriptModulesPlugin
<s> [webpack.Progress] 9% setup compilation JsonModulesPlugin
<s> [webpack.Progress] 9% setup compilation AssetModulesPlugin
<s> [webpack.Progress] 9% setup compilation AsyncWebAssemblyModulesPlugin
<s> [webpack.Progress] 9% setup compilation CssModulesPlugin
<s> [webpack.Progress] 9% setup compilation HtmlModulesPlugin
<s> [webpack.Progress] 9% setup compilation EntryPlugin
<s> [webpack.Progress] 9% setup compilation RuntimePlugin
<s> [webpack.Progress] 9% setup compilation InferAsyncModulesPlugin
<s> [webpack.Progress] 9% setup compilation DataUriPlugin
<s> [webpack.Progress] 9% setup compilation FileUriPlugin
<s> [webpack.Progress] 9% setup compilation CompatibilityPlugin
<s> [webpack.Progress] 9% setup compilation HarmonyModulesPlugin
<s> [webpack.Progress] 9% setup compilation AMDPlugin
<s> [webpack.Progress] 9% setup compilation RequireJsStuffPlugin
<s> [webpack.Progress] 9% setup compilation CommonJsPlugin
<s> [webpack.Progress] 9% setup compilation LoaderPlugin
<s> [webpack.Progress] 9% setup compilation LoaderPlugin
<s> [webpack.Progress] 9% setup compilation NodeStuffPlugin
<s> [webpack.Progress] 9% setup compilation APIPlugin
<s> [webpack.Progress] 9% setup compilation ExportsInfoApiPlugin
<s> [webpack.Progress] 9% setup compilation WebpackIsIncludedPlugin
<s> [webpack.Progress] 9% setup compilation ConstPlugin
<s> [webpack.Progress] 9% setup compilation UseStrictPlugin
<s> [webpack.Progress] 9% setup compilation RequireIncludePlugin
<s> [webpack.Progress] 9% setup compilation RequireEnsurePlugin
<s> [webpack.Progress] 9% setup compilation RequireContextPlugin
<s> [webpack.Progress] 9% setup compilation ImportPlugin
<s> [webpack.Progress] 9% setup compilation ImportMetaContextPlugin
<s> [webpack.Progress] 9% setup compilation SystemPlugin
<s> [webpack.Progress] 9% setup compilation ImportMetaPlugin
<s> [webpack.Progress] 9% setup compilation URLPlugin
<s> [webpack.Progress] 9% setup compilation DefaultStatsFactoryPlugin
<s> [webpack.Progress] 9% setup compilation DefaultStatsPresetPlugin
<s> [webpack.Progress] 9% setup compilation DefaultStatsPrinterPlugin
<s> [webpack.Progress] 9% setup compilation JavascriptMetaInfoPlugin
<s> [webpack.Progress] 9% setup compilation EnsureChunkConditionsPlugin
<s> [webpack.Progress] 9% setup compilation RemoveEmptyChunksPlugin
<s> [webpack.Progress] 9% setup compilation MergeDuplicateChunksPlugin
<s> [webpack.Progress] 9% setup compilation FlagIncludedChunksPlugin
<s> [webpack.Progress] 9% setup compilation SideEffectsFlagPlugin
<s> [webpack.Progress] 9% setup compilation FlagDependencyExportsPlugin
<s> [webpack.Progress] 9% setup compilation FlagDependencyUsagePlugin
<s> [webpack.Progress] 9% setup compilation InnerGraphPlugin
<s> [webpack.Progress] 9% setup compilation CircularModulesPlugin
<s> [webpack.Progress] 9% setup compilation ConstExportsPlugin
<s> [webpack.Progress] 9% setup compilation MangleExportsPlugin
<s> [webpack.Progress] 9% setup compilation ModuleConcatenationPlugin
<s> [webpack.Progress] 9% setup compilation NoEmitOnErrorsPlugin
<s> [webpack.Progress] 9% setup compilation RealContentHashPlugin
<s> [webpack.Progress] 9% setup compilation WasmFinalizeExportsPlugin
<s> [webpack.Progress] 9% setup compilation DeterministicModuleIdsPlugin
<s> [webpack.Progress] 9% setup compilation DeterministicChunkIdsPlugin
<s> [webpack.Progress] 9% setup compilation DefinePlugin
<s> [webpack.Progress] 9% setup compilation TemplatedPathPlugin
<s> [webpack.Progress] 9% setup compilation RecordIdsPlugin
<s> [webpack.Progress] 9% setup compilation WarnCaseSensitiveModulesPlugin
<s> [webpack.Progress] 9% setup compilation
<s> [webpack.Progress] 10% building
<s> [webpack.Progress] 10% building 0/1 entries 0/0 dependencies 0/0 modules
<s> [webpack.Progress] 0% 

<s> [webpack.Progress] 1% setup before run
<s> [webpack.Progress] 1% setup before run NodeEnvironmentPlugin
<s> [webpack.Progress] 1% setup before run
<s> [webpack.Progress] 2% setup run
<s> [webpack.Progress] 2% setup run webpack-cli
<s> [webpack.Progress] 2% setup run
<s> [webpack.Progress] 4% setup normal module factory
<s> [webpack.Progress] 4% setup normal module factory
<s> [webpack.Progress] 5% setup context module factory
<s> [webpack.Progress] 5% setup context module factory
<s> [webpack.Progress] 6% setup before compile
<s> [webpack.Progress] 6% setup before compile
<s> [webpack.Progress] 7% setup compile
<s> [webpack.Progress] 7% setup compile ExternalsPlugin
<s> [webpack.Progress] 7% setup compile
<s> [webpack.Progress] 8% setup compilation
<s> [webpack.Progress] 8% setup compilation ArrayPushCallbackChunkFormatPlugin
<s> [webpack.Progress] 8% setup compilation JsonpChunkLoadingPlugin
<s> [webpack.Progress] 8% setup compilation StartupChunkDependenciesPlugin
<s> [webpack.Progress] 8% setup compilation ImportScriptsChunkLoadingPlugin
<s> [webpack.Progress] 8% setup compilation FetchCompileAsyncWasmPlugin
<s> [webpack.Progress] 8% setup compilation ExportPropertyLibraryPlugin
<s> [webpack.Progress] 8% setup compilation UmdLibraryPlugin
<s> [webpack.Progress] 8% setup compilation WorkerAndWorkletPlugin
<s> [webpack.Progress] 8% setup compilation SplitChunksPlugin
<s> [webpack.Progress] 8% setup compilation ResolverCachePlugin
<s> [webpack.Progress] 8% setup compilation
<s> [webpack.Progress] 9% setup compilation
<s> [webpack.Progress] 9% setup compilation ProvidePlugin
<s> [webpack.Progress] 9% setup compilation ProgressPlugin
<s> [webpack.Progress] 9% setup compilation ExternalsPlugin
<s> [webpack.Progress] 9% setup compilation ChunkPrefetchPreloadPlugin
<s> [webpack.Progress] 9% setup compilation ResourceHintPlugin
<s> [webpack.Progress] 9% setup compilation SourceMapDevToolPlugin
<s> [webpack.Progress] 9% setup compilation JavascriptModulesPlugin
<s> [webpack.Progress] 9% setup compilation JsonModulesPlugin
<s> [webpack.Progress] 9% setup compilation AssetModulesPlugin
<s> [webpack.Progress] 9% setup compilation AsyncWebAssemblyModulesPlugin
<s> [webpack.Progress] 9% setup compilation CssModulesPlugin
<s> [webpack.Progress] 9% setup compilation HtmlModulesPlugin
<s> [webpack.Progress] 9% setup compilation EntryPlugin
<s> [webpack.Progress] 9% setup compilation RuntimePlugin
<s> [webpack.Progress] 9% setup compilation InferAsyncModulesPlugin
<s> [webpack.Progress] 9% setup compilation DataUriPlugin
<s> [webpack.Progress] 9% setup compilation FileUriPlugin
<s> [webpack.Progress] 9% setup compilation CompatibilityPlugin
<s> [webpack.Progress] 9% setup compilation HarmonyModulesPlugin
<s> [webpack.Progress] 9% setup compilation AMDPlugin
<s> [webpack.Progress] 9% setup compilation RequireJsStuffPlugin
<s> [webpack.Progress] 9% setup compilation CommonJsPlugin
<s> [webpack.Progress] 9% setup compilation LoaderPlugin
<s> [webpack.Progress] 9% setup compilation LoaderPlugin
<s> [webpack.Progress] 9% setup compilation NodeStuffPlugin
<s> [webpack.Progress] 9% setup compilation APIPlugin
<s> [webpack.Progress] 9% setup compilation ExportsInfoApiPlugin
<s> [webpack.Progress] 9% setup compilation WebpackIsIncludedPlugin
<s> [webpack.Progress] 9% setup compilation ConstPlugin
<s> [webpack.Progress] 9% setup compilation UseStrictPlugin
<s> [webpack.Progress] 9% setup compilation RequireIncludePlugin
<s> [webpack.Progress] 9% setup compilation RequireEnsurePlugin
<s> [webpack.Progress] 9% setup compilation RequireContextPlugin
<s> [webpack.Progress] 9% setup compilation ImportPlugin
<s> [webpack.Progress] 9% setup compilation ImportMetaContextPlugin
<s> [webpack.Progress] 9% setup compilation SystemPlugin
<s> [webpack.Progress] 9% setup compilation ImportMetaPlugin
<s> [webpack.Progress] 9% setup compilation URLPlugin
<s> [webpack.Progress] 9% setup compilation DefaultStatsFactoryPlugin
<s> [webpack.Progress] 9% setup compilation DefaultStatsPresetPlugin
<s> [webpack.Progress] 9% setup compilation DefaultStatsPrinterPlugin
<s> [webpack.Progress] 9% setup compilation JavascriptMetaInfoPlugin
<s> [webpack.Progress] 9% setup compilation EnsureChunkConditionsPlugin
<s> [webpack.Progress] 9% setup compilation RemoveEmptyChunksPlugin
<s> [webpack.Progress] 9% setup compilation MergeDuplicateChunksPlugin
<s> [webpack.Progress] 9% setup compilation FlagIncludedChunksPlugin
<s> [webpack.Progress] 9% setup compilation SideEffectsFlagPlugin
<s> [webpack.Progress] 9% setup compilation FlagDependencyExportsPlugin
<s> [webpack.Progress] 9% setup compilation FlagDependencyUsagePlugin
<s> [webpack.Progress] 9% setup compilation InnerGraphPlugin
<s> [webpack.Progress] 9% setup compilation CircularModulesPlugin
<s> [webpack.Progress] 9% setup compilation ConstExportsPlugin
<s> [webpack.Progress] 9% setup compilation MangleExportsPlugin
<s> [webpack.Progress] 9% setup compilation ModuleConcatenationPlugin
<s> [webpack.Progress] 9% setup compilation NoEmitOnErrorsPlugin
<s> [webpack.Progress] 9% setup compilation RealContentHashPlugin
<s> [webpack.Progress] 9% setup compilation WasmFinalizeExportsPlugin
<s> [webpack.Progress] 9% setup compilation DeterministicModuleIdsPlugin
<s> [webpack.Progress] 9% setup compilation DeterministicChunkIdsPlugin
<s> [webpack.Progress] 9% setup compilation DefinePlugin
<s> [webpack.Progress] 9% setup compilation TerserPlugin
<s> [webpack.Progress] 9% setup compilation TemplatedPathPlugin
<s> [webpack.Progress] 9% setup compilation RecordIdsPlugin
<s> [webpack.Progress] 9% setup compilation WarnCaseSensitiveModulesPlugin
<s> [webpack.Progress] 9% setup compilation
<s> [webpack.Progress] 10% building
<s> [webpack.Progress] 10% building 0/1 entries 0/0 dependencies 0/0 modules
<s> [webpack.Progress] 0% 

<s> [webpack.Progress] 1% setup before run
<s> [webpack.Progress] 1% setup before run NodeEnvironmentPlugin
<s> [webpack.Progress] 1% setup before run
<s> [webpack.Progress] 2% setup run
<s> [webpack.Progress] 2% setup run webpack-cli
<s> [webpack.Progress] 2% setup run
<s> [webpack.Progress] 4% setup normal module factory
<s> [webpack.Progress] 4% setup normal module factory
<s> [webpack.Progress] 5% setup context module factory
<s> [webpack.Progress] 5% setup context module factory
<s> [webpack.Progress] 6% setup before compile
<s> [webpack.Progress] 6% setup before compile
<s> [webpack.Progress] 7% setup compile
<s> [webpack.Progress] 7% setup compile ExternalsPlugin
<s> [webpack.Progress] 7% setup compile ExternalsPlugin
<s> [webpack.Progress] 7% setup compile
<s> [webpack.Progress] 8% setup compilation
<s> [webpack.Progress] 8% setup compilation CommonJsChunkFormatPlugin
<s> [webpack.Progress] 8% setup compilation FetchCompileAsyncWasmPlugin
<s> [webpack.Progress] 8% setup compilation AssignLibraryPlugin
<s> [webpack.Progress] 8% setup compilation WorkerAndWorkletPlugin
<s> [webpack.Progress] 8% setup compilation SplitChunksPlugin
<s> [webpack.Progress] 8% setup compilation ResolverCachePlugin
<s> [webpack.Progress] 8% setup compilation
<s> [webpack.Progress] 9% setup compilation
<s> [webpack.Progress] 9% setup compilation ProvidePlugin
<s> [webpack.Progress] 9% setup compilation ProgressPlugin
<s> [webpack.Progress] 9% setup compilation ExternalsPlugin
<s> [webpack.Progress] 9% setup compilation ExternalsPlugin
<s> [webpack.Progress] 9% setup compilation ChunkPrefetchPreloadPlugin
<s> [webpack.Progress] 9% setup compilation ResourceHintPlugin
<s> [webpack.Progress] 9% setup compilation SourceMapDevToolPlugin
<s> [webpack.Progress] 9% setup compilation JavascriptModulesPlugin
<s> [webpack.Progress] 9% setup compilation JsonModulesPlugin
<s> [webpack.Progress] 9% setup compilation AssetModulesPlugin
<s> [webpack.Progress] 9% setup compilation AsyncWebAssemblyModulesPlugin
<s> [webpack.Progress] 9% setup compilation CssModulesPlugin
<s> [webpack.Progress] 9% setup compilation HtmlModulesPlugin
<s> [webpack.Progress] 9% setup compilation EntryPlugin
<s> [webpack.Progress] 9% setup compilation RuntimePlugin
<s> [webpack.Progress] 9% setup compilation InferAsyncModulesPlugin
<s> [webpack.Progress] 9% setup compilation DataUriPlugin
<s> [webpack.Progress] 9% setup compilation FileUriPlugin
<s> [webpack.Progress] 9% setup compilation CompatibilityPlugin
<s> [webpack.Progress] 9% setup compilation HarmonyModulesPlugin
<s> [webpack.Progress] 9% setup compilation AMDPlugin
<s> [webpack.Progress] 9% setup compilation RequireJsStuffPlugin
<s> [webpack.Progress] 9% setup compilation CommonJsPlugin
<s> [webpack.Progress] 9% setup compilation LoaderPlugin
<s> [webpack.Progress] 9% setup compilation LoaderPlugin
<s> [webpack.Progress] 9% setup compilation NodeStuffPlugin
<s> [webpack.Progress] 9% setup compilation APIPlugin
<s> [webpack.Progress] 9% setup compilation ExportsInfoApiPlugin
<s> [webpack.Progress] 9% setup compilation WebpackIsIncludedPlugin
<s> [webpack.Progress] 9% setup compilation ConstPlugin
<s> [webpack.Progress] 9% setup compilation UseStrictPlugin
<s> [webpack.Progress] 9% setup compilation RequireIncludePlugin
<s> [webpack.Progress] 9% setup compilation RequireEnsurePlugin
<s> [webpack.Progress] 9% setup compilation RequireContextPlugin
<s> [webpack.Progress] 9% setup compilation ImportPlugin
<s> [webpack.Progress] 9% setup compilation ImportMetaContextPlugin
<s> [webpack.Progress] 9% setup compilation SystemPlugin
<s> [webpack.Progress] 9% setup compilation ImportMetaPlugin
<s> [webpack.Progress] 9% setup compilation URLPlugin
<s> [webpack.Progress] 9% setup compilation DefaultStatsFactoryPlugin
<s> [webpack.Progress] 9% setup compilation DefaultStatsPresetPlugin
<s> [webpack.Progress] 9% setup compilation DefaultStatsPrinterPlugin
<s> [webpack.Progress] 9% setup compilation JavascriptMetaInfoPlugin
<s> [webpack.Progress] 9% setup compilation EnsureChunkConditionsPlugin
<s> [webpack.Progress] 9% setup compilation RemoveEmptyChunksPlugin
<s> [webpack.Progress] 9% setup compilation MergeDuplicateChunksPlugin
<s> [webpack.Progress] 9% setup compilation FlagIncludedChunksPlugin
<s> [webpack.Progress] 9% setup compilation SideEffectsFlagPlugin
<s> [webpack.Progress] 9% setup compilation FlagDependencyExportsPlugin
<s> [webpack.Progress] 9% setup compilation FlagDependencyUsagePlugin
<s> [webpack.Progress] 9% setup compilation InnerGraphPlugin
<s> [webpack.Progress] 9% setup compilation CircularModulesPlugin
<s> [webpack.Progress] 9% setup compilation ConstExportsPlugin
<s> [webpack.Progress] 9% setup compilation MangleExportsPlugin
<s> [webpack.Progress] 9% setup compilation ModuleConcatenationPlugin
<s> [webpack.Progress] 9% setup compilation NoEmitOnErrorsPlugin
<s> [webpack.Progress] 9% setup compilation RealContentHashPlugin
<s> [webpack.Progress] 9% setup compilation WasmFinalizeExportsPlugin
<s> [webpack.Progress] 9% setup compilation DeterministicModuleIdsPlugin
<s> [webpack.Progress] 9% setup compilation DeterministicChunkIdsPlugin
<s> [webpack.Progress] 9% setup compilation DefinePlugin
<s> [webpack.Progress] 9% setup compilation TerserPlugin
<s> [webpack.Progress] 9% setup compilation TemplatedPathPlugin
<s> [webpack.Progress] 9% setup compilation RecordIdsPlugin
<s> [webpack.Progress] 9% setup compilation WarnCaseSensitiveModulesPlugin
<s> [webpack.Progress] 9% setup compilation
<s> [webpack.Progress] 10% building
<s> [webpack.Progress] 10% building 0/1 entries 0/0 dependencies 0/0 modules
<s> [webpack.Progress] 10% building import loader ../../node_modules/babel-loader/lib/index.js
<s> [webpack.Progress] 10% building import loader ../../node_modules/ts-loader/index.js
<s> [webpack.Progress] 10% building 0/1 entries 1/1 dependencies 0/1 modules
<s> [webpack.Progress] 10% building import loader ../../node_modules/babel-loader/lib/index.js
<s> [webpack.Progress] 10% building import loader ../../node_modules/ts-loader/index.js
<s> [webpack.Progress] 10% building 0/1 entries 1/1 dependencies 0/1 modules
<s> [webpack.Progress] 10% building import loader ../../node_modules/babel-loader/lib/index.js
<s> [webpack.Progress] 10% building import loader ../../node_modules/ts-loader/index.js
<s> [webpack.Progress] 10% building 0/1 entries 1/1 dependencies 0/1 modules
<s> [webpack.Progress] 10% building 0/1 entries 1/2 dependencies 0/1 modules
<s> [webpack.Progress] 10% building 0/1 entries 1/2 dependencies 0/1 modules
<s> [webpack.Progress] 10% building 0/1 entries 1/2 dependencies 0/1 modules
<s> [webpack.Progress] 10% building 0/1 entries 5/6 dependencies 0/4 modules
<s> [webpack.Progress] 10% building 0/1 entries 2/6 dependencies 0/1 modules
<s> [webpack.Progress] 10% building 0/1 entries 2/6 dependencies 0/1 modules
<s> [webpack.Progress] 10% building 0/1 entries 7/8 dependencies 3/6 modules
<s> [webpack.Progress] 10% building 0/1 entries 7/8 dependencies 3/6 modules
<s> [webpack.Progress] 10% building 0/1 entries 12/16 dependencies 4/7 modules
<s> [webpack.Progress] 10% building 0/1 entries 15/17 dependencies 3/11 modules
<s> [webpack.Progress] 10% building 0/1 entries 20/29 dependencies 3/11 modules
<s> [webpack.Progress] 10% building import loader ../../node_modules/arraybuffer-loader/index.js
<s> [webpack.Progress] 10% building 0/1 entries 32/40 dependencies 3/18 modules
<s> [webpack.Progress] 10% building 0/1 entries 28/38 dependencies 3/14 modules
<s> [webpack.Progress] 10% building import loader ../../node_modules/arraybuffer-loader/index.js
<s> [webpack.Progress] 10% building 0/1 entries 32/40 dependencies 3/18 modules
<s> [webpack.Progress] 10% building 0/1 entries 32/38 dependencies 5/16 modules
<s> [webpack.Progress] 10% building import loader ../../node_modules/arraybuffer-loader/index.js
<s> [webpack.Progress] 10% building 0/1 entries 34/38 dependencies 5/19 modules
<s> [webpack.Progress] 10% building 0/1 entries 60/62 dependencies 15/31 modules
<s> [webpack.Progress] 10% building 0/1 entries 52/57 dependencies 9/27 modules
<s> [webpack.Progress] 10% building 0/1 entries 60/62 dependencies 15/31 modules
<s> [webpack.Progress] 65% building 1/1 entries 87/87 dependencies 38/38 modules
<s> [webpack.Progress] 65% building
<s> [webpack.Progress] 69% building finish
<s> [webpack.Progress] 69% building finish HtmlModulesPlugin
<s> [webpack.Progress] 69% building finish
<s> [webpack.Progress] 70% sealing finish module graph
<s> [webpack.Progress] 70% sealing finish module graph ResolverCachePlugin
<s> [webpack.Progress] 70% sealing finish module graph InferAsyncModulesPlugin
<s> [webpack.Progress] 70% sealing finish module graph FlagDependencyExportsPlugin
<s> [webpack.Progress] 70% sealing finish module graph InnerGraphPlugin
<s> [webpack.Progress] 70% sealing finish module graph WasmFinalizeExportsPlugin
<s> [webpack.Progress] 70% sealing finish module graph ExportPropertyLibraryPlugin
<s> [webpack.Progress] 70% sealing finish module graph UmdLibraryPlugin
<s> [webpack.Progress] 70% sealing finish module graph
<s> [webpack.Progress] 70% sealing plugins
<s> [webpack.Progress] 70% sealing plugins WarnCaseSensitiveModulesPlugin
<s> [webpack.Progress] 70% sealing plugins
<s> [webpack.Progress] 71% sealing dependencies optimization
<s> [webpack.Progress] 71% sealing dependencies optimization SideEffectsFlagPlugin
<s> [webpack.Progress] 71% sealing dependencies optimization FlagDependencyUsagePlugin
<s> [webpack.Progress] 71% sealing dependencies optimization ConstExportsPlugin
<s> [webpack.Progress] 71% sealing dependencies optimization
<s> [webpack.Progress] 71% sealing after dependencies optimization
<s> [webpack.Progress] 71% sealing after dependencies optimization
<s> [webpack.Progress] 72% sealing chunk graph
<s> [webpack.Progress] 72% sealing chunk graph
<s> [webpack.Progress] 73% sealing after chunk graph
<s> [webpack.Progress] 73% sealing after chunk graph HtmlModulesPlugin
<s> [webpack.Progress] 73% sealing after chunk graph
<s> [webpack.Progress] 73% sealing optimizing
<s> [webpack.Progress] 73% sealing optimizing
<s> [webpack.Progress] 74% sealing module optimization
<s> [webpack.Progress] 74% sealing module optimization CircularModulesPlugin
<s> [webpack.Progress] 74% sealing module optimization
<s> [webpack.Progress] 75% sealing after module optimization
<s> [webpack.Progress] 75% sealing after module optimization
<s> [webpack.Progress] 75% sealing chunk optimization
<s> [webpack.Progress] 75% sealing chunk optimization EnsureChunkConditionsPlugin
<s> [webpack.Progress] 75% sealing chunk optimization RemoveEmptyChunksPlugin
<s> [webpack.Progress] 75% sealing chunk optimization MergeDuplicateChunksPlugin
<s> [webpack.Progress] 75% sealing chunk optimization SplitChunksPlugin
<s> [webpack.Progress] 75% sealing chunk optimization RemoveEmptyChunksPlugin
<s> [webpack.Progress] 75% sealing chunk optimization
<s> [webpack.Progress] 76% sealing after chunk optimization
<s> [webpack.Progress] 76% sealing after chunk optimization
<s> [webpack.Progress] 77% sealing module and chunk tree optimization
<s> [webpack.Progress] 77% sealing module and chunk tree optimization
<s> [webpack.Progress] 77% sealing after module and chunk tree optimization
<s> [webpack.Progress] 77% sealing after module and chunk tree optimization
<s> [webpack.Progress] 78% sealing chunk modules optimization
<s> [webpack.Progress] 78% sealing chunk modules optimization ModuleConcatenationPlugin
<s> [webpack.Progress] 78% sealing chunk modules optimization
<s> [webpack.Progress] 78% sealing after chunk modules optimization
<s> [webpack.Progress] 78% sealing after chunk modules optimization
<s> [webpack.Progress] 79% sealing module reviving
<s> [webpack.Progress] 79% sealing module reviving RecordIdsPlugin
<s> [webpack.Progress] 79% sealing module reviving
<s> [webpack.Progress] 80% sealing before module ids
<s> [webpack.Progress] 80% sealing before module ids
<s> [webpack.Progress] 80% sealing module ids
<s> [webpack.Progress] 80% sealing module ids DeterministicModuleIdsPlugin
<s> [webpack.Progress] 80% sealing module ids
<s> [webpack.Progress] 81% sealing module id optimization
<s> [webpack.Progress] 81% sealing module id optimization
<s> [webpack.Progress] 82% sealing module id optimization
<s> [webpack.Progress] 82% sealing module id optimization
<s> [webpack.Progress] 82% sealing chunk reviving
<s> [webpack.Progress] 82% sealing chunk reviving RecordIdsPlugin
<s> [webpack.Progress] 82% sealing chunk reviving
<s> [webpack.Progress] 83% sealing before chunk ids
<s> [webpack.Progress] 83% sealing before chunk ids
<s> [webpack.Progress] 84% sealing chunk ids
<s> [webpack.Progress] 84% sealing chunk ids DeterministicChunkIdsPlugin
<s> [webpack.Progress] 84% sealing chunk ids
<s> [webpack.Progress] 84% sealing chunk id optimization
<s> [webpack.Progress] 84% sealing chunk id optimization FlagIncludedChunksPlugin
<s> [webpack.Progress] 84% sealing chunk id optimization
<s> [webpack.Progress] 85% sealing after chunk id optimization
<s> [webpack.Progress] 85% sealing after chunk id optimization
<s> [webpack.Progress] 86% sealing record modules
<s> [webpack.Progress] 86% sealing record modules RecordIdsPlugin
<s> [webpack.Progress] 86% sealing record modules
<s> [webpack.Progress] 86% sealing record chunks
<s> [webpack.Progress] 86% sealing record chunks RecordIdsPlugin
<s> [webpack.Progress] 86% sealing record chunks
<s> [webpack.Progress] 87% sealing module hashing
<s> [webpack.Progress] 87% sealing module hashing
<s> [webpack.Progress] 87% sealing code generation
<s> [webpack.Progress] 87% sealing code generation
<s> [webpack.Progress] 88% sealing runtime requirements
<s> [webpack.Progress] 88% sealing runtime requirements
<s> [webpack.Progress] 89% sealing hashing
<s> [webpack.Progress] 89% sealing hashing
<s> [webpack.Progress] 89% sealing after hashing
<s> [webpack.Progress] 89% sealing after hashing
<s> [webpack.Progress] 90% sealing record hash
<s> [webpack.Progress] 90% sealing record hash
<s> [webpack.Progress] 91% sealing module assets processing
<s> [webpack.Progress] 91% sealing module assets processing
<s> [webpack.Progress] 91% sealing chunk assets processing
<s> [webpack.Progress] 91% sealing chunk assets processing
<s> [webpack.Progress] 92% sealing asset processing
<s> [webpack.Progress] 92% sealing asset processing ts-loader
<s> [webpack.Progress] 92% sealing asset processing TerserPlugin
<s> [webpack.Progress] 10% building 0/1 entries 87/87 dependencies 27/38 modules
<s> [webpack.Progress] 65% building 1/1 entries 87/87 dependencies 38/38 modules
<s> [webpack.Progress] 65% building
<s> [webpack.Progress] 69% building finish
<s> [webpack.Progress] 69% building finish HtmlModulesPlugin
<s> [webpack.Progress] 69% building finish
<s> [webpack.Progress] 70% sealing finish module graph
<s> [webpack.Progress] 70% sealing finish module graph ResolverCachePlugin
<s> [webpack.Progress] 70% sealing finish module graph InferAsyncModulesPlugin
<s> [webpack.Progress] 70% sealing finish module graph FlagDependencyExportsPlugin
<s> [webpack.Progress] 70% sealing finish module graph InnerGraphPlugin
<s> [webpack.Progress] 70% sealing finish module graph WasmFinalizeExportsPlugin
<s> [webpack.Progress] 70% sealing finish module graph ExportPropertyLibraryPlugin
<s> [webpack.Progress] 70% sealing finish module graph UmdLibraryPlugin
<s> [webpack.Progress] 70% sealing finish module graph
<s> [webpack.Progress] 70% sealing plugins
<s> [webpack.Progress] 70% sealing plugins WarnCaseSensitiveModulesPlugin
<s> [webpack.Progress] 70% sealing plugins
<s> [webpack.Progress] 71% sealing dependencies optimization
<s> [webpack.Progress] 71% sealing dependencies optimization SideEffectsFlagPlugin
<s> [webpack.Progress] 71% sealing dependencies optimization FlagDependencyUsagePlugin
<s> [webpack.Progress] 71% sealing dependencies optimization ConstExportsPlugin
<s> [webpack.Progress] 71% sealing dependencies optimization
<s> [webpack.Progress] 71% sealing after dependencies optimization
<s> [webpack.Progress] 71% sealing after dependencies optimization
<s> [webpack.Progress] 72% sealing chunk graph
<s> [webpack.Progress] 72% sealing chunk graph
<s> [webpack.Progress] 73% sealing after chunk graph
<s> [webpack.Progress] 73% sealing after chunk graph HtmlModulesPlugin
<s> [webpack.Progress] 73% sealing after chunk graph
<s> [webpack.Progress] 73% sealing optimizing
<s> [webpack.Progress] 73% sealing optimizing
<s> [webpack.Progress] 74% sealing module optimization
<s> [webpack.Progress] 74% sealing module optimization CircularModulesPlugin
<s> [webpack.Progress] 74% sealing module optimization
<s> [webpack.Progress] 75% sealing after module optimization
<s> [webpack.Progress] 75% sealing after module optimization
<s> [webpack.Progress] 75% sealing chunk optimization
<s> [webpack.Progress] 75% sealing chunk optimization EnsureChunkConditionsPlugin
<s> [webpack.Progress] 75% sealing chunk optimization RemoveEmptyChunksPlugin
<s> [webpack.Progress] 75% sealing chunk optimization MergeDuplicateChunksPlugin
<s> [webpack.Progress] 75% sealing chunk optimization SplitChunksPlugin
<s> [webpack.Progress] 75% sealing chunk optimization RemoveEmptyChunksPlugin
<s> [webpack.Progress] 75% sealing chunk optimization
<s> [webpack.Progress] 76% sealing after chunk optimization
<s> [webpack.Progress] 76% sealing after chunk optimization
<s> [webpack.Progress] 77% sealing module and chunk tree optimization
<s> [webpack.Progress] 77% sealing module and chunk tree optimization
<s> [webpack.Progress] 77% sealing after module and chunk tree optimization
<s> [webpack.Progress] 77% sealing after module and chunk tree optimization
<s> [webpack.Progress] 78% sealing chunk modules optimization
<s> [webpack.Progress] 78% sealing chunk modules optimization ModuleConcatenationPlugin
<s> [webpack.Progress] 78% sealing chunk modules optimization
<s> [webpack.Progress] 78% sealing after chunk modules optimization
<s> [webpack.Progress] 78% sealing after chunk modules optimization
<s> [webpack.Progress] 79% sealing module reviving
<s> [webpack.Progress] 79% sealing module reviving RecordIdsPlugin
<s> [webpack.Progress] 79% sealing module reviving
<s> [webpack.Progress] 80% sealing before module ids
<s> [webpack.Progress] 80% sealing before module ids
<s> [webpack.Progress] 80% sealing module ids
<s> [webpack.Progress] 80% sealing module ids DeterministicModuleIdsPlugin
<s> [webpack.Progress] 80% sealing module ids
<s> [webpack.Progress] 81% sealing module id optimization
<s> [webpack.Progress] 81% sealing module id optimization
<s> [webpack.Progress] 82% sealing module id optimization
<s> [webpack.Progress] 82% sealing module id optimization
<s> [webpack.Progress] 82% sealing chunk reviving
<s> [webpack.Progress] 82% sealing chunk reviving RecordIdsPlugin
<s> [webpack.Progress] 82% sealing chunk reviving
<s> [webpack.Progress] 83% sealing before chunk ids
<s> [webpack.Progress] 83% sealing before chunk ids
<s> [webpack.Progress] 84% sealing chunk ids
<s> [webpack.Progress] 84% sealing chunk ids DeterministicChunkIdsPlugin
<s> [webpack.Progress] 84% sealing chunk ids
<s> [webpack.Progress] 84% sealing chunk id optimization
<s> [webpack.Progress] 84% sealing chunk id optimization FlagIncludedChunksPlugin
<s> [webpack.Progress] 84% sealing chunk id optimization
<s> [webpack.Progress] 85% sealing after chunk id optimization
<s> [webpack.Progress] 85% sealing after chunk id optimization
<s> [webpack.Progress] 86% sealing record modules
<s> [webpack.Progress] 86% sealing record modules RecordIdsPlugin
<s> [webpack.Progress] 86% sealing record modules
<s> [webpack.Progress] 86% sealing record chunks
<s> [webpack.Progress] 86% sealing record chunks RecordIdsPlugin
<s> [webpack.Progress] 86% sealing record chunks
<s> [webpack.Progress] 87% sealing module hashing
<s> [webpack.Progress] 87% sealing module hashing
<s> [webpack.Progress] 87% sealing code generation
<s> [webpack.Progress] 87% sealing code generation
<s> [webpack.Progress] 88% sealing runtime requirements
<s> [webpack.Progress] 88% sealing runtime requirements
<s> [webpack.Progress] 89% sealing hashing
<s> [webpack.Progress] 89% sealing hashing
<s> [webpack.Progress] 89% sealing after hashing
<s> [webpack.Progress] 89% sealing after hashing
<s> [webpack.Progress] 90% sealing record hash
<s> [webpack.Progress] 90% sealing record hash
<s> [webpack.Progress] 91% sealing module assets processing
<s> [webpack.Progress] 91% sealing module assets processing
<s> [webpack.Progress] 91% sealing chunk assets processing
<s> [webpack.Progress] 91% sealing chunk assets processing
<s> [webpack.Progress] 92% sealing asset processing
<s> [webpack.Progress] 92% sealing asset processing ts-loader
<s> [webpack.Progress] 92% sealing asset processing SourceMapDevToolPlugin
<s> [webpack.Progress] 92% sealing asset processing SourceMapDevToolPlugin
<s> [webpack.Progress] 92% sealing asset processing SourceMapDevToolPlugin scratch-storage.js generate SourceMap
<s> [webpack.Progress] 92% sealing asset processing SourceMapDevToolPlugin scratch-storage.js generated SourceMap
<s> [webpack.Progress] 92% sealing asset processing SourceMapDevToolPlugin chunks/fetch-worker.12a0667c4caaa6201bad.js generate SourceMap
<s> [webpack.Progress] 92% sealing asset processing SourceMapDevToolPlugin chunks/fetch-worker.12a0667c4caaa6201bad.js generated SourceMap
<s> [webpack.Progress] 92% sealing asset processing SourceMapDevToolPlugin resolve sources
<s> [webpack.Progress] 92% sealing asset processing SourceMapDevToolPlugin scratch-storage.js attach SourceMap
<s> [webpack.Progress] 92% sealing asset processing SourceMapDevToolPlugin scratch-storage.js attached SourceMap
<s> [webpack.Progress] 92% sealing asset processing SourceMapDevToolPlugin chunks/fetch-worker.12a0667c4caaa6201bad.js attach SourceMap
<s> [webpack.Progress] 92% sealing asset processing SourceMapDevToolPlugin chunks/fetch-worker.12a0667c4caaa6201bad.js attached SourceMap
<s> [webpack.Progress] 92% sealing asset processing SourceMapDevToolPlugin
<s> [webpack.Progress] 92% sealing asset processing SourceMapDevToolPlugin
<s> [webpack.Progress] 92% sealing asset processing SourceMapDevToolPlugin resolve sources
<s> [webpack.Progress] 92% sealing asset processing SourceMapDevToolPlugin
<s> [webpack.Progress] 92% sealing asset processing RealContentHashPlugin
<s> [webpack.Progress] 92% sealing asset processing HtmlModulesPlugin
<s> [webpack.Progress] 92% sealing asset processing
<s> [webpack.Progress] 93% sealing after asset optimization
<s> [webpack.Progress] 93% sealing after asset optimization
<s> [webpack.Progress] 93% sealing recording
<s> [webpack.Progress] 93% sealing recording
<s> [webpack.Progress] 94% sealing after seal
<s> [webpack.Progress] 94% sealing after seal HtmlModulesPlugin
<s> [webpack.Progress] 94% sealing after seal
<s> [webpack.Progress] 95% emitting emit
<s> [webpack.Progress] 95% emitting emit
<s> [webpack.Progress] 10% building 0/1 entries 86/86 dependencies 27/38 modules
<s> [webpack.Progress] 65% building 1/1 entries 86/86 dependencies 38/38 modules
<s> [webpack.Progress] 65% building
<s> [webpack.Progress] 69% building finish
<s> [webpack.Progress] 69% building finish HtmlModulesPlugin
<s> [webpack.Progress] 69% building finish
<s> [webpack.Progress] 70% sealing finish module graph
<s> [webpack.Progress] 70% sealing finish module graph ResolverCachePlugin
<s> [webpack.Progress] 70% sealing finish module graph InferAsyncModulesPlugin
<s> [webpack.Progress] 70% sealing finish module graph FlagDependencyExportsPlugin
<s> [webpack.Progress] 70% sealing finish module graph InnerGraphPlugin
<s> [webpack.Progress] 70% sealing finish module graph WasmFinalizeExportsPlugin
<s> [webpack.Progress] 70% sealing finish module graph AssignLibraryPlugin
<s> [webpack.Progress] 70% sealing finish module graph
<s> [webpack.Progress] 70% sealing plugins
<s> [webpack.Progress] 70% sealing plugins WarnCaseSensitiveModulesPlugin
<s> [webpack.Progress] 70% sealing plugins
<s> [webpack.Progress] 71% sealing dependencies optimization
<s> [webpack.Progress] 71% sealing dependencies optimization SideEffectsFlagPlugin
<s> [webpack.Progress] 71% sealing dependencies optimization FlagDependencyUsagePlugin
<s> [webpack.Progress] 71% sealing dependencies optimization ConstExportsPlugin
<s> [webpack.Progress] 71% sealing dependencies optimization
<s> [webpack.Progress] 71% sealing after dependencies optimization
<s> [webpack.Progress] 71% sealing after dependencies optimization
<s> [webpack.Progress] 72% sealing chunk graph
<s> [webpack.Progress] 72% sealing chunk graph
<s> [webpack.Progress] 73% sealing after chunk graph
<s> [webpack.Progress] 73% sealing after chunk graph HtmlModulesPlugin
<s> [webpack.Progress] 73% sealing after chunk graph
<s> [webpack.Progress] 73% sealing optimizing
<s> [webpack.Progress] 73% sealing optimizing
<s> [webpack.Progress] 74% sealing module optimization
<s> [webpack.Progress] 74% sealing module optimization CircularModulesPlugin
<s> [webpack.Progress] 74% sealing module optimization
<s> [webpack.Progress] 75% sealing after module optimization
<s> [webpack.Progress] 75% sealing after module optimization
<s> [webpack.Progress] 75% sealing chunk optimization
<s> [webpack.Progress] 75% sealing chunk optimization EnsureChunkConditionsPlugin
<s> [webpack.Progress] 75% sealing chunk optimization RemoveEmptyChunksPlugin
<s> [webpack.Progress] 75% sealing chunk optimization MergeDuplicateChunksPlugin
<s> [webpack.Progress] 75% sealing chunk optimization SplitChunksPlugin
<s> [webpack.Progress] 75% sealing chunk optimization RemoveEmptyChunksPlugin
<s> [webpack.Progress] 75% sealing chunk optimization
<s> [webpack.Progress] 76% sealing after chunk optimization
<s> [webpack.Progress] 76% sealing after chunk optimization
<s> [webpack.Progress] 77% sealing module and chunk tree optimization
<s> [webpack.Progress] 77% sealing module and chunk tree optimization
<s> [webpack.Progress] 77% sealing after module and chunk tree optimization
<s> [webpack.Progress] 77% sealing after module and chunk tree optimization
<s> [webpack.Progress] 78% sealing chunk modules optimization
<s> [webpack.Progress] 78% sealing chunk modules optimization ModuleConcatenationPlugin
<s> [webpack.Progress] 78% sealing chunk modules optimization
<s> [webpack.Progress] 78% sealing after chunk modules optimization
<s> [webpack.Progress] 78% sealing after chunk modules optimization
<s> [webpack.Progress] 79% sealing module reviving
<s> [webpack.Progress] 79% sealing module reviving RecordIdsPlugin
<s> [webpack.Progress] 79% sealing module reviving
<s> [webpack.Progress] 80% sealing before module ids
<s> [webpack.Progress] 80% sealing before module ids
<s> [webpack.Progress] 80% sealing module ids
<s> [webpack.Progress] 80% sealing module ids DeterministicModuleIdsPlugin
<s> [webpack.Progress] 80% sealing module ids
<s> [webpack.Progress] 81% sealing module id optimization
<s> [webpack.Progress] 81% sealing module id optimization
<s> [webpack.Progress] 82% sealing module id optimization
<s> [webpack.Progress] 82% sealing module id optimization
<s> [webpack.Progress] 82% sealing chunk reviving
<s> [webpack.Progress] 82% sealing chunk reviving RecordIdsPlugin
<s> [webpack.Progress] 82% sealing chunk reviving
<s> [webpack.Progress] 83% sealing before chunk ids
<s> [webpack.Progress] 83% sealing before chunk ids
<s> [webpack.Progress] 84% sealing chunk ids
<s> [webpack.Progress] 84% sealing chunk ids DeterministicChunkIdsPlugin
<s> [webpack.Progress] 84% sealing chunk ids
<s> [webpack.Progress] 84% sealing chunk id optimization
<s> [webpack.Progress] 84% sealing chunk id optimization FlagIncludedChunksPlugin
<s> [webpack.Progress] 84% sealing chunk id optimization
<s> [webpack.Progress] 85% sealing after chunk id optimization
<s> [webpack.Progress] 85% sealing after chunk id optimization
<s> [webpack.Progress] 86% sealing record modules
<s> [webpack.Progress] 86% sealing record modules RecordIdsPlugin
<s> [webpack.Progress] 86% sealing record modules
<s> [webpack.Progress] 86% sealing record chunks
<s> [webpack.Progress] 86% sealing record chunks RecordIdsPlugin
<s> [webpack.Progress] 86% sealing record chunks
<s> [webpack.Progress] 87% sealing module hashing
<s> [webpack.Progress] 87% sealing module hashing
<s> [webpack.Progress] 87% sealing code generation
<s> [webpack.Progress] 87% sealing code generation
<s> [webpack.Progress] 88% sealing runtime requirements
<s> [webpack.Progress] 88% sealing runtime requirements
<s> [webpack.Progress] 89% sealing hashing
<s> [webpack.Progress] 89% sealing hashing
<s> [webpack.Progress] 89% sealing after hashing
<s> [webpack.Progress] 89% sealing after hashing
<s> [webpack.Progress] 90% sealing record hash
<s> [webpack.Progress] 90% sealing record hash
<s> [webpack.Progress] 91% sealing module assets processing
<s> [webpack.Progress] 91% sealing module assets processing
<s> [webpack.Progress] 91% sealing chunk assets processing
<s> [webpack.Progress] 91% sealing chunk assets processing
<s> [webpack.Progress] 92% sealing asset processing
<s> [webpack.Progress] 92% sealing asset processing ts-loader
<s> [webpack.Progress] 92% sealing asset processing TerserPlugin
<s> [webpack.Progress] 98% emitting after emit
<s> [webpack.Progress] 98% emitting after emit SizeLimitsPlugin
<s> [webpack.Progress] 98% emitting after emit
<s> [webpack.Progress] 99% done plugins
<s> [webpack.Progress] 99% done plugins MultiCompiler
<s> [webpack.Progress] 99% done plugins
<s> [webpack.Progress] 99% 

<s> [webpack.Progress] 99% cache store build dependencies
<s> [webpack.Progress] 99% cache store build dependencies
<s> [webpack.Progress] 99% cache begin idle
<s> [webpack.Progress] 99% cache begin idle
<s> [webpack.Progress] 100% 

<s> [webpack.Progress] 92% sealing asset processing SourceMapDevToolPlugin
<s> [webpack.Progress] 92% sealing asset processing SourceMapDevToolPlugin
<s> [webpack.Progress] 92% sealing asset processing SourceMapDevToolPlugin scratch-storage.min.js generate SourceMap
<s> [webpack.Progress] 92% sealing asset processing SourceMapDevToolPlugin scratch-storage.min.js generated SourceMap
<s> [webpack.Progress] 92% sealing asset processing SourceMapDevToolPlugin chunks/fetch-worker.823f74b93506b16834ba.js generate SourceMap
<s> [webpack.Progress] 92% sealing asset processing SourceMapDevToolPlugin chunks/fetch-worker.823f74b93506b16834ba.js generated SourceMap
<s> [webpack.Progress] 92% sealing asset processing SourceMapDevToolPlugin resolve sources
<s> [webpack.Progress] 92% sealing asset processing SourceMapDevToolPlugin scratch-storage.min.js attach SourceMap
<s> [webpack.Progress] 92% sealing asset processing SourceMapDevToolPlugin scratch-storage.min.js attached SourceMap
<s> [webpack.Progress] 92% sealing asset processing SourceMapDevToolPlugin chunks/fetch-worker.823f74b93506b16834ba.js attach SourceMap
<s> [webpack.Progress] 92% sealing asset processing SourceMapDevToolPlugin chunks/fetch-worker.823f74b93506b16834ba.js attached SourceMap
<s> [webpack.Progress] 92% sealing asset processing SourceMapDevToolPlugin
<s> [webpack.Progress] 92% sealing asset processing SourceMapDevToolPlugin
<s> [webpack.Progress] 92% sealing asset processing SourceMapDevToolPlugin resolve sources
<s> [webpack.Progress] 92% sealing asset processing SourceMapDevToolPlugin
<s> [webpack.Progress] 92% sealing asset processing RealContentHashPlugin
<s> [webpack.Progress] 92% sealing asset processing HtmlModulesPlugin
<s> [webpack.Progress] 92% sealing asset processing
<s> [webpack.Progress] 93% sealing after asset optimization
<s> [webpack.Progress] 93% sealing after asset optimization
<s> [webpack.Progress] 93% sealing recording
<s> [webpack.Progress] 93% sealing recording
<s> [webpack.Progress] 94% sealing after seal
<s> [webpack.Progress] 94% sealing after seal HtmlModulesPlugin
<s> [webpack.Progress] 94% sealing after seal
<s> [webpack.Progress] 95% emitting emit
<s> [webpack.Progress] 95% emitting emit
<s> [webpack.Progress] 98% emitting after emit
<s> [webpack.Progress] 98% emitting after emit SizeLimitsPlugin
<s> [webpack.Progress] 98% emitting after emit
<s> [webpack.Progress] 99% done plugins
<s> [webpack.Progress] 99% done plugins MultiCompiler
<s> [webpack.Progress] 99% done plugins
<s> [webpack.Progress] 99% 

<s> [webpack.Progress] 99% cache store build dependencies
<s> [webpack.Progress] 99% cache store build dependencies
<s> [webpack.Progress] 99% cache begin idle
<s> [webpack.Progress] 99% cache begin idle
<s> [webpack.Progress] 100% 

<s> [webpack.Progress] 92% sealing asset processing SourceMapDevToolPlugin
<s> [webpack.Progress] 92% sealing asset processing SourceMapDevToolPlugin
<s> [webpack.Progress] 92% sealing asset processing SourceMapDevToolPlugin scratch-storage.js generate SourceMap
<s> [webpack.Progress] 92% sealing asset processing SourceMapDevToolPlugin scratch-storage.js generated SourceMap
<s> [webpack.Progress] 92% sealing asset processing SourceMapDevToolPlugin chunks/fetch-worker.28e955c79d2986c17cd3.js generate SourceMap
<s> [webpack.Progress] 92% sealing asset processing SourceMapDevToolPlugin chunks/fetch-worker.28e955c79d2986c17cd3.js generated SourceMap
<s> [webpack.Progress] 92% sealing asset processing SourceMapDevToolPlugin resolve sources
<s> [webpack.Progress] 92% sealing asset processing SourceMapDevToolPlugin scratch-storage.js attach SourceMap
<s> [webpack.Progress] 92% sealing asset processing SourceMapDevToolPlugin scratch-storage.js attached SourceMap
<s> [webpack.Progress] 92% sealing asset processing SourceMapDevToolPlugin chunks/fetch-worker.28e955c79d2986c17cd3.js attach SourceMap
<s> [webpack.Progress] 92% sealing asset processing SourceMapDevToolPlugin chunks/fetch-worker.28e955c79d2986c17cd3.js attached SourceMap
<s> [webpack.Progress] 92% sealing asset processing SourceMapDevToolPlugin
<s> [webpack.Progress] 92% sealing asset processing SourceMapDevToolPlugin
<s> [webpack.Progress] 92% sealing asset processing SourceMapDevToolPlugin resolve sources
<s> [webpack.Progress] 92% sealing asset processing SourceMapDevToolPlugin
<s> [webpack.Progress] 92% sealing asset processing RealContentHashPlugin
<s> [webpack.Progress] 92% sealing asset processing HtmlModulesPlugin
<s> [webpack.Progress] 92% sealing asset processing
<s> [webpack.Progress] 93% sealing after asset optimization
<s> [webpack.Progress] 93% sealing after asset optimization
<s> [webpack.Progress] 93% sealing recording
<s> [webpack.Progress] 93% sealing recording
<s> [webpack.Progress] 94% sealing after seal
<s> [webpack.Progress] 94% sealing after seal HtmlModulesPlugin
<s> [webpack.Progress] 94% sealing after seal
<s> [webpack.Progress] 95% emitting emit
<s> [webpack.Progress] 95% emitting emit
<s> [webpack.Progress] 98% emitting after emit
<s> [webpack.Progress] 98% emitting after emit SizeLimitsPlugin
<s> [webpack.Progress] 98% emitting after emit
<s> [webpack.Progress] 99% done plugins
<s> [webpack.Progress] 99% done plugins MultiCompiler
<s> [webpack.Progress] 99% done plugins
<s> [webpack.Progress] 99% 

<s> [webpack.Progress] 99% cache store build dependencies
<s> [webpack.Progress] 99% cache store build dependencies
<s> [webpack.Progress] 99% cache begin idle
<s> [webpack.Progress] 99% cache begin idle
<s> [webpack.Progress] 100% 

<s> [webpack.Progress] 99% cache shutdown
<s> [webpack.Progress] 99% cache shutdown
<s> [webpack.Progress] 100% 

<s> [webpack.Progress] 99% cache shutdown
<s> [webpack.Progress] 99% cache shutdown
<s> [webpack.Progress] 100% 

<s> [webpack.Progress] 99% cache shutdown
<s> [webpack.Progress] 99% cache shutdown
<s> [webpack.Progress] 100% 

assets by path ../types/*.ts 31 KiB
  asset ../types/ScratchStorage.d.ts 9.21 KiB [emitted]
  asset ../types/scratchFetch.d.ts 4.23 KiB [emitted]
  asset ../types/BuiltinHelper.d.ts 3.31 KiB [emitted]
  asset ../types/WebHelper.d.ts 3.24 KiB [emitted]
  asset ../types/AssetType.d.ts 1.78 KiB [emitted]
  asset ../types/Asset.d.ts 1.74 KiB [emitted]
  asset ../types/ProxyTool.d.ts 1.68 KiB [emitted]
  asset ../types/HostQueues.d.ts 1.41 KiB [emitted]
  asset ../types/FetchTool.d.ts 1.25 KiB [emitted]
  asset ../types/FetchWorkerTool.d.ts 901 bytes [emitted]
  asset ../types/Helper.d.ts 855 bytes [emitted]
  + 6 assets
asset scratch-storage.js 175 KiB [emitted] (name: scratch-storage) 1 related asset
asset chunks/fetch-worker.12a0667c4caaa6201bad.js 21.3 KiB [emitted] [immutable] (name: fetch-worker) 1 related asset
orphan modules 62.4 KiB [orphan] 15 modules
runtime modules 2.26 KiB 9 modules
cacheable modules 187 KiB
  modules by path ../../node_modules/ 101 KiB
    modules by path ../../node_modules/minilog/lib/ 11.7 KiB
      modules by path ../../node_modules/minilog/lib/web/ 6.95 KiB 8 modules
      modules by path ../../node_modules/minilog/lib/common/*.js 4.78 KiB 3 modules
    + 7 modules
  modules by path ./src/ 85.3 KiB
    modules by path ./src/builtins/ 1.89 KiB
      ./src/builtins/defaultBitmap.png?arrayBuffer 1.3 KiB [built] [code generated]
      + 2 modules
    modules by path ./src/*.ts 83.4 KiB
      ./src/index.ts + 15 modules 62.7 KiB [built] [code generated]
      ./src/FetchWorkerTool.worker.ts + 3 modules 20.7 KiB [built] [code generated]
webpack 5.109.2 compiled successfully in 14417 ms

assets by status 31 KiB [compared for emit]
  asset ../types/ScratchStorage.d.ts 9.21 KiB [compared for emit]
  asset ../types/scratchFetch.d.ts 4.23 KiB [compared for emit]
  asset ../types/BuiltinHelper.d.ts 3.31 KiB [compared for emit]
  asset ../types/WebHelper.d.ts 3.24 KiB [compared for emit]
  asset ../types/AssetType.d.ts 1.78 KiB [compared for emit]
  asset ../types/Asset.d.ts 1.74 KiB [compared for emit]
  asset ../types/ProxyTool.d.ts 1.68 KiB [compared for emit]
  asset ../types/HostQueues.d.ts 1.41 KiB [compared for emit]
  asset ../types/FetchTool.d.ts 1.25 KiB [compared for emit]
  asset ../types/FetchWorkerTool.d.ts 901 bytes [compared for emit]
  + 7 assets
assets by status 78.4 KiB [emitted]
  asset scratch-storage.min.js 70.3 KiB [emitted] [minimized] (name: scratch-storage.min) 2 related assets
  asset chunks/fetch-worker.823f74b93506b16834ba.js 8.1 KiB [emitted] [immutable] [minimized] (name: fetch-worker) 1 related asset
orphan modules 62.4 KiB [orphan] 15 modules
runtime modules 2.26 KiB 9 modules
cacheable modules 187 KiB
  modules by path ../../node_modules/ 101 KiB
    modules by path ../../node_modules/minilog/lib/ 11.7 KiB
      modules by path ../../node_modules/minilog/lib/web/ 6.95 KiB 8 modules
      modules by path ../../node_modules/minilog/lib/common/*.js 4.78 KiB 3 modules
    + 7 modules
  modules by path ./src/ 85.3 KiB
    modules by path ./src/builtins/ 1.89 KiB
      ./src/builtins/defaultBitmap.png?arrayBuffer 1.3 KiB [built] [code generated]
      + 2 modules
    modules by path ./src/*.ts 83.4 KiB
      ./src/index.ts + 15 modules 62.7 KiB [built] [code generated]
      ./src/FetchWorkerTool.worker.ts + 3 modules 20.7 KiB [built] [code generated]
webpack 5.109.2 compiled successfully in 16017 ms

assets by status 31 KiB [compared for emit]
  asset ../types/ScratchStorage.d.ts 9.21 KiB [compared for emit]
  asset ../types/scratchFetch.d.ts 4.23 KiB [compared for emit]
  asset ../types/BuiltinHelper.d.ts 3.31 KiB [compared for emit]
  asset ../types/WebHelper.d.ts 3.24 KiB [compared for emit]
  asset ../types/AssetType.d.ts 1.78 KiB [compared for emit]
  asset ../types/Asset.d.ts 1.74 KiB [compared for emit]
  asset ../types/ProxyTool.d.ts 1.68 KiB [compared for emit]
  asset ../types/HostQueues.d.ts 1.41 KiB [compared for emit]
  asset ../types/FetchTool.d.ts 1.25 KiB [compared for emit]
  asset ../types/FetchWorkerTool.d.ts 901 bytes [compared for emit]
  + 7 assets
assets by status 65.9 KiB [emitted]
  asset scratch-storage.js 58 KiB [emitted] [minimized] (name: scratch-storage) 2 related assets
  asset chunks/fetch-worker.28e955c79d2986c17cd3.js 7.9 KiB [emitted] [immutable] [minimized] (name: fetch-worker) 1 related asset
orphan modules 62.4 KiB [orphan] 16 modules
runtime modules 1.82 KiB 8 modules
built modules 160 KiB [built]
  modules by path ../../node_modules/ 74.8 KiB
    modules by path ../../node_modules/minilog/lib/ 11.7 KiB
      modules by path ../../node_modules/minilog/lib/web/ 6.95 KiB 8 modules
      modules by path ../../node_modules/minilog/lib/common/*.js 4.78 KiB 3 modules
    + 5 modules
  modules by path ./src/ 85.3 KiB
    modules by path ./src/builtins/ 1.89 KiB 3 modules
    modules by path ./src/*.ts 83.4 KiB
      ./src/index.ts + 16 modules 62.8 KiB [not cacheable] [built] [code generated]
      ./src/FetchWorkerTool.worker.ts + 3 modules 20.7 KiB [built] [code generated]
  external "base64-js" 42 bytes [built] [code generated]
webpack 5.109.2 compiled successfully in 16362 ms

> @scratch/scratch-svg-renderer@15.0.1 build
> npm run clean && webpack


> @scratch/scratch-svg-renderer@15.0.1 clean
> rimraf dist playground

Browserslist: browsers data (caniuse-lite) is 10 months old. Please run:
  npx update-browserslist-db@latest
  Why you should do it regularly: https://github.com/browserslist/update-db#readme
asset scratch-svg-renderer.js 30.5 KiB [emitted] [minimized] (name: scratch-svg-renderer) 1 related asset
runtime modules 2.23 KiB 4 modules
cacheable modules 94.6 KiB
  modules by path ./src/*.js 73.3 KiB 12 modules
  modules by path ./src/sandbox/*.js 16.6 KiB
    ./src/sandbox/index.js 9.76 KiB [built] [code generated]
    + 2 modules
  modules by path ./src/util/*.js 4.7 KiB
    ./src/util/svg-url-helpers.js 4.58 KiB [built] [code generated]
    ./src/util/log.js 127 bytes [built] [code generated]
+ 9 modules
webpack 5.109.2 compiled successfully in 6188 ms

asset scratch-svg-renderer.js 1.62 MiB [emitted] [minimized] [big] (name: scratch-svg-renderer) 2 related assets
asset chunks/540.01f2b25e618bf5914491.js 534 KiB [emitted] [immutable] [minimized] [big] (id hint: vendors) 1 related asset
orphan modules 12.4 KiB [orphan] 16 modules
runtime modules 6.35 KiB 9 modules
modules by path ../../node_modules/css-tree/ 438 KiB 123 modules
modules by path ./src/ 94.6 KiB 17 modules
modules by path ../../node_modules/tslog/cjs/ 74.7 KiB
  modules by path ../../node_modules/tslog/cjs/*.js 49 KiB 7 modules
  modules by path ../../node_modules/tslog/cjs/internal/*.js 25.7 KiB 6 modules
modules by path ../../node_modules/scratch-render-fonts/src/ 1.31 MiB
  modules by path ../../node_modules/scratch-render-fonts/src/*.ttf 1.02 MiB 6 modules
  + 2 modules
modules by path ../../node_modules/source-map-js/lib/*.js 41.1 KiB
  ../../node_modules/source-map-js/lib/source-map-generator.js 14.6 KiB [built] [code generated]
  ../../node_modules/source-map-js/lib/base64-vlq.js 4.6 KiB [built] [code generated]
  + 4 modules
+ 8 modules

WARNING in asset size limit: The following asset(s) exceed the recommended size limit (244 KiB).
This can impact web performance.
Assets: 
  scratch-svg-renderer.js (1.62 MiB)
  chunks/540.01f2b25e618bf5914491.js (534 KiB)

WARNING in entrypoint size limit: The following entrypoint(s) combined asset size exceeds the recommended limit (244 KiB). This can impact web performance.
Entrypoints:
  scratch-svg-renderer (1.62 MiB)
      scratch-svg-renderer.js

webpack 5.109.2 compiled with 2 warnings in 18765 ms

asset scratch-svg-renderer.js 1.62 MiB [emitted] [minimized] [big] (name: scratch-svg-renderer) 2 related assets
asset chunks/540.01f2b25e618bf5914491.js 534 KiB [emitted] [immutable] [minimized] [big] (id hint: vendors) 1 related asset
asset index.html 4.06 KiB [emitted] [from: src/playground/index.html] [copied]
orphan modules 12.4 KiB [orphan] 16 modules
runtime modules 6.35 KiB 9 modules
modules by path ../../node_modules/css-tree/ 438 KiB 123 modules
modules by path ./src/ 94.6 KiB 17 modules
modules by path ../../node_modules/tslog/cjs/ 74.7 KiB
  modules by path ../../node_modules/tslog/cjs/*.js 49 KiB 7 modules
  modules by path ../../node_modules/tslog/cjs/internal/*.js 25.7 KiB 6 modules
modules by path ../../node_modules/scratch-render-fonts/src/ 1.31 MiB
  modules by path ../../node_modules/scratch-render-fonts/src/*.ttf 1.02 MiB 6 modules
  + 2 modules
modules by path ../../node_modules/source-map-js/lib/*.js 41.1 KiB
  ../../node_modules/source-map-js/lib/source-map-generator.js 14.6 KiB [built] [code generated]
  ../../node_modules/source-map-js/lib/base64-vlq.js 4.6 KiB [built] [code generated]
  + 4 modules
+ 8 modules

WARNING in asset size limit: The following asset(s) exceed the recommended size limit (244 KiB).
This can impact web performance.
Assets: 
  scratch-svg-renderer.js (1.62 MiB)
  chunks/540.01f2b25e618bf5914491.js (534 KiB)

WARNING in entrypoint size limit: The following entrypoint(s) combined asset size exceeds the recommended limit (244 KiB). This can impact web performance.
Entrypoints:
  scratch-svg-renderer (1.62 MiB)
      scratch-svg-renderer.js

webpack 5.109.2 compiled with 2 warnings in 18916 ms

> @scratch/scratch-paint@15.0.1 build
> npm run clean && webpack --progress --bail


> @scratch/scratch-paint@15.0.1 clean
> rimraf ./dist && mkdirp dist && rimraf ./playground && mkdirp playground

Browserslist: browsers data (caniuse-lite) is 10 months old. Please run:
  npx update-browserslist-db@latest
  Why you should do it regularly: https://github.com/browserslist/update-db#readme
<s> [webpack.Progress] 0% [0] 
<s> [webpack.Progress] 0% [0] setup before run
<s> [webpack.Progress] 0% [0] setup before run NodeEnvironmentPlugin
<s> [webpack.Progress] 0% [0] setup before run
<s> [webpack.Progress] 1% [0] setup run
<s> [webpack.Progress] 1% [0] setup run webpack-cli
<s> [webpack.Progress] 1% [0] setup run
<s> [webpack.Progress] 2% [0] setup normal module factory
<s> [webpack.Progress] 2% [0] setup normal module factory
<s> [webpack.Progress] 2% [0] setup context module factory
<s> [webpack.Progress] 2% [0] setup context module factory
<s> [webpack.Progress] 3% [0] setup before compile
<s> [webpack.Progress] 3% [0] setup before compile
<s> [webpack.Progress] 3% [0] setup compile
<s> [webpack.Progress] 3% [0] setup compile ExternalsPlugin
<s> [webpack.Progress] 3% [0] setup compile
<s> [webpack.Progress] 4% [0] setup compilation
<s> [webpack.Progress] 4% [0] setup compilation HtmlWebpackPlugin
<s> [webpack.Progress] 4% [0] setup compilation ArrayPushCallbackChunkFormatPlugin
<s> [webpack.Progress] 4% [0] setup compilation JsonpChunkLoadingPlugin
<s> [webpack.Progress] 4% [0] setup compilation StartupChunkDependenciesPlugin
<s> [webpack.Progress] 4% [0] setup compilation ImportScriptsChunkLoadingPlugin
<s> [webpack.Progress] 4% [0] setup compilation FetchCompileAsyncWasmPlugin
<s> [webpack.Progress] 4% [0] setup compilation ExportPropertyLibraryPlugin
<s> [webpack.Progress] 4% [0] setup compilation UmdLibraryPlugin
<s> [webpack.Progress] 4% [0] setup compilation WorkerAndWorkletPlugin
<s> [webpack.Progress] 4% [0] setup compilation SplitChunksPlugin
<s> [webpack.Progress] 4% [0] setup compilation ResolverCachePlugin
<s> [webpack.Progress] 4% [0] setup compilation
<s> [webpack.Progress] 4% [0] setup compilation
<s> [webpack.Progress] 4% [0] setup compilation ProgressPlugin
<s> [webpack.Progress] 4% [0] setup compilation ProvidePlugin
<s> [webpack.Progress] 4% [0] setup compilation ExternalsPlugin
<s> [webpack.Progress] 4% [0] setup compilation ChunkPrefetchPreloadPlugin
<s> [webpack.Progress] 4% [0] setup compilation ResourceHintPlugin
<s> [webpack.Progress] 4% [0] setup compilation SourceMapDevToolPlugin
<s> [webpack.Progress] 4% [0] setup compilation JavascriptModulesPlugin
<s> [webpack.Progress] 4% [0] setup compilation JsonModulesPlugin
<s> [webpack.Progress] 4% [0] setup compilation AssetModulesPlugin
<s> [webpack.Progress] 4% [0] setup compilation AsyncWebAssemblyModulesPlugin
<s> [webpack.Progress] 4% [0] setup compilation HtmlModulesPlugin
<s> [webpack.Progress] 4% [0] setup compilation TypeScriptPlugin
<s> [webpack.Progress] 4% [0] setup compilation EntryPlugin
<s> [webpack.Progress] 4% [0] setup compilation RuntimePlugin
<s> [webpack.Progress] 4% [0] setup compilation InferAsyncModulesPlugin
<s> [webpack.Progress] 4% [0] setup compilation DataUriPlugin
<s> [webpack.Progress] 4% [0] setup compilation FileUriPlugin
<s> [webpack.Progress] 4% [0] setup compilation CompatibilityPlugin
<s> [webpack.Progress] 4% [0] setup compilation HarmonyModulesPlugin
<s> [webpack.Progress] 4% [0] setup compilation AMDPlugin
<s> [webpack.Progress] 4% [0] setup compilation RequireJsStuffPlugin
<s> [webpack.Progress] 4% [0] setup compilation CommonJsPlugin
<s> [webpack.Progress] 4% [0] setup compilation LoaderPlugin
<s> [webpack.Progress] 4% [0] setup compilation LoaderPlugin
<s> [webpack.Progress] 4% [0] setup compilation NodeStuffPlugin
<s> [webpack.Progress] 4% [0] setup compilation APIPlugin
<s> [webpack.Progress] 4% [0] setup compilation ExportsInfoApiPlugin
<s> [webpack.Progress] 4% [0] setup compilation WebpackIsIncludedPlugin
<s> [webpack.Progress] 4% [0] setup compilation ConstPlugin
<s> [webpack.Progress] 4% [0] setup compilation UseStrictPlugin
<s> [webpack.Progress] 4% [0] setup compilation RequireIncludePlugin
<s> [webpack.Progress] 4% [0] setup compilation RequireEnsurePlugin
<s> [webpack.Progress] 4% [0] setup compilation RequireContextPlugin
<s> [webpack.Progress] 4% [0] setup compilation ImportPlugin
<s> [webpack.Progress] 4% [0] setup compilation ImportMetaContextPlugin
<s> [webpack.Progress] 4% [0] setup compilation SystemPlugin
<s> [webpack.Progress] 4% [0] setup compilation ImportMetaPlugin
<s> [webpack.Progress] 4% [0] setup compilation URLPlugin
<s> [webpack.Progress] 4% [0] setup compilation DefaultStatsFactoryPlugin
<s> [webpack.Progress] 4% [0] setup compilation DefaultStatsPresetPlugin
<s> [webpack.Progress] 4% [0] setup compilation DefaultStatsPrinterPlugin
<s> [webpack.Progress] 4% [0] setup compilation JavascriptMetaInfoPlugin
<s> [webpack.Progress] 4% [0] setup compilation EnsureChunkConditionsPlugin
<s> [webpack.Progress] 4% [0] setup compilation RemoveEmptyChunksPlugin
<s> [webpack.Progress] 4% [0] setup compilation MergeDuplicateChunksPlugin
<s> [webpack.Progress] 4% [0] setup compilation FlagIncludedChunksPlugin
<s> [webpack.Progress] 4% [0] setup compilation SideEffectsFlagPlugin
<s> [webpack.Progress] 4% [0] setup compilation FlagDependencyExportsPlugin
<s> [webpack.Progress] 4% [0] setup compilation FlagDependencyUsagePlugin
<s> [webpack.Progress] 4% [0] setup compilation InnerGraphPlugin
<s> [webpack.Progress] 4% [0] setup compilation CircularModulesPlugin
<s> [webpack.Progress] 4% [0] setup compilation ConstExportsPlugin
<s> [webpack.Progress] 4% [0] setup compilation MangleExportsPlugin
<s> [webpack.Progress] 4% [0] setup compilation ModuleConcatenationPlugin
<s> [webpack.Progress] 4% [0] setup compilation NoEmitOnErrorsPlugin
<s> [webpack.Progress] 4% [0] setup compilation RealContentHashPlugin
<s> [webpack.Progress] 4% [0] setup compilation WasmFinalizeExportsPlugin
<s> [webpack.Progress] 4% [0] setup compilation DeterministicModuleIdsPlugin
<s> [webpack.Progress] 4% [0] setup compilation DeterministicChunkIdsPlugin
<s> [webpack.Progress] 4% [0] setup compilation DefinePlugin
<s> [webpack.Progress] 4% [0] setup compilation TerserPlugin
<s> [webpack.Progress] 4% [0] setup compilation TemplatedPathPlugin
<s> [webpack.Progress] 4% [0] setup compilation RecordIdsPlugin
<s> [webpack.Progress] 4% [0] setup compilation WarnCaseSensitiveModulesPlugin
<s> [webpack.Progress] 4% [0] setup compilation
<s> [webpack.Progress] 5% [0] building
<s> [webpack.Progress] 5% [0] building 0/1 entries 0/0 dependencies 0/0 modules
<s> [webpack.Progress] 5% [1] 
<s> [webpack.Progress] 5% [1] setup before run
<s> [webpack.Progress] 5% [1] setup before run NodeEnvironmentPlugin
<s> [webpack.Progress] 5% [1] setup before run
<s> [webpack.Progress] 6% [1] setup run
<s> [webpack.Progress] 6% [1] setup run webpack-cli
<s> [webpack.Progress] 6% [1] setup run
<s> [webpack.Progress] 7% [1] setup normal module factory
<s> [webpack.Progress] 7% [1] setup normal module factory
<s> [webpack.Progress] 7% [1] setup context module factory
<s> [webpack.Progress] 7% [1] setup context module factory
<s> [webpack.Progress] 8% [1] setup before compile
<s> [webpack.Progress] 8% [1] setup before compile
<s> [webpack.Progress] 8% [1] setup compile
<s> [webpack.Progress] 8% [1] setup compile ExternalsPlugin
<s> [webpack.Progress] 8% [1] setup compile ExternalsPlugin
<s> [webpack.Progress] 8% [1] setup compile
<s> [webpack.Progress] 9% [1] setup compilation
<s> [webpack.Progress] 9% [1] setup compilation ArrayPushCallbackChunkFormatPlugin
<s> [webpack.Progress] 9% [1] setup compilation JsonpChunkLoadingPlugin
<s> [webpack.Progress] 9% [1] setup compilation StartupChunkDependenciesPlugin
<s> [webpack.Progress] 9% [1] setup compilation ImportScriptsChunkLoadingPlugin
<s> [webpack.Progress] 9% [1] setup compilation FetchCompileAsyncWasmPlugin
<s> [webpack.Progress] 9% [1] setup compilation ExportPropertyLibraryPlugin
<s> [webpack.Progress] 9% [1] setup compilation UmdLibraryPlugin
<s> [webpack.Progress] 9% [1] setup compilation WorkerAndWorkletPlugin
<s> [webpack.Progress] 9% [1] setup compilation SplitChunksPlugin
<s> [webpack.Progress] 9% [1] setup compilation ResolverCachePlugin
<s> [webpack.Progress] 9% [1] setup compilation
<s> [webpack.Progress] 9% [1] setup compilation
<s> [webpack.Progress] 9% [1] setup compilation ProgressPlugin
<s> [webpack.Progress] 9% [1] setup compilation ProvidePlugin
<s> [webpack.Progress] 9% [1] setup compilation ExternalsPlugin
<s> [webpack.Progress] 9% [1] setup compilation ExternalsPlugin
<s> [webpack.Progress] 9% [1] setup compilation ChunkPrefetchPreloadPlugin
<s> [webpack.Progress] 9% [1] setup compilation ResourceHintPlugin
<s> [webpack.Progress] 9% [1] setup compilation SourceMapDevToolPlugin
<s> [webpack.Progress] 9% [1] setup compilation JavascriptModulesPlugin
<s> [webpack.Progress] 9% [1] setup compilation JsonModulesPlugin
<s> [webpack.Progress] 9% [1] setup compilation AssetModulesPlugin
<s> [webpack.Progress] 9% [1] setup compilation AsyncWebAssemblyModulesPlugin
<s> [webpack.Progress] 9% [1] setup compilation HtmlModulesPlugin
<s> [webpack.Progress] 9% [1] setup compilation TypeScriptPlugin
<s> [webpack.Progress] 9% [1] setup compilation EntryPlugin
<s> [webpack.Progress] 9% [1] setup compilation RuntimePlugin
<s> [webpack.Progress] 9% [1] setup compilation InferAsyncModulesPlugin
<s> [webpack.Progress] 9% [1] setup compilation DataUriPlugin
<s> [webpack.Progress] 9% [1] setup compilation FileUriPlugin
<s> [webpack.Progress] 9% [1] setup compilation CompatibilityPlugin
<s> [webpack.Progress] 9% [1] setup compilation HarmonyModulesPlugin
<s> [webpack.Progress] 9% [1] setup compilation AMDPlugin
<s> [webpack.Progress] 9% [1] setup compilation RequireJsStuffPlugin
<s> [webpack.Progress] 9% [1] setup compilation CommonJsPlugin
<s> [webpack.Progress] 9% [1] setup compilation LoaderPlugin
<s> [webpack.Progress] 9% [1] setup compilation LoaderPlugin
<s> [webpack.Progress] 9% [1] setup compilation NodeStuffPlugin
<s> [webpack.Progress] 9% [1] setup compilation APIPlugin
<s> [webpack.Progress] 9% [1] setup compilation ExportsInfoApiPlugin
<s> [webpack.Progress] 9% [1] setup compilation WebpackIsIncludedPlugin
<s> [webpack.Progress] 9% [1] setup compilation ConstPlugin
<s> [webpack.Progress] 9% [1] setup compilation UseStrictPlugin
<s> [webpack.Progress] 9% [1] setup compilation RequireIncludePlugin
<s> [webpack.Progress] 9% [1] setup compilation RequireEnsurePlugin
<s> [webpack.Progress] 9% [1] setup compilation RequireContextPlugin
<s> [webpack.Progress] 9% [1] setup compilation ImportPlugin
<s> [webpack.Progress] 9% [1] setup compilation ImportMetaContextPlugin
<s> [webpack.Progress] 9% [1] setup compilation SystemPlugin
<s> [webpack.Progress] 9% [1] setup compilation ImportMetaPlugin
<s> [webpack.Progress] 9% [1] setup compilation URLPlugin
<s> [webpack.Progress] 9% [1] setup compilation DefaultStatsFactoryPlugin
<s> [webpack.Progress] 9% [1] setup compilation DefaultStatsPresetPlugin
<s> [webpack.Progress] 9% [1] setup compilation DefaultStatsPrinterPlugin
<s> [webpack.Progress] 9% [1] setup compilation JavascriptMetaInfoPlugin
<s> [webpack.Progress] 9% [1] setup compilation EnsureChunkConditionsPlugin
<s> [webpack.Progress] 9% [1] setup compilation RemoveEmptyChunksPlugin
<s> [webpack.Progress] 9% [1] setup compilation MergeDuplicateChunksPlugin
<s> [webpack.Progress] 9% [1] setup compilation FlagIncludedChunksPlugin
<s> [webpack.Progress] 9% [1] setup compilation SideEffectsFlagPlugin
<s> [webpack.Progress] 9% [1] setup compilation FlagDependencyExportsPlugin
<s> [webpack.Progress] 9% [1] setup compilation FlagDependencyUsagePlugin
<s> [webpack.Progress] 9% [1] setup compilation InnerGraphPlugin
<s> [webpack.Progress] 9% [1] setup compilation CircularModulesPlugin
<s> [webpack.Progress] 9% [1] setup compilation ConstExportsPlugin
<s> [webpack.Progress] 9% [1] setup compilation MangleExportsPlugin
<s> [webpack.Progress] 9% [1] setup compilation ModuleConcatenationPlugin
<s> [webpack.Progress] 9% [1] setup compilation NoEmitOnErrorsPlugin
<s> [webpack.Progress] 9% [1] setup compilation RealContentHashPlugin
<s> [webpack.Progress] 9% [1] setup compilation WasmFinalizeExportsPlugin
<s> [webpack.Progress] 9% [1] setup compilation DeterministicModuleIdsPlugin
<s> [webpack.Progress] 9% [1] setup compilation DeterministicChunkIdsPlugin
<s> [webpack.Progress] 9% [1] setup compilation DefinePlugin
<s> [webpack.Progress] 9% [1] setup compilation TerserPlugin
<s> [webpack.Progress] 9% [1] setup compilation TemplatedPathPlugin
<s> [webpack.Progress] 9% [1] setup compilation RecordIdsPlugin
<s> [webpack.Progress] 9% [1] setup compilation WarnCaseSensitiveModulesPlugin
<s> [webpack.Progress] 9% [1] setup compilation
<s> [webpack.Progress] 10% [1] building
<s> [webpack.Progress] 10% [1] building 0/1 entries 0/0 dependencies 0/0 modules
<s> [webpack.Progress] 10% [0] building import loader ../../node_modules/babel-loader/lib/index.js
<s> [webpack.Progress] 10% [0] building 0/1 entries 1/1 dependencies 0/1 modules
<s> [webpack.Progress] 10% [1] building import loader ../../node_modules/babel-loader/lib/index.js
<s> [webpack.Progress] 10% [1] building 0/1 entries 1/1 dependencies 0/1 modules
<s> [webpack.Progress] 10% [0] building 0/1 entries 1/2 dependencies 0/1 modules
<s> [webpack.Progress] 10% [1] building 0/1 entries 4/5 dependencies 0/4 modules
<s> [webpack.Progress] 10% [0] building import loader ../../node_modules/style-loader/dist/cjs.js
<s> [webpack.Progress] 10% [0] building import loader ../../node_modules/css-loader/dist/cjs.js
<s> [webpack.Progress] 10% [0] building import loader ../../node_modules/postcss-loader/dist/cjs.js
<s> [webpack.Progress] 10% [0] building 0/1 entries 5/16 dependencies 0/5 modules
<s> [webpack.Progress] 10% [1] building 0/1 entries 30/52 dependencies 4/23 modules
<s> [webpack.Progress] 10% [0] building 0/1 entries 15/26 dependencies 0/12 modules
<s> [webpack.Progress] 10% [0] building 0/1 entries 17/26 dependencies 0/14 modules
<s> [webpack.Progress] 10% [1] building 0/1 entries 80/98 dependencies 4/43 modules
<s> [webpack.Progress] 10% [0] building 0/1 entries 32/58 dependencies 6/22 modules
<s> [webpack.Progress] 10% [1] building 0/1 entries 185/207 dependencies 20/87 modules
<s> [webpack.Progress] 10% [0] building 0/1 entries 36/74 dependencies 6/22 modules
<s> [webpack.Progress] 10% [0] building 0/1 entries 44/99 dependencies 8/29 modules
<s> [webpack.Progress] 10% [1] building 0/1 entries 362/567 dependencies 24/100 modules
<s> [webpack.Progress] 10% [1] building 0/1 entries 527/571 dependencies 32/122 modules
<s> [webpack.Progress] 10% [1] building import loader ../../node_modules/style-loader/dist/cjs.js
<s> [webpack.Progress] 10% [1] building import loader ../../node_modules/css-loader/dist/cjs.js
<s> [webpack.Progress] 10% [1] building import loader ../../node_modules/postcss-loader/dist/cjs.js
<s> [webpack.Progress] 10% [1] building 0/1 entries 527/571 dependencies 32/122 modules
<s> [webpack.Progress] 10% [0] building 0/1 entries 96/147 dependencies 10/45 modules
<s> [webpack.Progress] 10% [0] building import loader ../../node_modules/base64-loader/index.js
<s> [webpack.Progress] 10% [0] building 0/1 entries 107/186 dependencies 10/56 modules
<s> [webpack.Progress] 10% [1] building 0/1 entries 599/615 dependencies 35/156 modules
<s> [webpack.Progress] 10% [0] building 0/1 entries 171/227 dependencies 12/97 modules
<s> [webpack.Progress] 10% [1] building 0/1 entries 661/770 dependencies 42/162 modules
<s> [webpack.Progress] 10% [1] building 0/1 entries 700/848 dependencies 43/175 modules
<s> [webpack.Progress] 10% [0] building 0/1 entries 232/287 dependencies 21/118 modules
<s> [webpack.Progress] 10% [0] building 0/1 entries 384/634 dependencies 30/130 modules
<s> [webpack.Progress] 10% [1] building 0/1 entries 900/967 dependencies 79/218 modules
<s> [webpack.Progress] 10% [0] building 0/1 entries 632/664 dependencies 31/188 modules
<s> [webpack.Progress] 10% [0] building 0/1 entries 670/767 dependencies 48/195 modules
<s> [webpack.Progress] 11% [1] building 0/1 entries 1096/1100 dependencies 142/251 modules
<s> [webpack.Progress] 11% [0] building 0/1 entries 980/1000 dependencies 77/275 modules
<s> [webpack.Progress] 11% [0] building 0/1 entries 1286/1300 dependencies 180/346 modules
<s> [webpack.Progress] 12% [0] building 0/1 entries 1462/1500 dependencies 255/393 modules
<s> [webpack.Progress] 12% [0] building 0/1 entries 1672/1700 dependencies 327/482 modules
<s> [webpack.Progress] 13% [0] building 0/1 entries 1955/1958 dependencies 473/600 modules
<s> [webpack.Progress] 13% [1] building 0/1 entries 1194/1194 dependencies 200/268 modules
<s> [webpack.Progress] 14% [0] building 0/1 entries 1999/2000 dependencies 541/605 modules
<s> [webpack.Progress] 40% [1] building 1/1 entries 1215/1215 dependencies 268/268 modules
<s> [webpack.Progress] 40% [1] building
<s> [webpack.Progress] 42% [1] building finish
<s> [webpack.Progress] 42% [1] building finish HtmlModulesPlugin
<s> [webpack.Progress] 42% [1] building finish
<s> [webpack.Progress] 42% [1] sealing finish module graph
<s> [webpack.Progress] 42% [1] sealing finish module graph ResolverCachePlugin
<s> [webpack.Progress] 42% [1] sealing finish module graph InferAsyncModulesPlugin
<s> [webpack.Progress] 42% [1] sealing finish module graph FlagDependencyExportsPlugin
<s> [webpack.Progress] 42% [1] sealing finish module graph InnerGraphPlugin
<s> [webpack.Progress] 42% [1] sealing finish module graph WasmFinalizeExportsPlugin
<s> [webpack.Progress] 42% [1] sealing finish module graph ExportPropertyLibraryPlugin
<s> [webpack.Progress] 42% [1] sealing finish module graph UmdLibraryPlugin
<s> [webpack.Progress] 42% [1] sealing finish module graph
<s> [webpack.Progress] 43% [1] sealing plugins
<s> [webpack.Progress] 43% [1] sealing plugins WarnCaseSensitiveModulesPlugin
<s> [webpack.Progress] 43% [1] sealing plugins
<s> [webpack.Progress] 43% [1] sealing dependencies optimization
<s> [webpack.Progress] 43% [1] sealing dependencies optimization SideEffectsFlagPlugin
<s> [webpack.Progress] 43% [1] sealing dependencies optimization FlagDependencyUsagePlugin
<s> [webpack.Progress] 43% [1] sealing dependencies optimization ConstExportsPlugin
<s> [webpack.Progress] 43% [1] sealing dependencies optimization
<s> [webpack.Progress] 43% [1] sealing after dependencies optimization
<s> [webpack.Progress] 43% [1] sealing after dependencies optimization
<s> [webpack.Progress] 44% [1] sealing chunk graph
<s> [webpack.Progress] 44% [1] sealing chunk graph
<s> [webpack.Progress] 44% [1] sealing after chunk graph
<s> [webpack.Progress] 44% [1] sealing after chunk graph HtmlModulesPlugin
<s> [webpack.Progress] 44% [1] sealing after chunk graph
<s> [webpack.Progress] 44% [1] sealing optimizing
<s> [webpack.Progress] 44% [1] sealing optimizing
<s> [webpack.Progress] 45% [1] sealing module optimization
<s> [webpack.Progress] 45% [1] sealing module optimization CircularModulesPlugin
<s> [webpack.Progress] 45% [1] sealing module optimization
<s> [webpack.Progress] 45% [1] sealing after module optimization
<s> [webpack.Progress] 45% [1] sealing after module optimization
<s> [webpack.Progress] 45% [1] sealing chunk optimization
<s> [webpack.Progress] 45% [1] sealing chunk optimization EnsureChunkConditionsPlugin
<s> [webpack.Progress] 45% [1] sealing chunk optimization RemoveEmptyChunksPlugin
<s> [webpack.Progress] 45% [1] sealing chunk optimization MergeDuplicateChunksPlugin
<s> [webpack.Progress] 45% [1] sealing chunk optimization SplitChunksPlugin
<s> [webpack.Progress] 45% [1] sealing chunk optimization RemoveEmptyChunksPlugin
<s> [webpack.Progress] 45% [1] sealing chunk optimization
<s> [webpack.Progress] 46% [1] sealing after chunk optimization
<s> [webpack.Progress] 46% [1] sealing after chunk optimization
<s> [webpack.Progress] 46% [1] sealing module and chunk tree optimization
<s> [webpack.Progress] 46% [1] sealing module and chunk tree optimization
<s> [webpack.Progress] 46% [1] sealing after module and chunk tree optimization
<s> [webpack.Progress] 46% [1] sealing after module and chunk tree optimization
<s> [webpack.Progress] 47% [1] sealing chunk modules optimization
<s> [webpack.Progress] 47% [1] sealing chunk modules optimization ModuleConcatenationPlugin
<s> [webpack.Progress] 47% [1] sealing chunk modules optimization
<s> [webpack.Progress] 47% [1] sealing after chunk modules optimization
<s> [webpack.Progress] 47% [1] sealing after chunk modules optimization
<s> [webpack.Progress] 47% [1] sealing module reviving
<s> [webpack.Progress] 47% [1] sealing module reviving RecordIdsPlugin
<s> [webpack.Progress] 47% [1] sealing module reviving
<s> [webpack.Progress] 48% [1] sealing before module ids
<s> [webpack.Progress] 48% [1] sealing before module ids
<s> [webpack.Progress] 48% [1] sealing module ids
<s> [webpack.Progress] 48% [1] sealing module ids DeterministicModuleIdsPlugin
<s> [webpack.Progress] 48% [1] sealing module ids
<s> [webpack.Progress] 48% [1] sealing module id optimization
<s> [webpack.Progress] 48% [1] sealing module id optimization
<s> [webpack.Progress] 49% [1] sealing module id optimization
<s> [webpack.Progress] 49% [1] sealing module id optimization
<s> [webpack.Progress] 49% [1] sealing chunk reviving
<s> [webpack.Progress] 49% [1] sealing chunk reviving RecordIdsPlugin
<s> [webpack.Progress] 49% [1] sealing chunk reviving
<s> [webpack.Progress] 49% [1] sealing before chunk ids
<s> [webpack.Progress] 49% [1] sealing before chunk ids
<s> [webpack.Progress] 50% [1] sealing chunk ids
<s> [webpack.Progress] 50% [1] sealing chunk ids DeterministicChunkIdsPlugin
<s> [webpack.Progress] 50% [1] sealing chunk ids
<s> [webpack.Progress] 50% [1] sealing chunk id optimization
<s> [webpack.Progress] 50% [1] sealing chunk id optimization FlagIncludedChunksPlugin
<s> [webpack.Progress] 50% [1] sealing chunk id optimization
<s> [webpack.Progress] 50% [1] sealing after chunk id optimization
<s> [webpack.Progress] 50% [1] sealing after chunk id optimization
<s> [webpack.Progress] 50% [1] sealing record modules
<s> [webpack.Progress] 50% [1] sealing record modules RecordIdsPlugin
<s> [webpack.Progress] 50% [1] sealing record modules
<s> [webpack.Progress] 51% [1] sealing record chunks
<s> [webpack.Progress] 51% [1] sealing record chunks RecordIdsPlugin
<s> [webpack.Progress] 51% [1] sealing record chunks
<s> [webpack.Progress] 51% [1] sealing module hashing
<s> [webpack.Progress] 51% [1] sealing module hashing
<s> [webpack.Progress] 51% [1] sealing code generation
<s> [webpack.Progress] 51% [1] sealing code generation
<s> [webpack.Progress] 52% [1] sealing runtime requirements
<s> [webpack.Progress] 52% [1] sealing runtime requirements
<s> [webpack.Progress] 52% [1] sealing hashing
<s> [webpack.Progress] 52% [1] sealing hashing
<s> [webpack.Progress] 52% [1] sealing after hashing
<s> [webpack.Progress] 52% [1] sealing after hashing
<s> [webpack.Progress] 53% [1] sealing record hash
<s> [webpack.Progress] 53% [1] sealing record hash
<s> [webpack.Progress] 53% [1] sealing module assets processing
<s> [webpack.Progress] 53% [1] sealing module assets processing
<s> [webpack.Progress] 53% [1] sealing chunk assets processing
<s> [webpack.Progress] 53% [1] sealing chunk assets processing
<s> [webpack.Progress] 54% [1] sealing asset processing
<s> [webpack.Progress] 54% [1] sealing asset processing TerserPlugin
<s> [webpack.Progress] 54% [0] building 0/1 entries 2014/2014 dependencies 600/605 modules
<s> [webpack.Progress] 78% [0] building 1/1 entries 2014/2014 dependencies 605/605 modules
<s> [webpack.Progress] 78% [0] building
<s> [webpack.Progress] 80% [0] building finish
<s> [webpack.Progress] 80% [0] building finish HtmlModulesPlugin
<s> [webpack.Progress] 80% [0] building finish
<s> [webpack.Progress] 81% [0] sealing finish module graph
<s> [webpack.Progress] 81% [0] sealing finish module graph ResolverCachePlugin
<s> [webpack.Progress] 81% [0] sealing finish module graph InferAsyncModulesPlugin
<s> [webpack.Progress] 81% [0] sealing finish module graph FlagDependencyExportsPlugin
<s> [webpack.Progress] 81% [0] sealing finish module graph InnerGraphPlugin
<s> [webpack.Progress] 81% [0] sealing finish module graph WasmFinalizeExportsPlugin
<s> [webpack.Progress] 81% [0] sealing finish module graph ExportPropertyLibraryPlugin
<s> [webpack.Progress] 81% [0] sealing finish module graph UmdLibraryPlugin
<s> [webpack.Progress] 81% [0] sealing finish module graph
<s> [webpack.Progress] 81% [0] sealing plugins
<s> [webpack.Progress] 81% [0] sealing plugins WarnCaseSensitiveModulesPlugin
<s> [webpack.Progress] 81% [0] sealing plugins
<s> [webpack.Progress] 81% [0] sealing dependencies optimization
<s> [webpack.Progress] 81% [0] sealing dependencies optimization SideEffectsFlagPlugin
<s> [webpack.Progress] 81% [0] sealing dependencies optimization FlagDependencyUsagePlugin
<s> [webpack.Progress] 81% [0] sealing dependencies optimization ConstExportsPlugin
<s> [webpack.Progress] 81% [0] sealing dependencies optimization
<s> [webpack.Progress] 82% [0] sealing after dependencies optimization
<s> [webpack.Progress] 82% [0] sealing after dependencies optimization
<s> [webpack.Progress] 82% [0] sealing chunk graph
<s> [webpack.Progress] 82% [0] sealing chunk graph
<s> [webpack.Progress] 82% [0] sealing after chunk graph
<s> [webpack.Progress] 82% [0] sealing after chunk graph HtmlModulesPlugin
<s> [webpack.Progress] 82% [0] sealing after chunk graph
<s> [webpack.Progress] 83% [0] sealing optimizing
<s> [webpack.Progress] 83% [0] sealing optimizing
<s> [webpack.Progress] 83% [0] sealing module optimization
<s> [webpack.Progress] 83% [0] sealing module optimization CircularModulesPlugin
<s> [webpack.Progress] 83% [0] sealing module optimization
<s> [webpack.Progress] 83% [0] sealing after module optimization
<s> [webpack.Progress] 83% [0] sealing after module optimization
<s> [webpack.Progress] 84% [0] sealing chunk optimization
<s> [webpack.Progress] 84% [0] sealing chunk optimization EnsureChunkConditionsPlugin
<s> [webpack.Progress] 84% [0] sealing chunk optimization RemoveEmptyChunksPlugin
<s> [webpack.Progress] 84% [0] sealing chunk optimization MergeDuplicateChunksPlugin
<s> [webpack.Progress] 84% [0] sealing chunk optimization SplitChunksPlugin
<s> [webpack.Progress] 84% [0] sealing chunk optimization RemoveEmptyChunksPlugin
<s> [webpack.Progress] 84% [0] sealing chunk optimization
<s> [webpack.Progress] 84% [0] sealing after chunk optimization
<s> [webpack.Progress] 84% [0] sealing after chunk optimization
<s> [webpack.Progress] 84% [0] sealing module and chunk tree optimization
<s> [webpack.Progress] 84% [0] sealing module and chunk tree optimization PersistentChildCompilerSingletonPlugin
<s> [webpack.Progress] 84% [0] sealing module and chunk tree optimization
<s> [webpack.Progress] 85% [0] sealing after module and chunk tree optimization
<s> [webpack.Progress] 85% [0] sealing after module and chunk tree optimization
<s> [webpack.Progress] 85% [0] sealing chunk modules optimization
<s> [webpack.Progress] 85% [0] sealing chunk modules optimization ModuleConcatenationPlugin
<s> [webpack.Progress] 85% [0] sealing chunk modules optimization
<s> [webpack.Progress] 85% [0] sealing after chunk modules optimization
<s> [webpack.Progress] 85% [0] sealing after chunk modules optimization
<s> [webpack.Progress] 86% [0] sealing module reviving
<s> [webpack.Progress] 86% [0] sealing module reviving RecordIdsPlugin
<s> [webpack.Progress] 86% [0] sealing module reviving
<s> [webpack.Progress] 86% [0] sealing before module ids
<s> [webpack.Progress] 86% [0] sealing before module ids
<s> [webpack.Progress] 86% [0] sealing module ids
<s> [webpack.Progress] 86% [0] sealing module ids DeterministicModuleIdsPlugin
<s> [webpack.Progress] 86% [0] sealing module ids
<s> [webpack.Progress] 86% [0] sealing module id optimization
<s> [webpack.Progress] 86% [0] sealing module id optimization
<s> [webpack.Progress] 87% [0] sealing module id optimization
<s> [webpack.Progress] 87% [0] sealing module id optimization
<s> [webpack.Progress] 87% [0] sealing chunk reviving
<s> [webpack.Progress] 87% [0] sealing chunk reviving RecordIdsPlugin
<s> [webpack.Progress] 87% [0] sealing chunk reviving
<s> [webpack.Progress] 87% [0] sealing before chunk ids
<s> [webpack.Progress] 87% [0] sealing before chunk ids
<s> [webpack.Progress] 88% [0] sealing chunk ids
<s> [webpack.Progress] 88% [0] sealing chunk ids DeterministicChunkIdsPlugin
<s> [webpack.Progress] 88% [0] sealing chunk ids
<s> [webpack.Progress] 88% [0] sealing chunk id optimization
<s> [webpack.Progress] 88% [0] sealing chunk id optimization FlagIncludedChunksPlugin
<s> [webpack.Progress] 88% [0] sealing chunk id optimization
<s> [webpack.Progress] 88% [0] sealing after chunk id optimization
<s> [webpack.Progress] 88% [0] sealing after chunk id optimization
<s> [webpack.Progress] 89% [0] sealing record modules
<s> [webpack.Progress] 89% [0] sealing record modules RecordIdsPlugin
<s> [webpack.Progress] 89% [0] sealing record modules
<s> [webpack.Progress] 89% [0] sealing record chunks
<s> [webpack.Progress] 89% [0] sealing record chunks RecordIdsPlugin
<s> [webpack.Progress] 89% [0] sealing record chunks
<s> [webpack.Progress] 89% [0] sealing module hashing
<s> [webpack.Progress] 89% [0] sealing module hashing
<s> [webpack.Progress] 90% [0] sealing code generation
<s> [webpack.Progress] 90% [0] sealing code generation
<s> [webpack.Progress] 90% [0] sealing runtime requirements
<s> [webpack.Progress] 90% [0] sealing runtime requirements
<s> [webpack.Progress] 90% [0] sealing hashing
<s> [webpack.Progress] 90% [0] sealing hashing
<s> [webpack.Progress] 91% [0] sealing after hashing
<s> [webpack.Progress] 91% [0] sealing after hashing
<s> [webpack.Progress] 91% [0] sealing record hash
<s> [webpack.Progress] 91% [0] sealing record hash
<s> [webpack.Progress] 91% [0] sealing module assets processing
<s> [webpack.Progress] 91% [0] sealing module assets processing
<s> [webpack.Progress] 92% [0] sealing chunk assets processing
<s> [webpack.Progress] 92% [0] sealing chunk assets processing
<s> [webpack.Progress] 92% [0] sealing asset processing
<s> [webpack.Progress] 92% [0] sealing asset processing PersistentChildCompilerSingletonPlugin
<s> [webpack.Progress] 92% [0] sealing asset processing TerserPlugin
<s> [webpack.Progress] 92% [1] sealing asset processing SourceMapDevToolPlugin
<s> [webpack.Progress] 92% [1] sealing asset processing SourceMapDevToolPlugin
<s> [webpack.Progress] 92% [1] sealing asset processing SourceMapDevToolPlugin scratch-paint.js generate SourceMap
<s> [webpack.Progress] 92% [1] sealing asset processing SourceMapDevToolPlugin scratch-paint.js generated SourceMap
<s> [webpack.Progress] 92% [1] sealing asset processing SourceMapDevToolPlugin chunks/paper-source.fb62cbab51d236c3a3d3.js generate SourceMap
<s> [webpack.Progress] 92% [1] sealing asset processing SourceMapDevToolPlugin chunks/paper-source.fb62cbab51d236c3a3d3.js generated SourceMap
<s> [webpack.Progress] 92% [1] sealing asset processing SourceMapDevToolPlugin resolve sources
<s> [webpack.Progress] 92% [1] sealing asset processing SourceMapDevToolPlugin scratch-paint.js attach SourceMap
<s> [webpack.Progress] 92% [1] sealing asset processing SourceMapDevToolPlugin scratch-paint.js attached SourceMap
<s> [webpack.Progress] 92% [1] sealing asset processing SourceMapDevToolPlugin
<s> [webpack.Progress] 92% [1] sealing asset processing SourceMapDevToolPlugin
<s> [webpack.Progress] 92% [1] sealing asset processing SourceMapDevToolPlugin resolve sources
<s> [webpack.Progress] 92% [1] sealing asset processing SourceMapDevToolPlugin
<s> [webpack.Progress] 92% [1] sealing asset processing RealContentHashPlugin
<s> [webpack.Progress] 92% [1] sealing asset processing HtmlModulesPlugin
<s> [webpack.Progress] 92% [1] sealing asset processing
<s> [webpack.Progress] 92% [1] sealing after asset optimization
<s> [webpack.Progress] 92% [1] sealing after asset optimization
<s> [webpack.Progress] 93% [1] sealing recording
<s> [webpack.Progress] 93% [1] sealing recording
<s> [webpack.Progress] 93% [1] sealing after seal
<s> [webpack.Progress] 93% [1] sealing after seal HtmlModulesPlugin
<s> [webpack.Progress] 93% [1] sealing after seal
<s> [webpack.Progress] 93% [1] emitting emit
<s> [webpack.Progress] 93% [1] emitting emit CleanPlugin
<s> [webpack.Progress] 93% [1] emitting emit
<s> [webpack.Progress] 95% [1] emitting after emit
<s> [webpack.Progress] 95% [1] emitting after emit SizeLimitsPlugin
<s> [webpack.Progress] 95% [1] emitting after emit
<s> [webpack.Progress] 95% [1] done plugins
<s> [webpack.Progress] 95% [1] done plugins MultiCompiler
<s> [webpack.Progress] 95% [1] done plugins
<s> [webpack.Progress] 95% [1] 
<s> [webpack.Progress] 95% [1] cache store build dependencies
<s> [webpack.Progress] 95% [1] cache store build dependencies
<s> [webpack.Progress] 95% [1] cache begin idle
<s> [webpack.Progress] 95% [1] cache begin idle
<s> [webpack.Progress] 96% [1] 
<s> [webpack.Progress] 96% [0] sealing asset processing SourceMapDevToolPlugin
<s> [webpack.Progress] 96% [0] sealing asset processing SourceMapDevToolPlugin
<s> [webpack.Progress] 96% [0] sealing asset processing SourceMapDevToolPlugin playground.js generate SourceMap
<s> [webpack.Progress] 96% [0] sealing asset processing SourceMapDevToolPlugin playground.js generated SourceMap
<s> [webpack.Progress] 96% [0] sealing asset processing SourceMapDevToolPlugin chunks/540.da82b2204c05655064a0.js generate SourceMap
<s> [webpack.Progress] 96% [0] sealing asset processing SourceMapDevToolPlugin chunks/540.da82b2204c05655064a0.js generated SourceMap
<s> [webpack.Progress] 96% [0] sealing asset processing SourceMapDevToolPlugin chunks/paper-source.24b3611edba6694adc66.js generate SourceMap
<s> [webpack.Progress] 96% [0] sealing asset processing SourceMapDevToolPlugin chunks/paper-source.24b3611edba6694adc66.js generated SourceMap
<s> [webpack.Progress] 96% [0] sealing asset processing SourceMapDevToolPlugin resolve sources
<s> [webpack.Progress] 96% [0] sealing asset processing SourceMapDevToolPlugin playground.js attach SourceMap
<s> [webpack.Progress] 96% [0] sealing asset processing SourceMapDevToolPlugin playground.js attached SourceMap
<s> [webpack.Progress] 96% [0] sealing asset processing SourceMapDevToolPlugin chunks/540.da82b2204c05655064a0.js attach SourceMap
<s> [webpack.Progress] 96% [0] sealing asset processing SourceMapDevToolPlugin chunks/540.da82b2204c05655064a0.js attached SourceMap
<s> [webpack.Progress] 96% [0] sealing asset processing SourceMapDevToolPlugin
<s> [webpack.Progress] 96% [0] sealing asset processing SourceMapDevToolPlugin
<s> [webpack.Progress] 96% [0] sealing asset processing SourceMapDevToolPlugin resolve sources
<s> [webpack.Progress] 96% [0] sealing asset processing SourceMapDevToolPlugin
<s> [webpack.Progress] 96% [0] sealing asset processing HtmlWebpackPlugin
<s> [webpack.Progress] 96% [0] sealing asset processing HtmlWebpackPlugin
<s> [webpack.Progress] 96% [0] sealing asset processing HtmlWebpackPlugin resolve sources
<s> [webpack.Progress] 96% [0] sealing asset processing HtmlWebpackPlugin
<s> [webpack.Progress] 96% [0] sealing asset processing RealContentHashPlugin
<s> [webpack.Progress] 96% [0] sealing asset processing HtmlModulesPlugin
<s> [webpack.Progress] 96% [0] sealing asset processing
<s> [webpack.Progress] 96% [0] sealing after asset optimization
<s> [webpack.Progress] 96% [0] sealing after asset optimization
<s> [webpack.Progress] 96% [0] sealing recording
<s> [webpack.Progress] 96% [0] sealing recording
<s> [webpack.Progress] 97% [0] sealing after seal
<s> [webpack.Progress] 97% [0] sealing after seal HtmlModulesPlugin
<s> [webpack.Progress] 97% [0] sealing after seal
<s> [webpack.Progress] 97% [0] emitting emit
<s> [webpack.Progress] 97% [0] emitting emit CleanPlugin
<s> [webpack.Progress] 97% [0] emitting emit
<s> [webpack.Progress] 99% [0] emitting after emit
<s> [webpack.Progress] 99% [0] emitting after emit SizeLimitsPlugin
<s> [webpack.Progress] 99% [0] emitting after emit
<s> [webpack.Progress] 99% [0] done plugins
<s> [webpack.Progress] 99% [0] done plugins MultiCompiler
<s> [webpack.Progress] 99% [0] done plugins
<s> [webpack.Progress] 99% [0] 
<s> [webpack.Progress] 99% [0] cache store build dependencies
<s> [webpack.Progress] 99% [0] cache store build dependencies
<s> [webpack.Progress] 99% [0] cache begin idle
<s> [webpack.Progress] 99% [0] cache begin idle
<s> [webpack.Progress] 100% [0] 

<s> [webpack.Progress] 99% [0] cache shutdown
<s> [webpack.Progress] 99% [0] cache shutdown
<s> [webpack.Progress] 100% [0] 

<s> [webpack.Progress] 99% [1] cache shutdown
<s> [webpack.Progress] 99% [1] cache shutdown
<s> [webpack.Progress] 100% [1] 

assets by status 3.46 MiB [big]
  asset playground.js 2.94 MiB [emitted] [minimized] [big] (name: playground) 2 related assets
  asset chunks/540.da82b2204c05655064a0.js 535 KiB [emitted] [immutable] [minimized] [big] (id hint: vendors) 1 related asset
asset chunks/paper-source.24b3611edba6694adc66.js 240 KiB [emitted] [immutable] [minimized] (name: paper-source) (id hint: vendors)
asset index.html 245 bytes [emitted]
orphan modules 1.45 MiB [orphan] 322 modules
runtime modules 8.47 KiB 14 modules
cacheable modules 5.82 MiB
  modules by path ../../node_modules/ 4.42 MiB 244 modules
  modules by path ./ 1.27 MiB
    modules by path ./src/components/ 105 KiB 17 modules
    modules by path ./src/playground/ 1.17 MiB 2 modules
    modules by path ./node/*.js (ignored) 30 bytes 2 modules
    + 1 module
  modules by path ../scratch-svg-renderer/src/ 130 KiB
    modules by path ../scratch-svg-renderer/src/*.js 99.6 KiB 12 modules
    modules by path ../scratch-svg-renderer/src/sandbox/*.js 25.7 KiB 3 modules
    modules by path ../scratch-svg-renderer/src/util/*.js 4.89 KiB
      ../scratch-svg-renderer/src/util/svg-url-helpers.js 4.77 KiB [built] [code generated]
      ../scratch-svg-renderer/src/util/log.js 125 bytes [built] [code generated]

WARNING in asset size limit: The following asset(s) exceed the recommended size limit (244 KiB).
This can impact web performance.
Assets: 
  playground.js (2.94 MiB)
  chunks/540.da82b2204c05655064a0.js (535 KiB)

WARNING in entrypoint size limit: The following entrypoint(s) combined asset size exceeds the recommended limit (244 KiB). This can impact web performance.
Entrypoints:
  playground (2.94 MiB)
      playground.js

webpack 5.109.2 compiled with 2 warnings in 47199 ms

asset scratch-paint.js 995 KiB [emitted] [minimized] [big] (name: scratch-paint) 2 related assets
asset chunks/paper-source.fb62cbab51d236c3a3d3.js 240 KiB [emitted] [immutable] [minimized] (name: paper-source) (id hint: vendors)
orphan modules 990 KiB [orphan] 224 modules
runtime modules 8.37 KiB 14 modules
built modules 2.13 MiB [built]
  cacheable modules 2.12 MiB
    modules by path ./ 1.07 MiB 21 modules
    modules by path ../ 1.05 MiB
      modules by path ../../node_modules/ 1.03 MiB 11 modules
      modules by path ../scratch-svg-renderer/src/sandbox/*.js 22.4 KiB 2 modules
  + 10 modules

WARNING in asset size limit: The following asset(s) exceed the recommended size limit (244 KiB).
This can impact web performance.
Assets: 
  scratch-paint.js (995 KiB)

WARNING in entrypoint size limit: The following entrypoint(s) combined asset size exceeds the recommended limit (244 KiB). This can impact web performance.
Entrypoints:
  scratch-paint (995 KiB)
      scratch-paint.js

webpack 5.109.2 compiled with 2 warnings in 34861 ms

> @scratch/scratch-render@15.0.1 build
> webpack --progress && npm run docs

Browserslist: browsers data (caniuse-lite) is 10 months old. Please run:
  npx update-browserslist-db@latest
  Why you should do it regularly: https://github.com/browserslist/update-db#readme
<s> [webpack.Progress] 0% [0] 
<s> [webpack.Progress] 0% [0] setup before run
<s> [webpack.Progress] 0% [0] setup before run NodeEnvironmentPlugin
<s> [webpack.Progress] 0% [0] setup before run
<s> [webpack.Progress] 0% [0] setup run
<s> [webpack.Progress] 0% [0] setup run webpack-cli
<s> [webpack.Progress] 0% [0] setup run
<s> [webpack.Progress] 1% [0] setup normal module factory
<s> [webpack.Progress] 1% [0] setup normal module factory
<s> [webpack.Progress] 1% [0] setup context module factory
<s> [webpack.Progress] 1% [0] setup context module factory
<s> [webpack.Progress] 2% [0] setup before compile
<s> [webpack.Progress] 2% [0] setup before compile
<s> [webpack.Progress] 2% [0] setup compile
<s> [webpack.Progress] 2% [0] setup compile ExternalsPlugin
<s> [webpack.Progress] 2% [0] setup compile
<s> [webpack.Progress] 2% [0] setup compilation
<s> [webpack.Progress] 2% [0] setup compilation CopyPlugin
<s> [webpack.Progress] 2% [0] setup compilation ArrayPushCallbackChunkFormatPlugin
<s> [webpack.Progress] 2% [0] setup compilation JsonpChunkLoadingPlugin
<s> [webpack.Progress] 2% [0] setup compilation StartupChunkDependenciesPlugin
<s> [webpack.Progress] 2% [0] setup compilation ImportScriptsChunkLoadingPlugin
<s> [webpack.Progress] 2% [0] setup compilation FetchCompileAsyncWasmPlugin
<s> [webpack.Progress] 2% [0] setup compilation ExportPropertyLibraryPlugin
<s> [webpack.Progress] 2% [0] setup compilation UmdLibraryPlugin
<s> [webpack.Progress] 2% [0] setup compilation WorkerAndWorkletPlugin
<s> [webpack.Progress] 2% [0] setup compilation SplitChunksPlugin
<s> [webpack.Progress] 2% [0] setup compilation ResolverCachePlugin
<s> [webpack.Progress] 2% [0] setup compilation
<s> [webpack.Progress] 3% [0] setup compilation
<s> [webpack.Progress] 3% [0] setup compilation ProgressPlugin
<s> [webpack.Progress] 3% [0] setup compilation ProvidePlugin
<s> [webpack.Progress] 3% [0] setup compilation ExternalsPlugin
<s> [webpack.Progress] 3% [0] setup compilation ChunkPrefetchPreloadPlugin
<s> [webpack.Progress] 3% [0] setup compilation ResourceHintPlugin
<s> [webpack.Progress] 3% [0] setup compilation SourceMapDevToolPlugin
<s> [webpack.Progress] 3% [0] setup compilation JavascriptModulesPlugin
<s> [webpack.Progress] 3% [0] setup compilation JsonModulesPlugin
<s> [webpack.Progress] 3% [0] setup compilation AssetModulesPlugin
<s> [webpack.Progress] 3% [0] setup compilation AsyncWebAssemblyModulesPlugin
<s> [webpack.Progress] 3% [0] setup compilation CssModulesPlugin
<s> [webpack.Progress] 3% [0] setup compilation HtmlModulesPlugin
<s> [webpack.Progress] 3% [0] setup compilation TypeScriptPlugin
<s> [webpack.Progress] 3% [0] setup compilation EntryPlugin
<s> [webpack.Progress] 3% [0] setup compilation EntryPlugin
<s> [webpack.Progress] 3% [0] setup compilation RuntimePlugin
<s> [webpack.Progress] 3% [0] setup compilation InferAsyncModulesPlugin
<s> [webpack.Progress] 3% [0] setup compilation DataUriPlugin
<s> [webpack.Progress] 3% [0] setup compilation FileUriPlugin
<s> [webpack.Progress] 3% [0] setup compilation CompatibilityPlugin
<s> [webpack.Progress] 3% [0] setup compilation HarmonyModulesPlugin
<s> [webpack.Progress] 3% [0] setup compilation AMDPlugin
<s> [webpack.Progress] 3% [0] setup compilation RequireJsStuffPlugin
<s> [webpack.Progress] 3% [0] setup compilation CommonJsPlugin
<s> [webpack.Progress] 3% [0] setup compilation LoaderPlugin
<s> [webpack.Progress] 3% [0] setup compilation LoaderPlugin
<s> [webpack.Progress] 3% [0] setup compilation NodeStuffPlugin
<s> [webpack.Progress] 3% [0] setup compilation APIPlugin
<s> [webpack.Progress] 3% [0] setup compilation ExportsInfoApiPlugin
<s> [webpack.Progress] 3% [0] setup compilation WebpackIsIncludedPlugin
<s> [webpack.Progress] 3% [0] setup compilation ConstPlugin
<s> [webpack.Progress] 3% [0] setup compilation UseStrictPlugin
<s> [webpack.Progress] 3% [0] setup compilation RequireIncludePlugin
<s> [webpack.Progress] 3% [0] setup compilation RequireEnsurePlugin
<s> [webpack.Progress] 3% [0] setup compilation RequireContextPlugin
<s> [webpack.Progress] 3% [0] setup compilation ImportPlugin
<s> [webpack.Progress] 3% [0] setup compilation ImportMetaContextPlugin
<s> [webpack.Progress] 3% [0] setup compilation SystemPlugin
<s> [webpack.Progress] 3% [0] setup compilation ImportMetaPlugin
<s> [webpack.Progress] 3% [0] setup compilation URLPlugin
<s> [webpack.Progress] 3% [0] setup compilation DefaultStatsFactoryPlugin
<s> [webpack.Progress] 3% [0] setup compilation DefaultStatsPresetPlugin
<s> [webpack.Progress] 3% [0] setup compilation DefaultStatsPrinterPlugin
<s> [webpack.Progress] 3% [0] setup compilation JavascriptMetaInfoPlugin
<s> [webpack.Progress] 3% [0] setup compilation EnsureChunkConditionsPlugin
<s> [webpack.Progress] 3% [0] setup compilation RemoveEmptyChunksPlugin
<s> [webpack.Progress] 3% [0] setup compilation MergeDuplicateChunksPlugin
<s> [webpack.Progress] 3% [0] setup compilation FlagIncludedChunksPlugin
<s> [webpack.Progress] 3% [0] setup compilation SideEffectsFlagPlugin
<s> [webpack.Progress] 3% [0] setup compilation FlagDependencyExportsPlugin
<s> [webpack.Progress] 3% [0] setup compilation FlagDependencyUsagePlugin
<s> [webpack.Progress] 3% [0] setup compilation InnerGraphPlugin
<s> [webpack.Progress] 3% [0] setup compilation CircularModulesPlugin
<s> [webpack.Progress] 3% [0] setup compilation ConstExportsPlugin
<s> [webpack.Progress] 3% [0] setup compilation MangleExportsPlugin
<s> [webpack.Progress] 3% [0] setup compilation ModuleConcatenationPlugin
<s> [webpack.Progress] 3% [0] setup compilation NoEmitOnErrorsPlugin
<s> [webpack.Progress] 3% [0] setup compilation RealContentHashPlugin
<s> [webpack.Progress] 3% [0] setup compilation WasmFinalizeExportsPlugin
<s> [webpack.Progress] 3% [0] setup compilation DeterministicModuleIdsPlugin
<s> [webpack.Progress] 3% [0] setup compilation DeterministicChunkIdsPlugin
<s> [webpack.Progress] 3% [0] setup compilation DefinePlugin
<s> [webpack.Progress] 3% [0] setup compilation TerserPlugin
<s> [webpack.Progress] 3% [0] setup compilation TemplatedPathPlugin
<s> [webpack.Progress] 3% [0] setup compilation RecordIdsPlugin
<s> [webpack.Progress] 3% [0] setup compilation WarnCaseSensitiveModulesPlugin
<s> [webpack.Progress] 3% [0] setup compilation
<s> [webpack.Progress] 3% [0] building
<s> [webpack.Progress] 3% [0] building 0/1 entries 0/0 dependencies 0/0 modules
<s> [webpack.Progress] 3% [1] 
<s> [webpack.Progress] 3% [1] setup before run
<s> [webpack.Progress] 3% [1] setup before run NodeEnvironmentPlugin
<s> [webpack.Progress] 3% [1] setup before run
<s> [webpack.Progress] 4% [1] setup run
<s> [webpack.Progress] 4% [1] setup run webpack-cli
<s> [webpack.Progress] 4% [1] setup run
<s> [webpack.Progress] 4% [1] setup normal module factory
<s> [webpack.Progress] 4% [1] setup normal module factory
<s> [webpack.Progress] 5% [1] setup context module factory
<s> [webpack.Progress] 5% [1] setup context module factory
<s> [webpack.Progress] 5% [1] setup before compile
<s> [webpack.Progress] 5% [1] setup before compile
<s> [webpack.Progress] 5% [1] setup compile
<s> [webpack.Progress] 5% [1] setup compile ExternalsPlugin
<s> [webpack.Progress] 5% [1] setup compile
<s> [webpack.Progress] 6% [1] setup compilation
<s> [webpack.Progress] 6% [1] setup compilation ArrayPushCallbackChunkFormatPlugin
<s> [webpack.Progress] 6% [1] setup compilation JsonpChunkLoadingPlugin
<s> [webpack.Progress] 6% [1] setup compilation StartupChunkDependenciesPlugin
<s> [webpack.Progress] 6% [1] setup compilation ImportScriptsChunkLoadingPlugin
<s> [webpack.Progress] 6% [1] setup compilation FetchCompileAsyncWasmPlugin
<s> [webpack.Progress] 6% [1] setup compilation ExportPropertyLibraryPlugin
<s> [webpack.Progress] 6% [1] setup compilation UmdLibraryPlugin
<s> [webpack.Progress] 6% [1] setup compilation WorkerAndWorkletPlugin
<s> [webpack.Progress] 6% [1] setup compilation SplitChunksPlugin
<s> [webpack.Progress] 6% [1] setup compilation ResolverCachePlugin
<s> [webpack.Progress] 6% [1] setup compilation
<s> [webpack.Progress] 6% [1] setup compilation
<s> [webpack.Progress] 6% [1] setup compilation ProgressPlugin
<s> [webpack.Progress] 6% [1] setup compilation ProvidePlugin
<s> [webpack.Progress] 6% [1] setup compilation ExternalsPlugin
<s> [webpack.Progress] 6% [1] setup compilation ChunkPrefetchPreloadPlugin
<s> [webpack.Progress] 6% [1] setup compilation ResourceHintPlugin
<s> [webpack.Progress] 6% [1] setup compilation SourceMapDevToolPlugin
<s> [webpack.Progress] 6% [1] setup compilation JavascriptModulesPlugin
<s> [webpack.Progress] 6% [1] setup compilation JsonModulesPlugin
<s> [webpack.Progress] 6% [1] setup compilation AssetModulesPlugin
<s> [webpack.Progress] 6% [1] setup compilation AsyncWebAssemblyModulesPlugin
<s> [webpack.Progress] 6% [1] setup compilation CssModulesPlugin
<s> [webpack.Progress] 6% [1] setup compilation HtmlModulesPlugin
<s> [webpack.Progress] 6% [1] setup compilation TypeScriptPlugin
<s> [webpack.Progress] 6% [1] setup compilation EntryPlugin
<s> [webpack.Progress] 6% [1] setup compilation EntryPlugin
<s> [webpack.Progress] 6% [1] setup compilation RuntimePlugin
<s> [webpack.Progress] 6% [1] setup compilation InferAsyncModulesPlugin
<s> [webpack.Progress] 6% [1] setup compilation DataUriPlugin
<s> [webpack.Progress] 6% [1] setup compilation FileUriPlugin
<s> [webpack.Progress] 6% [1] setup compilation CompatibilityPlugin
<s> [webpack.Progress] 6% [1] setup compilation HarmonyModulesPlugin
<s> [webpack.Progress] 6% [1] setup compilation AMDPlugin
<s> [webpack.Progress] 6% [1] setup compilation RequireJsStuffPlugin
<s> [webpack.Progress] 6% [1] setup compilation CommonJsPlugin
<s> [webpack.Progress] 6% [1] setup compilation LoaderPlugin
<s> [webpack.Progress] 6% [1] setup compilation LoaderPlugin
<s> [webpack.Progress] 6% [1] setup compilation NodeStuffPlugin
<s> [webpack.Progress] 6% [1] setup compilation APIPlugin
<s> [webpack.Progress] 6% [1] setup compilation ExportsInfoApiPlugin
<s> [webpack.Progress] 6% [1] setup compilation WebpackIsIncludedPlugin
<s> [webpack.Progress] 6% [1] setup compilation ConstPlugin
<s> [webpack.Progress] 6% [1] setup compilation UseStrictPlugin
<s> [webpack.Progress] 6% [1] setup compilation RequireIncludePlugin
<s> [webpack.Progress] 6% [1] setup compilation RequireEnsurePlugin
<s> [webpack.Progress] 6% [1] setup compilation RequireContextPlugin
<s> [webpack.Progress] 6% [1] setup compilation ImportPlugin
<s> [webpack.Progress] 6% [1] setup compilation ImportMetaContextPlugin
<s> [webpack.Progress] 6% [1] setup compilation SystemPlugin
<s> [webpack.Progress] 6% [1] setup compilation ImportMetaPlugin
<s> [webpack.Progress] 6% [1] setup compilation URLPlugin
<s> [webpack.Progress] 6% [1] setup compilation DefaultStatsFactoryPlugin
<s> [webpack.Progress] 6% [1] setup compilation DefaultStatsPresetPlugin
<s> [webpack.Progress] 6% [1] setup compilation DefaultStatsPrinterPlugin
<s> [webpack.Progress] 6% [1] setup compilation JavascriptMetaInfoPlugin
<s> [webpack.Progress] 6% [1] setup compilation EnsureChunkConditionsPlugin
<s> [webpack.Progress] 6% [1] setup compilation RemoveEmptyChunksPlugin
<s> [webpack.Progress] 6% [1] setup compilation MergeDuplicateChunksPlugin
<s> [webpack.Progress] 6% [1] setup compilation FlagIncludedChunksPlugin
<s> [webpack.Progress] 6% [1] setup compilation SideEffectsFlagPlugin
<s> [webpack.Progress] 6% [1] setup compilation FlagDependencyExportsPlugin
<s> [webpack.Progress] 6% [1] setup compilation FlagDependencyUsagePlugin
<s> [webpack.Progress] 6% [1] setup compilation InnerGraphPlugin
<s> [webpack.Progress] 6% [1] setup compilation CircularModulesPlugin
<s> [webpack.Progress] 6% [1] setup compilation ConstExportsPlugin
<s> [webpack.Progress] 6% [1] setup compilation MangleExportsPlugin
<s> [webpack.Progress] 6% [1] setup compilation ModuleConcatenationPlugin
<s> [webpack.Progress] 6% [1] setup compilation NoEmitOnErrorsPlugin
<s> [webpack.Progress] 6% [1] setup compilation RealContentHashPlugin
<s> [webpack.Progress] 6% [1] setup compilation WasmFinalizeExportsPlugin
<s> [webpack.Progress] 6% [1] setup compilation DeterministicModuleIdsPlugin
<s> [webpack.Progress] 6% [1] setup compilation DeterministicChunkIdsPlugin
<s> [webpack.Progress] 6% [1] setup compilation DefinePlugin
<s> [webpack.Progress] 6% [1] setup compilation TerserPlugin
<s> [webpack.Progress] 6% [1] setup compilation TemplatedPathPlugin
<s> [webpack.Progress] 6% [1] setup compilation RecordIdsPlugin
<s> [webpack.Progress] 6% [1] setup compilation WarnCaseSensitiveModulesPlugin
<s> [webpack.Progress] 6% [1] setup compilation
<s> [webpack.Progress] 6% [1] building
<s> [webpack.Progress] 6% [1] building 0/1 entries 0/0 dependencies 0/0 modules
<s> [webpack.Progress] 6% [2] 
<s> [webpack.Progress] 7% [2] setup before run
<s> [webpack.Progress] 7% [2] setup before run NodeEnvironmentPlugin
<s> [webpack.Progress] 7% [2] setup before run
<s> [webpack.Progress] 7% [2] setup run
<s> [webpack.Progress] 7% [2] setup run webpack-cli
<s> [webpack.Progress] 7% [2] setup run
<s> [webpack.Progress] 8% [2] setup normal module factory
<s> [webpack.Progress] 8% [2] setup normal module factory
<s> [webpack.Progress] 8% [2] setup context module factory
<s> [webpack.Progress] 8% [2] setup context module factory
<s> [webpack.Progress] 8% [2] setup before compile
<s> [webpack.Progress] 8% [2] setup before compile
<s> [webpack.Progress] 9% [2] setup compile
<s> [webpack.Progress] 9% [2] setup compile ExternalsPlugin
<s> [webpack.Progress] 9% [2] setup compile ExternalsPlugin
<s> [webpack.Progress] 9% [2] setup compile ExternalsPlugin
<s> [webpack.Progress] 9% [2] setup compile
<s> [webpack.Progress] 9% [2] setup compilation
<s> [webpack.Progress] 9% [2] setup compilation CommonJsChunkFormatPlugin
<s> [webpack.Progress] 9% [2] setup compilation StartupChunkDependenciesPlugin
<s> [webpack.Progress] 9% [2] setup compilation CommonJsChunkLoadingPlugin
<s> [webpack.Progress] 9% [2] setup compilation ReadFileCompileAsyncWasmPlugin
<s> [webpack.Progress] 9% [2] setup compilation AssignLibraryPlugin
<s> [webpack.Progress] 9% [2] setup compilation WorkerAndWorkletPlugin
<s> [webpack.Progress] 9% [2] setup compilation SplitChunksPlugin
<s> [webpack.Progress] 9% [2] setup compilation ResolverCachePlugin
<s> [webpack.Progress] 9% [2] setup compilation
<s> [webpack.Progress] 9% [2] setup compilation
<s> [webpack.Progress] 9% [2] setup compilation ProgressPlugin
<s> [webpack.Progress] 9% [2] setup compilation ProvidePlugin
<s> [webpack.Progress] 9% [2] setup compilation ExternalsPlugin
<s> [webpack.Progress] 9% [2] setup compilation ExternalsPlugin
<s> [webpack.Progress] 9% [2] setup compilation ExternalsPlugin
<s> [webpack.Progress] 9% [2] setup compilation ChunkPrefetchPreloadPlugin
<s> [webpack.Progress] 9% [2] setup compilation ResourceHintPlugin
<s> [webpack.Progress] 9% [2] setup compilation SourceMapDevToolPlugin
<s> [webpack.Progress] 9% [2] setup compilation JavascriptModulesPlugin
<s> [webpack.Progress] 9% [2] setup compilation JsonModulesPlugin
<s> [webpack.Progress] 9% [2] setup compilation AssetModulesPlugin
<s> [webpack.Progress] 9% [2] setup compilation AsyncWebAssemblyModulesPlugin
<s> [webpack.Progress] 9% [2] setup compilation CssModulesPlugin
<s> [webpack.Progress] 9% [2] setup compilation HtmlModulesPlugin
<s> [webpack.Progress] 9% [2] setup compilation TypeScriptPlugin
<s> [webpack.Progress] 9% [2] setup compilation EntryPlugin
<s> [webpack.Progress] 9% [2] setup compilation RuntimePlugin
<s> [webpack.Progress] 9% [2] setup compilation InferAsyncModulesPlugin
<s> [webpack.Progress] 9% [2] setup compilation DataUriPlugin
<s> [webpack.Progress] 9% [2] setup compilation FileUriPlugin
<s> [webpack.Progress] 9% [2] setup compilation CompatibilityPlugin
<s> [webpack.Progress] 9% [2] setup compilation HarmonyModulesPlugin
<s> [webpack.Progress] 9% [2] setup compilation AMDPlugin
<s> [webpack.Progress] 9% [2] setup compilation RequireJsStuffPlugin
<s> [webpack.Progress] 9% [2] setup compilation CommonJsPlugin
<s> [webpack.Progress] 9% [2] setup compilation LoaderPlugin
<s> [webpack.Progress] 9% [2] setup compilation LoaderPlugin
<s> [webpack.Progress] 9% [2] setup compilation NodeStuffPlugin
<s> [webpack.Progress] 9% [2] setup compilation APIPlugin
<s> [webpack.Progress] 9% [2] setup compilation ExportsInfoApiPlugin
<s> [webpack.Progress] 9% [2] setup compilation WebpackIsIncludedPlugin
<s> [webpack.Progress] 9% [2] setup compilation ConstPlugin
<s> [webpack.Progress] 9% [2] setup compilation UseStrictPlugin
<s> [webpack.Progress] 9% [2] setup compilation RequireIncludePlugin
<s> [webpack.Progress] 9% [2] setup compilation RequireEnsurePlugin
<s> [webpack.Progress] 9% [2] setup compilation RequireContextPlugin
<s> [webpack.Progress] 9% [2] setup compilation ImportPlugin
<s> [webpack.Progress] 9% [2] setup compilation ImportMetaContextPlugin
<s> [webpack.Progress] 9% [2] setup compilation SystemPlugin
<s> [webpack.Progress] 9% [2] setup compilation ImportMetaPlugin
<s> [webpack.Progress] 9% [2] setup compilation URLPlugin
<s> [webpack.Progress] 9% [2] setup compilation DefaultStatsFactoryPlugin
<s> [webpack.Progress] 9% [2] setup compilation DefaultStatsPresetPlugin
<s> [webpack.Progress] 9% [2] setup compilation DefaultStatsPrinterPlugin
<s> [webpack.Progress] 9% [2] setup compilation JavascriptMetaInfoPlugin
<s> [webpack.Progress] 9% [2] setup compilation EnsureChunkConditionsPlugin
<s> [webpack.Progress] 9% [2] setup compilation RemoveEmptyChunksPlugin
<s> [webpack.Progress] 9% [2] setup compilation MergeDuplicateChunksPlugin
<s> [webpack.Progress] 9% [2] setup compilation FlagIncludedChunksPlugin
<s> [webpack.Progress] 9% [2] setup compilation SideEffectsFlagPlugin
<s> [webpack.Progress] 9% [2] setup compilation FlagDependencyExportsPlugin
<s> [webpack.Progress] 9% [2] setup compilation FlagDependencyUsagePlugin
<s> [webpack.Progress] 9% [2] setup compilation InnerGraphPlugin
<s> [webpack.Progress] 9% [2] setup compilation CircularModulesPlugin
<s> [webpack.Progress] 9% [2] setup compilation ConstExportsPlugin
<s> [webpack.Progress] 9% [2] setup compilation MangleExportsPlugin
<s> [webpack.Progress] 9% [2] setup compilation ModuleConcatenationPlugin
<s> [webpack.Progress] 9% [2] setup compilation NoEmitOnErrorsPlugin
<s> [webpack.Progress] 9% [2] setup compilation RealContentHashPlugin
<s> [webpack.Progress] 9% [2] setup compilation WasmFinalizeExportsPlugin
<s> [webpack.Progress] 9% [2] setup compilation DeterministicModuleIdsPlugin
<s> [webpack.Progress] 9% [2] setup compilation DeterministicChunkIdsPlugin
<s> [webpack.Progress] 9% [2] setup compilation DefinePlugin
<s> [webpack.Progress] 9% [2] setup compilation TerserPlugin
<s> [webpack.Progress] 9% [2] setup compilation TemplatedPathPlugin
<s> [webpack.Progress] 9% [2] setup compilation RecordIdsPlugin
<s> [webpack.Progress] 9% [2] setup compilation WarnCaseSensitiveModulesPlugin
<s> [webpack.Progress] 9% [2] setup compilation
<s> [webpack.Progress] 10% [2] building
<s> [webpack.Progress] 10% [2] building 0/1 entries 0/0 dependencies 0/0 modules
<s> [webpack.Progress] 10% [1] building import loader ../../node_modules/babel-loader/lib/index.js
<s> [webpack.Progress] 10% [1] building 0/2 entries 2/2 dependencies 0/1 modules
<s> [webpack.Progress] 10% [2] building import loader ../../node_modules/babel-loader/lib/index.js
<s> [webpack.Progress] 10% [2] building 0/1 entries 1/1 dependencies 0/1 modules
<s> [webpack.Progress] 10% [0] building import loader ../../node_modules/babel-loader/lib/index.js
<s> [webpack.Progress] 10% [0] building 0/2 entries 2/2 dependencies 0/2 modules
<s> [webpack.Progress] 10% [1] building 0/2 entries 2/3 dependencies 0/1 modules
<s> [webpack.Progress] 10% [2] building 0/1 entries 1/2 dependencies 0/1 modules
<s> [webpack.Progress] 10% [0] building 0/2 entries 2/3 dependencies 0/2 modules
<s> [webpack.Progress] 10% [1] building 0/2 entries 4/5 dependencies 0/2 modules
<s> [webpack.Progress] 10% [2] building 0/1 entries 3/4 dependencies 0/2 modules
<s> [webpack.Progress] 10% [0] building 0/2 entries 6/7 dependencies 0/4 modules
<s> [webpack.Progress] 10% [1] building 0/2 entries 15/19 dependencies 0/12 modules
<s> [webpack.Progress] 10% [2] building 0/1 entries 15/18 dependencies 1/13 modules
<s> [webpack.Progress] 10% [0] building 0/2 entries 18/22 dependencies 1/14 modules
<s> [webpack.Progress] 10% [1] building import loader ./node_modules/raw-loader/index.js
<s> [webpack.Progress] 10% [1] building 0/2 entries 61/66 dependencies 4/21 modules
<s> [webpack.Progress] 10% [2] building import loader ./node_modules/raw-loader/index.js
<s> [webpack.Progress] 10% [2] building 0/1 entries 60/65 dependencies 5/21 modules
<s> [webpack.Progress] 10% [0] building import loader ./node_modules/raw-loader/index.js
<s> [webpack.Progress] 10% [0] building 0/2 entries 60/68 dependencies 4/23 modules
<s> [webpack.Progress] 10% [1] building 0/2 entries 67/75 dependencies 11/22 modules
<s> [webpack.Progress] 10% [2] building 0/1 entries 65/73 dependencies 11/22 modules
<s> [webpack.Progress] 10% [0] building 0/2 entries 70/78 dependencies 12/24 modules
<s> [webpack.Progress] 10% [2] building import loader ../../node_modules/ify-loader/index.js
<s> [webpack.Progress] 10% [2] building 0/1 entries 78/80 dependencies 19/30 modules
<s> [webpack.Progress] 10% [1] building import loader ../../node_modules/ify-loader/index.js
<s> [webpack.Progress] 10% [1] building 0/2 entries 80/82 dependencies 19/30 modules
<s> [webpack.Progress] 10% [0] building import loader ../../node_modules/ify-loader/index.js
<s> [webpack.Progress] 10% [0] building 0/2 entries 84/95 dependencies 20/32 modules
<s> [webpack.Progress] 10% [1] building 0/2 entries 108/109 dependencies 26/51 modules
<s> [webpack.Progress] 10% [2] building 0/1 entries 107/107 dependencies 27/52 modules
<s> [webpack.Progress] 10% [0] building 0/2 entries 111/112 dependencies 27/53 modules
<s> [webpack.Progress] 10% [0] building 0/2 entries 136/148 dependencies 36/59 modules
<s> [webpack.Progress] 10% [2] building 0/1 entries 129/140 dependencies 40/57 modules
<s> [webpack.Progress] 10% [1] building 0/2 entries 133/149 dependencies 35/57 modules
<s> [webpack.Progress] 10% [2] building 0/1 entries 145/162 dependencies 42/64 modules
<s> [webpack.Progress] 10% [1] building 0/2 entries 149/161 dependencies 37/64 modules
<s> [webpack.Progress] 10% [0] building 0/2 entries 154/170 dependencies 38/68 modules
<s> [webpack.Progress] 10% [2] building import loader ../../node_modules/base64-loader/index.js
<s> [webpack.Progress] 10% [2] building 0/1 entries 210/257 dependencies 64/96 modules
<s> [webpack.Progress] 10% [0] building import loader ../../node_modules/base64-loader/index.js
<s> [webpack.Progress] 10% [0] building 0/2 entries 219/265 dependencies 65/98 modules
<s> [webpack.Progress] 10% [1] building import loader ../../node_modules/base64-loader/index.js
<s> [webpack.Progress] 10% [1] building 0/2 entries 217/262 dependencies 64/97 modules
<s> [webpack.Progress] 10% [2] building 0/1 entries 339/400 dependencies 123/158 modules
<s> [webpack.Progress] 11% [0] building 0/2 entries 342/400 dependencies 122/154 modules
<s> [webpack.Progress] 11% [1] building 0/2 entries 339/400 dependencies 121/152 modules
<s> [webpack.Progress] 11% [2] building 0/1 entries 800/996 dependencies 220/422 modules
<s> [webpack.Progress] 20% [0] building 1/2 entries 545/545 dependencies 226/227 modules
<s> [webpack.Progress] 29% [0] building 2/2 entries 545/545 dependencies 227/227 modules
<s> [webpack.Progress] 29% [0] building
<s> [webpack.Progress] 30% [0] building finish
<s> [webpack.Progress] 30% [0] building finish HtmlModulesPlugin
<s> [webpack.Progress] 30% [0] building finish
<s> [webpack.Progress] 31% [0] sealing finish module graph
<s> [webpack.Progress] 31% [0] sealing finish module graph ResolverCachePlugin
<s> [webpack.Progress] 31% [0] sealing finish module graph InferAsyncModulesPlugin
<s> [webpack.Progress] 31% [0] sealing finish module graph FlagDependencyExportsPlugin
<s> [webpack.Progress] 31% [0] sealing finish module graph InnerGraphPlugin
<s> [webpack.Progress] 31% [0] sealing finish module graph WasmFinalizeExportsPlugin
<s> [webpack.Progress] 31% [0] sealing finish module graph ExportPropertyLibraryPlugin
<s> [webpack.Progress] 31% [0] sealing finish module graph UmdLibraryPlugin
<s> [webpack.Progress] 31% [0] sealing finish module graph
<s> [webpack.Progress] 31% [0] sealing plugins
<s> [webpack.Progress] 31% [0] sealing plugins WarnCaseSensitiveModulesPlugin
<s> [webpack.Progress] 31% [0] sealing plugins
<s> [webpack.Progress] 31% [0] sealing dependencies optimization
<s> [webpack.Progress] 31% [0] sealing dependencies optimization SideEffectsFlagPlugin
<s> [webpack.Progress] 31% [0] sealing dependencies optimization FlagDependencyUsagePlugin
<s> [webpack.Progress] 31% [0] sealing dependencies optimization ConstExportsPlugin
<s> [webpack.Progress] 31% [0] sealing dependencies optimization
<s> [webpack.Progress] 31% [0] sealing after dependencies optimization
<s> [webpack.Progress] 31% [0] sealing after dependencies optimization
<s> [webpack.Progress] 32% [0] sealing chunk graph
<s> [webpack.Progress] 32% [0] sealing chunk graph
<s> [webpack.Progress] 32% [0] sealing after chunk graph
<s> [webpack.Progress] 32% [0] sealing after chunk graph HtmlModulesPlugin
<s> [webpack.Progress] 32% [0] sealing after chunk graph
<s> [webpack.Progress] 32% [0] sealing optimizing
<s> [webpack.Progress] 32% [0] sealing optimizing
<s> [webpack.Progress] 32% [0] sealing module optimization
<s> [webpack.Progress] 32% [0] sealing module optimization CircularModulesPlugin
<s> [webpack.Progress] 32% [0] sealing module optimization
<s> [webpack.Progress] 32% [0] sealing after module optimization
<s> [webpack.Progress] 32% [0] sealing after module optimization
<s> [webpack.Progress] 33% [0] sealing chunk optimization
<s> [webpack.Progress] 33% [0] sealing chunk optimization EnsureChunkConditionsPlugin
<s> [webpack.Progress] 33% [0] sealing chunk optimization RemoveEmptyChunksPlugin
<s> [webpack.Progress] 33% [0] sealing chunk optimization MergeDuplicateChunksPlugin
<s> [webpack.Progress] 33% [0] sealing chunk optimization SplitChunksPlugin
<s> [webpack.Progress] 33% [0] sealing chunk optimization RemoveEmptyChunksPlugin
<s> [webpack.Progress] 33% [0] sealing chunk optimization
<s> [webpack.Progress] 33% [0] sealing after chunk optimization
<s> [webpack.Progress] 33% [0] sealing after chunk optimization
<s> [webpack.Progress] 33% [0] sealing module and chunk tree optimization
<s> [webpack.Progress] 33% [0] sealing module and chunk tree optimization
<s> [webpack.Progress] 33% [0] sealing after module and chunk tree optimization
<s> [webpack.Progress] 33% [0] sealing after module and chunk tree optimization
<s> [webpack.Progress] 34% [0] sealing chunk modules optimization
<s> [webpack.Progress] 34% [0] sealing chunk modules optimization ModuleConcatenationPlugin
<s> [webpack.Progress] 34% [0] sealing chunk modules optimization
<s> [webpack.Progress] 34% [0] sealing after chunk modules optimization
<s> [webpack.Progress] 34% [0] sealing after chunk modules optimization
<s> [webpack.Progress] 34% [0] sealing module reviving
<s> [webpack.Progress] 34% [0] sealing module reviving RecordIdsPlugin
<s> [webpack.Progress] 34% [0] sealing module reviving
<s> [webpack.Progress] 34% [0] sealing before module ids
<s> [webpack.Progress] 34% [0] sealing before module ids
<s> [webpack.Progress] 34% [0] sealing module ids
<s> [webpack.Progress] 34% [0] sealing module ids DeterministicModuleIdsPlugin
<s> [webpack.Progress] 34% [0] sealing module ids
<s> [webpack.Progress] 35% [0] sealing module id optimization
<s> [webpack.Progress] 35% [0] sealing module id optimization
<s> [webpack.Progress] 35% [0] sealing module id optimization
<s> [webpack.Progress] 35% [0] sealing module id optimization
<s> [webpack.Progress] 35% [0] sealing chunk reviving
<s> [webpack.Progress] 35% [0] sealing chunk reviving RecordIdsPlugin
<s> [webpack.Progress] 35% [0] sealing chunk reviving
<s> [webpack.Progress] 35% [0] sealing before chunk ids
<s> [webpack.Progress] 35% [0] sealing before chunk ids
<s> [webpack.Progress] 35% [0] sealing chunk ids
<s> [webpack.Progress] 35% [0] sealing chunk ids DeterministicChunkIdsPlugin
<s> [webpack.Progress] 35% [0] sealing chunk ids
<s> [webpack.Progress] 36% [0] sealing chunk id optimization
<s> [webpack.Progress] 36% [0] sealing chunk id optimization FlagIncludedChunksPlugin
<s> [webpack.Progress] 36% [0] sealing chunk id optimization
<s> [webpack.Progress] 36% [0] sealing after chunk id optimization
<s> [webpack.Progress] 36% [0] sealing after chunk id optimization
<s> [webpack.Progress] 36% [0] sealing record modules
<s> [webpack.Progress] 36% [0] sealing record modules RecordIdsPlugin
<s> [webpack.Progress] 36% [0] sealing record modules
<s> [webpack.Progress] 36% [0] sealing record chunks
<s> [webpack.Progress] 36% [0] sealing record chunks RecordIdsPlugin
<s> [webpack.Progress] 36% [0] sealing record chunks
<s> [webpack.Progress] 37% [0] sealing module hashing
<s> [webpack.Progress] 37% [0] sealing module hashing
<s> [webpack.Progress] 37% [0] sealing code generation
<s> [webpack.Progress] 37% [0] sealing code generation
<s> [webpack.Progress] 37% [0] sealing runtime requirements
<s> [webpack.Progress] 37% [0] sealing runtime requirements
<s> [webpack.Progress] 37% [0] sealing hashing
<s> [webpack.Progress] 37% [0] sealing hashing
<s> [webpack.Progress] 37% [0] sealing after hashing
<s> [webpack.Progress] 37% [0] sealing after hashing
<s> [webpack.Progress] 38% [0] sealing record hash
<s> [webpack.Progress] 38% [0] sealing record hash
<s> [webpack.Progress] 38% [0] sealing module assets processing
<s> [webpack.Progress] 38% [0] sealing module assets processing
<s> [webpack.Progress] 38% [0] sealing chunk assets processing
<s> [webpack.Progress] 38% [0] sealing chunk assets processing
<s> [webpack.Progress] 38% [0] sealing asset processing
<s> [webpack.Progress] 38% [0] sealing asset processing copy-webpack-plugin
<s> [webpack.Progress] 38% [2] building 0/1 entries 1200/1598 dependencies 243/538 modules
<s> [webpack.Progress] 47% [1] building 1/2 entries 542/542 dependencies 225/225 modules
<s> [webpack.Progress] 56% [1] building 2/2 entries 542/542 dependencies 225/225 modules
<s> [webpack.Progress] 56% [1] building
<s> [webpack.Progress] 58% [1] building finish
<s> [webpack.Progress] 58% [1] building finish HtmlModulesPlugin
<s> [webpack.Progress] 58% [1] building finish
<s> [webpack.Progress] 58% [1] sealing finish module graph
<s> [webpack.Progress] 58% [1] sealing finish module graph ResolverCachePlugin
<s> [webpack.Progress] 58% [1] sealing finish module graph InferAsyncModulesPlugin
<s> [webpack.Progress] 58% [1] sealing finish module graph FlagDependencyExportsPlugin
<s> [webpack.Progress] 58% [1] sealing finish module graph InnerGraphPlugin
<s> [webpack.Progress] 58% [1] sealing finish module graph WasmFinalizeExportsPlugin
<s> [webpack.Progress] 58% [1] sealing finish module graph ExportPropertyLibraryPlugin
<s> [webpack.Progress] 58% [1] sealing finish module graph UmdLibraryPlugin
<s> [webpack.Progress] 58% [1] sealing finish module graph
<s> [webpack.Progress] 58% [1] sealing plugins
<s> [webpack.Progress] 58% [1] sealing plugins WarnCaseSensitiveModulesPlugin
<s> [webpack.Progress] 58% [1] sealing plugins
<s> [webpack.Progress] 58% [1] sealing dependencies optimization
<s> [webpack.Progress] 58% [1] sealing dependencies optimization SideEffectsFlagPlugin
<s> [webpack.Progress] 58% [1] sealing dependencies optimization FlagDependencyUsagePlugin
<s> [webpack.Progress] 58% [1] sealing dependencies optimization ConstExportsPlugin
<s> [webpack.Progress] 58% [1] sealing dependencies optimization
<s> [webpack.Progress] 59% [1] sealing after dependencies optimization
<s> [webpack.Progress] 59% [1] sealing after dependencies optimization
<s> [webpack.Progress] 59% [1] sealing chunk graph
<s> [webpack.Progress] 59% [1] sealing chunk graph
<s> [webpack.Progress] 59% [1] sealing after chunk graph
<s> [webpack.Progress] 59% [1] sealing after chunk graph HtmlModulesPlugin
<s> [webpack.Progress] 59% [1] sealing after chunk graph
<s> [webpack.Progress] 59% [1] sealing optimizing
<s> [webpack.Progress] 59% [1] sealing optimizing
<s> [webpack.Progress] 59% [1] sealing module optimization
<s> [webpack.Progress] 59% [1] sealing module optimization CircularModulesPlugin
<s> [webpack.Progress] 59% [1] sealing module optimization
<s> [webpack.Progress] 60% [1] sealing after module optimization
<s> [webpack.Progress] 60% [1] sealing after module optimization
<s> [webpack.Progress] 60% [1] sealing chunk optimization
<s> [webpack.Progress] 60% [1] sealing chunk optimization EnsureChunkConditionsPlugin
<s> [webpack.Progress] 60% [1] sealing chunk optimization RemoveEmptyChunksPlugin
<s> [webpack.Progress] 60% [1] sealing chunk optimization MergeDuplicateChunksPlugin
<s> [webpack.Progress] 60% [1] sealing chunk optimization SplitChunksPlugin
<s> [webpack.Progress] 60% [1] sealing chunk optimization RemoveEmptyChunksPlugin
<s> [webpack.Progress] 60% [1] sealing chunk optimization
<s> [webpack.Progress] 60% [1] sealing after chunk optimization
<s> [webpack.Progress] 60% [1] sealing after chunk optimization
<s> [webpack.Progress] 60% [1] sealing module and chunk tree optimization
<s> [webpack.Progress] 60% [1] sealing module and chunk tree optimization
<s> [webpack.Progress] 60% [1] sealing after module and chunk tree optimization
<s> [webpack.Progress] 60% [1] sealing after module and chunk tree optimization
<s> [webpack.Progress] 61% [1] sealing chunk modules optimization
<s> [webpack.Progress] 61% [1] sealing chunk modules optimization ModuleConcatenationPlugin
<s> [webpack.Progress] 61% [1] sealing chunk modules optimization
<s> [webpack.Progress] 61% [1] sealing after chunk modules optimization
<s> [webpack.Progress] 61% [1] sealing after chunk modules optimization
<s> [webpack.Progress] 61% [1] sealing module reviving
<s> [webpack.Progress] 61% [1] sealing module reviving RecordIdsPlugin
<s> [webpack.Progress] 61% [1] sealing module reviving
<s> [webpack.Progress] 61% [1] sealing before module ids
<s> [webpack.Progress] 61% [1] sealing before module ids
<s> [webpack.Progress] 62% [1] sealing module ids
<s> [webpack.Progress] 62% [1] sealing module ids DeterministicModuleIdsPlugin
<s> [webpack.Progress] 62% [1] sealing module ids
<s> [webpack.Progress] 62% [1] sealing module id optimization
<s> [webpack.Progress] 62% [1] sealing module id optimization
<s> [webpack.Progress] 62% [1] sealing module id optimization
<s> [webpack.Progress] 62% [1] sealing module id optimization
<s> [webpack.Progress] 62% [1] sealing chunk reviving
<s> [webpack.Progress] 62% [1] sealing chunk reviving RecordIdsPlugin
<s> [webpack.Progress] 62% [1] sealing chunk reviving
<s> [webpack.Progress] 62% [1] sealing before chunk ids
<s> [webpack.Progress] 62% [1] sealing before chunk ids
<s> [webpack.Progress] 63% [1] sealing chunk ids
<s> [webpack.Progress] 63% [1] sealing chunk ids DeterministicChunkIdsPlugin
<s> [webpack.Progress] 63% [1] sealing chunk ids
<s> [webpack.Progress] 63% [1] sealing chunk id optimization
<s> [webpack.Progress] 63% [1] sealing chunk id optimization FlagIncludedChunksPlugin
<s> [webpack.Progress] 63% [1] sealing chunk id optimization
<s> [webpack.Progress] 63% [1] sealing after chunk id optimization
<s> [webpack.Progress] 63% [1] sealing after chunk id optimization
<s> [webpack.Progress] 63% [1] sealing record modules
<s> [webpack.Progress] 63% [1] sealing record modules RecordIdsPlugin
<s> [webpack.Progress] 63% [1] sealing record modules
<s> [webpack.Progress] 63% [1] sealing record chunks
<s> [webpack.Progress] 63% [1] sealing record chunks RecordIdsPlugin
<s> [webpack.Progress] 63% [1] sealing record chunks
<s> [webpack.Progress] 64% [1] sealing module hashing
<s> [webpack.Progress] 64% [1] sealing module hashing
<s> [webpack.Progress] 64% [1] sealing code generation
<s> [webpack.Progress] 64% [1] sealing code generation
<s> [webpack.Progress] 64% [1] sealing runtime requirements
<s> [webpack.Progress] 64% [1] sealing runtime requirements
<s> [webpack.Progress] 64% [1] sealing hashing
<s> [webpack.Progress] 64% [1] sealing hashing
<s> [webpack.Progress] 64% [1] sealing after hashing
<s> [webpack.Progress] 64% [1] sealing after hashing
<s> [webpack.Progress] 65% [1] sealing record hash
<s> [webpack.Progress] 65% [1] sealing record hash
<s> [webpack.Progress] 65% [1] sealing module assets processing
<s> [webpack.Progress] 65% [1] sealing module assets processing
<s> [webpack.Progress] 65% [1] sealing chunk assets processing
<s> [webpack.Progress] 65% [1] sealing chunk assets processing
<s> [webpack.Progress] 65% [1] sealing asset processing
<s> [webpack.Progress] 65% [1] sealing asset processing TerserPlugin
<s> [webpack.Progress] 65% [2] building 0/1 entries 1300/1598 dependencies 245/564 modules
<s> [webpack.Progress] 65% [0] sealing asset processing TerserPlugin
<s> [webpack.Progress] 65% [2] building 0/1 entries 1596/1600 dependencies 246/662 modules
<s> [webpack.Progress] 65% [2] building 0/1 entries 2100/2173 dependencies 264/779 modules
<s> [webpack.Progress] 66% [2] building 0/1 entries 2482/2500 dependencies 307/851 modules
<s> [webpack.Progress] 66% [2] building 0/1 entries 2938/3000 dependencies 348/937 modules
<s> [webpack.Progress] 66% [2] building 0/1 entries 3364/3500 dependencies 458/968 modules
<s> [webpack.Progress] 66% [2] building 0/1 entries 3544/3700 dependencies 555/981 modules
<s> [webpack.Progress] 67% [2] building 0/1 entries 3900/4089 dependencies 798/1015 modules
<s> [webpack.Progress] 68% [2] building 0/1 entries 4200/4272 dependencies 934/1082 modules
<s> [webpack.Progress] 68% [2] building 0/1 entries 4527/4533 dependencies 1100/1135 modules
<s> [webpack.Progress] 83% [2] building 1/1 entries 4600/4600 dependencies 1160/1160 modules
<s> [webpack.Progress] 83% [2] building
<s> [webpack.Progress] 84% [2] building finish
<s> [webpack.Progress] 84% [2] building finish HtmlModulesPlugin
<s> [webpack.Progress] 84% [2] building finish
<s> [webpack.Progress] 84% [2] sealing finish module graph
<s> [webpack.Progress] 84% [2] sealing finish module graph ResolverCachePlugin
<s> [webpack.Progress] 84% [2] sealing finish module graph InferAsyncModulesPlugin
<s> [webpack.Progress] 84% [2] sealing finish module graph FlagDependencyExportsPlugin
<s> [webpack.Progress] 84% [2] sealing finish module graph InnerGraphPlugin
<s> [webpack.Progress] 84% [2] sealing finish module graph WasmFinalizeExportsPlugin
<s> [webpack.Progress] 84% [2] sealing finish module graph AssignLibraryPlugin
<s> [webpack.Progress] 84% [2] sealing finish module graph
<s> [webpack.Progress] 85% [2] sealing plugins
<s> [webpack.Progress] 85% [2] sealing plugins WarnCaseSensitiveModulesPlugin
<s> [webpack.Progress] 85% [2] sealing plugins
<s> [webpack.Progress] 85% [2] sealing dependencies optimization
<s> [webpack.Progress] 85% [2] sealing dependencies optimization SideEffectsFlagPlugin
<s> [webpack.Progress] 85% [2] sealing dependencies optimization FlagDependencyUsagePlugin
<s> [webpack.Progress] 85% [2] sealing dependencies optimization ConstExportsPlugin
<s> [webpack.Progress] 85% [2] sealing dependencies optimization
<s> [webpack.Progress] 85% [2] sealing after dependencies optimization
<s> [webpack.Progress] 85% [2] sealing after dependencies optimization
<s> [webpack.Progress] 85% [2] sealing chunk graph
<s> [webpack.Progress] 85% [2] sealing chunk graph
<s> [webpack.Progress] 86% [2] sealing after chunk graph
<s> [webpack.Progress] 86% [2] sealing after chunk graph HtmlModulesPlugin
<s> [webpack.Progress] 86% [2] sealing after chunk graph
<s> [webpack.Progress] 86% [2] sealing optimizing
<s> [webpack.Progress] 86% [2] sealing optimizing
<s> [webpack.Progress] 86% [2] sealing module optimization
<s> [webpack.Progress] 86% [2] sealing module optimization CircularModulesPlugin
<s> [webpack.Progress] 86% [2] sealing module optimization
<s> [webpack.Progress] 86% [2] sealing after module optimization
<s> [webpack.Progress] 86% [2] sealing after module optimization
<s> [webpack.Progress] 86% [2] sealing chunk optimization
<s> [webpack.Progress] 86% [2] sealing chunk optimization EnsureChunkConditionsPlugin
<s> [webpack.Progress] 86% [2] sealing chunk optimization RemoveEmptyChunksPlugin
<s> [webpack.Progress] 86% [2] sealing chunk optimization MergeDuplicateChunksPlugin
<s> [webpack.Progress] 86% [2] sealing chunk optimization SplitChunksPlugin
<s> [webpack.Progress] 86% [2] sealing chunk optimization RemoveEmptyChunksPlugin
<s> [webpack.Progress] 86% [2] sealing chunk optimization
<s> [webpack.Progress] 87% [2] sealing after chunk optimization
<s> [webpack.Progress] 87% [2] sealing after chunk optimization
<s> [webpack.Progress] 87% [2] sealing module and chunk tree optimization
<s> [webpack.Progress] 87% [2] sealing module and chunk tree optimization
<s> [webpack.Progress] 87% [2] sealing after module and chunk tree optimization
<s> [webpack.Progress] 87% [2] sealing after module and chunk tree optimization
<s> [webpack.Progress] 87% [2] sealing chunk modules optimization
<s> [webpack.Progress] 87% [2] sealing chunk modules optimization ModuleConcatenationPlugin
<s> [webpack.Progress] 87% [2] sealing chunk modules optimization
<s> [webpack.Progress] 87% [2] sealing after chunk modules optimization
<s> [webpack.Progress] 87% [2] sealing after chunk modules optimization
<s> [webpack.Progress] 88% [2] sealing module reviving
<s> [webpack.Progress] 88% [2] sealing module reviving RecordIdsPlugin
<s> [webpack.Progress] 88% [2] sealing module reviving
<s> [webpack.Progress] 88% [2] sealing before module ids
<s> [webpack.Progress] 88% [2] sealing before module ids
<s> [webpack.Progress] 88% [2] sealing module ids
<s> [webpack.Progress] 88% [2] sealing module ids DeterministicModuleIdsPlugin
<s> [webpack.Progress] 88% [2] sealing module ids
<s> [webpack.Progress] 88% [2] sealing module id optimization
<s> [webpack.Progress] 88% [2] sealing module id optimization
<s> [webpack.Progress] 89% [2] sealing module id optimization
<s> [webpack.Progress] 89% [2] sealing module id optimization
<s> [webpack.Progress] 89% [2] sealing chunk reviving
<s> [webpack.Progress] 89% [2] sealing chunk reviving RecordIdsPlugin
<s> [webpack.Progress] 89% [2] sealing chunk reviving
<s> [webpack.Progress] 89% [2] sealing before chunk ids
<s> [webpack.Progress] 89% [2] sealing before chunk ids
<s> [webpack.Progress] 89% [2] sealing chunk ids
<s> [webpack.Progress] 89% [2] sealing chunk ids DeterministicChunkIdsPlugin
<s> [webpack.Progress] 89% [2] sealing chunk ids
<s> [webpack.Progress] 89% [2] sealing chunk id optimization
<s> [webpack.Progress] 89% [2] sealing chunk id optimization FlagIncludedChunksPlugin
<s> [webpack.Progress] 89% [2] sealing chunk id optimization
<s> [webpack.Progress] 90% [2] sealing after chunk id optimization
<s> [webpack.Progress] 90% [2] sealing after chunk id optimization
<s> [webpack.Progress] 90% [2] sealing record modules
<s> [webpack.Progress] 90% [2] sealing record modules RecordIdsPlugin
<s> [webpack.Progress] 90% [2] sealing record modules
<s> [webpack.Progress] 90% [2] sealing record chunks
<s> [webpack.Progress] 90% [2] sealing record chunks RecordIdsPlugin
<s> [webpack.Progress] 90% [2] sealing record chunks
<s> [webpack.Progress] 90% [2] sealing module hashing
<s> [webpack.Progress] 90% [2] sealing module hashing
<s> [webpack.Progress] 90% [2] sealing code generation
<s> [webpack.Progress] 90% [2] sealing code generation
<s> [webpack.Progress] 91% [2] sealing runtime requirements
<s> [webpack.Progress] 91% [2] sealing runtime requirements
<s> [webpack.Progress] 91% [2] sealing hashing
<s> [webpack.Progress] 91% [2] sealing hashing
<s> [webpack.Progress] 91% [2] sealing after hashing
<s> [webpack.Progress] 91% [2] sealing after hashing
<s> [webpack.Progress] 91% [2] sealing record hash
<s> [webpack.Progress] 91% [2] sealing record hash
<s> [webpack.Progress] 92% [2] sealing module assets processing
<s> [webpack.Progress] 92% [2] sealing module assets processing
<s> [webpack.Progress] 92% [2] sealing chunk assets processing
<s> [webpack.Progress] 92% [2] sealing chunk assets processing
<s> [webpack.Progress] 92% [2] sealing asset processing
<s> [webpack.Progress] 92% [2] sealing asset processing TerserPlugin
<s> [webpack.Progress] 92% [1] sealing asset processing SourceMapDevToolPlugin
<s> [webpack.Progress] 92% [1] sealing asset processing SourceMapDevToolPlugin
<s> [webpack.Progress] 92% [1] sealing asset processing SourceMapDevToolPlugin scratch-render.js generate SourceMap
<s> [webpack.Progress] 92% [1] sealing asset processing SourceMapDevToolPlugin scratch-render.js generated SourceMap
<s> [webpack.Progress] 92% [1] sealing asset processing SourceMapDevToolPlugin scratch-render.min.js generate SourceMap
<s> [webpack.Progress] 92% [1] sealing asset processing SourceMapDevToolPlugin scratch-render.min.js generated SourceMap
<s> [webpack.Progress] 92% [1] sealing asset processing SourceMapDevToolPlugin chunks/540.3595ef91db2231ab5dd5.js generate SourceMap
<s> [webpack.Progress] 92% [1] sealing asset processing SourceMapDevToolPlugin chunks/540.3595ef91db2231ab5dd5.js generated SourceMap
<s> [webpack.Progress] 92% [1] sealing asset processing SourceMapDevToolPlugin resolve sources
<s> [webpack.Progress] 92% [1] sealing asset processing SourceMapDevToolPlugin scratch-render.js attach SourceMap
<s> [webpack.Progress] 92% [1] sealing asset processing SourceMapDevToolPlugin scratch-render.js attached SourceMap
<s> [webpack.Progress] 92% [1] sealing asset processing SourceMapDevToolPlugin scratch-render.min.js attach SourceMap
<s> [webpack.Progress] 92% [1] sealing asset processing SourceMapDevToolPlugin scratch-render.min.js attached SourceMap
<s> [webpack.Progress] 92% [1] sealing asset processing SourceMapDevToolPlugin chunks/540.3595ef91db2231ab5dd5.js attach SourceMap
<s> [webpack.Progress] 92% [1] sealing asset processing SourceMapDevToolPlugin chunks/540.3595ef91db2231ab5dd5.js attached SourceMap
<s> [webpack.Progress] 92% [1] sealing asset processing SourceMapDevToolPlugin
<s> [webpack.Progress] 92% [1] sealing asset processing SourceMapDevToolPlugin
<s> [webpack.Progress] 92% [1] sealing asset processing SourceMapDevToolPlugin resolve sources
<s> [webpack.Progress] 92% [1] sealing asset processing SourceMapDevToolPlugin
<s> [webpack.Progress] 92% [1] sealing asset processing RealContentHashPlugin
<s> [webpack.Progress] 92% [1] sealing asset processing HtmlModulesPlugin
<s> [webpack.Progress] 92% [1] sealing asset processing
<s> [webpack.Progress] 92% [1] sealing after asset optimization
<s> [webpack.Progress] 92% [1] sealing after asset optimization
<s> [webpack.Progress] 92% [1] sealing recording
<s> [webpack.Progress] 92% [1] sealing recording
<s> [webpack.Progress] 93% [1] sealing after seal
<s> [webpack.Progress] 93% [1] sealing after seal HtmlModulesPlugin
<s> [webpack.Progress] 93% [1] sealing after seal
<s> [webpack.Progress] 93% [1] emitting emit
<s> [webpack.Progress] 93% [1] emitting emit CleanPlugin
<s> [webpack.Progress] 93% [1] emitting emit
<s> [webpack.Progress] 94% [1] emitting after emit
<s> [webpack.Progress] 94% [1] emitting after emit SizeLimitsPlugin
<s> [webpack.Progress] 94% [1] emitting after emit
<s> [webpack.Progress] 94% [1] done plugins
<s> [webpack.Progress] 94% [1] done plugins MultiCompiler
<s> [webpack.Progress] 94% [1] done plugins
<s> [webpack.Progress] 94% [1] 
<s> [webpack.Progress] 94% [1] cache store build dependencies
<s> [webpack.Progress] 94% [1] cache store build dependencies
<s> [webpack.Progress] 94% [1] cache begin idle
<s> [webpack.Progress] 94% [1] cache begin idle
<s> [webpack.Progress] 94% [1] 
<s> [webpack.Progress] 94% [0] sealing asset processing SourceMapDevToolPlugin
<s> [webpack.Progress] 94% [0] sealing asset processing SourceMapDevToolPlugin
<s> [webpack.Progress] 94% [0] sealing asset processing SourceMapDevToolPlugin playground.js generate SourceMap
<s> [webpack.Progress] 94% [0] sealing asset processing SourceMapDevToolPlugin playground.js generated SourceMap
<s> [webpack.Progress] 94% [0] sealing asset processing SourceMapDevToolPlugin queryPlayground.js generate SourceMap
<s> [webpack.Progress] 94% [0] sealing asset processing SourceMapDevToolPlugin queryPlayground.js generated SourceMap
<s> [webpack.Progress] 94% [0] sealing asset processing SourceMapDevToolPlugin chunks/540.bbaabe2454d119bb1930.js generate SourceMap
<s> [webpack.Progress] 94% [0] sealing asset processing SourceMapDevToolPlugin chunks/540.bbaabe2454d119bb1930.js generated SourceMap
<s> [webpack.Progress] 94% [0] sealing asset processing SourceMapDevToolPlugin style.css generate SourceMap
<s> [webpack.Progress] 94% [0] sealing asset processing SourceMapDevToolPlugin style.css generated SourceMap
<s> [webpack.Progress] 94% [0] sealing asset processing SourceMapDevToolPlugin resolve sources
<s> [webpack.Progress] 94% [0] sealing asset processing SourceMapDevToolPlugin playground.js attach SourceMap
<s> [webpack.Progress] 94% [0] sealing asset processing SourceMapDevToolPlugin playground.js attached SourceMap
<s> [webpack.Progress] 94% [0] sealing asset processing SourceMapDevToolPlugin queryPlayground.js attach SourceMap
<s> [webpack.Progress] 94% [0] sealing asset processing SourceMapDevToolPlugin queryPlayground.js attached SourceMap
<s> [webpack.Progress] 94% [0] sealing asset processing SourceMapDevToolPlugin chunks/540.bbaabe2454d119bb1930.js attach SourceMap
<s> [webpack.Progress] 94% [0] sealing asset processing SourceMapDevToolPlugin chunks/540.bbaabe2454d119bb1930.js attached SourceMap
<s> [webpack.Progress] 94% [0] sealing asset processing SourceMapDevToolPlugin
<s> [webpack.Progress] 94% [0] sealing asset processing SourceMapDevToolPlugin
<s> [webpack.Progress] 94% [0] sealing asset processing SourceMapDevToolPlugin resolve sources
<s> [webpack.Progress] 94% [0] sealing asset processing SourceMapDevToolPlugin
<s> [webpack.Progress] 94% [0] sealing asset processing RealContentHashPlugin
<s> [webpack.Progress] 94% [0] sealing asset processing HtmlModulesPlugin
<s> [webpack.Progress] 94% [0] sealing asset processing
<s> [webpack.Progress] 95% [0] sealing after asset optimization
<s> [webpack.Progress] 95% [0] sealing after asset optimization
<s> [webpack.Progress] 95% [0] sealing recording
<s> [webpack.Progress] 95% [0] sealing recording
<s> [webpack.Progress] 95% [0] sealing after seal
<s> [webpack.Progress] 95% [0] sealing after seal HtmlModulesPlugin
<s> [webpack.Progress] 95% [0] sealing after seal
<s> [webpack.Progress] 95% [0] emitting emit
<s> [webpack.Progress] 95% [0] emitting emit CleanPlugin
<s> [webpack.Progress] 95% [0] emitting emit
<s> [webpack.Progress] 96% [0] emitting after emit
<s> [webpack.Progress] 96% [0] emitting after emit SizeLimitsPlugin
<s> [webpack.Progress] 96% [0] emitting after emit
<s> [webpack.Progress] 97% [0] done plugins
<s> [webpack.Progress] 97% [0] done plugins MultiCompiler
<s> [webpack.Progress] 97% [0] done plugins
<s> [webpack.Progress] 97% [0] 
<s> [webpack.Progress] 97% [0] cache store build dependencies
<s> [webpack.Progress] 97% [0] cache store build dependencies
<s> [webpack.Progress] 97% [0] cache begin idle
<s> [webpack.Progress] 97% [0] cache begin idle
<s> [webpack.Progress] 97% [0] 
<s> [webpack.Progress] 97% [2] sealing asset processing SourceMapDevToolPlugin
<s> [webpack.Progress] 97% [2] sealing asset processing SourceMapDevToolPlugin
<s> [webpack.Progress] 97% [2] sealing asset processing SourceMapDevToolPlugin scratch-render.js generate SourceMap
<s> [webpack.Progress] 97% [2] sealing asset processing SourceMapDevToolPlugin scratch-render.js generated SourceMap
<s> [webpack.Progress] 97% [2] sealing asset processing SourceMapDevToolPlugin chunks/540.911cb8b79e523b16647f.js generate SourceMap
<s> [webpack.Progress] 97% [2] sealing asset processing SourceMapDevToolPlugin chunks/540.911cb8b79e523b16647f.js generated SourceMap
<s> [webpack.Progress] 97% [2] sealing asset processing SourceMapDevToolPlugin resolve sources
<s> [webpack.Progress] 97% [2] sealing asset processing SourceMapDevToolPlugin scratch-render.js attach SourceMap
<s> [webpack.Progress] 97% [2] sealing asset processing SourceMapDevToolPlugin scratch-render.js attached SourceMap
<s> [webpack.Progress] 97% [2] sealing asset processing SourceMapDevToolPlugin chunks/540.911cb8b79e523b16647f.js attach SourceMap
<s> [webpack.Progress] 97% [2] sealing asset processing SourceMapDevToolPlugin chunks/540.911cb8b79e523b16647f.js attached SourceMap
<s> [webpack.Progress] 97% [2] sealing asset processing SourceMapDevToolPlugin
<s> [webpack.Progress] 97% [2] sealing asset processing SourceMapDevToolPlugin
<s> [webpack.Progress] 97% [2] sealing asset processing SourceMapDevToolPlugin resolve sources
<s> [webpack.Progress] 97% [2] sealing asset processing SourceMapDevToolPlugin
<s> [webpack.Progress] 97% [2] sealing asset processing RealContentHashPlugin
<s> [webpack.Progress] 97% [2] sealing asset processing HtmlModulesPlugin
<s> [webpack.Progress] 97% [2] sealing asset processing
<s> [webpack.Progress] 97% [2] sealing after asset optimization
<s> [webpack.Progress] 97% [2] sealing after asset optimization
<s> [webpack.Progress] 97% [2] sealing recording
<s> [webpack.Progress] 97% [2] sealing recording
<s> [webpack.Progress] 98% [2] sealing after seal
<s> [webpack.Progress] 98% [2] sealing after seal HtmlModulesPlugin
<s> [webpack.Progress] 98% [2] sealing after seal
<s> [webpack.Progress] 98% [2] emitting emit
<s> [webpack.Progress] 98% [2] emitting emit CleanPlugin
<s> [webpack.Progress] 98% [2] emitting emit
<s> [webpack.Progress] 99% [2] emitting after emit
<s> [webpack.Progress] 99% [2] emitting after emit
<s> [webpack.Progress] 99% [2] done plugins
<s> [webpack.Progress] 99% [2] done plugins MultiCompiler
<s> [webpack.Progress] 99% [2] done plugins
<s> [webpack.Progress] 99% [2] 
<s> [webpack.Progress] 99% [2] cache store build dependencies
<s> [webpack.Progress] 99% [2] cache store build dependencies
<s> [webpack.Progress] 99% [2] cache begin idle
<s> [webpack.Progress] 99% [2] cache begin idle
<s> [webpack.Progress] 100% [2] 

<s> [webpack.Progress] 99% [0] cache shutdown
<s> [webpack.Progress] 99% [0] cache shutdown
<s> [webpack.Progress] 100% [0] 

<s> [webpack.Progress] 99% [1] cache shutdown
<s> [webpack.Progress] 99% [1] cache shutdown
<s> [webpack.Progress] 100% [1] 

<s> [webpack.Progress] 99% [2] cache shutdown
<s> [webpack.Progress] 99% [2] cache shutdown
<s> [webpack.Progress] 100% [2] 

assets by status 535 KiB [cached] 1 asset
assets by status 3.66 MiB [big]
  asset playground.js 1.83 MiB [compared for emit] [minimized] [big] (name: playground) 2 related assets
  asset queryPlayground.js 1.83 MiB [compared for emit] [minimized] [big] (name: queryPlayground) 2 related assets
assets by path *.html 4.35 KiB
  asset queryPlayground.html 2.78 KiB [compared for emit] [from: src/playground/queryPlayground.html] [copied]
  asset index.html 1.57 KiB [compared for emit] [from: src/playground/index.html] [copied]
asset style.css 115 bytes [compared for emit] [from: src/playground/style.css] [copied]
runtime modules 12.9 KiB 18 modules
orphan modules 12.4 KiB [orphan] 16 modules
modules by path ../../node_modules/ 3.14 MiB 173 modules
modules by path ./src/ 261 KiB
  modules by path ./src/*.js 218 KiB 12 modules
  modules by path ./src/util/*.js 12.9 KiB 4 modules
  modules by path ./src/playground/*.js 18.6 KiB 3 modules
  modules by path ./src/shaders/ 11.6 KiB 2 modules
modules by path ../scratch-svg-renderer/src/ 130 KiB
  modules by path ../scratch-svg-renderer/src/*.js 99.6 KiB 12 modules
  modules by path ../scratch-svg-renderer/src/sandbox/*.js 25.7 KiB 3 modules
  modules by path ../scratch-svg-renderer/src/util/*.js 4.89 KiB
    ../scratch-svg-renderer/src/util/svg-url-helpers.js 4.77 KiB [built] [code generated]
    ../scratch-svg-renderer/src/util/log.js 125 bytes [built] [code generated]

WARNING in asset size limit: The following asset(s) exceed the recommended size limit (244 KiB).
This can impact web performance.
Assets: 
  playground.js (1.83 MiB)
  queryPlayground.js (1.83 MiB)
  chunks/540.bbaabe2454d119bb1930.js (535 KiB)

WARNING in entrypoint size limit: The following entrypoint(s) combined asset size exceeds the recommended limit (244 KiB). This can impact web performance.
Entrypoints:
  playground (1.83 MiB)
      playground.js
  queryPlayground (1.83 MiB)
      queryPlayground.js

webpack 5.109.2 compiled with 2 warnings in 37448 ms

assets by status 534 KiB [cached] 1 asset
asset scratch-render.min.js 1.83 MiB [compared for emit] [minimized] [big] (name: scratch-render.min) 2 related assets
asset scratch-render.js 1.83 MiB [compared for emit] [minimized] [big] (name: scratch-render) 2 related assets
runtime modules 12.9 KiB 18 modules
orphan modules 12.4 KiB [orphan] 16 modules
modules by path ../../node_modules/ 3.14 MiB 173 modules
modules by path ./src/ 242 KiB
  modules by path ./src/*.js 218 KiB 13 modules
  modules by path ./src/util/*.js 12.9 KiB 4 modules
  modules by path ./src/shaders/ 11.6 KiB
    ./node_modules/raw-loader/index.js!./src/shaders/sprite.vert 3.3 KiB [built] [code generated]
    ./node_modules/raw-loader/index.js!./src/shaders/sprite.frag 8.27 KiB [built] [code generated]
modules by path ../scratch-svg-renderer/src/ 130 KiB
  modules by path ../scratch-svg-renderer/src/*.js 99.6 KiB 12 modules
  modules by path ../scratch-svg-renderer/src/sandbox/*.js 25.7 KiB 3 modules
  modules by path ../scratch-svg-renderer/src/util/*.js 4.89 KiB
    ../scratch-svg-renderer/src/util/svg-url-helpers.js 4.77 KiB [built] [code generated]
    ../scratch-svg-renderer/src/util/log.js 125 bytes [built] [code generated]

WARNING in asset size limit: The following asset(s) exceed the recommended size limit (244 KiB).
This can impact web performance.
Assets: 
  scratch-render.js (1.83 MiB)
  scratch-render.min.js (1.83 MiB)
  chunks/540.3595ef91db2231ab5dd5.js (534 KiB)

WARNING in entrypoint size limit: The following entrypoint(s) combined asset size exceeds the recommended limit (244 KiB). This can impact web performance.
Entrypoints:
  scratch-render (1.83 MiB)
      scratch-render.js
  scratch-render.min (1.83 MiB)
      scratch-render.min.js

webpack 5.109.2 compiled with 2 warnings in 37031 ms

assets by status 534 KiB [cached] 1 asset
asset scratch-render.js 5.94 MiB [compared for emit] [minimized] (name: scratch-render) 2 related assets
1167 modules

WARNING in ../../node_modules/isomorphic-dompurify/node_modules/jsdom/lib/jsdom/utils.js 102:2-36
Module not found: Error: Can't resolve 'canvas' in '~/Documents/GitHub/AA_KNOWLEGE_BASED_DEV_SYSTEM/scratch-editor/node_modules/isomorphic-dompurify/node_modules/jsdom/lib/jsdom'
 @ ../../node_modules/isomorphic-dompurify/node_modules/jsdom/lib/jsdom/browser/Window.js 7:26-45
 @ ../../node_modules/isomorphic-dompurify/node_modules/jsdom/lib/api.js 15:25-61
 @ ../../node_modules/isomorphic-dompurify/index.js 1:194-210
 @ ../scratch-svg-renderer/src/sanitize-svg.js 6:16-47
 @ ../scratch-svg-renderer/src/index.js 6:18-43
 @ ./src/SVGSkin.js 25:15-55
 @ ./src/RenderWebGL.js 34:14-34
 @ ./src/index.js 1:18-42

1 warning has detailed information that is not shown.
Use 'stats.errorDetails: true' resp. '--stats-error-details' to show it.

webpack 5.109.2 compiled with 1 warning in 60556 ms

> @scratch/scratch-render@15.0.1 docs
> typedoc

./src/RenderWebGL.js:136:7 - [warning] Encountered an unknown block tag @listens

136         * @listens RenderWebGL#event:NativeSizeChanged

./src/RenderWebGL.js:330:7 - [warning] Encountered an unknown block tag @fires

330         * @fires RenderWebGL#event:NativeSizeChanged

[warning] Drawable, defined in @scratch/scratch-render/src/Drawable.js, is referenced by export=._allDrawables but not included in the documentation
[warning] ShaderManager, defined in @scratch/scratch-render/src/ShaderManager.js, is referenced by export=._shaderManager but not included in the documentation
[warning] Rectangle, defined in @scratch/scratch-render/src/Rectangle.js, is referenced by export=._candidatesBounds but not included in the documentation
[warning] ColorExtraction, defined in @scratch/scratch-render/src/RenderWebGL.js, is referenced by export=.extractColor but not included in the documentation
[warning] DrawableExtraction, defined in @scratch/scratch-render/src/RenderWebGL.js, is referenced by export=.extractDrawableScreenSpace but not included in the documentation
[info] html generated at ./playground/docs
[warning] Found 0 errors and 7 warnings

> @scratch/scratch-vm@15.0.1 build
> npm run docs && webpack --progress


> @scratch/scratch-vm@15.0.1 docs
> typedoc

[warning] ExtensionManager, defined in @scratch/scratch-vm/src/extension-support/extension-manager.js, is referenced by export=.extensionManager but not included in the documentation
[warning] Runtime, defined in @scratch/scratch-vm/src/engine/runtime.js, is referenced by export=.runtime but not included in the documentation
[warning] VirtualMachine, defined in @scratch/scratch-vm/src/virtual-machine.js, is referenced by export=.constructor but not included in the documentation
[info] html generated at ./playground/docs
[warning] Found 0 errors and 3 warnings
Browserslist: browsers data (caniuse-lite) is 10 months old. Please run:
  npx update-browserslist-db@latest
  Why you should do it regularly: https://github.com/browserslist/update-db#readme
<s> [webpack.Progress] 0% 

<s> [webpack.Progress] 1% setup before run
<s> [webpack.Progress] 1% setup before run NodeEnvironmentPlugin
<s> [webpack.Progress] 1% setup before run
<s> [webpack.Progress] 2% setup run
<s> [webpack.Progress] 2% setup run webpack-cli
<s> [webpack.Progress] 2% setup run
<s> [webpack.Progress] 4% setup normal module factory
<s> [webpack.Progress] 4% setup normal module factory
<s> [webpack.Progress] 5% setup context module factory
<s> [webpack.Progress] 5% setup context module factory
<s> [webpack.Progress] 6% setup before compile
<s> [webpack.Progress] 6% setup before compile
<s> [webpack.Progress] 7% setup compile
<s> [webpack.Progress] 7% setup compile ExternalsPlugin
<s> [webpack.Progress] 7% setup compile
<s> [webpack.Progress] 8% setup compilation
<s> [webpack.Progress] 8% setup compilation CopyPlugin
<s> [webpack.Progress] 8% setup compilation ArrayPushCallbackChunkFormatPlugin
<s> [webpack.Progress] 8% setup compilation JsonpChunkLoadingPlugin
<s> [webpack.Progress] 8% setup compilation StartupChunkDependenciesPlugin
<s> [webpack.Progress] 8% setup compilation ImportScriptsChunkLoadingPlugin
<s> [webpack.Progress] 8% setup compilation FetchCompileAsyncWasmPlugin
<s> [webpack.Progress] 8% setup compilation ExportPropertyLibraryPlugin
<s> [webpack.Progress] 8% setup compilation UmdLibraryPlugin
<s> [webpack.Progress] 8% setup compilation WorkerAndWorkletPlugin
<s> [webpack.Progress] 8% setup compilation SplitChunksPlugin
<s> [webpack.Progress] 8% setup compilation ResolverCachePlugin
<s> [webpack.Progress] 8% setup compilation
<s> [webpack.Progress] 9% setup compilation
<s> [webpack.Progress] 9% setup compilation ProgressPlugin
<s> [webpack.Progress] 9% setup compilation ProvidePlugin
<s> [webpack.Progress] 9% setup compilation ExternalsPlugin
<s> [webpack.Progress] 9% setup compilation ChunkPrefetchPreloadPlugin
<s> [webpack.Progress] 9% setup compilation ResourceHintPlugin
<s> [webpack.Progress] 9% setup compilation SourceMapDevToolPlugin
<s> [webpack.Progress] 9% setup compilation JavascriptModulesPlugin
<s> [webpack.Progress] 9% setup compilation JsonModulesPlugin
<s> [webpack.Progress] 9% setup compilation AssetModulesPlugin
<s> [webpack.Progress] 9% setup compilation AsyncWebAssemblyModulesPlugin
<s> [webpack.Progress] 9% setup compilation CssModulesPlugin
<s> [webpack.Progress] 9% setup compilation HtmlModulesPlugin
<s> [webpack.Progress] 9% setup compilation TypeScriptPlugin
<s> [webpack.Progress] 9% setup compilation EntryPlugin
<s> [webpack.Progress] 9% setup compilation EntryPlugin
<s> [webpack.Progress] 9% setup compilation EntryPlugin
<s> [webpack.Progress] 9% setup compilation EntryPlugin
<s> [webpack.Progress] 9% setup compilation RuntimePlugin
<s> [webpack.Progress] 9% setup compilation InferAsyncModulesPlugin
<s> [webpack.Progress] 9% setup compilation DataUriPlugin
<s> [webpack.Progress] 9% setup compilation FileUriPlugin
<s> [webpack.Progress] 9% setup compilation CompatibilityPlugin
<s> [webpack.Progress] 9% setup compilation HarmonyModulesPlugin
<s> [webpack.Progress] 9% setup compilation AMDPlugin
<s> [webpack.Progress] 9% setup compilation RequireJsStuffPlugin
<s> [webpack.Progress] 9% setup compilation CommonJsPlugin
<s> [webpack.Progress] 9% setup compilation LoaderPlugin
<s> [webpack.Progress] 9% setup compilation LoaderPlugin
<s> [webpack.Progress] 9% setup compilation NodeStuffPlugin
<s> [webpack.Progress] 9% setup compilation APIPlugin
<s> [webpack.Progress] 9% setup compilation ExportsInfoApiPlugin
<s> [webpack.Progress] 9% setup compilation WebpackIsIncludedPlugin
<s> [webpack.Progress] 9% setup compilation ConstPlugin
<s> [webpack.Progress] 9% setup compilation UseStrictPlugin
<s> [webpack.Progress] 9% setup compilation RequireIncludePlugin
<s> [webpack.Progress] 9% setup compilation RequireEnsurePlugin
<s> [webpack.Progress] 9% setup compilation RequireContextPlugin
<s> [webpack.Progress] 9% setup compilation ImportPlugin
<s> [webpack.Progress] 9% setup compilation ImportMetaContextPlugin
<s> [webpack.Progress] 9% setup compilation SystemPlugin
<s> [webpack.Progress] 9% setup compilation ImportMetaPlugin
<s> [webpack.Progress] 9% setup compilation URLPlugin
<s> [webpack.Progress] 9% setup compilation DefaultStatsFactoryPlugin
<s> [webpack.Progress] 9% setup compilation DefaultStatsPresetPlugin
<s> [webpack.Progress] 9% setup compilation DefaultStatsPrinterPlugin
<s> [webpack.Progress] 9% setup compilation JavascriptMetaInfoPlugin
<s> [webpack.Progress] 9% setup compilation EnsureChunkConditionsPlugin
<s> [webpack.Progress] 9% setup compilation RemoveEmptyChunksPlugin
<s> [webpack.Progress] 9% setup compilation MergeDuplicateChunksPlugin
<s> [webpack.Progress] 9% setup compilation FlagIncludedChunksPlugin
<s> [webpack.Progress] 9% setup compilation SideEffectsFlagPlugin
<s> [webpack.Progress] 9% setup compilation FlagDependencyExportsPlugin
<s> [webpack.Progress] 9% setup compilation FlagDependencyUsagePlugin
<s> [webpack.Progress] 9% setup compilation InnerGraphPlugin
<s> [webpack.Progress] 9% setup compilation CircularModulesPlugin
<s> [webpack.Progress] 9% setup compilation ConstExportsPlugin
<s> [webpack.Progress] 9% setup compilation MangleExportsPlugin
<s> [webpack.Progress] 9% setup compilation ModuleConcatenationPlugin
<s> [webpack.Progress] 9% setup compilation NoEmitOnErrorsPlugin
<s> [webpack.Progress] 9% setup compilation RealContentHashPlugin
<s> [webpack.Progress] 9% setup compilation WasmFinalizeExportsPlugin
<s> [webpack.Progress] 9% setup compilation DeterministicModuleIdsPlugin
<s> [webpack.Progress] 9% setup compilation DeterministicChunkIdsPlugin
<s> [webpack.Progress] 9% setup compilation DefinePlugin
<s> [webpack.Progress] 9% setup compilation TerserPlugin
<s> [webpack.Progress] 9% setup compilation TemplatedPathPlugin
<s> [webpack.Progress] 9% setup compilation RecordIdsPlugin
<s> [webpack.Progress] 9% setup compilation WarnCaseSensitiveModulesPlugin
<s> [webpack.Progress] 9% setup compilation
<s> [webpack.Progress] 10% building
<s> [webpack.Progress] 10% building 0/1 entries 0/0 dependencies 0/0 modules
<s> [webpack.Progress] 0% 

<s> [webpack.Progress] 1% setup before run
<s> [webpack.Progress] 1% setup before run NodeEnvironmentPlugin
<s> [webpack.Progress] 1% setup before run
<s> [webpack.Progress] 2% setup run
<s> [webpack.Progress] 2% setup run webpack-cli
<s> [webpack.Progress] 2% setup run
<s> [webpack.Progress] 4% setup normal module factory
<s> [webpack.Progress] 4% setup normal module factory
<s> [webpack.Progress] 5% setup context module factory
<s> [webpack.Progress] 5% setup context module factory
<s> [webpack.Progress] 6% setup before compile
<s> [webpack.Progress] 6% setup before compile
<s> [webpack.Progress] 7% setup compile
<s> [webpack.Progress] 7% setup compile ExternalsPlugin
<s> [webpack.Progress] 7% setup compile ExternalsPlugin
<s> [webpack.Progress] 7% setup compile ExternalsPlugin
<s> [webpack.Progress] 7% setup compile
<s> [webpack.Progress] 8% setup compilation
<s> [webpack.Progress] 8% setup compilation CommonJsChunkFormatPlugin
<s> [webpack.Progress] 8% setup compilation StartupChunkDependenciesPlugin
<s> [webpack.Progress] 8% setup compilation CommonJsChunkLoadingPlugin
<s> [webpack.Progress] 8% setup compilation ReadFileCompileAsyncWasmPlugin
<s> [webpack.Progress] 8% setup compilation ExportPropertyLibraryPlugin
<s> [webpack.Progress] 8% setup compilation UmdLibraryPlugin
<s> [webpack.Progress] 8% setup compilation WorkerAndWorkletPlugin
<s> [webpack.Progress] 8% setup compilation SplitChunksPlugin
<s> [webpack.Progress] 8% setup compilation ResolverCachePlugin
<s> [webpack.Progress] 8% setup compilation
<s> [webpack.Progress] 9% setup compilation
<s> [webpack.Progress] 9% setup compilation ProgressPlugin
<s> [webpack.Progress] 9% setup compilation ProvidePlugin
<s> [webpack.Progress] 9% setup compilation ExternalsPlugin
<s> [webpack.Progress] 9% setup compilation ExternalsPlugin
<s> [webpack.Progress] 9% setup compilation ExternalsPlugin
<s> [webpack.Progress] 9% setup compilation ChunkPrefetchPreloadPlugin
<s> [webpack.Progress] 9% setup compilation ResourceHintPlugin
<s> [webpack.Progress] 9% setup compilation SourceMapDevToolPlugin
<s> [webpack.Progress] 9% setup compilation JavascriptModulesPlugin
<s> [webpack.Progress] 9% setup compilation JsonModulesPlugin
<s> [webpack.Progress] 9% setup compilation AssetModulesPlugin
<s> [webpack.Progress] 9% setup compilation AsyncWebAssemblyModulesPlugin
<s> [webpack.Progress] 9% setup compilation CssModulesPlugin
<s> [webpack.Progress] 9% setup compilation HtmlModulesPlugin
<s> [webpack.Progress] 9% setup compilation TypeScriptPlugin
<s> [webpack.Progress] 9% setup compilation EntryPlugin
<s> [webpack.Progress] 9% setup compilation EntryPlugin
<s> [webpack.Progress] 9% setup compilation RuntimePlugin
<s> [webpack.Progress] 9% setup compilation InferAsyncModulesPlugin
<s> [webpack.Progress] 9% setup compilation DataUriPlugin
<s> [webpack.Progress] 9% setup compilation FileUriPlugin
<s> [webpack.Progress] 9% setup compilation CompatibilityPlugin
<s> [webpack.Progress] 9% setup compilation HarmonyModulesPlugin
<s> [webpack.Progress] 9% setup compilation AMDPlugin
<s> [webpack.Progress] 9% setup compilation RequireJsStuffPlugin
<s> [webpack.Progress] 9% setup compilation CommonJsPlugin
<s> [webpack.Progress] 9% setup compilation LoaderPlugin
<s> [webpack.Progress] 9% setup compilation LoaderPlugin
<s> [webpack.Progress] 9% setup compilation NodeStuffPlugin
<s> [webpack.Progress] 9% setup compilation APIPlugin
<s> [webpack.Progress] 9% setup compilation ExportsInfoApiPlugin
<s> [webpack.Progress] 9% setup compilation WebpackIsIncludedPlugin
<s> [webpack.Progress] 9% setup compilation ConstPlugin
<s> [webpack.Progress] 9% setup compilation UseStrictPlugin
<s> [webpack.Progress] 9% setup compilation RequireIncludePlugin
<s> [webpack.Progress] 9% setup compilation RequireEnsurePlugin
<s> [webpack.Progress] 9% setup compilation RequireContextPlugin
<s> [webpack.Progress] 9% setup compilation ImportPlugin
<s> [webpack.Progress] 9% setup compilation ImportMetaContextPlugin
<s> [webpack.Progress] 9% setup compilation SystemPlugin
<s> [webpack.Progress] 9% setup compilation ImportMetaPlugin
<s> [webpack.Progress] 9% setup compilation URLPlugin
<s> [webpack.Progress] 9% setup compilation DefaultStatsFactoryPlugin
<s> [webpack.Progress] 9% setup compilation DefaultStatsPresetPlugin
<s> [webpack.Progress] 9% setup compilation DefaultStatsPrinterPlugin
<s> [webpack.Progress] 9% setup compilation JavascriptMetaInfoPlugin
<s> [webpack.Progress] 9% setup compilation EnsureChunkConditionsPlugin
<s> [webpack.Progress] 9% setup compilation RemoveEmptyChunksPlugin
<s> [webpack.Progress] 9% setup compilation MergeDuplicateChunksPlugin
<s> [webpack.Progress] 9% setup compilation FlagIncludedChunksPlugin
<s> [webpack.Progress] 9% setup compilation SideEffectsFlagPlugin
<s> [webpack.Progress] 9% setup compilation FlagDependencyExportsPlugin
<s> [webpack.Progress] 9% setup compilation FlagDependencyUsagePlugin
<s> [webpack.Progress] 9% setup compilation InnerGraphPlugin
<s> [webpack.Progress] 9% setup compilation CircularModulesPlugin
<s> [webpack.Progress] 9% setup compilation ConstExportsPlugin
<s> [webpack.Progress] 9% setup compilation MangleExportsPlugin
<s> [webpack.Progress] 9% setup compilation ModuleConcatenationPlugin
<s> [webpack.Progress] 9% setup compilation NoEmitOnErrorsPlugin
<s> [webpack.Progress] 9% setup compilation RealContentHashPlugin
<s> [webpack.Progress] 9% setup compilation WasmFinalizeExportsPlugin
<s> [webpack.Progress] 9% setup compilation DeterministicModuleIdsPlugin
<s> [webpack.Progress] 9% setup compilation DeterministicChunkIdsPlugin
<s> [webpack.Progress] 9% setup compilation DefinePlugin
<s> [webpack.Progress] 9% setup compilation TerserPlugin
<s> [webpack.Progress] 9% setup compilation TemplatedPathPlugin
<s> [webpack.Progress] 9% setup compilation RecordIdsPlugin
<s> [webpack.Progress] 9% setup compilation WarnCaseSensitiveModulesPlugin
<s> [webpack.Progress] 9% setup compilation
<s> [webpack.Progress] 10% building
<s> [webpack.Progress] 10% building 0/1 entries 0/0 dependencies 0/0 modules
<s> [webpack.Progress] 0% 

<s> [webpack.Progress] 1% setup before run
<s> [webpack.Progress] 1% setup before run NodeEnvironmentPlugin
<s> [webpack.Progress] 1% setup before run
<s> [webpack.Progress] 2% setup run
<s> [webpack.Progress] 2% setup run webpack-cli
<s> [webpack.Progress] 2% setup run
<s> [webpack.Progress] 4% setup normal module factory
<s> [webpack.Progress] 4% setup normal module factory
<s> [webpack.Progress] 5% setup context module factory
<s> [webpack.Progress] 5% setup context module factory
<s> [webpack.Progress] 6% setup before compile
<s> [webpack.Progress] 6% setup before compile
<s> [webpack.Progress] 7% setup compile
<s> [webpack.Progress] 7% setup compile ExternalsPlugin
<s> [webpack.Progress] 7% setup compile
<s> [webpack.Progress] 8% setup compilation
<s> [webpack.Progress] 8% setup compilation ArrayPushCallbackChunkFormatPlugin
<s> [webpack.Progress] 8% setup compilation JsonpChunkLoadingPlugin
<s> [webpack.Progress] 8% setup compilation StartupChunkDependenciesPlugin
<s> [webpack.Progress] 8% setup compilation ImportScriptsChunkLoadingPlugin
<s> [webpack.Progress] 8% setup compilation FetchCompileAsyncWasmPlugin
<s> [webpack.Progress] 8% setup compilation ExportPropertyLibraryPlugin
<s> [webpack.Progress] 8% setup compilation UmdLibraryPlugin
<s> [webpack.Progress] 8% setup compilation WorkerAndWorkletPlugin
<s> [webpack.Progress] 8% setup compilation SplitChunksPlugin
<s> [webpack.Progress] 8% setup compilation ResolverCachePlugin
<s> [webpack.Progress] 8% setup compilation
<s> [webpack.Progress] 9% setup compilation
<s> [webpack.Progress] 9% setup compilation ProgressPlugin
<s> [webpack.Progress] 9% setup compilation ProvidePlugin
<s> [webpack.Progress] 9% setup compilation ExternalsPlugin
<s> [webpack.Progress] 9% setup compilation ChunkPrefetchPreloadPlugin
<s> [webpack.Progress] 9% setup compilation ResourceHintPlugin
<s> [webpack.Progress] 9% setup compilation SourceMapDevToolPlugin
<s> [webpack.Progress] 9% setup compilation JavascriptModulesPlugin
<s> [webpack.Progress] 9% setup compilation JsonModulesPlugin
<s> [webpack.Progress] 9% setup compilation AssetModulesPlugin
<s> [webpack.Progress] 9% setup compilation AsyncWebAssemblyModulesPlugin
<s> [webpack.Progress] 9% setup compilation CssModulesPlugin
<s> [webpack.Progress] 9% setup compilation HtmlModulesPlugin
<s> [webpack.Progress] 9% setup compilation TypeScriptPlugin
<s> [webpack.Progress] 9% setup compilation EntryPlugin
<s> [webpack.Progress] 9% setup compilation EntryPlugin
<s> [webpack.Progress] 9% setup compilation RuntimePlugin
<s> [webpack.Progress] 9% setup compilation InferAsyncModulesPlugin
<s> [webpack.Progress] 9% setup compilation DataUriPlugin
<s> [webpack.Progress] 9% setup compilation FileUriPlugin
<s> [webpack.Progress] 9% setup compilation CompatibilityPlugin
<s> [webpack.Progress] 9% setup compilation HarmonyModulesPlugin
<s> [webpack.Progress] 9% setup compilation AMDPlugin
<s> [webpack.Progress] 9% setup compilation RequireJsStuffPlugin
<s> [webpack.Progress] 9% setup compilation CommonJsPlugin
<s> [webpack.Progress] 9% setup compilation LoaderPlugin
<s> [webpack.Progress] 9% setup compilation LoaderPlugin
<s> [webpack.Progress] 9% setup compilation NodeStuffPlugin
<s> [webpack.Progress] 9% setup compilation APIPlugin
<s> [webpack.Progress] 9% setup compilation ExportsInfoApiPlugin
<s> [webpack.Progress] 9% setup compilation WebpackIsIncludedPlugin
<s> [webpack.Progress] 9% setup compilation ConstPlugin
<s> [webpack.Progress] 9% setup compilation UseStrictPlugin
<s> [webpack.Progress] 9% setup compilation RequireIncludePlugin
<s> [webpack.Progress] 9% setup compilation RequireEnsurePlugin
<s> [webpack.Progress] 9% setup compilation RequireContextPlugin
<s> [webpack.Progress] 9% setup compilation ImportPlugin
<s> [webpack.Progress] 9% setup compilation ImportMetaContextPlugin
<s> [webpack.Progress] 9% setup compilation SystemPlugin
<s> [webpack.Progress] 9% setup compilation ImportMetaPlugin
<s> [webpack.Progress] 9% setup compilation URLPlugin
<s> [webpack.Progress] 9% setup compilation DefaultStatsFactoryPlugin
<s> [webpack.Progress] 9% setup compilation DefaultStatsPresetPlugin
<s> [webpack.Progress] 9% setup compilation DefaultStatsPrinterPlugin
<s> [webpack.Progress] 9% setup compilation JavascriptMetaInfoPlugin
<s> [webpack.Progress] 9% setup compilation EnsureChunkConditionsPlugin
<s> [webpack.Progress] 9% setup compilation RemoveEmptyChunksPlugin
<s> [webpack.Progress] 9% setup compilation MergeDuplicateChunksPlugin
<s> [webpack.Progress] 9% setup compilation FlagIncludedChunksPlugin
<s> [webpack.Progress] 9% setup compilation SideEffectsFlagPlugin
<s> [webpack.Progress] 9% setup compilation FlagDependencyExportsPlugin
<s> [webpack.Progress] 9% setup compilation FlagDependencyUsagePlugin
<s> [webpack.Progress] 9% setup compilation InnerGraphPlugin
<s> [webpack.Progress] 9% setup compilation CircularModulesPlugin
<s> [webpack.Progress] 9% setup compilation ConstExportsPlugin
<s> [webpack.Progress] 9% setup compilation MangleExportsPlugin
<s> [webpack.Progress] 9% setup compilation ModuleConcatenationPlugin
<s> [webpack.Progress] 9% setup compilation NoEmitOnErrorsPlugin
<s> [webpack.Progress] 9% setup compilation RealContentHashPlugin
<s> [webpack.Progress] 9% setup compilation WasmFinalizeExportsPlugin
<s> [webpack.Progress] 9% setup compilation DeterministicModuleIdsPlugin
<s> [webpack.Progress] 9% setup compilation DeterministicChunkIdsPlugin
<s> [webpack.Progress] 9% setup compilation DefinePlugin
<s> [webpack.Progress] 9% setup compilation TerserPlugin
<s> [webpack.Progress] 9% setup compilation TemplatedPathPlugin
<s> [webpack.Progress] 9% setup compilation RecordIdsPlugin
<s> [webpack.Progress] 9% setup compilation WarnCaseSensitiveModulesPlugin
<s> [webpack.Progress] 9% setup compilation
<s> [webpack.Progress] 10% building
<s> [webpack.Progress] 10% building 0/1 entries 0/0 dependencies 0/0 modules
<s> [webpack.Progress] 10% building import loader ../../node_modules/babel-loader/lib/index.js
<s> [webpack.Progress] 10% building 0/4 entries 2/4 dependencies 0/2 modules
<s> [webpack.Progress] 10% building import loader ../../node_modules/expose-loader/dist/cjs.js
<s> [webpack.Progress] 10% building 0/4 entries 4/4 dependencies 0/4 modules
<s> [webpack.Progress] 10% building 0/2 entries 1/2 dependencies 0/0 modules
<s> [webpack.Progress] 10% building import loader ../../node_modules/babel-loader/lib/index.js
<s> [webpack.Progress] 10% building 0/2 entries 2/2 dependencies 0/2 modules
<s> [webpack.Progress] 10% building 0/2 entries 1/2 dependencies 0/0 modules
<s> [webpack.Progress] 10% building import loader ../../node_modules/babel-loader/lib/index.js
<s> [webpack.Progress] 10% building 0/2 entries 2/2 dependencies 0/2 modules
<s> [webpack.Progress] 10% building import loader ../../node_modules/expose-loader/dist/cjs.js
<s> [webpack.Progress] 10% building 0/2 entries 2/2 dependencies 0/2 modules
<s> [webpack.Progress] 10% building 0/4 entries 4/5 dependencies 0/4 modules
<s> [webpack.Progress] 10% building 0/2 entries 2/3 dependencies 0/2 modules
<s> [webpack.Progress] 10% building 0/2 entries 2/3 dependencies 0/2 modules
<s> [webpack.Progress] 10% building 0/4 entries 26/31 dependencies 0/18 modules
<s> [webpack.Progress] 10% building 0/2 entries 11/11 dependencies 0/7 modules
<s> [webpack.Progress] 10% building 0/4 entries 34/100 dependencies 4/18 modules
<s> [webpack.Progress] 10% building 0/2 entries 14/14 dependencies 0/9 modules
<s> [webpack.Progress] 10% building 0/2 entries 11/12 dependencies 0/8 modules
<s> [webpack.Progress] 10% building 0/2 entries 26/44 dependencies 5/14 modules
<s> [webpack.Progress] 10% building 0/4 entries 100/142 dependencies 5/60 modules
<s> [webpack.Progress] 10% building 0/2 entries 34/41 dependencies 6/24 modules
<s> [webpack.Progress] 10% building 0/4 entries 109/200 dependencies 5/60 modules
<s> [webpack.Progress] 10% building 0/4 entries 126/212 dependencies 10/60 modules
<s> [webpack.Progress] 23% building 1/4 entries 156/215 dependencies 22/60 modules
<s> [webpack.Progress] 10% building 0/2 entries 36/45 dependencies 5/24 modules
<s> [webpack.Progress] 10% building 0/2 entries 39/51 dependencies 5/24 modules
<s> [webpack.Progress] 23% building 1/4 entries 166/260 dependencies 25/62 modules
<s> [webpack.Progress] 10% building 0/2 entries 47/100 dependencies 6/24 modules
<s> [webpack.Progress] 23% building 1/4 entries 269/287 dependencies 36/100 modules
<s> [webpack.Progress] 10% building 0/2 entries 94/158 dependencies 10/36 modules
<s> [webpack.Progress] 23% building 1/4 entries 281/299 dependencies 37/105 modules
<s> [webpack.Progress] 23% building 1/4 entries 286/300 dependencies 42/105 modules
<s> [webpack.Progress] 10% building 0/2 entries 162/178 dependencies 12/82 modules
<s> [webpack.Progress] 10% building 0/2 entries 164/178 dependencies 13/82 modules
<s> [webpack.Progress] 23% building 1/4 entries 300/368 dependencies 55/105 modules
<s> [webpack.Progress] 10% building 0/2 entries 165/185 dependencies 11/84 modules
<s> [webpack.Progress] 10% building 0/2 entries 165/200 dependencies 14/82 modules
<s> [webpack.Progress] 10% building 0/2 entries 170/188 dependencies 13/84 modules
<s> [webpack.Progress] 23% building 1/4 entries 332/400 dependencies 60/106 modules
<s> [webpack.Progress] 10% building 0/2 entries 213/300 dependencies 26/85 modules
<s> [webpack.Progress] 23% building 1/4 entries 400/481 dependencies 61/112 modules
<s> [webpack.Progress] 10% building 0/2 entries 235/348 dependencies 33/85 modules
<s> [webpack.Progress] 10% building 0/2 entries 218/300 dependencies 26/87 modules
<s> [webpack.Progress] 10% building 0/2 entries 380/422 dependencies 44/95 modules
<s> [webpack.Progress] 23% building 1/4 entries 500/539 dependencies 69/164 modules
<s> [webpack.Progress] 10% building 0/2 entries 394/427 dependencies 37/109 modules
<s> [webpack.Progress] 10% building 0/2 entries 409/432 dependencies 45/112 modules
<s> [webpack.Progress] 10% building 0/2 entries 428/500 dependencies 63/119 modules
<s> [webpack.Progress] 23% building 1/4 entries 583/686 dependencies 100/189 modules
<s> [webpack.Progress] 10% building 0/2 entries 500/582 dependencies 77/154 modules
<s> [webpack.Progress] 10% building 0/2 entries 500/582 dependencies 77/154 modules
<s> [webpack.Progress] 23% building import loader ../../node_modules/arraybuffer-loader/index.js
<s> [webpack.Progress] 23% building 1/4 entries 699/738 dependencies 125/280 modules
<s> [webpack.Progress] 11% building import loader ../../node_modules/arraybuffer-loader/index.js
<s> [webpack.Progress] 11% building 0/2 entries 603/613 dependencies 97/240 modules
<s> [webpack.Progress] 11% building import loader ../../node_modules/arraybuffer-loader/index.js
<s> [webpack.Progress] 11% building 0/2 entries 586/611 dependencies 98/228 modules
<s> [webpack.Progress] 23% building 1/4 entries 730/753 dependencies 128/300 modules
<s> [webpack.Progress] 23% building 1/4 entries 741/800 dependencies 142/305 modules
<s> [webpack.Progress] 11% building 0/2 entries 664/700 dependencies 118/253 modules
<s> [webpack.Progress] 11% building 0/2 entries 666/700 dependencies 123/265 modules
<s> [webpack.Progress] 37% building 1/2 entries 860/889 dependencies 169/271 modules
<s> [webpack.Progress] 23% building 1/4 entries 956/1000 dependencies 172/339 modules
<s> [webpack.Progress] 37% building 1/2 entries 819/876 dependencies 164/271 modules
<s> [webpack.Progress] 37% building 2/4 entries 1047/1096 dependencies 274/361 modules
<s> [webpack.Progress] 37% building 2/4 entries 1100/1132 dependencies 285/394 modules
<s> [webpack.Progress] 37% building import loader ../../node_modules/base64-loader/index.js
<s> [webpack.Progress] 37% building 2/4 entries 1112/1133 dependencies 288/399 modules
<s> [webpack.Progress] 37% building import loader ../scratch-render/node_modules/raw-loader/index.js
<s> [webpack.Progress] 37% building 2/4 entries 1124/1181 dependencies 296/401 modules
<s> [webpack.Progress] 37% building 1/2 entries 870/900 dependencies 243/296 modules
<s> [webpack.Progress] 37% building 1/2 entries 939/960 dependencies 251/300 modules
<s> [webpack.Progress] 37% building 2/4 entries 1200/1236 dependencies 339/435 modules
<s> [webpack.Progress] 37% building 1/2 entries 969/1000 dependencies 265/312 modules
<s> [webpack.Progress] 37% building 2/4 entries 1300/1315 dependencies 368/484 modules
<s> [webpack.Progress] 37% building 1/2 entries 972/1000 dependencies 287/338 modules
<s> [webpack.Progress] 37% building import loader ../../node_modules/base64-loader/index.js
<s> [webpack.Progress] 37% building 1/2 entries 1019/1098 dependencies 284/337 modules
<s> [webpack.Progress] 37% building import loader ../../node_modules/ify-loader/index.js
<s> [webpack.Progress] 37% building 2/4 entries 1464/1486 dependencies 437/549 modules
<s> [webpack.Progress] 37% building import loader ../../node_modules/base64-loader/index.js
<s> [webpack.Progress] 37% building 1/2 entries 1042/1098 dependencies 302/381 modules
<s> [webpack.Progress] 37% building 1/2 entries 1178/1200 dependencies 352/418 modules
<s> [webpack.Progress] 37% building 2/4 entries 1596/1623 dependencies 525/600 modules
<s> [webpack.Progress] 37% building 1/2 entries 1200/1249 dependencies 377/454 modules
<s> [webpack.Progress] 37% building 1/2 entries 1405/1500 dependencies 392/558 modules
<s> [webpack.Progress] 37% building 2/4 entries 1700/2065 dependencies 550/629 modules
<s> [webpack.Progress] 37% building 1/2 entries 1300/1383 dependencies 412/494 modules
<s> [webpack.Progress] 37% building 1/2 entries 1694/1982 dependencies 409/700 modules
<s> [webpack.Progress] 37% building 2/4 entries 2057/2098 dependencies 557/900 modules
<s> [webpack.Progress] 37% building 1/2 entries 1700/1842 dependencies 424/775 modules
<s> [webpack.Progress] 37% building 1/2 entries 1954/1982 dependencies 447/900 modules
<s> [webpack.Progress] 37% building 1/2 entries 2100/2166 dependencies 473/868 modules
<s> [webpack.Progress] 37% building 2/4 entries 2505/2600 dependencies 639/946 modules
<s> [webpack.Progress] 37% building 1/2 entries 2197/2682 dependencies 511/1000 modules
<s> [webpack.Progress] 37% building 1/2 entries 2587/2600 dependencies 573/874 modules
<s> [webpack.Progress] 37% building 2/4 entries 3100/3404 dependencies 768/952 modules
<s> [webpack.Progress] 37% building 1/2 entries 2664/2682 dependencies 551/1200 modules
<s> [webpack.Progress] 37% building 1/2 entries 3236/3300 dependencies 791/892 modules
<s> [webpack.Progress] 37% building 1/2 entries 3548/3600 dependencies 721/1224 modules
<s> [webpack.Progress] 51% building 3/4 entries 3591/3599 dependencies 970/996 modules
<s> [webpack.Progress] 37% building 1/2 entries 3405/3405 dependencies 900/928 modules
<s> [webpack.Progress] 37% building 1/2 entries 4256/4300 dependencies 857/1331 modules
<s> [webpack.Progress] 65% building 4/4 entries 3607/3607 dependencies 1004/1004 modules
<s> [webpack.Progress] 65% building
<s> [webpack.Progress] 69% building finish
<s> [webpack.Progress] 69% building finish HtmlModulesPlugin
<s> [webpack.Progress] 69% building finish
<s> [webpack.Progress] 70% sealing finish module graph
<s> [webpack.Progress] 70% sealing finish module graph ResolverCachePlugin
<s> [webpack.Progress] 70% sealing finish module graph InferAsyncModulesPlugin
<s> [webpack.Progress] 70% sealing finish module graph FlagDependencyExportsPlugin
<s> [webpack.Progress] 70% sealing finish module graph InnerGraphPlugin
<s> [webpack.Progress] 70% sealing finish module graph WasmFinalizeExportsPlugin
<s> [webpack.Progress] 70% sealing finish module graph ExportPropertyLibraryPlugin
<s> [webpack.Progress] 70% sealing finish module graph UmdLibraryPlugin
<s> [webpack.Progress] 70% sealing finish module graph
<s> [webpack.Progress] 70% sealing plugins
<s> [webpack.Progress] 70% sealing plugins WarnCaseSensitiveModulesPlugin
<s> [webpack.Progress] 70% sealing plugins
<s> [webpack.Progress] 71% sealing dependencies optimization
<s> [webpack.Progress] 71% sealing dependencies optimization SideEffectsFlagPlugin
<s> [webpack.Progress] 71% sealing dependencies optimization FlagDependencyUsagePlugin
<s> [webpack.Progress] 71% sealing dependencies optimization ConstExportsPlugin
<s> [webpack.Progress] 71% sealing dependencies optimization
<s> [webpack.Progress] 71% sealing after dependencies optimization
<s> [webpack.Progress] 71% sealing after dependencies optimization
<s> [webpack.Progress] 72% sealing chunk graph
<s> [webpack.Progress] 72% sealing chunk graph
<s> [webpack.Progress] 73% sealing after chunk graph
<s> [webpack.Progress] 73% sealing after chunk graph HtmlModulesPlugin
<s> [webpack.Progress] 73% sealing after chunk graph
<s> [webpack.Progress] 73% sealing optimizing
<s> [webpack.Progress] 73% sealing optimizing
<s> [webpack.Progress] 74% sealing module optimization
<s> [webpack.Progress] 74% sealing module optimization CircularModulesPlugin
<s> [webpack.Progress] 74% sealing module optimization
<s> [webpack.Progress] 75% sealing after module optimization
<s> [webpack.Progress] 75% sealing after module optimization
<s> [webpack.Progress] 75% sealing chunk optimization
<s> [webpack.Progress] 75% sealing chunk optimization EnsureChunkConditionsPlugin
<s> [webpack.Progress] 75% sealing chunk optimization RemoveEmptyChunksPlugin
<s> [webpack.Progress] 75% sealing chunk optimization MergeDuplicateChunksPlugin
<s> [webpack.Progress] 75% sealing chunk optimization SplitChunksPlugin
<s> [webpack.Progress] 75% sealing chunk optimization RemoveEmptyChunksPlugin
<s> [webpack.Progress] 75% sealing chunk optimization
<s> [webpack.Progress] 76% sealing after chunk optimization
<s> [webpack.Progress] 76% sealing after chunk optimization
<s> [webpack.Progress] 77% sealing module and chunk tree optimization
<s> [webpack.Progress] 77% sealing module and chunk tree optimization
<s> [webpack.Progress] 77% sealing after module and chunk tree optimization
<s> [webpack.Progress] 77% sealing after module and chunk tree optimization
<s> [webpack.Progress] 78% sealing chunk modules optimization
<s> [webpack.Progress] 78% sealing chunk modules optimization ModuleConcatenationPlugin
<s> [webpack.Progress] 78% sealing chunk modules optimization
<s> [webpack.Progress] 78% sealing after chunk modules optimization
<s> [webpack.Progress] 78% sealing after chunk modules optimization
<s> [webpack.Progress] 79% sealing module reviving
<s> [webpack.Progress] 79% sealing module reviving RecordIdsPlugin
<s> [webpack.Progress] 79% sealing module reviving
<s> [webpack.Progress] 80% sealing before module ids
<s> [webpack.Progress] 80% sealing before module ids
<s> [webpack.Progress] 80% sealing module ids
<s> [webpack.Progress] 80% sealing module ids DeterministicModuleIdsPlugin
<s> [webpack.Progress] 80% sealing module ids
<s> [webpack.Progress] 81% sealing module id optimization
<s> [webpack.Progress] 81% sealing module id optimization
<s> [webpack.Progress] 82% sealing module id optimization
<s> [webpack.Progress] 82% sealing module id optimization
<s> [webpack.Progress] 82% sealing chunk reviving
<s> [webpack.Progress] 82% sealing chunk reviving RecordIdsPlugin
<s> [webpack.Progress] 82% sealing chunk reviving
<s> [webpack.Progress] 83% sealing before chunk ids
<s> [webpack.Progress] 83% sealing before chunk ids
<s> [webpack.Progress] 84% sealing chunk ids
<s> [webpack.Progress] 84% sealing chunk ids DeterministicChunkIdsPlugin
<s> [webpack.Progress] 84% sealing chunk ids
<s> [webpack.Progress] 84% sealing chunk id optimization
<s> [webpack.Progress] 84% sealing chunk id optimization FlagIncludedChunksPlugin
<s> [webpack.Progress] 84% sealing chunk id optimization
<s> [webpack.Progress] 85% sealing after chunk id optimization
<s> [webpack.Progress] 85% sealing after chunk id optimization
<s> [webpack.Progress] 86% sealing record modules
<s> [webpack.Progress] 86% sealing record modules RecordIdsPlugin
<s> [webpack.Progress] 86% sealing record modules
<s> [webpack.Progress] 86% sealing record chunks
<s> [webpack.Progress] 86% sealing record chunks RecordIdsPlugin
<s> [webpack.Progress] 86% sealing record chunks
<s> [webpack.Progress] 87% sealing module hashing
<s> [webpack.Progress] 87% sealing module hashing
<s> [webpack.Progress] 87% sealing code generation
<s> [webpack.Progress] 87% sealing code generation
<s> [webpack.Progress] 88% sealing runtime requirements
<s> [webpack.Progress] 88% sealing runtime requirements
<s> [webpack.Progress] 89% sealing hashing
<s> [webpack.Progress] 89% sealing hashing
<s> [webpack.Progress] 89% sealing after hashing
<s> [webpack.Progress] 89% sealing after hashing
<s> [webpack.Progress] 90% sealing record hash
<s> [webpack.Progress] 90% sealing record hash
<s> [webpack.Progress] 91% sealing module assets processing
<s> [webpack.Progress] 91% sealing module assets processing
<s> [webpack.Progress] 91% sealing chunk assets processing
<s> [webpack.Progress] 91% sealing chunk assets processing
<s> [webpack.Progress] 92% sealing asset processing
<s> [webpack.Progress] 92% sealing asset processing copy-webpack-plugin
<s> [webpack.Progress] 37% building 1/2 entries 4500/4764 dependencies 860/1356 modules
<s> [webpack.Progress] 64% building 2/2 entries 3422/3422 dependencies 936/936 modules
<s> [webpack.Progress] 65% building
<s> [webpack.Progress] 69% building finish
<s> [webpack.Progress] 69% building finish HtmlModulesPlugin
<s> [webpack.Progress] 69% building finish
<s> [webpack.Progress] 70% sealing finish module graph
<s> [webpack.Progress] 70% sealing finish module graph ResolverCachePlugin
<s> [webpack.Progress] 70% sealing finish module graph InferAsyncModulesPlugin
<s> [webpack.Progress] 70% sealing finish module graph FlagDependencyExportsPlugin
<s> [webpack.Progress] 70% sealing finish module graph InnerGraphPlugin
<s> [webpack.Progress] 70% sealing finish module graph WasmFinalizeExportsPlugin
<s> [webpack.Progress] 70% sealing finish module graph ExportPropertyLibraryPlugin
<s> [webpack.Progress] 70% sealing finish module graph UmdLibraryPlugin
<s> [webpack.Progress] 70% sealing finish module graph
<s> [webpack.Progress] 70% sealing plugins
<s> [webpack.Progress] 70% sealing plugins WarnCaseSensitiveModulesPlugin
<s> [webpack.Progress] 70% sealing plugins
<s> [webpack.Progress] 71% sealing dependencies optimization
<s> [webpack.Progress] 71% sealing dependencies optimization SideEffectsFlagPlugin
<s> [webpack.Progress] 71% sealing dependencies optimization FlagDependencyUsagePlugin
<s> [webpack.Progress] 71% sealing dependencies optimization ConstExportsPlugin
<s> [webpack.Progress] 71% sealing dependencies optimization
<s> [webpack.Progress] 71% sealing after dependencies optimization
<s> [webpack.Progress] 71% sealing after dependencies optimization
<s> [webpack.Progress] 72% sealing chunk graph
<s> [webpack.Progress] 72% sealing chunk graph
<s> [webpack.Progress] 73% sealing after chunk graph
<s> [webpack.Progress] 73% sealing after chunk graph HtmlModulesPlugin
<s> [webpack.Progress] 73% sealing after chunk graph
<s> [webpack.Progress] 73% sealing optimizing
<s> [webpack.Progress] 73% sealing optimizing
<s> [webpack.Progress] 74% sealing module optimization
<s> [webpack.Progress] 74% sealing module optimization CircularModulesPlugin
<s> [webpack.Progress] 74% sealing module optimization
<s> [webpack.Progress] 75% sealing after module optimization
<s> [webpack.Progress] 75% sealing after module optimization
<s> [webpack.Progress] 75% sealing chunk optimization
<s> [webpack.Progress] 75% sealing chunk optimization EnsureChunkConditionsPlugin
<s> [webpack.Progress] 75% sealing chunk optimization RemoveEmptyChunksPlugin
<s> [webpack.Progress] 75% sealing chunk optimization MergeDuplicateChunksPlugin
<s> [webpack.Progress] 75% sealing chunk optimization SplitChunksPlugin
<s> [webpack.Progress] 75% sealing chunk optimization RemoveEmptyChunksPlugin
<s> [webpack.Progress] 75% sealing chunk optimization
<s> [webpack.Progress] 76% sealing after chunk optimization
<s> [webpack.Progress] 76% sealing after chunk optimization
<s> [webpack.Progress] 77% sealing module and chunk tree optimization
<s> [webpack.Progress] 77% sealing module and chunk tree optimization
<s> [webpack.Progress] 77% sealing after module and chunk tree optimization
<s> [webpack.Progress] 77% sealing after module and chunk tree optimization
<s> [webpack.Progress] 78% sealing chunk modules optimization
<s> [webpack.Progress] 78% sealing chunk modules optimization ModuleConcatenationPlugin
<s> [webpack.Progress] 78% sealing chunk modules optimization
<s> [webpack.Progress] 78% sealing after chunk modules optimization
<s> [webpack.Progress] 78% sealing after chunk modules optimization
<s> [webpack.Progress] 79% sealing module reviving
<s> [webpack.Progress] 79% sealing module reviving RecordIdsPlugin
<s> [webpack.Progress] 79% sealing module reviving
<s> [webpack.Progress] 80% sealing before module ids
<s> [webpack.Progress] 80% sealing before module ids
<s> [webpack.Progress] 80% sealing module ids
<s> [webpack.Progress] 80% sealing module ids DeterministicModuleIdsPlugin
<s> [webpack.Progress] 80% sealing module ids
<s> [webpack.Progress] 81% sealing module id optimization
<s> [webpack.Progress] 81% sealing module id optimization
<s> [webpack.Progress] 82% sealing module id optimization
<s> [webpack.Progress] 82% sealing module id optimization
<s> [webpack.Progress] 82% sealing chunk reviving
<s> [webpack.Progress] 82% sealing chunk reviving RecordIdsPlugin
<s> [webpack.Progress] 82% sealing chunk reviving
<s> [webpack.Progress] 83% sealing before chunk ids
<s> [webpack.Progress] 83% sealing before chunk ids
<s> [webpack.Progress] 84% sealing chunk ids
<s> [webpack.Progress] 84% sealing chunk ids DeterministicChunkIdsPlugin
<s> [webpack.Progress] 84% sealing chunk ids
<s> [webpack.Progress] 84% sealing chunk id optimization
<s> [webpack.Progress] 84% sealing chunk id optimization FlagIncludedChunksPlugin
<s> [webpack.Progress] 84% sealing chunk id optimization
<s> [webpack.Progress] 85% sealing after chunk id optimization
<s> [webpack.Progress] 85% sealing after chunk id optimization
<s> [webpack.Progress] 86% sealing record modules
<s> [webpack.Progress] 86% sealing record modules RecordIdsPlugin
<s> [webpack.Progress] 86% sealing record modules
<s> [webpack.Progress] 86% sealing record chunks
<s> [webpack.Progress] 86% sealing record chunks RecordIdsPlugin
<s> [webpack.Progress] 86% sealing record chunks
<s> [webpack.Progress] 87% sealing module hashing
<s> [webpack.Progress] 87% sealing module hashing
<s> [webpack.Progress] 87% sealing code generation
<s> [webpack.Progress] 87% sealing code generation
<s> [webpack.Progress] 88% sealing runtime requirements
<s> [webpack.Progress] 88% sealing runtime requirements
<s> [webpack.Progress] 89% sealing hashing
<s> [webpack.Progress] 89% sealing hashing
<s> [webpack.Progress] 89% sealing after hashing
<s> [webpack.Progress] 89% sealing after hashing
<s> [webpack.Progress] 90% sealing record hash
<s> [webpack.Progress] 90% sealing record hash
<s> [webpack.Progress] 91% sealing module assets processing
<s> [webpack.Progress] 91% sealing module assets processing
<s> [webpack.Progress] 91% sealing chunk assets processing
<s> [webpack.Progress] 91% sealing chunk assets processing
<s> [webpack.Progress] 92% sealing asset processing
<s> [webpack.Progress] 92% sealing asset processing TerserPlugin
<s> [webpack.Progress] 37% building 1/2 entries 4758/4800 dependencies 864/1434 modules
<s> [webpack.Progress] 92% sealing asset processing TerserPlugin
<s> [webpack.Progress] 37% building 1/2 entries 5100/5226 dependencies 884/1491 modules
<s> [webpack.Progress] 37% building 1/2 entries 5700/5757 dependencies 968/1604 modules
<s> [webpack.Progress] 37% building 1/2 entries 6164/6300 dependencies 1085/1664 modules
<s> [webpack.Progress] 37% building 1/2 entries 6600/6760 dependencies 1255/1683 modules
<s> [webpack.Progress] 37% building 1/2 entries 7010/7100 dependencies 1559/1720 modules
<s> [webpack.Progress] 37% building 1/2 entries 7400/7431 dependencies 1748/1813 modules
<s> [webpack.Progress] 37% building 1/2 entries 7453/7459 dependencies 1800/1836 modules
<s> [webpack.Progress] 64% building 2/2 entries 7525/7525 dependencies 1860/1860 modules
<s> [webpack.Progress] 65% building
<s> [webpack.Progress] 69% building finish
<s> [webpack.Progress] 69% building finish HtmlModulesPlugin
<s> [webpack.Progress] 69% building finish
<s> [webpack.Progress] 70% sealing finish module graph
<s> [webpack.Progress] 70% sealing finish module graph ResolverCachePlugin
<s> [webpack.Progress] 70% sealing finish module graph InferAsyncModulesPlugin
<s> [webpack.Progress] 70% sealing finish module graph FlagDependencyExportsPlugin
<s> [webpack.Progress] 70% sealing finish module graph InnerGraphPlugin
<s> [webpack.Progress] 70% sealing finish module graph WasmFinalizeExportsPlugin
<s> [webpack.Progress] 70% sealing finish module graph ExportPropertyLibraryPlugin
<s> [webpack.Progress] 70% sealing finish module graph UmdLibraryPlugin
<s> [webpack.Progress] 70% sealing finish module graph
<s> [webpack.Progress] 70% sealing plugins
<s> [webpack.Progress] 70% sealing plugins WarnCaseSensitiveModulesPlugin
<s> [webpack.Progress] 70% sealing plugins
<s> [webpack.Progress] 71% sealing dependencies optimization
<s> [webpack.Progress] 71% sealing dependencies optimization SideEffectsFlagPlugin
<s> [webpack.Progress] 71% sealing dependencies optimization FlagDependencyUsagePlugin
<s> [webpack.Progress] 71% sealing dependencies optimization ConstExportsPlugin
<s> [webpack.Progress] 71% sealing dependencies optimization
<s> [webpack.Progress] 71% sealing after dependencies optimization
<s> [webpack.Progress] 71% sealing after dependencies optimization
<s> [webpack.Progress] 72% sealing chunk graph
<s> [webpack.Progress] 72% sealing chunk graph
<s> [webpack.Progress] 73% sealing after chunk graph
<s> [webpack.Progress] 73% sealing after chunk graph HtmlModulesPlugin
<s> [webpack.Progress] 73% sealing after chunk graph
<s> [webpack.Progress] 73% sealing optimizing
<s> [webpack.Progress] 73% sealing optimizing
<s> [webpack.Progress] 74% sealing module optimization
<s> [webpack.Progress] 74% sealing module optimization CircularModulesPlugin
<s> [webpack.Progress] 74% sealing module optimization
<s> [webpack.Progress] 75% sealing after module optimization
<s> [webpack.Progress] 75% sealing after module optimization
<s> [webpack.Progress] 75% sealing chunk optimization
<s> [webpack.Progress] 75% sealing chunk optimization EnsureChunkConditionsPlugin
<s> [webpack.Progress] 75% sealing chunk optimization RemoveEmptyChunksPlugin
<s> [webpack.Progress] 75% sealing chunk optimization MergeDuplicateChunksPlugin
<s> [webpack.Progress] 75% sealing chunk optimization SplitChunksPlugin
<s> [webpack.Progress] 75% sealing chunk optimization RemoveEmptyChunksPlugin
<s> [webpack.Progress] 75% sealing chunk optimization
<s> [webpack.Progress] 76% sealing after chunk optimization
<s> [webpack.Progress] 76% sealing after chunk optimization
<s> [webpack.Progress] 77% sealing module and chunk tree optimization
<s> [webpack.Progress] 77% sealing module and chunk tree optimization
<s> [webpack.Progress] 77% sealing after module and chunk tree optimization
<s> [webpack.Progress] 77% sealing after module and chunk tree optimization
<s> [webpack.Progress] 78% sealing chunk modules optimization
<s> [webpack.Progress] 78% sealing chunk modules optimization ModuleConcatenationPlugin
<s> [webpack.Progress] 78% sealing chunk modules optimization
<s> [webpack.Progress] 78% sealing after chunk modules optimization
<s> [webpack.Progress] 78% sealing after chunk modules optimization
<s> [webpack.Progress] 79% sealing module reviving
<s> [webpack.Progress] 79% sealing module reviving RecordIdsPlugin
<s> [webpack.Progress] 79% sealing module reviving
<s> [webpack.Progress] 80% sealing before module ids
<s> [webpack.Progress] 80% sealing before module ids
<s> [webpack.Progress] 80% sealing module ids
<s> [webpack.Progress] 80% sealing module ids DeterministicModuleIdsPlugin
<s> [webpack.Progress] 80% sealing module ids
<s> [webpack.Progress] 81% sealing module id optimization
<s> [webpack.Progress] 81% sealing module id optimization
<s> [webpack.Progress] 82% sealing module id optimization
<s> [webpack.Progress] 82% sealing module id optimization
<s> [webpack.Progress] 82% sealing chunk reviving
<s> [webpack.Progress] 82% sealing chunk reviving RecordIdsPlugin
<s> [webpack.Progress] 82% sealing chunk reviving
<s> [webpack.Progress] 83% sealing before chunk ids
<s> [webpack.Progress] 83% sealing before chunk ids
<s> [webpack.Progress] 84% sealing chunk ids
<s> [webpack.Progress] 84% sealing chunk ids DeterministicChunkIdsPlugin
<s> [webpack.Progress] 84% sealing chunk ids
<s> [webpack.Progress] 84% sealing chunk id optimization
<s> [webpack.Progress] 84% sealing chunk id optimization FlagIncludedChunksPlugin
<s> [webpack.Progress] 84% sealing chunk id optimization
<s> [webpack.Progress] 85% sealing after chunk id optimization
<s> [webpack.Progress] 85% sealing after chunk id optimization
<s> [webpack.Progress] 86% sealing record modules
<s> [webpack.Progress] 86% sealing record modules RecordIdsPlugin
<s> [webpack.Progress] 86% sealing record modules
<s> [webpack.Progress] 86% sealing record chunks
<s> [webpack.Progress] 86% sealing record chunks RecordIdsPlugin
<s> [webpack.Progress] 86% sealing record chunks
<s> [webpack.Progress] 87% sealing module hashing
<s> [webpack.Progress] 87% sealing module hashing
<s> [webpack.Progress] 87% sealing code generation
<s> [webpack.Progress] 87% sealing code generation
<s> [webpack.Progress] 88% sealing runtime requirements
<s> [webpack.Progress] 88% sealing runtime requirements
<s> [webpack.Progress] 89% sealing hashing
<s> [webpack.Progress] 89% sealing hashing
<s> [webpack.Progress] 89% sealing after hashing
<s> [webpack.Progress] 89% sealing after hashing
<s> [webpack.Progress] 90% sealing record hash
<s> [webpack.Progress] 90% sealing record hash
<s> [webpack.Progress] 91% sealing module assets processing
<s> [webpack.Progress] 91% sealing module assets processing
<s> [webpack.Progress] 91% sealing chunk assets processing
<s> [webpack.Progress] 91% sealing chunk assets processing
<s> [webpack.Progress] 92% sealing asset processing
<s> [webpack.Progress] 92% sealing asset processing TerserPlugin
<s> [webpack.Progress] 92% sealing asset processing SourceMapDevToolPlugin
<s> [webpack.Progress] 92% sealing asset processing SourceMapDevToolPlugin
<s> [webpack.Progress] 92% sealing asset processing SourceMapDevToolPlugin scratch-vm.js generate SourceMap
<s> [webpack.Progress] 92% sealing asset processing SourceMapDevToolPlugin scratch-vm.js generated SourceMap
<s> [webpack.Progress] 92% sealing asset processing SourceMapDevToolPlugin extension-worker.js generate SourceMap
<s> [webpack.Progress] 92% sealing asset processing SourceMapDevToolPlugin extension-worker.js generated SourceMap
<s> [webpack.Progress] 92% sealing asset processing SourceMapDevToolPlugin chunks/540.1623571d14b6bb222691.js generate SourceMap
<s> [webpack.Progress] 92% sealing asset processing SourceMapDevToolPlugin chunks/540.1623571d14b6bb222691.js generated SourceMap
<s> [webpack.Progress] 92% sealing asset processing SourceMapDevToolPlugin resolve sources
<s> [webpack.Progress] 92% sealing asset processing SourceMapDevToolPlugin scratch-vm.js attach SourceMap
<s> [webpack.Progress] 92% sealing asset processing SourceMapDevToolPlugin scratch-vm.js attached SourceMap
<s> [webpack.Progress] 92% sealing asset processing SourceMapDevToolPlugin extension-worker.js attach SourceMap
<s> [webpack.Progress] 92% sealing asset processing SourceMapDevToolPlugin extension-worker.js attached SourceMap
<s> [webpack.Progress] 92% sealing asset processing SourceMapDevToolPlugin chunks/540.1623571d14b6bb222691.js attach SourceMap
<s> [webpack.Progress] 92% sealing asset processing SourceMapDevToolPlugin chunks/540.1623571d14b6bb222691.js attached SourceMap
<s> [webpack.Progress] 92% sealing asset processing SourceMapDevToolPlugin
<s> [webpack.Progress] 92% sealing asset processing SourceMapDevToolPlugin
<s> [webpack.Progress] 92% sealing asset processing SourceMapDevToolPlugin resolve sources
<s> [webpack.Progress] 92% sealing asset processing SourceMapDevToolPlugin
<s> [webpack.Progress] 92% sealing asset processing RealContentHashPlugin
<s> [webpack.Progress] 92% sealing asset processing HtmlModulesPlugin
<s> [webpack.Progress] 92% sealing asset processing
<s> [webpack.Progress] 93% sealing after asset optimization
<s> [webpack.Progress] 93% sealing after asset optimization
<s> [webpack.Progress] 93% sealing recording
<s> [webpack.Progress] 93% sealing recording
<s> [webpack.Progress] 94% sealing after seal
<s> [webpack.Progress] 94% sealing after seal HtmlModulesPlugin
<s> [webpack.Progress] 94% sealing after seal
<s> [webpack.Progress] 95% emitting emit
<s> [webpack.Progress] 95% emitting emit CleanPlugin
<s> [webpack.Progress] 95% emitting emit
<s> [webpack.Progress] 98% emitting after emit
<s> [webpack.Progress] 98% emitting after emit SizeLimitsPlugin
<s> [webpack.Progress] 98% emitting after emit
<s> [webpack.Progress] 99% done plugins
<s> [webpack.Progress] 99% done plugins MultiCompiler
<s> [webpack.Progress] 99% done plugins
<s> [webpack.Progress] 99% 

<s> [webpack.Progress] 99% cache store build dependencies
<s> [webpack.Progress] 99% cache store build dependencies
<s> [webpack.Progress] 99% cache begin idle
<s> [webpack.Progress] 99% cache begin idle
<s> [webpack.Progress] 100% 

<s> [webpack.Progress] 92% sealing asset processing SourceMapDevToolPlugin
<s> [webpack.Progress] 92% sealing asset processing SourceMapDevToolPlugin
<s> [webpack.Progress] 92% sealing asset processing SourceMapDevToolPlugin scratch-vm.js generate SourceMap
<s> [webpack.Progress] 92% sealing asset processing SourceMapDevToolPlugin scratch-vm.js generated SourceMap
<s> [webpack.Progress] 92% sealing asset processing SourceMapDevToolPlugin extension-worker.js generate SourceMap
<s> [webpack.Progress] 92% sealing asset processing SourceMapDevToolPlugin extension-worker.js generated SourceMap
<s> [webpack.Progress] 92% sealing asset processing SourceMapDevToolPlugin benchmark.js generate SourceMap
<s> [webpack.Progress] 92% sealing asset processing SourceMapDevToolPlugin benchmark.js generated SourceMap
<s> [webpack.Progress] 92% sealing asset processing SourceMapDevToolPlugin video-sensing-extension-debug.js generate SourceMap
<s> [webpack.Progress] 92% sealing asset processing SourceMapDevToolPlugin video-sensing-extension-debug.js generated SourceMap
<s> [webpack.Progress] 92% sealing asset processing SourceMapDevToolPlugin chunks/540.6e1767ab9f5888ce9435.js generate SourceMap
<s> [webpack.Progress] 92% sealing asset processing SourceMapDevToolPlugin chunks/540.6e1767ab9f5888ce9435.js generated SourceMap
<s> [webpack.Progress] 92% sealing asset processing SourceMapDevToolPlugin scratch-storage.js generate SourceMap
<s> [webpack.Progress] 92% sealing asset processing SourceMapDevToolPlugin scratch-storage.js generated SourceMap
<s> [webpack.Progress] 92% sealing asset processing SourceMapDevToolPlugin scratch-storage.min.js generate SourceMap
<s> [webpack.Progress] 92% sealing asset processing SourceMapDevToolPlugin scratch-storage.min.js generated SourceMap
<s> [webpack.Progress] 92% sealing asset processing SourceMapDevToolPlugin chunks/fetch-worker.12a0667c4caaa6201bad.js generate SourceMap
<s> [webpack.Progress] 92% sealing asset processing SourceMapDevToolPlugin chunks/fetch-worker.12a0667c4caaa6201bad.js generated SourceMap
<s> [webpack.Progress] 92% sealing asset processing SourceMapDevToolPlugin chunks/fetch-worker.823f74b93506b16834ba.js generate SourceMap
<s> [webpack.Progress] 92% sealing asset processing SourceMapDevToolPlugin chunks/fetch-worker.823f74b93506b16834ba.js generated SourceMap
<s> [webpack.Progress] 92% sealing asset processing SourceMapDevToolPlugin scratch-render.js generate SourceMap
<s> [webpack.Progress] 92% sealing asset processing SourceMapDevToolPlugin scratch-render.js generated SourceMap
<s> [webpack.Progress] 92% sealing asset processing SourceMapDevToolPlugin scratch-render.min.js generate SourceMap
<s> [webpack.Progress] 92% sealing asset processing SourceMapDevToolPlugin scratch-render.min.js generated SourceMap
<s> [webpack.Progress] 92% sealing asset processing SourceMapDevToolPlugin chunks/540.3595ef91db2231ab5dd5.js generate SourceMap
<s> [webpack.Progress] 92% sealing asset processing SourceMapDevToolPlugin chunks/540.3595ef91db2231ab5dd5.js generated SourceMap
<s> [webpack.Progress] 92% sealing asset processing SourceMapDevToolPlugin scratch-svg-renderer.js generate SourceMap
<s> [webpack.Progress] 92% sealing asset processing SourceMapDevToolPlugin scratch-svg-renderer.js generated SourceMap
<s> [webpack.Progress] 92% sealing asset processing SourceMapDevToolPlugin chunks/540.01f2b25e618bf5914491.js generate SourceMap
<s> [webpack.Progress] 92% sealing asset processing SourceMapDevToolPlugin chunks/540.01f2b25e618bf5914491.js generated SourceMap
<s> [webpack.Progress] 92% sealing asset processing SourceMapDevToolPlugin benchmark.css generate SourceMap
<s> [webpack.Progress] 92% sealing asset processing SourceMapDevToolPlugin benchmark.css generated SourceMap
<s> [webpack.Progress] 92% sealing asset processing SourceMapDevToolPlugin suite.css generate SourceMap
<s> [webpack.Progress] 92% sealing asset processing SourceMapDevToolPlugin suite.css generated SourceMap
<s> [webpack.Progress] 92% sealing asset processing SourceMapDevToolPlugin suite.js generate SourceMap
<s> [webpack.Progress] 92% sealing asset processing SourceMapDevToolPlugin suite.js generated SourceMap
<s> [webpack.Progress] 92% sealing asset processing SourceMapDevToolPlugin video-sensing.js generate SourceMap
<s> [webpack.Progress] 92% sealing asset processing SourceMapDevToolPlugin video-sensing.js generated SourceMap
<s> [webpack.Progress] 92% sealing asset processing SourceMapDevToolPlugin resolve sources
<s> [webpack.Progress] 92% sealing asset processing SourceMapDevToolPlugin scratch-vm.js attach SourceMap
<s> [webpack.Progress] 92% sealing asset processing SourceMapDevToolPlugin scratch-vm.js attached SourceMap
<s> [webpack.Progress] 92% sealing asset processing SourceMapDevToolPlugin extension-worker.js attach SourceMap
<s> [webpack.Progress] 92% sealing asset processing SourceMapDevToolPlugin extension-worker.js attached SourceMap
<s> [webpack.Progress] 92% sealing asset processing SourceMapDevToolPlugin benchmark.js attach SourceMap
<s> [webpack.Progress] 92% sealing asset processing SourceMapDevToolPlugin benchmark.js attached SourceMap
<s> [webpack.Progress] 92% sealing asset processing SourceMapDevToolPlugin video-sensing-extension-debug.js attach SourceMap
<s> [webpack.Progress] 92% sealing asset processing SourceMapDevToolPlugin video-sensing-extension-debug.js attached SourceMap
<s> [webpack.Progress] 92% sealing asset processing SourceMapDevToolPlugin chunks/540.6e1767ab9f5888ce9435.js attach SourceMap
<s> [webpack.Progress] 92% sealing asset processing SourceMapDevToolPlugin chunks/540.6e1767ab9f5888ce9435.js attached SourceMap
<s> [webpack.Progress] 92% sealing asset processing SourceMapDevToolPlugin
<s> [webpack.Progress] 92% sealing asset processing SourceMapDevToolPlugin
<s> [webpack.Progress] 92% sealing asset processing SourceMapDevToolPlugin resolve sources
<s> [webpack.Progress] 92% sealing asset processing SourceMapDevToolPlugin
<s> [webpack.Progress] 92% sealing asset processing RealContentHashPlugin
<s> [webpack.Progress] 92% sealing asset processing HtmlModulesPlugin
<s> [webpack.Progress] 92% sealing asset processing
<s> [webpack.Progress] 93% sealing after asset optimization
<s> [webpack.Progress] 93% sealing after asset optimization
<s> [webpack.Progress] 93% sealing recording
<s> [webpack.Progress] 93% sealing recording
<s> [webpack.Progress] 94% sealing after seal
<s> [webpack.Progress] 94% sealing after seal HtmlModulesPlugin
<s> [webpack.Progress] 94% sealing after seal
<s> [webpack.Progress] 95% emitting emit
<s> [webpack.Progress] 95% emitting emit CleanPlugin
<s> [webpack.Progress] 95% emitting emit
<s> [webpack.Progress] 98% emitting after emit
<s> [webpack.Progress] 98% emitting after emit SizeLimitsPlugin
<s> [webpack.Progress] 98% emitting after emit
<s> [webpack.Progress] 99% done plugins
<s> [webpack.Progress] 99% done plugins MultiCompiler
<s> [webpack.Progress] 99% done plugins
<s> [webpack.Progress] 99% 

<s> [webpack.Progress] 99% cache store build dependencies
<s> [webpack.Progress] 99% cache store build dependencies
<s> [webpack.Progress] 99% cache begin idle
<s> [webpack.Progress] 99% cache begin idle
<s> [webpack.Progress] 100% 

<s> [webpack.Progress] 92% sealing asset processing SourceMapDevToolPlugin
<s> [webpack.Progress] 92% sealing asset processing SourceMapDevToolPlugin
<s> [webpack.Progress] 92% sealing asset processing SourceMapDevToolPlugin scratch-vm.js generate SourceMap
<s> [webpack.Progress] 92% sealing asset processing SourceMapDevToolPlugin scratch-vm.js generated SourceMap
<s> [webpack.Progress] 92% sealing asset processing SourceMapDevToolPlugin extension-worker.js generate SourceMap
<s> [webpack.Progress] 92% sealing asset processing SourceMapDevToolPlugin extension-worker.js generated SourceMap
<s> [webpack.Progress] 92% sealing asset processing SourceMapDevToolPlugin chunks/540.911cb8b79e523b16647f.js generate SourceMap
<s> [webpack.Progress] 92% sealing asset processing SourceMapDevToolPlugin chunks/540.911cb8b79e523b16647f.js generated SourceMap
<s> [webpack.Progress] 92% sealing asset processing SourceMapDevToolPlugin resolve sources
<s> [webpack.Progress] 92% sealing asset processing SourceMapDevToolPlugin scratch-vm.js attach SourceMap
<s> [webpack.Progress] 92% sealing asset processing SourceMapDevToolPlugin scratch-vm.js attached SourceMap
<s> [webpack.Progress] 92% sealing asset processing SourceMapDevToolPlugin extension-worker.js attach SourceMap
<s> [webpack.Progress] 92% sealing asset processing SourceMapDevToolPlugin extension-worker.js attached SourceMap
<s> [webpack.Progress] 92% sealing asset processing SourceMapDevToolPlugin chunks/540.911cb8b79e523b16647f.js attach SourceMap
<s> [webpack.Progress] 92% sealing asset processing SourceMapDevToolPlugin chunks/540.911cb8b79e523b16647f.js attached SourceMap
<s> [webpack.Progress] 92% sealing asset processing SourceMapDevToolPlugin
<s> [webpack.Progress] 92% sealing asset processing SourceMapDevToolPlugin
<s> [webpack.Progress] 92% sealing asset processing SourceMapDevToolPlugin resolve sources
<s> [webpack.Progress] 92% sealing asset processing SourceMapDevToolPlugin
<s> [webpack.Progress] 92% sealing asset processing RealContentHashPlugin
<s> [webpack.Progress] 92% sealing asset processing HtmlModulesPlugin
<s> [webpack.Progress] 92% sealing asset processing
<s> [webpack.Progress] 93% sealing after asset optimization
<s> [webpack.Progress] 93% sealing after asset optimization
<s> [webpack.Progress] 93% sealing recording
<s> [webpack.Progress] 93% sealing recording
<s> [webpack.Progress] 94% sealing after seal
<s> [webpack.Progress] 94% sealing after seal HtmlModulesPlugin
<s> [webpack.Progress] 94% sealing after seal
<s> [webpack.Progress] 95% emitting emit
<s> [webpack.Progress] 95% emitting emit CleanPlugin
<s> [webpack.Progress] 95% emitting emit
<s> [webpack.Progress] 98% emitting after emit
<s> [webpack.Progress] 98% emitting after emit
<s> [webpack.Progress] 99% done plugins
<s> [webpack.Progress] 99% done plugins MultiCompiler
<s> [webpack.Progress] 99% done plugins
<s> [webpack.Progress] 99% 

<s> [webpack.Progress] 99% cache store build dependencies
<s> [webpack.Progress] 99% cache store build dependencies
<s> [webpack.Progress] 99% cache begin idle
<s> [webpack.Progress] 99% cache begin idle
<s> [webpack.Progress] 100% 

<s> [webpack.Progress] 99% cache shutdown
<s> [webpack.Progress] 99% cache shutdown
<s> [webpack.Progress] 100% 

<s> [webpack.Progress] 99% cache shutdown
<s> [webpack.Progress] 99% cache shutdown
<s> [webpack.Progress] 100% 

<s> [webpack.Progress] 99% cache shutdown
<s> [webpack.Progress] 99% cache shutdown
<s> [webpack.Progress] 100% 

assets by status 534 KiB [cached] 1 asset
assets by path media/ 188 KiB 73 assets
assets by status 27.1 MiB [big]
  assets by status 15.5 MiB [compared for emit] 10 assets
  assets by status 11.6 MiB [emitted]
    asset benchmark.js 5.91 MiB [emitted] [minimized] [big] (name: benchmark) 2 related assets
    asset scratch-vm.js 5.66 MiB [emitted] [minimized] [big] (name: scratch-vm) 2 related assets
assets by path *.html 4.79 KiB
  asset index.html 3.66 KiB [compared for emit] [from: src/playground/index.html] [copied]
  asset suite.html 644 bytes [compared for emit] [from: src/playground/suite.html] [copied]
  asset video-sensing.html 519 bytes [compared for emit] [from: src/playground/video-sensing.html] [copied]
assets by path *.css 2.37 KiB
  asset benchmark.css 1.33 KiB [compared for emit] [from: src/playground/benchmark.css] [copied]
  asset suite.css 1.04 KiB [compared for emit] [from: src/playground/suite.css] [copied]
+ 12 assets
orphan modules 5.06 MiB [orphan] 465 modules
runtime modules 14.1 KiB 28 modules
javascript modules 13.2 MiB
  modules by path ../ 9.84 MiB 324 modules
  modules by path ./ 3.33 MiB
    modules by path ./src/ 3.24 MiB 164 modules
    modules by path ./node_modules/ 83.5 KiB 26 modules
  + 4 modules
json modules 236 KiB
  modules by path ../ 171 KiB
    modules by path ../../node_modules/scratch-parser/ 14.3 KiB 8 modules
    + 3 modules
  modules by path ./ 65.7 KiB 10 modules
webpack 5.109.2 compiled successfully in 107714 ms

assets by status 534 KiB [cached] 1 asset
asset scratch-vm.js 10.1 MiB [emitted] [minimized] (name: scratch-vm) 2 related assets
asset extension-worker.js 38.4 KiB [compared for emit] [minimized] (name: extension-worker) 1 related asset
orphan modules 5.49 MiB [orphan] 477 modules
runtime modules 3.09 KiB 10 modules
modules by path ../../node_modules/ 17.6 MiB 1167 modules
modules by path ./ 3.21 MiB 160 modules
modules by path ../scratch-svg-renderer/src/ 94.6 KiB
  modules by path ../scratch-svg-renderer/src/*.js 73.3 KiB
    ../scratch-svg-renderer/src/index.js 859 bytes [built] [code generated]
    + 11 modules
  modules by path ../scratch-svg-renderer/src/sandbox/*.js 16.6 KiB
    ../scratch-svg-renderer/src/sandbox/index.js 9.76 KiB [built] [code generated]
    + 2 modules
  modules by path ../scratch-svg-renderer/src/util/*.js 4.7 KiB
    ../scratch-svg-renderer/src/util/svg-url-helpers.js 4.58 KiB [built] [code generated]
    ../scratch-svg-renderer/src/util/log.js 127 bytes [built] [code generated]
+ 39 modules

WARNING in ../../node_modules/isomorphic-dompurify/node_modules/jsdom/lib/jsdom/utils.js 102:2-36
Module not found: Error: Can't resolve 'canvas' in '~/Documents/GitHub/AA_KNOWLEGE_BASED_DEV_SYSTEM/scratch-editor/node_modules/isomorphic-dompurify/node_modules/jsdom/lib/jsdom'
 @ ../../node_modules/isomorphic-dompurify/node_modules/jsdom/lib/jsdom/browser/Window.js 7:26-45
 @ ../../node_modules/isomorphic-dompurify/node_modules/jsdom/lib/api.js 15:25-61
 @ ../../node_modules/isomorphic-dompurify/index.js 1:194-210
 @ ../scratch-svg-renderer/src/sanitize-svg.js 6:18-49
 @ ../scratch-svg-renderer/src/index.js 6:20-45
 @ ./src/import/load-costume.js 9:17-57
 @ ./src/virtual-machine.js 19:17-52
 @ ./src/index.js 1:23-51

1 warning has detailed information that is not shown.
Use 'stats.errorDetails: true' resp. '--stats-error-details' to show it.

webpack 5.109.2 compiled with 1 warning in 122298 ms

assets by status 534 KiB [cached] 1 asset
asset scratch-vm.js 5.66 MiB [emitted] [minimized] [big] (name: scratch-vm) 2 related assets
asset extension-worker.js 65 KiB [compared for emit] [minimized] (name: extension-worker) 2 related assets
orphan modules 5.06 MiB [orphan] 465 modules
runtime modules 7.06 KiB 14 modules
cacheable modules 12.5 MiB
  modules by path ../ 9.14 MiB
    modules by path ../../node_modules/ 9.05 MiB 254 modules
    modules by path ../scratch-svg-renderer/src/ 94.6 KiB 17 modules
  modules by path ./ 3.35 MiB
    modules by path ./src/ 3.21 MiB 160 modules
    modules by path ./node_modules/ 146 KiB 35 modules
    ./package.json 2.84 KiB [built] [code generated]
  readable-stream (ignored) 15 bytes [built] [code generated]
  node-fetch (ignored) 15 bytes [built] [code generated]
  util (ignored) 15 bytes [built] [code generated]
  crypto (ignored) 15 bytes [optional] [built] [code generated]

WARNING in asset size limit: The following asset(s) exceed the recommended size limit (244 KiB).
This can impact web performance.
Assets: 
  scratch-vm.js (5.66 MiB)
  chunks/540.1623571d14b6bb222691.js (534 KiB)

WARNING in entrypoint size limit: The following entrypoint(s) combined asset size exceeds the recommended limit (244 KiB). This can impact web performance.
Entrypoints:
  scratch-vm (5.66 MiB)
      scratch-vm.js

webpack 5.109.2 compiled with 2 warnings in 83904 ms

> @scratch/scratch-gui@15.0.1 build
> npm run clean && npm run build:dev && npm run build:dist && npm run build:dist-standalone


> @scratch/scratch-gui@15.0.1 clean
> rimraf build dist


> @scratch/scratch-gui@15.0.1 build:dev
> BUILD_TYPE=dev webpack

Browserslist: browsers data (caniuse-lite) is 10 months old. Please run:
  npx update-browserslist-db@latest
  Why you should do it regularly: https://github.com/browserslist/update-db#readme
<s> [webpack.Progress] 0% 

<s> [webpack.Progress] 1% setup before run
<s> [webpack.Progress] 1% setup before run NodeEnvironmentPlugin
<s> [webpack.Progress] 1% setup before run
<s> [webpack.Progress] 2% setup run
<s> [webpack.Progress] 2% setup run webpack-cli
<s> [webpack.Progress] 2% setup run
<s> [webpack.Progress] 4% setup normal module factory
<s> [webpack.Progress] 4% setup normal module factory
<s> [webpack.Progress] 5% setup context module factory
<s> [webpack.Progress] 5% setup context module factory
<s> [webpack.Progress] 6% setup before compile
<s> [webpack.Progress] 6% setup before compile
<s> [webpack.Progress] 7% setup compile
<s> [webpack.Progress] 7% setup compile ExternalsPlugin
<s> [webpack.Progress] 7% setup compile
<s> [webpack.Progress] 8% setup compilation
<s> [webpack.Progress] 8% setup compilation CopyPlugin
<s> [webpack.Progress] 8% setup compilation HtmlWebpackPlugin
<s> [webpack.Progress] 8% setup compilation HtmlWebpackPlugin
<s> [webpack.Progress] 8% setup compilation HtmlWebpackPlugin
<s> [webpack.Progress] 8% setup compilation HtmlWebpackPlugin
<s> [webpack.Progress] 8% setup compilation HtmlWebpackPlugin
<s> [webpack.Progress] 8% setup compilation CopyPlugin
<s> [webpack.Progress] 8% setup compilation ArrayPushCallbackChunkFormatPlugin
<s> [webpack.Progress] 8% setup compilation JsonpChunkLoadingPlugin
<s> [webpack.Progress] 8% setup compilation StartupChunkDependenciesPlugin
<s> [webpack.Progress] 8% setup compilation ImportScriptsChunkLoadingPlugin
<s> [webpack.Progress] 8% setup compilation FetchCompileAsyncWasmPlugin
<s> [webpack.Progress] 8% setup compilation ExportPropertyLibraryPlugin
<s> [webpack.Progress] 8% setup compilation UmdLibraryPlugin
<s> [webpack.Progress] 8% setup compilation WorkerAndWorkletPlugin
<s> [webpack.Progress] 8% setup compilation SplitChunksPlugin
<s> [webpack.Progress] 8% setup compilation ResolverCachePlugin
<s> [webpack.Progress] 8% setup compilation
<s> [webpack.Progress] 9% setup compilation
<s> [webpack.Progress] 9% setup compilation ProvidePlugin
<s> [webpack.Progress] 9% setup compilation DefinePlugin
<s> [webpack.Progress] 9% setup compilation ProgressPlugin
<s> [webpack.Progress] 9% setup compilation ExternalsPlugin
<s> [webpack.Progress] 9% setup compilation ChunkPrefetchPreloadPlugin
<s> [webpack.Progress] 9% setup compilation ResourceHintPlugin
<s> [webpack.Progress] 9% setup compilation SourceMapDevToolPlugin
<s> [webpack.Progress] 9% setup compilation JavascriptModulesPlugin
<s> [webpack.Progress] 9% setup compilation JsonModulesPlugin
<s> [webpack.Progress] 9% setup compilation AssetModulesPlugin
<s> [webpack.Progress] 9% setup compilation AsyncWebAssemblyModulesPlugin
<s> [webpack.Progress] 9% setup compilation HtmlModulesPlugin
<s> [webpack.Progress] 9% setup compilation EntryPlugin
<s> [webpack.Progress] 9% setup compilation EntryPlugin
<s> [webpack.Progress] 9% setup compilation EntryPlugin
<s> [webpack.Progress] 9% setup compilation EntryPlugin
<s> [webpack.Progress] 9% setup compilation EntryPlugin
<s> [webpack.Progress] 9% setup compilation RuntimePlugin
<s> [webpack.Progress] 9% setup compilation InferAsyncModulesPlugin
<s> [webpack.Progress] 9% setup compilation DataUriPlugin
<s> [webpack.Progress] 9% setup compilation FileUriPlugin
<s> [webpack.Progress] 9% setup compilation CompatibilityPlugin
<s> [webpack.Progress] 9% setup compilation HarmonyModulesPlugin
<s> [webpack.Progress] 9% setup compilation AMDPlugin
<s> [webpack.Progress] 9% setup compilation RequireJsStuffPlugin
<s> [webpack.Progress] 9% setup compilation CommonJsPlugin
<s> [webpack.Progress] 9% setup compilation LoaderPlugin
<s> [webpack.Progress] 9% setup compilation LoaderPlugin
<s> [webpack.Progress] 9% setup compilation NodeStuffPlugin
<s> [webpack.Progress] 9% setup compilation APIPlugin
<s> [webpack.Progress] 9% setup compilation ExportsInfoApiPlugin
<s> [webpack.Progress] 9% setup compilation WebpackIsIncludedPlugin
<s> [webpack.Progress] 9% setup compilation ConstPlugin
<s> [webpack.Progress] 9% setup compilation UseStrictPlugin
<s> [webpack.Progress] 9% setup compilation RequireIncludePlugin
<s> [webpack.Progress] 9% setup compilation RequireEnsurePlugin
<s> [webpack.Progress] 9% setup compilation RequireContextPlugin
<s> [webpack.Progress] 9% setup compilation ImportPlugin
<s> [webpack.Progress] 9% setup compilation ImportMetaContextPlugin
<s> [webpack.Progress] 9% setup compilation SystemPlugin
<s> [webpack.Progress] 9% setup compilation ImportMetaPlugin
<s> [webpack.Progress] 9% setup compilation URLPlugin
<s> [webpack.Progress] 9% setup compilation DefaultStatsFactoryPlugin
<s> [webpack.Progress] 9% setup compilation DefaultStatsPresetPlugin
<s> [webpack.Progress] 9% setup compilation DefaultStatsPrinterPlugin
<s> [webpack.Progress] 9% setup compilation JavascriptMetaInfoPlugin
<s> [webpack.Progress] 9% setup compilation EnsureChunkConditionsPlugin
<s> [webpack.Progress] 9% setup compilation RemoveEmptyChunksPlugin
<s> [webpack.Progress] 9% setup compilation MergeDuplicateChunksPlugin
<s> [webpack.Progress] 9% setup compilation FlagIncludedChunksPlugin
<s> [webpack.Progress] 9% setup compilation SideEffectsFlagPlugin
<s> [webpack.Progress] 9% setup compilation FlagDependencyExportsPlugin
<s> [webpack.Progress] 9% setup compilation FlagDependencyUsagePlugin
<s> [webpack.Progress] 9% setup compilation InnerGraphPlugin
<s> [webpack.Progress] 9% setup compilation CircularModulesPlugin
<s> [webpack.Progress] 9% setup compilation ConstExportsPlugin
<s> [webpack.Progress] 9% setup compilation MangleExportsPlugin
<s> [webpack.Progress] 9% setup compilation ModuleConcatenationPlugin
<s> [webpack.Progress] 9% setup compilation NoEmitOnErrorsPlugin
<s> [webpack.Progress] 9% setup compilation RealContentHashPlugin
<s> [webpack.Progress] 9% setup compilation WasmFinalizeExportsPlugin
<s> [webpack.Progress] 9% setup compilation DeterministicModuleIdsPlugin
<s> [webpack.Progress] 9% setup compilation DeterministicChunkIdsPlugin
<s> [webpack.Progress] 9% setup compilation DefinePlugin
<s> [webpack.Progress] 9% setup compilation TerserPlugin
<s> [webpack.Progress] 9% setup compilation TemplatedPathPlugin
<s> [webpack.Progress] 9% setup compilation RecordIdsPlugin
<s> [webpack.Progress] 9% setup compilation WarnCaseSensitiveModulesPlugin
<s> [webpack.Progress] 9% setup compilation
<s> [webpack.Progress] 10% building
<s> [webpack.Progress] 10% building 0/1 entries 0/0 dependencies 0/0 modules
<s> [webpack.Progress] 10% building import loader ../../node_modules/babel-loader/lib/index.js
<s> [webpack.Progress] 10% building 0/5 entries 5/5 dependencies 0/5 modules
<s> [webpack.Progress] 10% building 0/5 entries 5/6 dependencies 0/5 modules
<s> [webpack.Progress] 10% building 0/5 entries 26/66 dependencies 0/16 modules
<s> [webpack.Progress] 10% building import loader ../../node_modules/style-loader/dist/cjs.js
<s> [webpack.Progress] 10% building import loader ../../node_modules/css-loader/dist/cjs.js
<s> [webpack.Progress] 10% building import loader ../../node_modules/postcss-loader/dist/cjs.js
<s> [webpack.Progress] 10% building 0/5 entries 112/176 dependencies 3/77 modules
<s> [webpack.Progress] 10% building 0/5 entries 155/300 dependencies 3/93 modules
<s> [webpack.Progress] 10% building import loader ../../node_modules/ts-loader/index.js
<s> [webpack.Progress] 10% building 0/5 entries 434/471 dependencies 10/207 modules
<s> [webpack.Progress] 10% building 0/5 entries 439/472 dependencies 11/211 modules
<s> [webpack.Progress] 10% building 0/5 entries 459/489 dependencies 15/215 modules
<s> [webpack.Progress] 10% building 0/5 entries 527/668 dependencies 32/232 modules
<s> [webpack.Progress] 10% building 0/5 entries 962/1000 dependencies 86/394 modules
<s> [webpack.Progress] 11% building 0/5 entries 1100/1127 dependencies 120/471 modules
<s> [webpack.Progress] 11% building 0/5 entries 1300/1418 dependencies 148/525 modules
<s> [webpack.Progress] 11% building 0/5 entries 1448/1500 dependencies 152/554 modules
<s> [webpack.Progress] 12% building 0/5 entries 1860/2000 dependencies 229/735 modules
<s> [webpack.Progress] 12% building 0/5 entries 2118/2200 dependencies 233/832 modules
<s> [webpack.Progress] 12% building 0/5 entries 2800/4255 dependencies 258/1270 modules
<s> [webpack.Progress] 13% building 0/5 entries 4400/4501 dependencies 304/2398 modules
<s> [webpack.Progress] 13% building 0/5 entries 4500/4548 dependencies 328/2427 modules
<s> [webpack.Progress] 13% building import loader ../../node_modules/base64-loader/index.js
<s> [webpack.Progress] 13% building 0/5 entries 4533/4550 dependencies 341/2442 modules
<s> [webpack.Progress] 13% building import loader ../../node_modules/arraybuffer-loader/index.js
<s> [webpack.Progress] 13% building 0/5 entries 4551/4564 dependencies 352/2443 modules
<s> [webpack.Progress] 14% building import loader ../../node_modules/raw-loader/dist/cjs.js
<s> [webpack.Progress] 14% building 0/5 entries 4834/4879 dependencies 392/2602 modules
<s> [webpack.Progress] 14% building 0/5 entries 5000/5043 dependencies 435/2641 modules
<s> [webpack.Progress] 16% building 0/5 entries 5178/5179 dependencies 600/2711 modules
<s> [webpack.Progress] 23% building 0/5 entries 5283/5283 dependencies 1200/2734 modules
<s> [webpack.Progress] 29% building 0/5 entries 5329/5329 dependencies 1800/2737 modules
<s> [webpack.Progress] 31% building 0/5 entries 5378/5500 dependencies 1925/2742 modules
<s> [webpack.Progress] 32% building import loader ../../node_modules/url-loader/dist/cjs.js
<s> [webpack.Progress] 32% building 0/5 entries 5817/5849 dependencies 2043/2797 modules
<s> [webpack.Progress] 34% building 0/5 entries 6136/6200 dependencies 2257/2828 modules
<s> [webpack.Progress] 35% building import loader ../scratch-render/node_modules/raw-loader/index.js
<s> [webpack.Progress] 35% building 0/5 entries 6416/6455 dependencies 2346/2867 modules
<s> [webpack.Progress] 36% building 0/5 entries 6700/6880 dependencies 2421/2943 modules
<s> [webpack.Progress] 37% building 0/5 entries 7093/7200 dependencies 2524/3046 modules
<s> [webpack.Progress] 39% building 0/5 entries 7400/7488 dependencies 2659/3167 modules
<s> [webpack.Progress] 39% building import loader ../../node_modules/ify-loader/index.js
<s> [webpack.Progress] 39% building 0/5 entries 7581/7615 dependencies 2720/3195 modules
<s> [webpack.Progress] 41% building 0/5 entries 7900/7955 dependencies 2846/3296 modules
<s> [webpack.Progress] 42% building 0/5 entries 8300/8396 dependencies 2987/3439 modules
<s> [webpack.Progress] 44% building 0/5 entries 8800/9049 dependencies 3120/3640 modules
<s> [webpack.Progress] 45% building 0/5 entries 9111/9200 dependencies 3231/3834 modules
<s> [webpack.Progress] 48% building 0/5 entries 10318/10400 dependencies 3545/3912 modules
<s> [webpack.Progress] 53% building 0/5 entries 11091/11100 dependencies 3979/4044 modules
<s> [webpack.Progress] 54% building 1/5 entries 11130/11130 dependencies 4052/4057 modules
<s> [webpack.Progress] 54% building 2/5 entries 11130/11130 dependencies 4053/4057 modules
<s> [webpack.Progress] 54% building 3/5 entries 11130/11130 dependencies 4054/4057 modules
<s> [webpack.Progress] 54% building 4/5 entries 11130/11130 dependencies 4055/4057 modules
<s> [webpack.Progress] 64% building 5/5 entries 11130/11130 dependencies 4057/4057 modules
<s> [webpack.Progress] 65% building
<s> [webpack.Progress] 69% building finish
<s> [webpack.Progress] 69% building finish HtmlModulesPlugin
<s> [webpack.Progress] 69% building finish
<s> [webpack.Progress] 70% sealing finish module graph
<s> [webpack.Progress] 70% sealing finish module graph ResolverCachePlugin
<s> [webpack.Progress] 70% sealing finish module graph InferAsyncModulesPlugin
<s> [webpack.Progress] 70% sealing finish module graph FlagDependencyExportsPlugin
<s> [webpack.Progress] 70% sealing finish module graph InnerGraphPlugin
<s> [webpack.Progress] 70% sealing finish module graph WasmFinalizeExportsPlugin
<s> [webpack.Progress] 70% sealing finish module graph ExportPropertyLibraryPlugin
<s> [webpack.Progress] 70% sealing finish module graph UmdLibraryPlugin
<s> [webpack.Progress] 70% sealing finish module graph
<s> [webpack.Progress] 70% sealing plugins
<s> [webpack.Progress] 70% sealing plugins WarnCaseSensitiveModulesPlugin
<s> [webpack.Progress] 70% sealing plugins
<s> [webpack.Progress] 71% sealing dependencies optimization
<s> [webpack.Progress] 71% sealing dependencies optimization SideEffectsFlagPlugin
<s> [webpack.Progress] 71% sealing dependencies optimization FlagDependencyUsagePlugin
<s> [webpack.Progress] 71% sealing dependencies optimization ConstExportsPlugin
<s> [webpack.Progress] 71% sealing dependencies optimization
<s> [webpack.Progress] 71% sealing after dependencies optimization
<s> [webpack.Progress] 71% sealing after dependencies optimization
<s> [webpack.Progress] 72% sealing chunk graph
<s> [webpack.Progress] 72% sealing chunk graph
<s> [webpack.Progress] 73% sealing after chunk graph
<s> [webpack.Progress] 73% sealing after chunk graph HtmlModulesPlugin
<s> [webpack.Progress] 73% sealing after chunk graph
<s> [webpack.Progress] 73% sealing optimizing
<s> [webpack.Progress] 73% sealing optimizing
<s> [webpack.Progress] 74% sealing module optimization
<s> [webpack.Progress] 74% sealing module optimization CircularModulesPlugin
<s> [webpack.Progress] 74% sealing module optimization
<s> [webpack.Progress] 75% sealing after module optimization
<s> [webpack.Progress] 75% sealing after module optimization
<s> [webpack.Progress] 75% sealing chunk optimization
<s> [webpack.Progress] 75% sealing chunk optimization EnsureChunkConditionsPlugin
<s> [webpack.Progress] 75% sealing chunk optimization RemoveEmptyChunksPlugin
<s> [webpack.Progress] 75% sealing chunk optimization MergeDuplicateChunksPlugin
<s> [webpack.Progress] 75% sealing chunk optimization SplitChunksPlugin
<s> [webpack.Progress] 75% sealing chunk optimization RemoveEmptyChunksPlugin
<s> [webpack.Progress] 75% sealing chunk optimization
<s> [webpack.Progress] 76% sealing after chunk optimization
<s> [webpack.Progress] 76% sealing after chunk optimization
<s> [webpack.Progress] 77% sealing module and chunk tree optimization
<s> [webpack.Progress] 77% sealing module and chunk tree optimization PersistentChildCompilerSingletonPlugin
<s> [webpack.Progress] 77% sealing module and chunk tree optimization
<s> [webpack.Progress] 77% sealing after module and chunk tree optimization
<s> [webpack.Progress] 77% sealing after module and chunk tree optimization
<s> [webpack.Progress] 78% sealing chunk modules optimization
<s> [webpack.Progress] 78% sealing chunk modules optimization ModuleConcatenationPlugin
<s> [webpack.Progress] 78% sealing chunk modules optimization
<s> [webpack.Progress] 78% sealing after chunk modules optimization
<s> [webpack.Progress] 78% sealing after chunk modules optimization
<s> [webpack.Progress] 79% sealing module reviving
<s> [webpack.Progress] 79% sealing module reviving RecordIdsPlugin
<s> [webpack.Progress] 79% sealing module reviving
<s> [webpack.Progress] 80% sealing before module ids
<s> [webpack.Progress] 80% sealing before module ids
<s> [webpack.Progress] 80% sealing module ids
<s> [webpack.Progress] 80% sealing module ids DeterministicModuleIdsPlugin
<s> [webpack.Progress] 80% sealing module ids
<s> [webpack.Progress] 81% sealing module id optimization
<s> [webpack.Progress] 81% sealing module id optimization
<s> [webpack.Progress] 82% sealing module id optimization
<s> [webpack.Progress] 82% sealing module id optimization
<s> [webpack.Progress] 82% sealing chunk reviving
<s> [webpack.Progress] 82% sealing chunk reviving RecordIdsPlugin
<s> [webpack.Progress] 82% sealing chunk reviving
<s> [webpack.Progress] 83% sealing before chunk ids
<s> [webpack.Progress] 83% sealing before chunk ids
<s> [webpack.Progress] 84% sealing chunk ids
<s> [webpack.Progress] 84% sealing chunk ids DeterministicChunkIdsPlugin
<s> [webpack.Progress] 84% sealing chunk ids
<s> [webpack.Progress] 84% sealing chunk id optimization
<s> [webpack.Progress] 84% sealing chunk id optimization FlagIncludedChunksPlugin
<s> [webpack.Progress] 84% sealing chunk id optimization
<s> [webpack.Progress] 85% sealing after chunk id optimization
<s> [webpack.Progress] 85% sealing after chunk id optimization
<s> [webpack.Progress] 86% sealing record modules
<s> [webpack.Progress] 86% sealing record modules RecordIdsPlugin
<s> [webpack.Progress] 86% sealing record modules
<s> [webpack.Progress] 86% sealing record chunks
<s> [webpack.Progress] 86% sealing record chunks RecordIdsPlugin
<s> [webpack.Progress] 86% sealing record chunks
<s> [webpack.Progress] 87% sealing module hashing
<s> [webpack.Progress] 87% sealing module hashing
<s> [webpack.Progress] 87% sealing code generation
<s> [webpack.Progress] 87% sealing code generation
<s> [webpack.Progress] 88% sealing runtime requirements
<s> [webpack.Progress] 88% sealing runtime requirements
<s> [webpack.Progress] 89% sealing hashing
<s> [webpack.Progress] 89% sealing hashing
<s> [webpack.Progress] 89% sealing after hashing
<s> [webpack.Progress] 89% sealing after hashing
<s> [webpack.Progress] 90% sealing record hash
<s> [webpack.Progress] 90% sealing record hash
<s> [webpack.Progress] 91% sealing module assets processing
<s> [webpack.Progress] 91% sealing module assets processing
<s> [webpack.Progress] 91% sealing chunk assets processing
<s> [webpack.Progress] 91% sealing chunk assets processing
<s> [webpack.Progress] 92% sealing asset processing
<s> [webpack.Progress] 92% sealing asset processing copy-webpack-plugin
<s> [webpack.Progress] 92% sealing asset processing copy-webpack-plugin
<s> [webpack.Progress] 92% sealing asset processing PersistentChildCompilerSingletonPlugin
<s> [webpack.Progress] 92% sealing asset processing ts-loader
<s> [webpack.Progress] 92% sealing asset processing TerserPlugin
<s> [webpack.Progress] 92% sealing asset processing SourceMapDevToolPlugin
<s> [webpack.Progress] 92% sealing asset processing SourceMapDevToolPlugin
<s> [webpack.Progress] 92% sealing asset processing SourceMapDevToolPlugin gui.js generate SourceMap
<s> [webpack.Progress] 92% sealing asset processing SourceMapDevToolPlugin gui.js generated SourceMap
<s> [webpack.Progress] 92% sealing asset processing SourceMapDevToolPlugin guistandalone.js generate SourceMap
<s> [webpack.Progress] 92% sealing asset processing SourceMapDevToolPlugin guistandalone.js generated SourceMap
<s> [webpack.Progress] 92% sealing asset processing SourceMapDevToolPlugin blocksonly.js generate SourceMap
<s> [webpack.Progress] 92% sealing asset processing SourceMapDevToolPlugin blocksonly.js generated SourceMap
<s> [webpack.Progress] 92% sealing asset processing SourceMapDevToolPlugin compatibilitytesting.js generate SourceMap
<s> [webpack.Progress] 92% sealing asset processing SourceMapDevToolPlugin compatibilitytesting.js generated SourceMap
<s> [webpack.Progress] 92% sealing asset processing SourceMapDevToolPlugin player.js generate SourceMap
<s> [webpack.Progress] 92% sealing asset processing SourceMapDevToolPlugin player.js generated SourceMap
<s> [webpack.Progress] 92% sealing asset processing SourceMapDevToolPlugin chunks/540.4cd5fdbf76775cc09520.js generate SourceMap
<s> [webpack.Progress] 92% sealing asset processing SourceMapDevToolPlugin chunks/540.4cd5fdbf76775cc09520.js generated SourceMap
<s> [webpack.Progress] 92% sealing asset processing SourceMapDevToolPlugin chunks/paper-source.a610452167427b89e7fd.js generate SourceMap
<s> [webpack.Progress] 92% sealing asset processing SourceMapDevToolPlugin chunks/paper-source.a610452167427b89e7fd.js generated SourceMap
<s> [webpack.Progress] 92% sealing asset processing SourceMapDevToolPlugin chunks/es-steps.db67e4f4f2997903fcff.js generate SourceMap
<s> [webpack.Progress] 92% sealing asset processing SourceMapDevToolPlugin chunks/es-steps.db67e4f4f2997903fcff.js generated SourceMap
<s> [webpack.Progress] 92% sealing asset processing SourceMapDevToolPlugin chunks/zh_CN-steps.fce77d51749d2f2619c2.js generate SourceMap
<s> [webpack.Progress] 92% sealing asset processing SourceMapDevToolPlugin chunks/zh_CN-steps.fce77d51749d2f2619c2.js generated SourceMap
<s> [webpack.Progress] 92% sealing asset processing SourceMapDevToolPlugin chunks/zh_TW-steps.a92fc480b2cdf69fc80d.js generate SourceMap
<s> [webpack.Progress] 92% sealing asset processing SourceMapDevToolPlugin chunks/zh_TW-steps.a92fc480b2cdf69fc80d.js generated SourceMap
<s> [webpack.Progress] 92% sealing asset processing SourceMapDevToolPlugin chunks/tr-steps.429cb96637949c72c2e7.js generate SourceMap
<s> [webpack.Progress] 92% sealing asset processing SourceMapDevToolPlugin chunks/tr-steps.429cb96637949c72c2e7.js generated SourceMap
<s> [webpack.Progress] 92% sealing asset processing SourceMapDevToolPlugin chunks/fr-steps.7becd1e1345ac17e7c46.js generate SourceMap
<s> [webpack.Progress] 92% sealing asset processing SourceMapDevToolPlugin chunks/fr-steps.7becd1e1345ac17e7c46.js generated SourceMap
<s> [webpack.Progress] 92% sealing asset processing SourceMapDevToolPlugin chunks/pt_BR-steps.04e8c84a0468b168b464.js generate SourceMap
<s> [webpack.Progress] 92% sealing asset processing SourceMapDevToolPlugin chunks/pt_BR-steps.04e8c84a0468b168b464.js generated SourceMap
<s> [webpack.Progress] 92% sealing asset processing SourceMapDevToolPlugin chunks/ar-steps.53ecf6b839d46cfc8668.js generate SourceMap
<s> [webpack.Progress] 92% sealing asset processing SourceMapDevToolPlugin chunks/ar-steps.53ecf6b839d46cfc8668.js generated SourceMap
<s> [webpack.Progress] 92% sealing asset processing SourceMapDevToolPlugin chunks/am-steps.64f048db02511ee10caf.js generate SourceMap
<s> [webpack.Progress] 92% sealing asset processing SourceMapDevToolPlugin chunks/am-steps.64f048db02511ee10caf.js generated SourceMap
<s> [webpack.Progress] 92% sealing asset processing SourceMapDevToolPlugin chunks/sw-steps.fdcb872790b4c54d3e3c.js generate SourceMap
<s> [webpack.Progress] 92% sealing asset processing SourceMapDevToolPlugin chunks/sw-steps.fdcb872790b4c54d3e3c.js generated SourceMap
<s> [webpack.Progress] 92% sealing asset processing SourceMapDevToolPlugin chunks/zu-steps.e4e389df8d8a3ac4441f.js generate SourceMap
<s> [webpack.Progress] 92% sealing asset processing SourceMapDevToolPlugin chunks/zu-steps.e4e389df8d8a3ac4441f.js generated SourceMap
<s> [webpack.Progress] 92% sealing asset processing SourceMapDevToolPlugin chunks/uk-steps.2fff513b9318637e227a.js generate SourceMap
<s> [webpack.Progress] 92% sealing asset processing SourceMapDevToolPlugin chunks/uk-steps.2fff513b9318637e227a.js generated SourceMap
<s> [webpack.Progress] 92% sealing asset processing SourceMapDevToolPlugin chunks/ja-steps.cebc9d94d4c8db8eff11.js generate SourceMap
<s> [webpack.Progress] 92% sealing asset processing SourceMapDevToolPlugin chunks/ja-steps.cebc9d94d4c8db8eff11.js generated SourceMap
<s> [webpack.Progress] 92% sealing asset processing SourceMapDevToolPlugin extension-worker.js generate SourceMap
<s> [webpack.Progress] 92% sealing asset processing SourceMapDevToolPlugin extension-worker.js generated SourceMap
<s> [webpack.Progress] 92% sealing asset processing SourceMapDevToolPlugin chunks/fetch-worker.12a0667c4caaa6201bad.js generate SourceMap
<s> [webpack.Progress] 92% sealing asset processing SourceMapDevToolPlugin chunks/fetch-worker.12a0667c4caaa6201bad.js generated SourceMap
<s> [webpack.Progress] 92% sealing asset processing SourceMapDevToolPlugin chunks/fetch-worker.823f74b93506b16834ba.js generate SourceMap
<s> [webpack.Progress] 92% sealing asset processing SourceMapDevToolPlugin chunks/fetch-worker.823f74b93506b16834ba.js generated SourceMap
<s> [webpack.Progress] 92% sealing asset processing SourceMapDevToolPlugin chunks/mediapipe/face_detection/face_detection.js generate SourceMap
<s> [webpack.Progress] 92% sealing asset processing SourceMapDevToolPlugin chunks/mediapipe/face_detection/face_detection.js generated SourceMap
<s> [webpack.Progress] 92% sealing asset processing SourceMapDevToolPlugin chunks/mediapipe/face_detection/face_detection_solution_simd_wasm_bin.js generate SourceMap
<s> [webpack.Progress] 92% sealing asset processing SourceMapDevToolPlugin chunks/mediapipe/face_detection/face_detection_solution_simd_wasm_bin.js generated SourceMap
<s> [webpack.Progress] 92% sealing asset processing SourceMapDevToolPlugin chunks/mediapipe/face_detection/face_detection_solution_wasm_bin.js generate SourceMap
<s> [webpack.Progress] 92% sealing asset processing SourceMapDevToolPlugin chunks/mediapipe/face_detection/face_detection_solution_wasm_bin.js generated SourceMap
<s> [webpack.Progress] 92% sealing asset processing SourceMapDevToolPlugin static/extensions/example-extension.js generate SourceMap
<s> [webpack.Progress] 92% sealing asset processing SourceMapDevToolPlugin static/extensions/example-extension.js generated SourceMap
<s> [webpack.Progress] 92% sealing asset processing SourceMapDevToolPlugin resolve sources
<s> [webpack.Progress] 92% sealing asset processing SourceMapDevToolPlugin gui.js attach SourceMap
<s> [webpack.Progress] 92% sealing asset processing SourceMapDevToolPlugin gui.js attached SourceMap
<s> [webpack.Progress] 92% sealing asset processing SourceMapDevToolPlugin guistandalone.js attach SourceMap
<s> [webpack.Progress] 92% sealing asset processing SourceMapDevToolPlugin guistandalone.js attached SourceMap
<s> [webpack.Progress] 92% sealing asset processing SourceMapDevToolPlugin blocksonly.js attach SourceMap
<s> [webpack.Progress] 92% sealing asset processing SourceMapDevToolPlugin blocksonly.js attached SourceMap
<s> [webpack.Progress] 92% sealing asset processing SourceMapDevToolPlugin compatibilitytesting.js attach SourceMap
<s> [webpack.Progress] 92% sealing asset processing SourceMapDevToolPlugin compatibilitytesting.js attached SourceMap
<s> [webpack.Progress] 92% sealing asset processing SourceMapDevToolPlugin player.js attach SourceMap
<s> [webpack.Progress] 92% sealing asset processing SourceMapDevToolPlugin player.js attached SourceMap
<s> [webpack.Progress] 92% sealing asset processing SourceMapDevToolPlugin chunks/540.4cd5fdbf76775cc09520.js attach SourceMap
<s> [webpack.Progress] 92% sealing asset processing SourceMapDevToolPlugin chunks/540.4cd5fdbf76775cc09520.js attached SourceMap
<s> [webpack.Progress] 92% sealing asset processing SourceMapDevToolPlugin chunks/es-steps.db67e4f4f2997903fcff.js attach SourceMap
<s> [webpack.Progress] 92% sealing asset processing SourceMapDevToolPlugin chunks/es-steps.db67e4f4f2997903fcff.js attached SourceMap
<s> [webpack.Progress] 92% sealing asset processing SourceMapDevToolPlugin chunks/zh_CN-steps.fce77d51749d2f2619c2.js attach SourceMap
<s> [webpack.Progress] 92% sealing asset processing SourceMapDevToolPlugin chunks/zh_CN-steps.fce77d51749d2f2619c2.js attached SourceMap
<s> [webpack.Progress] 92% sealing asset processing SourceMapDevToolPlugin chunks/zh_TW-steps.a92fc480b2cdf69fc80d.js attach SourceMap
<s> [webpack.Progress] 92% sealing asset processing SourceMapDevToolPlugin chunks/zh_TW-steps.a92fc480b2cdf69fc80d.js attached SourceMap
<s> [webpack.Progress] 92% sealing asset processing SourceMapDevToolPlugin chunks/tr-steps.429cb96637949c72c2e7.js attach SourceMap
<s> [webpack.Progress] 92% sealing asset processing SourceMapDevToolPlugin chunks/tr-steps.429cb96637949c72c2e7.js attached SourceMap
<s> [webpack.Progress] 92% sealing asset processing SourceMapDevToolPlugin chunks/fr-steps.7becd1e1345ac17e7c46.js attach SourceMap
<s> [webpack.Progress] 92% sealing asset processing SourceMapDevToolPlugin chunks/fr-steps.7becd1e1345ac17e7c46.js attached SourceMap
<s> [webpack.Progress] 92% sealing asset processing SourceMapDevToolPlugin chunks/pt_BR-steps.04e8c84a0468b168b464.js attach SourceMap
<s> [webpack.Progress] 92% sealing asset processing SourceMapDevToolPlugin chunks/pt_BR-steps.04e8c84a0468b168b464.js attached SourceMap
<s> [webpack.Progress] 92% sealing asset processing SourceMapDevToolPlugin chunks/ar-steps.53ecf6b839d46cfc8668.js attach SourceMap
<s> [webpack.Progress] 92% sealing asset processing SourceMapDevToolPlugin chunks/ar-steps.53ecf6b839d46cfc8668.js attached SourceMap
<s> [webpack.Progress] 92% sealing asset processing SourceMapDevToolPlugin chunks/am-steps.64f048db02511ee10caf.js attach SourceMap
<s> [webpack.Progress] 92% sealing asset processing SourceMapDevToolPlugin chunks/am-steps.64f048db02511ee10caf.js attached SourceMap
<s> [webpack.Progress] 92% sealing asset processing SourceMapDevToolPlugin chunks/sw-steps.fdcb872790b4c54d3e3c.js attach SourceMap
<s> [webpack.Progress] 92% sealing asset processing SourceMapDevToolPlugin chunks/sw-steps.fdcb872790b4c54d3e3c.js attached SourceMap
<s> [webpack.Progress] 92% sealing asset processing SourceMapDevToolPlugin chunks/zu-steps.e4e389df8d8a3ac4441f.js attach SourceMap
<s> [webpack.Progress] 92% sealing asset processing SourceMapDevToolPlugin chunks/zu-steps.e4e389df8d8a3ac4441f.js attached SourceMap
<s> [webpack.Progress] 92% sealing asset processing SourceMapDevToolPlugin chunks/uk-steps.2fff513b9318637e227a.js attach SourceMap
<s> [webpack.Progress] 92% sealing asset processing SourceMapDevToolPlugin chunks/uk-steps.2fff513b9318637e227a.js attached SourceMap
<s> [webpack.Progress] 92% sealing asset processing SourceMapDevToolPlugin chunks/ja-steps.cebc9d94d4c8db8eff11.js attach SourceMap
<s> [webpack.Progress] 92% sealing asset processing SourceMapDevToolPlugin chunks/ja-steps.cebc9d94d4c8db8eff11.js attached SourceMap
<s> [webpack.Progress] 92% sealing asset processing SourceMapDevToolPlugin
<s> [webpack.Progress] 92% sealing asset processing SourceMapDevToolPlugin
<s> [webpack.Progress] 92% sealing asset processing SourceMapDevToolPlugin resolve sources
<s> [webpack.Progress] 92% sealing asset processing SourceMapDevToolPlugin
<s> [webpack.Progress] 92% sealing asset processing HtmlWebpackPlugin
<s> [webpack.Progress] 92% sealing asset processing HtmlWebpackPlugin
<s> [webpack.Progress] 92% sealing asset processing HtmlWebpackPlugin resolve sources
<s> [webpack.Progress] 92% sealing asset processing HtmlWebpackPlugin
<s> [webpack.Progress] 92% sealing asset processing HtmlWebpackPlugin
<s> [webpack.Progress] 92% sealing asset processing HtmlWebpackPlugin
<s> [webpack.Progress] 92% sealing asset processing HtmlWebpackPlugin resolve sources
<s> [webpack.Progress] 92% sealing asset processing HtmlWebpackPlugin
<s> [webpack.Progress] 92% sealing asset processing HtmlWebpackPlugin
<s> [webpack.Progress] 92% sealing asset processing HtmlWebpackPlugin
<s> [webpack.Progress] 92% sealing asset processing HtmlWebpackPlugin resolve sources
<s> [webpack.Progress] 92% sealing asset processing HtmlWebpackPlugin
<s> [webpack.Progress] 92% sealing asset processing HtmlWebpackPlugin
<s> [webpack.Progress] 92% sealing asset processing HtmlWebpackPlugin
<s> [webpack.Progress] 92% sealing asset processing HtmlWebpackPlugin resolve sources
<s> [webpack.Progress] 92% sealing asset processing HtmlWebpackPlugin
<s> [webpack.Progress] 92% sealing asset processing HtmlWebpackPlugin
<s> [webpack.Progress] 92% sealing asset processing HtmlWebpackPlugin
<s> [webpack.Progress] 92% sealing asset processing HtmlWebpackPlugin resolve sources
<s> [webpack.Progress] 92% sealing asset processing HtmlWebpackPlugin
<s> [webpack.Progress] 92% sealing asset processing RealContentHashPlugin
<s> [webpack.Progress] 92% sealing asset processing HtmlModulesPlugin
<s> [webpack.Progress] 92% sealing asset processing
<s> [webpack.Progress] 93% sealing after asset optimization
<s> [webpack.Progress] 93% sealing after asset optimization
<s> [webpack.Progress] 93% sealing recording
<s> [webpack.Progress] 93% sealing recording
<s> [webpack.Progress] 94% sealing after seal
<s> [webpack.Progress] 94% sealing after seal HtmlModulesPlugin
<s> [webpack.Progress] 94% sealing after seal
<s> [webpack.Progress] 95% emitting emit
<s> [webpack.Progress] 95% emitting emit
<s> [webpack.Progress] 98% emitting after emit
<s> [webpack.Progress] 98% emitting after emit SizeLimitsPlugin
<s> [webpack.Progress] 98% emitting after emit
<s> [webpack.Progress] 99% done plugins
<s> [webpack.Progress] 99% done plugins
<s> [webpack.Progress] 99% 

<s> [webpack.Progress] 99% cache store build dependencies
<s> [webpack.Progress] 99% cache store build dependencies
<s> [webpack.Progress] 99% cache begin idle
<s> [webpack.Progress] 99% cache begin idle
<s> [webpack.Progress] 100% 

<s> [webpack.Progress] 99% cache shutdown
<s> [webpack.Progress] 99% cache shutdown
<s> [webpack.Progress] 100% 

assets by path static/assets/*.png 44.2 MiB 1304 assets
assets by path static/assets/*.gif 14.7 MiB 160 assets
assets by path static/blocks-media/ 377 KiB 147 assets
assets by path chunks/ 14.3 MiB 32 assets
assets by path static/assets/*.jpg 3.15 MiB 24 assets
assets by path static/assets/*.svg 2.65 MiB 17 assets
assets by path ../dist/types/ 25.5 KiB 16 assets
assets by path *.js 84.9 MiB 6 assets
assets by path *.html 1.62 KiB 5 assets
assets by path *.json 983 bytes 2 assets
assets by path static/*.json 983 bytes
  asset static/mc-remote-product-config.json 926 bytes [emitted] [from: static/mc-remote-product-config.json] [copied]
  asset static/mc-remote-runtime-config.json 57 bytes [emitted] [from: static/mc-remote-runtime-config.json] [copied]
+ 5 assets
orphan modules 10.9 MiB [orphan] 795 modules
runtime modules 44 KiB 79 modules
modules by path ./ 64.7 MiB (asset) 22.8 MiB (javascript)
  asset modules 64.7 MiB (asset) 480 KiB (javascript) 1645 modules
  javascript modules 21.5 MiB 574 modules
  json modules 806 KiB 6 modules
modules by path ../../node_modules/ 19.5 MiB
  javascript modules 19.1 MiB 1009 modules
  json modules 239 KiB 23 modules
  ../../node_modules/@scratch/paper/dist/paper-full.min.js?source 239 KiB [built] [code generated]
readable-stream (ignored) 15 bytes [built] [code generated]
node-fetch (ignored) 15 bytes [built] [code generated]
util (ignored) 15 bytes [built] [code generated]
crypto (ignored) 15 bytes [optional] [built] [code generated]

WARNING in asset size limit: The following asset(s) exceed the recommended size limit (244 KiB).
This can impact web performance.
Assets: 
  30d09ba32a17082ef820b57d52d60b7b.hex (1.1 MiB)
  gui.js (17 MiB)
  static/assets/nineties_logo.945297ca77c041c98377.svg (1.96 MiB)
  static/assets/face-adjust-size.en.08e098ad5c971c5c31b9.gif (1.23 MiB)
  static/assets/face-go-to-top-head.en.33c1341e64391ec6ed77.gif (386 KiB)
  static/assets/cartoon-network.963ae0ec26486c12da2f.jpg (269 KiB)
  static/assets/text-to-speech.6c1e56fd6b1c5ba7fb7d.jpg (271 KiB)
  static/assets/mcremote.1a36f400b758db795eab.svg (431 KiB)
  guistandalone.js (17.1 MiB)
  blocksonly.js (16.9 MiB)
  compatibilitytesting.js (16.9 MiB)
  player.js (16.9 MiB)
  chunks/540.4cd5fdbf76775cc09520.js (534 KiB)
  chunks/mediapipe/face_detection/face_detection_full_range.tflite (1.03 MiB)
  chunks/mediapipe/face_detection/face_detection_full_range_sparse.tflite (665 KiB)
  chunks/mediapipe/face_detection/face_detection_solution_simd_wasm_bin.wasm (5.54 MiB)
  chunks/mediapipe/face_detection/face_detection_solution_wasm_bin.wasm (5.43 MiB)
  static/microbit/scratch-microbit-1.2.0.hex (1.1 MiB)

WARNING in entrypoint size limit: The following entrypoint(s) combined asset size exceeds the recommended limit (244 KiB). This can impact web performance.
Entrypoints:
  gui (17 MiB)
      gui.js
  guistandalone (17.1 MiB)
      guistandalone.js
  blocksonly (16.9 MiB)
      blocksonly.js
  compatibilitytesting (16.9 MiB)
      compatibilitytesting.js
  player (16.9 MiB)
      player.js

webpack 5.109.2 compiled with 2 warnings in 290894 ms

> @scratch/scratch-gui@15.0.1 build:dist
> cross-env NODE_ENV=production BUILD_TYPE=dist webpack

Browserslist: browsers data (caniuse-lite) is 10 months old. Please run:
  npx update-browserslist-db@latest
  Why you should do it regularly: https://github.com/browserslist/update-db#readme
<s> [webpack.Progress] 0% 

<s> [webpack.Progress] 1% setup before run
<s> [webpack.Progress] 1% setup before run NodeEnvironmentPlugin
<s> [webpack.Progress] 1% setup before run
<s> [webpack.Progress] 2% setup run
<s> [webpack.Progress] 2% setup run webpack-cli
<s> [webpack.Progress] 2% setup run
<s> [webpack.Progress] 4% setup normal module factory
<s> [webpack.Progress] 4% setup normal module factory
<s> [webpack.Progress] 5% setup context module factory
<s> [webpack.Progress] 5% setup context module factory
<s> [webpack.Progress] 6% setup before compile
<s> [webpack.Progress] 6% setup before compile
<s> [webpack.Progress] 7% setup compile
<s> [webpack.Progress] 7% setup compile ExternalsPlugin
<s> [webpack.Progress] 7% setup compile ExternalsPlugin
<s> [webpack.Progress] 7% setup compile
<s> [webpack.Progress] 8% setup compilation
<s> [webpack.Progress] 8% setup compilation CopyPlugin
<s> [webpack.Progress] 8% setup compilation CopyPlugin
<s> [webpack.Progress] 8% setup compilation ArrayPushCallbackChunkFormatPlugin
<s> [webpack.Progress] 8% setup compilation JsonpChunkLoadingPlugin
<s> [webpack.Progress] 8% setup compilation StartupChunkDependenciesPlugin
<s> [webpack.Progress] 8% setup compilation ImportScriptsChunkLoadingPlugin
<s> [webpack.Progress] 8% setup compilation FetchCompileAsyncWasmPlugin
<s> [webpack.Progress] 8% setup compilation ExportPropertyLibraryPlugin
<s> [webpack.Progress] 8% setup compilation UmdLibraryPlugin
<s> [webpack.Progress] 8% setup compilation WorkerAndWorkletPlugin
<s> [webpack.Progress] 8% setup compilation SplitChunksPlugin
<s> [webpack.Progress] 8% setup compilation ResolverCachePlugin
<s> [webpack.Progress] 8% setup compilation
<s> [webpack.Progress] 9% setup compilation
<s> [webpack.Progress] 9% setup compilation ProvidePlugin
<s> [webpack.Progress] 9% setup compilation DefinePlugin
<s> [webpack.Progress] 9% setup compilation ProgressPlugin
<s> [webpack.Progress] 9% setup compilation ExternalsPlugin
<s> [webpack.Progress] 9% setup compilation ExternalsPlugin
<s> [webpack.Progress] 9% setup compilation ChunkPrefetchPreloadPlugin
<s> [webpack.Progress] 9% setup compilation ResourceHintPlugin
<s> [webpack.Progress] 9% setup compilation SourceMapDevToolPlugin
<s> [webpack.Progress] 9% setup compilation JavascriptModulesPlugin
<s> [webpack.Progress] 9% setup compilation JsonModulesPlugin
<s> [webpack.Progress] 9% setup compilation AssetModulesPlugin
<s> [webpack.Progress] 9% setup compilation AsyncWebAssemblyModulesPlugin
<s> [webpack.Progress] 9% setup compilation HtmlModulesPlugin
<s> [webpack.Progress] 9% setup compilation EntryPlugin
<s> [webpack.Progress] 9% setup compilation RuntimePlugin
<s> [webpack.Progress] 9% setup compilation InferAsyncModulesPlugin
<s> [webpack.Progress] 9% setup compilation DataUriPlugin
<s> [webpack.Progress] 9% setup compilation FileUriPlugin
<s> [webpack.Progress] 9% setup compilation CompatibilityPlugin
<s> [webpack.Progress] 9% setup compilation HarmonyModulesPlugin
<s> [webpack.Progress] 9% setup compilation AMDPlugin
<s> [webpack.Progress] 9% setup compilation RequireJsStuffPlugin
<s> [webpack.Progress] 9% setup compilation CommonJsPlugin
<s> [webpack.Progress] 9% setup compilation LoaderPlugin
<s> [webpack.Progress] 9% setup compilation LoaderPlugin
<s> [webpack.Progress] 9% setup compilation NodeStuffPlugin
<s> [webpack.Progress] 9% setup compilation APIPlugin
<s> [webpack.Progress] 9% setup compilation ExportsInfoApiPlugin
<s> [webpack.Progress] 9% setup compilation WebpackIsIncludedPlugin
<s> [webpack.Progress] 9% setup compilation ConstPlugin
<s> [webpack.Progress] 9% setup compilation UseStrictPlugin
<s> [webpack.Progress] 9% setup compilation RequireIncludePlugin
<s> [webpack.Progress] 9% setup compilation RequireEnsurePlugin
<s> [webpack.Progress] 9% setup compilation RequireContextPlugin
<s> [webpack.Progress] 9% setup compilation ImportPlugin
<s> [webpack.Progress] 9% setup compilation ImportMetaContextPlugin
<s> [webpack.Progress] 9% setup compilation SystemPlugin
<s> [webpack.Progress] 9% setup compilation ImportMetaPlugin
<s> [webpack.Progress] 9% setup compilation URLPlugin
<s> [webpack.Progress] 9% setup compilation DefaultStatsFactoryPlugin
<s> [webpack.Progress] 9% setup compilation DefaultStatsPresetPlugin
<s> [webpack.Progress] 9% setup compilation DefaultStatsPrinterPlugin
<s> [webpack.Progress] 9% setup compilation JavascriptMetaInfoPlugin
<s> [webpack.Progress] 9% setup compilation EnsureChunkConditionsPlugin
<s> [webpack.Progress] 9% setup compilation RemoveEmptyChunksPlugin
<s> [webpack.Progress] 9% setup compilation MergeDuplicateChunksPlugin
<s> [webpack.Progress] 9% setup compilation FlagIncludedChunksPlugin
<s> [webpack.Progress] 9% setup compilation SideEffectsFlagPlugin
<s> [webpack.Progress] 9% setup compilation FlagDependencyExportsPlugin
<s> [webpack.Progress] 9% setup compilation FlagDependencyUsagePlugin
<s> [webpack.Progress] 9% setup compilation InnerGraphPlugin
<s> [webpack.Progress] 9% setup compilation CircularModulesPlugin
<s> [webpack.Progress] 9% setup compilation ConstExportsPlugin
<s> [webpack.Progress] 9% setup compilation MangleExportsPlugin
<s> [webpack.Progress] 9% setup compilation ModuleConcatenationPlugin
<s> [webpack.Progress] 9% setup compilation NoEmitOnErrorsPlugin
<s> [webpack.Progress] 9% setup compilation RealContentHashPlugin
<s> [webpack.Progress] 9% setup compilation WasmFinalizeExportsPlugin
<s> [webpack.Progress] 9% setup compilation DeterministicModuleIdsPlugin
<s> [webpack.Progress] 9% setup compilation DeterministicChunkIdsPlugin
<s> [webpack.Progress] 9% setup compilation DefinePlugin
<s> [webpack.Progress] 9% setup compilation TerserPlugin
<s> [webpack.Progress] 9% setup compilation TemplatedPathPlugin
<s> [webpack.Progress] 9% setup compilation RecordIdsPlugin
<s> [webpack.Progress] 9% setup compilation WarnCaseSensitiveModulesPlugin
<s> [webpack.Progress] 9% setup compilation
<s> [webpack.Progress] 10% building
<s> [webpack.Progress] 10% building 0/1 entries 0/0 dependencies 0/0 modules
<s> [webpack.Progress] 10% building import loader ../../node_modules/babel-loader/lib/index.js
<s> [webpack.Progress] 10% building import loader ../../node_modules/ts-loader/index.js
<s> [webpack.Progress] 10% building 0/1 entries 1/1 dependencies 0/1 modules
<s> [webpack.Progress] 10% building 0/1 entries 1/2 dependencies 0/1 modules
<s> [webpack.Progress] 10% building 0/1 entries 11/46 dependencies 0/7 modules
<s> [webpack.Progress] 10% building 0/1 entries 77/100 dependencies 3/67 modules
<s> [webpack.Progress] 10% building import loader ../../node_modules/style-loader/dist/cjs.js
<s> [webpack.Progress] 10% building import loader ../../node_modules/css-loader/dist/cjs.js
<s> [webpack.Progress] 10% building import loader ../../node_modules/postcss-loader/dist/cjs.js
<s> [webpack.Progress] 10% building 0/1 entries 558/618 dependencies 11/225 modules
<s> [webpack.Progress] 10% building 0/1 entries 595/641 dependencies 23/246 modules
<s> [webpack.Progress] 10% building 0/1 entries 614/693 dependencies 31/253 modules
<s> [webpack.Progress] 10% building 0/1 entries 744/874 dependencies 45/300 modules
<s> [webpack.Progress] 10% building 0/1 entries 1015/1100 dependencies 63/429 modules
<s> [webpack.Progress] 11% building 0/1 entries 1227/1300 dependencies 106/486 modules
<s> [webpack.Progress] 11% building 0/1 entries 1357/1500 dependencies 173/527 modules
<s> [webpack.Progress] 12% building 0/1 entries 1600/1698 dependencies 194/581 modules
<s> [webpack.Progress] 12% building 0/1 entries 1718/1800 dependencies 196/620 modules
<s> [webpack.Progress] 12% building 0/1 entries 3776/3900 dependencies 217/2130 modules
<s> [webpack.Progress] 12% building import loader ../../node_modules/base64-loader/index.js
<s> [webpack.Progress] 12% building 0/1 entries 3852/3918 dependencies 249/2154 modules
<s> [webpack.Progress] 13% building 0/1 entries 3950/3987 dependencies 276/2200 modules
<s> [webpack.Progress] 13% building 0/1 entries 4000/4040 dependencies 292/2210 modules
<s> [webpack.Progress] 14% building 0/1 entries 4381/4390 dependencies 400/2409 modules
<s> [webpack.Progress] 17% building 0/1 entries 4434/4438 dependencies 700/2424 modules
<s> [webpack.Progress] 25% building 0/1 entries 4447/4447 dependencies 1400/2430 modules
<s> [webpack.Progress] 29% building import loader ../../node_modules/arraybuffer-loader/index.js
<s> [webpack.Progress] 29% building 0/1 entries 4498/4499 dependencies 1795/2434 modules
<s> [webpack.Progress] 30% building import loader ../../node_modules/raw-loader/dist/cjs.js
<s> [webpack.Progress] 30% building 0/1 entries 4652/4720 dependencies 1849/2472 modules
<s> [webpack.Progress] 30% building import loader ../../node_modules/url-loader/dist/cjs.js
<s> [webpack.Progress] 30% building 0/1 entries 4755/4815 dependencies 1865/2496 modules
<s> [webpack.Progress] 30% building 0/1 entries 4900/4935 dependencies 1880/2548 modules
<s> [webpack.Progress] 31% building 0/1 entries 5173/5200 dependencies 1932/2619 modules
<s> [webpack.Progress] 31% building 0/1 entries 5279/5300 dependencies 1980/2632 modules
<s> [webpack.Progress] 33% building import loader ../scratch-render/node_modules/raw-loader/index.js
<s> [webpack.Progress] 33% building 0/1 entries 5850/5913 dependencies 2147/2713 modules
<s> [webpack.Progress] 33% building 0/1 entries 6000/6050 dependencies 2174/2742 modules
<s> [webpack.Progress] 34% building 0/1 entries 6352/6500 dependencies 2239/2869 modules
<s> [webpack.Progress] 35% building 0/1 entries 6800/6818 dependencies 2363/3026 modules
<s> [webpack.Progress] 36% building import loader ../../node_modules/ify-loader/index.js
<s> [webpack.Progress] 36% building 0/1 entries 6915/6933 dependencies 2388/3045 modules
<s> [webpack.Progress] 37% building 0/1 entries 7090/7122 dependencies 2476/3100 modules
<s> [webpack.Progress] 38% building 0/1 entries 7300/7338 dependencies 2572/3137 modules
<s> [webpack.Progress] 40% building 0/1 entries 7664/7700 dependencies 2742/3219 modules
<s> [webpack.Progress] 41% building 0/1 entries 8010/8100 dependencies 2858/3343 modules
<s> [webpack.Progress] 44% building 0/1 entries 8400/8450 dependencies 3091/3458 modules
<s> [webpack.Progress] 44% building 0/1 entries 8870/8900 dependencies 3168/3764 modules
<s> [webpack.Progress] 48% building 0/1 entries 10250/10300 dependencies 3528/3812 modules
<s> [webpack.Progress] 65% building 1/1 entries 10766/10766 dependencies 3944/3944 modules
<s> [webpack.Progress] 65% building
<s> [webpack.Progress] 69% building finish
<s> [webpack.Progress] 69% building finish HtmlModulesPlugin
<s> [webpack.Progress] 69% building finish
<s> [webpack.Progress] 70% sealing finish module graph
<s> [webpack.Progress] 70% sealing finish module graph ResolverCachePlugin
<s> [webpack.Progress] 70% sealing finish module graph InferAsyncModulesPlugin
<s> [webpack.Progress] 70% sealing finish module graph FlagDependencyExportsPlugin
<s> [webpack.Progress] 70% sealing finish module graph InnerGraphPlugin
<s> [webpack.Progress] 70% sealing finish module graph WasmFinalizeExportsPlugin
<s> [webpack.Progress] 70% sealing finish module graph ExportPropertyLibraryPlugin
<s> [webpack.Progress] 70% sealing finish module graph UmdLibraryPlugin
<s> [webpack.Progress] 70% sealing finish module graph
<s> [webpack.Progress] 70% sealing plugins
<s> [webpack.Progress] 70% sealing plugins WarnCaseSensitiveModulesPlugin
<s> [webpack.Progress] 70% sealing plugins
<s> [webpack.Progress] 71% sealing dependencies optimization
<s> [webpack.Progress] 71% sealing dependencies optimization SideEffectsFlagPlugin
<s> [webpack.Progress] 71% sealing dependencies optimization FlagDependencyUsagePlugin
<s> [webpack.Progress] 71% sealing dependencies optimization ConstExportsPlugin
<s> [webpack.Progress] 71% sealing dependencies optimization
<s> [webpack.Progress] 71% sealing after dependencies optimization
<s> [webpack.Progress] 71% sealing after dependencies optimization
<s> [webpack.Progress] 72% sealing chunk graph
<s> [webpack.Progress] 72% sealing chunk graph
<s> [webpack.Progress] 73% sealing after chunk graph
<s> [webpack.Progress] 73% sealing after chunk graph HtmlModulesPlugin
<s> [webpack.Progress] 73% sealing after chunk graph
<s> [webpack.Progress] 73% sealing optimizing
<s> [webpack.Progress] 73% sealing optimizing
<s> [webpack.Progress] 74% sealing module optimization
<s> [webpack.Progress] 74% sealing module optimization CircularModulesPlugin
<s> [webpack.Progress] 74% sealing module optimization
<s> [webpack.Progress] 75% sealing after module optimization
<s> [webpack.Progress] 75% sealing after module optimization
<s> [webpack.Progress] 75% sealing chunk optimization
<s> [webpack.Progress] 75% sealing chunk optimization EnsureChunkConditionsPlugin
<s> [webpack.Progress] 75% sealing chunk optimization RemoveEmptyChunksPlugin
<s> [webpack.Progress] 75% sealing chunk optimization MergeDuplicateChunksPlugin
<s> [webpack.Progress] 75% sealing chunk optimization SplitChunksPlugin
<s> [webpack.Progress] 75% sealing chunk optimization RemoveEmptyChunksPlugin
<s> [webpack.Progress] 75% sealing chunk optimization
<s> [webpack.Progress] 76% sealing after chunk optimization
<s> [webpack.Progress] 76% sealing after chunk optimization
<s> [webpack.Progress] 77% sealing module and chunk tree optimization
<s> [webpack.Progress] 77% sealing module and chunk tree optimization
<s> [webpack.Progress] 77% sealing after module and chunk tree optimization
<s> [webpack.Progress] 77% sealing after module and chunk tree optimization
<s> [webpack.Progress] 78% sealing chunk modules optimization
<s> [webpack.Progress] 78% sealing chunk modules optimization ModuleConcatenationPlugin
<s> [webpack.Progress] 78% sealing chunk modules optimization
<s> [webpack.Progress] 78% sealing after chunk modules optimization
<s> [webpack.Progress] 78% sealing after chunk modules optimization
<s> [webpack.Progress] 79% sealing module reviving
<s> [webpack.Progress] 79% sealing module reviving RecordIdsPlugin
<s> [webpack.Progress] 79% sealing module reviving
<s> [webpack.Progress] 80% sealing before module ids
<s> [webpack.Progress] 80% sealing before module ids
<s> [webpack.Progress] 80% sealing module ids
<s> [webpack.Progress] 80% sealing module ids DeterministicModuleIdsPlugin
<s> [webpack.Progress] 80% sealing module ids
<s> [webpack.Progress] 81% sealing module id optimization
<s> [webpack.Progress] 81% sealing module id optimization
<s> [webpack.Progress] 82% sealing module id optimization
<s> [webpack.Progress] 82% sealing module id optimization
<s> [webpack.Progress] 82% sealing chunk reviving
<s> [webpack.Progress] 82% sealing chunk reviving RecordIdsPlugin
<s> [webpack.Progress] 82% sealing chunk reviving
<s> [webpack.Progress] 83% sealing before chunk ids
<s> [webpack.Progress] 83% sealing before chunk ids
<s> [webpack.Progress] 84% sealing chunk ids
<s> [webpack.Progress] 84% sealing chunk ids DeterministicChunkIdsPlugin
<s> [webpack.Progress] 84% sealing chunk ids
<s> [webpack.Progress] 84% sealing chunk id optimization
<s> [webpack.Progress] 84% sealing chunk id optimization FlagIncludedChunksPlugin
<s> [webpack.Progress] 84% sealing chunk id optimization
<s> [webpack.Progress] 85% sealing after chunk id optimization
<s> [webpack.Progress] 85% sealing after chunk id optimization
<s> [webpack.Progress] 86% sealing record modules
<s> [webpack.Progress] 86% sealing record modules RecordIdsPlugin
<s> [webpack.Progress] 86% sealing record modules
<s> [webpack.Progress] 86% sealing record chunks
<s> [webpack.Progress] 86% sealing record chunks RecordIdsPlugin
<s> [webpack.Progress] 86% sealing record chunks
<s> [webpack.Progress] 87% sealing module hashing
<s> [webpack.Progress] 87% sealing module hashing
<s> [webpack.Progress] 87% sealing code generation
<s> [webpack.Progress] 87% sealing code generation
<s> [webpack.Progress] 88% sealing runtime requirements
<s> [webpack.Progress] 88% sealing runtime requirements
<s> [webpack.Progress] 89% sealing hashing
<s> [webpack.Progress] 89% sealing hashing
<s> [webpack.Progress] 89% sealing after hashing
<s> [webpack.Progress] 89% sealing after hashing
<s> [webpack.Progress] 90% sealing record hash
<s> [webpack.Progress] 90% sealing record hash
<s> [webpack.Progress] 91% sealing module assets processing
<s> [webpack.Progress] 91% sealing module assets processing
<s> [webpack.Progress] 91% sealing chunk assets processing
<s> [webpack.Progress] 91% sealing chunk assets processing
<s> [webpack.Progress] 92% sealing asset processing
<s> [webpack.Progress] 92% sealing asset processing copy-webpack-plugin
<s> [webpack.Progress] 92% sealing asset processing copy-webpack-plugin
<s> [webpack.Progress] 92% sealing asset processing ts-loader
<s> [webpack.Progress] 92% sealing asset processing TerserPlugin
<s> [webpack.Progress] 92% sealing asset processing SourceMapDevToolPlugin
<s> [webpack.Progress] 92% sealing asset processing SourceMapDevToolPlugin
<s> [webpack.Progress] 92% sealing asset processing SourceMapDevToolPlugin scratch-gui.js generate SourceMap
<s> [webpack.Progress] 92% sealing asset processing SourceMapDevToolPlugin scratch-gui.js generated SourceMap
<s> [webpack.Progress] 92% sealing asset processing SourceMapDevToolPlugin chunks/540.4cd5fdbf76775cc09520.js generate SourceMap
<s> [webpack.Progress] 92% sealing asset processing SourceMapDevToolPlugin chunks/540.4cd5fdbf76775cc09520.js generated SourceMap
<s> [webpack.Progress] 92% sealing asset processing SourceMapDevToolPlugin chunks/paper-source.a610452167427b89e7fd.js generate SourceMap
<s> [webpack.Progress] 92% sealing asset processing SourceMapDevToolPlugin chunks/paper-source.a610452167427b89e7fd.js generated SourceMap
<s> [webpack.Progress] 92% sealing asset processing SourceMapDevToolPlugin chunks/es-steps.db67e4f4f2997903fcff.js generate SourceMap
<s> [webpack.Progress] 92% sealing asset processing SourceMapDevToolPlugin chunks/es-steps.db67e4f4f2997903fcff.js generated SourceMap
<s> [webpack.Progress] 92% sealing asset processing SourceMapDevToolPlugin chunks/zh_CN-steps.efea02919ddb0766dd49.js generate SourceMap
<s> [webpack.Progress] 92% sealing asset processing SourceMapDevToolPlugin chunks/zh_CN-steps.efea02919ddb0766dd49.js generated SourceMap
<s> [webpack.Progress] 92% sealing asset processing SourceMapDevToolPlugin chunks/zh_TW-steps.7f8cb09bbcbfb5b6c162.js generate SourceMap
<s> [webpack.Progress] 92% sealing asset processing SourceMapDevToolPlugin chunks/zh_TW-steps.7f8cb09bbcbfb5b6c162.js generated SourceMap
<s> [webpack.Progress] 92% sealing asset processing SourceMapDevToolPlugin chunks/tr-steps.4191f30dc4467969567e.js generate SourceMap
<s> [webpack.Progress] 92% sealing asset processing SourceMapDevToolPlugin chunks/tr-steps.4191f30dc4467969567e.js generated SourceMap
<s> [webpack.Progress] 92% sealing asset processing SourceMapDevToolPlugin chunks/fr-steps.728b00db82b8cfa0e2b9.js generate SourceMap
<s> [webpack.Progress] 92% sealing asset processing SourceMapDevToolPlugin chunks/fr-steps.728b00db82b8cfa0e2b9.js generated SourceMap
<s> [webpack.Progress] 92% sealing asset processing SourceMapDevToolPlugin chunks/pt_BR-steps.04e8c84a0468b168b464.js generate SourceMap
<s> [webpack.Progress] 92% sealing asset processing SourceMapDevToolPlugin chunks/pt_BR-steps.04e8c84a0468b168b464.js generated SourceMap
<s> [webpack.Progress] 92% sealing asset processing SourceMapDevToolPlugin chunks/ar-steps.ef1fd1dbf764fb48e0c9.js generate SourceMap
<s> [webpack.Progress] 92% sealing asset processing SourceMapDevToolPlugin chunks/ar-steps.ef1fd1dbf764fb48e0c9.js generated SourceMap
<s> [webpack.Progress] 92% sealing asset processing SourceMapDevToolPlugin chunks/am-steps.fd20ef2edcfde652d530.js generate SourceMap
<s> [webpack.Progress] 92% sealing asset processing SourceMapDevToolPlugin chunks/am-steps.fd20ef2edcfde652d530.js generated SourceMap
<s> [webpack.Progress] 92% sealing asset processing SourceMapDevToolPlugin chunks/sw-steps.f36f3450a75bcdd9df99.js generate SourceMap
<s> [webpack.Progress] 92% sealing asset processing SourceMapDevToolPlugin chunks/sw-steps.f36f3450a75bcdd9df99.js generated SourceMap
<s> [webpack.Progress] 92% sealing asset processing SourceMapDevToolPlugin chunks/zu-steps.8c8dc3447210989e4e85.js generate SourceMap
<s> [webpack.Progress] 92% sealing asset processing SourceMapDevToolPlugin chunks/zu-steps.8c8dc3447210989e4e85.js generated SourceMap
<s> [webpack.Progress] 92% sealing asset processing SourceMapDevToolPlugin chunks/uk-steps.26ce06d679a00708818e.js generate SourceMap
<s> [webpack.Progress] 92% sealing asset processing SourceMapDevToolPlugin chunks/uk-steps.26ce06d679a00708818e.js generated SourceMap
<s> [webpack.Progress] 92% sealing asset processing SourceMapDevToolPlugin chunks/ja-steps.cebc9d94d4c8db8eff11.js generate SourceMap
<s> [webpack.Progress] 92% sealing asset processing SourceMapDevToolPlugin chunks/ja-steps.cebc9d94d4c8db8eff11.js generated SourceMap
<s> [webpack.Progress] 92% sealing asset processing SourceMapDevToolPlugin extension-worker.js generate SourceMap
<s> [webpack.Progress] 92% sealing asset processing SourceMapDevToolPlugin extension-worker.js generated SourceMap
<s> [webpack.Progress] 92% sealing asset processing SourceMapDevToolPlugin chunks/fetch-worker.12a0667c4caaa6201bad.js generate SourceMap
<s> [webpack.Progress] 92% sealing asset processing SourceMapDevToolPlugin chunks/fetch-worker.12a0667c4caaa6201bad.js generated SourceMap
<s> [webpack.Progress] 92% sealing asset processing SourceMapDevToolPlugin chunks/fetch-worker.823f74b93506b16834ba.js generate SourceMap
<s> [webpack.Progress] 92% sealing asset processing SourceMapDevToolPlugin chunks/fetch-worker.823f74b93506b16834ba.js generated SourceMap
<s> [webpack.Progress] 92% sealing asset processing SourceMapDevToolPlugin chunks/mediapipe/face_detection/face_detection.js generate SourceMap
<s> [webpack.Progress] 92% sealing asset processing SourceMapDevToolPlugin chunks/mediapipe/face_detection/face_detection.js generated SourceMap
<s> [webpack.Progress] 92% sealing asset processing SourceMapDevToolPlugin chunks/mediapipe/face_detection/face_detection_solution_simd_wasm_bin.js generate SourceMap
<s> [webpack.Progress] 92% sealing asset processing SourceMapDevToolPlugin chunks/mediapipe/face_detection/face_detection_solution_simd_wasm_bin.js generated SourceMap
<s> [webpack.Progress] 92% sealing asset processing SourceMapDevToolPlugin chunks/mediapipe/face_detection/face_detection_solution_wasm_bin.js generate SourceMap
<s> [webpack.Progress] 92% sealing asset processing SourceMapDevToolPlugin chunks/mediapipe/face_detection/face_detection_solution_wasm_bin.js generated SourceMap
<s> [webpack.Progress] 92% sealing asset processing SourceMapDevToolPlugin resolve sources
<s> [webpack.Progress] 92% sealing asset processing SourceMapDevToolPlugin scratch-gui.js attach SourceMap
<s> [webpack.Progress] 92% sealing asset processing SourceMapDevToolPlugin scratch-gui.js attached SourceMap
<s> [webpack.Progress] 92% sealing asset processing SourceMapDevToolPlugin chunks/540.4cd5fdbf76775cc09520.js attach SourceMap
<s> [webpack.Progress] 92% sealing asset processing SourceMapDevToolPlugin chunks/540.4cd5fdbf76775cc09520.js attached SourceMap
<s> [webpack.Progress] 92% sealing asset processing SourceMapDevToolPlugin chunks/es-steps.db67e4f4f2997903fcff.js attach SourceMap
<s> [webpack.Progress] 92% sealing asset processing SourceMapDevToolPlugin chunks/es-steps.db67e4f4f2997903fcff.js attached SourceMap
<s> [webpack.Progress] 92% sealing asset processing SourceMapDevToolPlugin chunks/zh_CN-steps.efea02919ddb0766dd49.js attach SourceMap
<s> [webpack.Progress] 92% sealing asset processing SourceMapDevToolPlugin chunks/zh_CN-steps.efea02919ddb0766dd49.js attached SourceMap
<s> [webpack.Progress] 92% sealing asset processing SourceMapDevToolPlugin chunks/zh_TW-steps.7f8cb09bbcbfb5b6c162.js attach SourceMap
<s> [webpack.Progress] 92% sealing asset processing SourceMapDevToolPlugin chunks/zh_TW-steps.7f8cb09bbcbfb5b6c162.js attached SourceMap
<s> [webpack.Progress] 92% sealing asset processing SourceMapDevToolPlugin chunks/tr-steps.4191f30dc4467969567e.js attach SourceMap
<s> [webpack.Progress] 92% sealing asset processing SourceMapDevToolPlugin chunks/tr-steps.4191f30dc4467969567e.js attached SourceMap
<s> [webpack.Progress] 92% sealing asset processing SourceMapDevToolPlugin chunks/fr-steps.728b00db82b8cfa0e2b9.js attach SourceMap
<s> [webpack.Progress] 92% sealing asset processing SourceMapDevToolPlugin chunks/fr-steps.728b00db82b8cfa0e2b9.js attached SourceMap
<s> [webpack.Progress] 92% sealing asset processing SourceMapDevToolPlugin chunks/pt_BR-steps.04e8c84a0468b168b464.js attach SourceMap
<s> [webpack.Progress] 92% sealing asset processing SourceMapDevToolPlugin chunks/pt_BR-steps.04e8c84a0468b168b464.js attached SourceMap
<s> [webpack.Progress] 92% sealing asset processing SourceMapDevToolPlugin chunks/ar-steps.ef1fd1dbf764fb48e0c9.js attach SourceMap
<s> [webpack.Progress] 92% sealing asset processing SourceMapDevToolPlugin chunks/ar-steps.ef1fd1dbf764fb48e0c9.js attached SourceMap
<s> [webpack.Progress] 92% sealing asset processing SourceMapDevToolPlugin chunks/am-steps.fd20ef2edcfde652d530.js attach SourceMap
<s> [webpack.Progress] 92% sealing asset processing SourceMapDevToolPlugin chunks/am-steps.fd20ef2edcfde652d530.js attached SourceMap
<s> [webpack.Progress] 92% sealing asset processing SourceMapDevToolPlugin chunks/sw-steps.f36f3450a75bcdd9df99.js attach SourceMap
<s> [webpack.Progress] 92% sealing asset processing SourceMapDevToolPlugin chunks/sw-steps.f36f3450a75bcdd9df99.js attached SourceMap
<s> [webpack.Progress] 92% sealing asset processing SourceMapDevToolPlugin chunks/zu-steps.8c8dc3447210989e4e85.js attach SourceMap
<s> [webpack.Progress] 92% sealing asset processing SourceMapDevToolPlugin chunks/zu-steps.8c8dc3447210989e4e85.js attached SourceMap
<s> [webpack.Progress] 92% sealing asset processing SourceMapDevToolPlugin chunks/uk-steps.26ce06d679a00708818e.js attach SourceMap
<s> [webpack.Progress] 92% sealing asset processing SourceMapDevToolPlugin chunks/uk-steps.26ce06d679a00708818e.js attached SourceMap
<s> [webpack.Progress] 92% sealing asset processing SourceMapDevToolPlugin chunks/ja-steps.cebc9d94d4c8db8eff11.js attach SourceMap
<s> [webpack.Progress] 92% sealing asset processing SourceMapDevToolPlugin chunks/ja-steps.cebc9d94d4c8db8eff11.js attached SourceMap
<s> [webpack.Progress] 92% sealing asset processing SourceMapDevToolPlugin
<s> [webpack.Progress] 92% sealing asset processing SourceMapDevToolPlugin
<s> [webpack.Progress] 92% sealing asset processing SourceMapDevToolPlugin resolve sources
<s> [webpack.Progress] 92% sealing asset processing SourceMapDevToolPlugin
<s> [webpack.Progress] 92% sealing asset processing RealContentHashPlugin
<s> [webpack.Progress] 92% sealing asset processing HtmlModulesPlugin
<s> [webpack.Progress] 92% sealing asset processing
<s> [webpack.Progress] 93% sealing after asset optimization
<s> [webpack.Progress] 93% sealing after asset optimization
<s> [webpack.Progress] 93% sealing recording
<s> [webpack.Progress] 93% sealing recording
<s> [webpack.Progress] 94% sealing after seal
<s> [webpack.Progress] 94% sealing after seal HtmlModulesPlugin
<s> [webpack.Progress] 94% sealing after seal
<s> [webpack.Progress] 95% emitting emit
<s> [webpack.Progress] 95% emitting emit
<s> [webpack.Progress] 98% emitting after emit
<s> [webpack.Progress] 98% emitting after emit SizeLimitsPlugin
<s> [webpack.Progress] 98% emitting after emit
<s> [webpack.Progress] 99% done plugins
<s> [webpack.Progress] 99% done plugins
<s> [webpack.Progress] 99% 

<s> [webpack.Progress] 99% cache store build dependencies
<s> [webpack.Progress] 99% cache store build dependencies
<s> [webpack.Progress] 99% cache begin idle
<s> [webpack.Progress] 99% cache begin idle
<s> [webpack.Progress] 100% 

<s> [webpack.Progress] 99% cache shutdown
<s> [webpack.Progress] 99% cache shutdown
<s> [webpack.Progress] 100% 

assets by path static/assets/*.png 44.2 MiB 1304 assets
assets by path static/assets/*.gif 14.7 MiB 160 assets
assets by path static/blocks-media/ 377 KiB 147 assets
assets by path chunks/ 14.3 MiB 32 assets
assets by path static/assets/*.jpg 3.15 MiB 24 assets
assets by path static/assets/*.svg 2.65 MiB 17 assets
assets by status 25.5 KiB [compared for emit] 16 assets
assets by path libraries/*.json 1.16 MiB
  assets by status 1.02 MiB [big] 2 assets
  + 2 assets
assets by path *.js 16.8 MiB
  asset scratch-gui.js 16.8 MiB [emitted] [minimized] [big] (name: scratch-gui) 2 related assets
  asset extension-worker.js 64.7 KiB [emitted] [from: ../../node_modules/@scratch/scratch-vm/dist/web/extension-worker.js] [copied] [minimized] 1 related asset
asset 30d09ba32a17082ef820b57d52d60b7b.hex 1.1 MiB [emitted] [immutable] [from: static/microbit/scratch-microbit-1.2.0.hex] [big] (auxiliary name: scratch-gui)
asset extension-worker.js.map 166 KiB [emitted] [from: ../../node_modules/@scratch/scratch-vm/dist/web/extension-worker.js.map] [copied]
orphan modules 14.2 MiB [orphan] 1438 modules
runtime modules 9.84 KiB 16 modules
cacheable modules 64.7 MiB (asset) 28.3 MiB (javascript)
  modules by path ./ 64.7 MiB (asset) 9.94 MiB (javascript) 1694 modules
  modules by path ../../node_modules/ 18.3 MiB 804 modules
  readable-stream (ignored) 15 bytes [built] [code generated]
  node-fetch (ignored) 15 bytes [built] [code generated]
  util (ignored) 15 bytes [built] [code generated]
  crypto (ignored) 15 bytes [optional] [built] [code generated]
external "redux" 42 bytes [built] [code generated]
external "react" 42 bytes [built] [code generated]
external "react-redux" 42 bytes [built] [code generated]
external "react-dom" 42 bytes [built] [code generated]

WARNING in asset size limit: The following asset(s) exceed the recommended size limit (244 KiB).
This can impact web performance.
Assets: 
  30d09ba32a17082ef820b57d52d60b7b.hex (1.1 MiB)
  scratch-gui.js (16.8 MiB)
  static/assets/nineties_logo.945297ca77c041c98377.svg (1.96 MiB)
  static/assets/face-adjust-size.en.08e098ad5c971c5c31b9.gif (1.23 MiB)
  static/assets/face-go-to-top-head.en.33c1341e64391ec6ed77.gif (386 KiB)
  static/assets/cartoon-network.963ae0ec26486c12da2f.jpg (269 KiB)
  static/assets/text-to-speech.6c1e56fd6b1c5ba7fb7d.jpg (271 KiB)
  static/assets/mcremote.1a36f400b758db795eab.svg (431 KiB)
  chunks/540.4cd5fdbf76775cc09520.js (534 KiB)
  chunks/mediapipe/face_detection/face_detection_full_range.tflite (1.03 MiB)
  chunks/mediapipe/face_detection/face_detection_full_range_sparse.tflite (665 KiB)
  chunks/mediapipe/face_detection/face_detection_solution_simd_wasm_bin.wasm (5.54 MiB)
  chunks/mediapipe/face_detection/face_detection_solution_wasm_bin.wasm (5.43 MiB)
  libraries/costumes.json (344 KiB)
  libraries/sprites.json (699 KiB)

WARNING in entrypoint size limit: The following entrypoint(s) combined asset size exceeds the recommended limit (244 KiB). This can impact web performance.
Entrypoints:
  scratch-gui (16.8 MiB)
      scratch-gui.js

webpack 5.109.2 compiled with 2 warnings in 112162 ms

> @scratch/scratch-gui@15.0.1 build:dist-standalone
> cross-env NODE_ENV=production BUILD_TYPE=dist-standalone webpack

Browserslist: browsers data (caniuse-lite) is 10 months old. Please run:
  npx update-browserslist-db@latest
  Why you should do it regularly: https://github.com/browserslist/update-db#readme
<s> [webpack.Progress] 0% 

<s> [webpack.Progress] 1% setup before run
<s> [webpack.Progress] 1% setup before run NodeEnvironmentPlugin
<s> [webpack.Progress] 1% setup before run
<s> [webpack.Progress] 2% setup run
<s> [webpack.Progress] 2% setup run webpack-cli
<s> [webpack.Progress] 2% setup run
<s> [webpack.Progress] 4% setup normal module factory
<s> [webpack.Progress] 4% setup normal module factory
<s> [webpack.Progress] 5% setup context module factory
<s> [webpack.Progress] 5% setup context module factory
<s> [webpack.Progress] 6% setup before compile
<s> [webpack.Progress] 6% setup before compile
<s> [webpack.Progress] 7% setup compile
<s> [webpack.Progress] 7% setup compile ExternalsPlugin
<s> [webpack.Progress] 7% setup compile
<s> [webpack.Progress] 8% setup compilation
<s> [webpack.Progress] 8% setup compilation CopyPlugin
<s> [webpack.Progress] 8% setup compilation ArrayPushCallbackChunkFormatPlugin
<s> [webpack.Progress] 8% setup compilation JsonpChunkLoadingPlugin
<s> [webpack.Progress] 8% setup compilation StartupChunkDependenciesPlugin
<s> [webpack.Progress] 8% setup compilation ImportScriptsChunkLoadingPlugin
<s> [webpack.Progress] 8% setup compilation FetchCompileAsyncWasmPlugin
<s> [webpack.Progress] 8% setup compilation ExportPropertyLibraryPlugin
<s> [webpack.Progress] 8% setup compilation UmdLibraryPlugin
<s> [webpack.Progress] 8% setup compilation WorkerAndWorkletPlugin
<s> [webpack.Progress] 8% setup compilation SplitChunksPlugin
<s> [webpack.Progress] 8% setup compilation ResolverCachePlugin
<s> [webpack.Progress] 8% setup compilation
<s> [webpack.Progress] 9% setup compilation
<s> [webpack.Progress] 9% setup compilation ProvidePlugin
<s> [webpack.Progress] 9% setup compilation DefinePlugin
<s> [webpack.Progress] 9% setup compilation ProgressPlugin
<s> [webpack.Progress] 9% setup compilation ExternalsPlugin
<s> [webpack.Progress] 9% setup compilation ChunkPrefetchPreloadPlugin
<s> [webpack.Progress] 9% setup compilation ResourceHintPlugin
<s> [webpack.Progress] 9% setup compilation SourceMapDevToolPlugin
<s> [webpack.Progress] 9% setup compilation JavascriptModulesPlugin
<s> [webpack.Progress] 9% setup compilation JsonModulesPlugin
<s> [webpack.Progress] 9% setup compilation AssetModulesPlugin
<s> [webpack.Progress] 9% setup compilation AsyncWebAssemblyModulesPlugin
<s> [webpack.Progress] 9% setup compilation HtmlModulesPlugin
<s> [webpack.Progress] 9% setup compilation EntryPlugin
<s> [webpack.Progress] 9% setup compilation RuntimePlugin
<s> [webpack.Progress] 9% setup compilation InferAsyncModulesPlugin
<s> [webpack.Progress] 9% setup compilation DataUriPlugin
<s> [webpack.Progress] 9% setup compilation FileUriPlugin
<s> [webpack.Progress] 9% setup compilation CompatibilityPlugin
<s> [webpack.Progress] 9% setup compilation HarmonyModulesPlugin
<s> [webpack.Progress] 9% setup compilation AMDPlugin
<s> [webpack.Progress] 9% setup compilation RequireJsStuffPlugin
<s> [webpack.Progress] 9% setup compilation CommonJsPlugin
<s> [webpack.Progress] 9% setup compilation LoaderPlugin
<s> [webpack.Progress] 9% setup compilation LoaderPlugin
<s> [webpack.Progress] 9% setup compilation NodeStuffPlugin
<s> [webpack.Progress] 9% setup compilation APIPlugin
<s> [webpack.Progress] 9% setup compilation ExportsInfoApiPlugin
<s> [webpack.Progress] 9% setup compilation WebpackIsIncludedPlugin
<s> [webpack.Progress] 9% setup compilation ConstPlugin
<s> [webpack.Progress] 9% setup compilation UseStrictPlugin
<s> [webpack.Progress] 9% setup compilation RequireIncludePlugin
<s> [webpack.Progress] 9% setup compilation RequireEnsurePlugin
<s> [webpack.Progress] 9% setup compilation RequireContextPlugin
<s> [webpack.Progress] 9% setup compilation ImportPlugin
<s> [webpack.Progress] 9% setup compilation ImportMetaContextPlugin
<s> [webpack.Progress] 9% setup compilation SystemPlugin
<s> [webpack.Progress] 9% setup compilation ImportMetaPlugin
<s> [webpack.Progress] 9% setup compilation URLPlugin
<s> [webpack.Progress] 9% setup compilation DefaultStatsFactoryPlugin
<s> [webpack.Progress] 9% setup compilation DefaultStatsPresetPlugin
<s> [webpack.Progress] 9% setup compilation DefaultStatsPrinterPlugin
<s> [webpack.Progress] 9% setup compilation JavascriptMetaInfoPlugin
<s> [webpack.Progress] 9% setup compilation EnsureChunkConditionsPlugin
<s> [webpack.Progress] 9% setup compilation RemoveEmptyChunksPlugin
<s> [webpack.Progress] 9% setup compilation MergeDuplicateChunksPlugin
<s> [webpack.Progress] 9% setup compilation FlagIncludedChunksPlugin
<s> [webpack.Progress] 9% setup compilation SideEffectsFlagPlugin
<s> [webpack.Progress] 9% setup compilation FlagDependencyExportsPlugin
<s> [webpack.Progress] 9% setup compilation FlagDependencyUsagePlugin
<s> [webpack.Progress] 9% setup compilation InnerGraphPlugin
<s> [webpack.Progress] 9% setup compilation CircularModulesPlugin
<s> [webpack.Progress] 9% setup compilation ConstExportsPlugin
<s> [webpack.Progress] 9% setup compilation MangleExportsPlugin
<s> [webpack.Progress] 9% setup compilation ModuleConcatenationPlugin
<s> [webpack.Progress] 9% setup compilation NoEmitOnErrorsPlugin
<s> [webpack.Progress] 9% setup compilation RealContentHashPlugin
<s> [webpack.Progress] 9% setup compilation WasmFinalizeExportsPlugin
<s> [webpack.Progress] 9% setup compilation DeterministicModuleIdsPlugin
<s> [webpack.Progress] 9% setup compilation DeterministicChunkIdsPlugin
<s> [webpack.Progress] 9% setup compilation DefinePlugin
<s> [webpack.Progress] 9% setup compilation TerserPlugin
<s> [webpack.Progress] 9% setup compilation TemplatedPathPlugin
<s> [webpack.Progress] 9% setup compilation RecordIdsPlugin
<s> [webpack.Progress] 9% setup compilation WarnCaseSensitiveModulesPlugin
<s> [webpack.Progress] 9% setup compilation
<s> [webpack.Progress] 10% building
<s> [webpack.Progress] 10% building 0/1 entries 0/0 dependencies 0/0 modules
<s> [webpack.Progress] 10% building import loader ../../node_modules/babel-loader/lib/index.js
<s> [webpack.Progress] 10% building import loader ../../node_modules/ts-loader/index.js
<s> [webpack.Progress] 10% building 0/1 entries 1/1 dependencies 0/1 modules
<s> [webpack.Progress] 10% building 0/1 entries 1/2 dependencies 0/1 modules
<s> [webpack.Progress] 10% building 0/1 entries 10/53 dependencies 0/7 modules
<s> [webpack.Progress] 10% building 0/1 entries 33/57 dependencies 0/27 modules
<s> [webpack.Progress] 10% building 0/1 entries 230/264 dependencies 4/109 modules
<s> [webpack.Progress] 10% building 0/1 entries 244/285 dependencies 18/117 modules
<s> [webpack.Progress] 10% building 0/1 entries 295/685 dependencies 27/157 modules
<s> [webpack.Progress] 10% building import loader ../../node_modules/style-loader/dist/cjs.js
<s> [webpack.Progress] 10% building import loader ../../node_modules/css-loader/dist/cjs.js
<s> [webpack.Progress] 10% building import loader ../../node_modules/postcss-loader/dist/cjs.js
<s> [webpack.Progress] 10% building 0/1 entries 700/790 dependencies 34/308 modules
<s> [webpack.Progress] 10% building import loader ../../node_modules/arraybuffer-loader/index.js
<s> [webpack.Progress] 10% building 0/1 entries 762/804 dependencies 34/358 modules
<s> [webpack.Progress] 10% building import loader ../../node_modules/raw-loader/dist/cjs.js
<s> [webpack.Progress] 10% building 0/1 entries 777/805 dependencies 35/368 modules
<s> [webpack.Progress] 10% building 0/1 entries 800/833 dependencies 66/379 modules
<s> [webpack.Progress] 11% building 0/1 entries 882/1000 dependencies 93/395 modules
<s> [webpack.Progress] 11% building 0/1 entries 1087/1200 dependencies 113/480 modules
<s> [webpack.Progress] 11% building 0/1 entries 1374/1400 dependencies 167/581 modules
<s> [webpack.Progress] 12% building 0/1 entries 1450/1600 dependencies 206/602 modules
<s> [webpack.Progress] 12% building 0/1 entries 1854/1979 dependencies 248/800 modules
<s> [webpack.Progress] 12% building 0/1 entries 4000/4029 dependencies 258/2353 modules
<s> [webpack.Progress] 12% building 0/1 entries 4004/4100 dependencies 264/2354 modules
<s> [webpack.Progress] 13% building 0/1 entries 4372/4400 dependencies 339/2456 modules
<s> [webpack.Progress] 14% building import loader ../../node_modules/base64-loader/index.js
<s> [webpack.Progress] 14% building 0/1 entries 4494/4529 dependencies 413/2468 modules
<s> [webpack.Progress] 15% building 0/1 entries 4766/4800 dependencies 503/2546 modules
<s> [webpack.Progress] 18% building 0/1 entries 5000/5018 dependencies 786/2585 modules
<s> [webpack.Progress] 27% building 0/1 entries 5066/5075 dependencies 1600/2620 modules
<s> [webpack.Progress] 32% building 0/1 entries 5124/5180 dependencies 2000/2632 modules
<s> [webpack.Progress] 32% building 0/1 entries 5500/5554 dependencies 2033/2665 modules
<s> [webpack.Progress] 32% building import loader ../../node_modules/url-loader/dist/cjs.js
<s> [webpack.Progress] 32% building 0/1 entries 5657/5709 dependencies 2051/2696 modules
<s> [webpack.Progress] 33% building 0/1 entries 5900/5944 dependencies 2097/2763 modules
<s> [webpack.Progress] 35% building 0/1 entries 6268/6400 dependencies 2289/2917 modules
<s> [webpack.Progress] 35% building 0/1 entries 6648/6683 dependencies 2353/3000 modules
<s> [webpack.Progress] 36% building import loader ../scratch-render/node_modules/raw-loader/index.js
<s> [webpack.Progress] 36% building 0/1 entries 6672/6713 dependencies 2365/3008 modules
<s> [webpack.Progress] 38% building 0/1 entries 7100/7132 dependencies 2558/3104 modules
<s> [webpack.Progress] 39% building import loader ../../node_modules/ify-loader/index.js
<s> [webpack.Progress] 39% building 0/1 entries 7368/7392 dependencies 2650/3181 modules
<s> [webpack.Progress] 39% building 0/1 entries 7624/7700 dependencies 2725/3247 modules
<s> [webpack.Progress] 40% building 0/1 entries 7849/7891 dependencies 2800/3343 modules
<s> [webpack.Progress] 41% building 0/1 entries 7951/8000 dependencies 2855/3381 modules
<s> [webpack.Progress] 41% building 0/1 entries 8290/8500 dependencies 2902/3533 modules
<s> [webpack.Progress] 43% building 0/1 entries 8685/8700 dependencies 3070/3727 modules
<s> [webpack.Progress] 46% building 0/1 entries 9900/10016 dependencies 3342/3809 modules
<s> [webpack.Progress] 50% building 0/1 entries 10486/10500 dependencies 3664/3877 modules
<s> [webpack.Progress] 65% building 1/1 entries 10839/10839 dependencies 3980/3980 modules
<s> [webpack.Progress] 65% building
<s> [webpack.Progress] 69% building finish
<s> [webpack.Progress] 69% building finish HtmlModulesPlugin
<s> [webpack.Progress] 69% building finish
<s> [webpack.Progress] 70% sealing finish module graph
<s> [webpack.Progress] 70% sealing finish module graph ResolverCachePlugin
<s> [webpack.Progress] 70% sealing finish module graph InferAsyncModulesPlugin
<s> [webpack.Progress] 70% sealing finish module graph FlagDependencyExportsPlugin
<s> [webpack.Progress] 70% sealing finish module graph InnerGraphPlugin
<s> [webpack.Progress] 70% sealing finish module graph WasmFinalizeExportsPlugin
<s> [webpack.Progress] 70% sealing finish module graph ExportPropertyLibraryPlugin
<s> [webpack.Progress] 70% sealing finish module graph UmdLibraryPlugin
<s> [webpack.Progress] 70% sealing finish module graph
<s> [webpack.Progress] 70% sealing plugins
<s> [webpack.Progress] 70% sealing plugins WarnCaseSensitiveModulesPlugin
<s> [webpack.Progress] 70% sealing plugins
<s> [webpack.Progress] 71% sealing dependencies optimization
<s> [webpack.Progress] 71% sealing dependencies optimization SideEffectsFlagPlugin
<s> [webpack.Progress] 71% sealing dependencies optimization FlagDependencyUsagePlugin
<s> [webpack.Progress] 71% sealing dependencies optimization ConstExportsPlugin
<s> [webpack.Progress] 71% sealing dependencies optimization
<s> [webpack.Progress] 71% sealing after dependencies optimization
<s> [webpack.Progress] 71% sealing after dependencies optimization
<s> [webpack.Progress] 72% sealing chunk graph
<s> [webpack.Progress] 72% sealing chunk graph
<s> [webpack.Progress] 73% sealing after chunk graph
<s> [webpack.Progress] 73% sealing after chunk graph HtmlModulesPlugin
<s> [webpack.Progress] 73% sealing after chunk graph
<s> [webpack.Progress] 73% sealing optimizing
<s> [webpack.Progress] 73% sealing optimizing
<s> [webpack.Progress] 74% sealing module optimization
<s> [webpack.Progress] 74% sealing module optimization CircularModulesPlugin
<s> [webpack.Progress] 74% sealing module optimization
<s> [webpack.Progress] 75% sealing after module optimization
<s> [webpack.Progress] 75% sealing after module optimization
<s> [webpack.Progress] 75% sealing chunk optimization
<s> [webpack.Progress] 75% sealing chunk optimization EnsureChunkConditionsPlugin
<s> [webpack.Progress] 75% sealing chunk optimization RemoveEmptyChunksPlugin
<s> [webpack.Progress] 75% sealing chunk optimization MergeDuplicateChunksPlugin
<s> [webpack.Progress] 75% sealing chunk optimization SplitChunksPlugin
<s> [webpack.Progress] 75% sealing chunk optimization RemoveEmptyChunksPlugin
<s> [webpack.Progress] 75% sealing chunk optimization
<s> [webpack.Progress] 76% sealing after chunk optimization
<s> [webpack.Progress] 76% sealing after chunk optimization
<s> [webpack.Progress] 77% sealing module and chunk tree optimization
<s> [webpack.Progress] 77% sealing module and chunk tree optimization
<s> [webpack.Progress] 77% sealing after module and chunk tree optimization
<s> [webpack.Progress] 77% sealing after module and chunk tree optimization
<s> [webpack.Progress] 78% sealing chunk modules optimization
<s> [webpack.Progress] 78% sealing chunk modules optimization ModuleConcatenationPlugin
<s> [webpack.Progress] 78% sealing chunk modules optimization
<s> [webpack.Progress] 78% sealing after chunk modules optimization
<s> [webpack.Progress] 78% sealing after chunk modules optimization
<s> [webpack.Progress] 79% sealing module reviving
<s> [webpack.Progress] 79% sealing module reviving RecordIdsPlugin
<s> [webpack.Progress] 79% sealing module reviving
<s> [webpack.Progress] 80% sealing before module ids
<s> [webpack.Progress] 80% sealing before module ids
<s> [webpack.Progress] 80% sealing module ids
<s> [webpack.Progress] 80% sealing module ids DeterministicModuleIdsPlugin
<s> [webpack.Progress] 80% sealing module ids
<s> [webpack.Progress] 81% sealing module id optimization
<s> [webpack.Progress] 81% sealing module id optimization
<s> [webpack.Progress] 82% sealing module id optimization
<s> [webpack.Progress] 82% sealing module id optimization
<s> [webpack.Progress] 82% sealing chunk reviving
<s> [webpack.Progress] 82% sealing chunk reviving RecordIdsPlugin
<s> [webpack.Progress] 82% sealing chunk reviving
<s> [webpack.Progress] 83% sealing before chunk ids
<s> [webpack.Progress] 83% sealing before chunk ids
<s> [webpack.Progress] 84% sealing chunk ids
<s> [webpack.Progress] 84% sealing chunk ids DeterministicChunkIdsPlugin
<s> [webpack.Progress] 84% sealing chunk ids
<s> [webpack.Progress] 84% sealing chunk id optimization
<s> [webpack.Progress] 84% sealing chunk id optimization FlagIncludedChunksPlugin
<s> [webpack.Progress] 84% sealing chunk id optimization
<s> [webpack.Progress] 85% sealing after chunk id optimization
<s> [webpack.Progress] 85% sealing after chunk id optimization
<s> [webpack.Progress] 86% sealing record modules
<s> [webpack.Progress] 86% sealing record modules RecordIdsPlugin
<s> [webpack.Progress] 86% sealing record modules
<s> [webpack.Progress] 86% sealing record chunks
<s> [webpack.Progress] 86% sealing record chunks RecordIdsPlugin
<s> [webpack.Progress] 86% sealing record chunks
<s> [webpack.Progress] 87% sealing module hashing
<s> [webpack.Progress] 87% sealing module hashing
<s> [webpack.Progress] 87% sealing code generation
<s> [webpack.Progress] 87% sealing code generation
<s> [webpack.Progress] 88% sealing runtime requirements
<s> [webpack.Progress] 88% sealing runtime requirements
<s> [webpack.Progress] 89% sealing hashing
<s> [webpack.Progress] 89% sealing hashing
<s> [webpack.Progress] 89% sealing after hashing
<s> [webpack.Progress] 89% sealing after hashing
<s> [webpack.Progress] 90% sealing record hash
<s> [webpack.Progress] 90% sealing record hash
<s> [webpack.Progress] 91% sealing module assets processing
<s> [webpack.Progress] 91% sealing module assets processing
<s> [webpack.Progress] 91% sealing chunk assets processing
<s> [webpack.Progress] 91% sealing chunk assets processing
<s> [webpack.Progress] 92% sealing asset processing
<s> [webpack.Progress] 92% sealing asset processing copy-webpack-plugin
<s> [webpack.Progress] 92% sealing asset processing ts-loader
<s> [webpack.Progress] 92% sealing asset processing TerserPlugin
<s> [webpack.Progress] 92% sealing asset processing SourceMapDevToolPlugin
<s> [webpack.Progress] 92% sealing asset processing SourceMapDevToolPlugin
<s> [webpack.Progress] 92% sealing asset processing SourceMapDevToolPlugin scratch-gui-standalone.js generate SourceMap
<s> [webpack.Progress] 92% sealing asset processing SourceMapDevToolPlugin scratch-gui-standalone.js generated SourceMap
<s> [webpack.Progress] 92% sealing asset processing SourceMapDevToolPlugin chunks/540.4cd5fdbf76775cc09520.js generate SourceMap
<s> [webpack.Progress] 92% sealing asset processing SourceMapDevToolPlugin chunks/540.4cd5fdbf76775cc09520.js generated SourceMap
<s> [webpack.Progress] 92% sealing asset processing SourceMapDevToolPlugin chunks/paper-source.a610452167427b89e7fd.js generate SourceMap
<s> [webpack.Progress] 92% sealing asset processing SourceMapDevToolPlugin chunks/paper-source.a610452167427b89e7fd.js generated SourceMap
<s> [webpack.Progress] 92% sealing asset processing SourceMapDevToolPlugin chunks/es-steps.db67e4f4f2997903fcff.js generate SourceMap
<s> [webpack.Progress] 92% sealing asset processing SourceMapDevToolPlugin chunks/es-steps.db67e4f4f2997903fcff.js generated SourceMap
<s> [webpack.Progress] 92% sealing asset processing SourceMapDevToolPlugin chunks/zh_CN-steps.efea02919ddb0766dd49.js generate SourceMap
<s> [webpack.Progress] 92% sealing asset processing SourceMapDevToolPlugin chunks/zh_CN-steps.efea02919ddb0766dd49.js generated SourceMap
<s> [webpack.Progress] 92% sealing asset processing SourceMapDevToolPlugin chunks/zh_TW-steps.7f8cb09bbcbfb5b6c162.js generate SourceMap
<s> [webpack.Progress] 92% sealing asset processing SourceMapDevToolPlugin chunks/zh_TW-steps.7f8cb09bbcbfb5b6c162.js generated SourceMap
<s> [webpack.Progress] 92% sealing asset processing SourceMapDevToolPlugin chunks/tr-steps.4191f30dc4467969567e.js generate SourceMap
<s> [webpack.Progress] 92% sealing asset processing SourceMapDevToolPlugin chunks/tr-steps.4191f30dc4467969567e.js generated SourceMap
<s> [webpack.Progress] 92% sealing asset processing SourceMapDevToolPlugin chunks/fr-steps.728b00db82b8cfa0e2b9.js generate SourceMap
<s> [webpack.Progress] 92% sealing asset processing SourceMapDevToolPlugin chunks/fr-steps.728b00db82b8cfa0e2b9.js generated SourceMap
<s> [webpack.Progress] 92% sealing asset processing SourceMapDevToolPlugin chunks/pt_BR-steps.04e8c84a0468b168b464.js generate SourceMap
<s> [webpack.Progress] 92% sealing asset processing SourceMapDevToolPlugin chunks/pt_BR-steps.04e8c84a0468b168b464.js generated SourceMap
<s> [webpack.Progress] 92% sealing asset processing SourceMapDevToolPlugin chunks/ar-steps.ef1fd1dbf764fb48e0c9.js generate SourceMap
<s> [webpack.Progress] 92% sealing asset processing SourceMapDevToolPlugin chunks/ar-steps.ef1fd1dbf764fb48e0c9.js generated SourceMap
<s> [webpack.Progress] 92% sealing asset processing SourceMapDevToolPlugin chunks/am-steps.fd20ef2edcfde652d530.js generate SourceMap
<s> [webpack.Progress] 92% sealing asset processing SourceMapDevToolPlugin chunks/am-steps.fd20ef2edcfde652d530.js generated SourceMap
<s> [webpack.Progress] 92% sealing asset processing SourceMapDevToolPlugin chunks/sw-steps.f36f3450a75bcdd9df99.js generate SourceMap
<s> [webpack.Progress] 92% sealing asset processing SourceMapDevToolPlugin chunks/sw-steps.f36f3450a75bcdd9df99.js generated SourceMap
<s> [webpack.Progress] 92% sealing asset processing SourceMapDevToolPlugin chunks/zu-steps.8c8dc3447210989e4e85.js generate SourceMap
<s> [webpack.Progress] 92% sealing asset processing SourceMapDevToolPlugin chunks/zu-steps.8c8dc3447210989e4e85.js generated SourceMap
<s> [webpack.Progress] 92% sealing asset processing SourceMapDevToolPlugin chunks/uk-steps.26ce06d679a00708818e.js generate SourceMap
<s> [webpack.Progress] 92% sealing asset processing SourceMapDevToolPlugin chunks/uk-steps.26ce06d679a00708818e.js generated SourceMap
<s> [webpack.Progress] 92% sealing asset processing SourceMapDevToolPlugin chunks/ja-steps.cebc9d94d4c8db8eff11.js generate SourceMap
<s> [webpack.Progress] 92% sealing asset processing SourceMapDevToolPlugin chunks/ja-steps.cebc9d94d4c8db8eff11.js generated SourceMap
<s> [webpack.Progress] 92% sealing asset processing SourceMapDevToolPlugin extension-worker.js generate SourceMap
<s> [webpack.Progress] 92% sealing asset processing SourceMapDevToolPlugin extension-worker.js generated SourceMap
<s> [webpack.Progress] 92% sealing asset processing SourceMapDevToolPlugin chunks/fetch-worker.12a0667c4caaa6201bad.js generate SourceMap
<s> [webpack.Progress] 92% sealing asset processing SourceMapDevToolPlugin chunks/fetch-worker.12a0667c4caaa6201bad.js generated SourceMap
<s> [webpack.Progress] 92% sealing asset processing SourceMapDevToolPlugin chunks/fetch-worker.823f74b93506b16834ba.js generate SourceMap
<s> [webpack.Progress] 92% sealing asset processing SourceMapDevToolPlugin chunks/fetch-worker.823f74b93506b16834ba.js generated SourceMap
<s> [webpack.Progress] 92% sealing asset processing SourceMapDevToolPlugin chunks/mediapipe/face_detection/face_detection.js generate SourceMap
<s> [webpack.Progress] 92% sealing asset processing SourceMapDevToolPlugin chunks/mediapipe/face_detection/face_detection.js generated SourceMap
<s> [webpack.Progress] 92% sealing asset processing SourceMapDevToolPlugin chunks/mediapipe/face_detection/face_detection_solution_simd_wasm_bin.js generate SourceMap
<s> [webpack.Progress] 92% sealing asset processing SourceMapDevToolPlugin chunks/mediapipe/face_detection/face_detection_solution_simd_wasm_bin.js generated SourceMap
<s> [webpack.Progress] 92% sealing asset processing SourceMapDevToolPlugin chunks/mediapipe/face_detection/face_detection_solution_wasm_bin.js generate SourceMap
<s> [webpack.Progress] 92% sealing asset processing SourceMapDevToolPlugin chunks/mediapipe/face_detection/face_detection_solution_wasm_bin.js generated SourceMap
<s> [webpack.Progress] 92% sealing asset processing SourceMapDevToolPlugin resolve sources
<s> [webpack.Progress] 92% sealing asset processing SourceMapDevToolPlugin scratch-gui-standalone.js attach SourceMap
<s> [webpack.Progress] 92% sealing asset processing SourceMapDevToolPlugin scratch-gui-standalone.js attached SourceMap
<s> [webpack.Progress] 92% sealing asset processing SourceMapDevToolPlugin chunks/540.4cd5fdbf76775cc09520.js attach SourceMap
<s> [webpack.Progress] 92% sealing asset processing SourceMapDevToolPlugin chunks/540.4cd5fdbf76775cc09520.js attached SourceMap
<s> [webpack.Progress] 92% sealing asset processing SourceMapDevToolPlugin chunks/es-steps.db67e4f4f2997903fcff.js attach SourceMap
<s> [webpack.Progress] 92% sealing asset processing SourceMapDevToolPlugin chunks/es-steps.db67e4f4f2997903fcff.js attached SourceMap
<s> [webpack.Progress] 92% sealing asset processing SourceMapDevToolPlugin chunks/zh_CN-steps.efea02919ddb0766dd49.js attach SourceMap
<s> [webpack.Progress] 92% sealing asset processing SourceMapDevToolPlugin chunks/zh_CN-steps.efea02919ddb0766dd49.js attached SourceMap
<s> [webpack.Progress] 92% sealing asset processing SourceMapDevToolPlugin chunks/zh_TW-steps.7f8cb09bbcbfb5b6c162.js attach SourceMap
<s> [webpack.Progress] 92% sealing asset processing SourceMapDevToolPlugin chunks/zh_TW-steps.7f8cb09bbcbfb5b6c162.js attached SourceMap
<s> [webpack.Progress] 92% sealing asset processing SourceMapDevToolPlugin chunks/tr-steps.4191f30dc4467969567e.js attach SourceMap
<s> [webpack.Progress] 92% sealing asset processing SourceMapDevToolPlugin chunks/tr-steps.4191f30dc4467969567e.js attached SourceMap
<s> [webpack.Progress] 92% sealing asset processing SourceMapDevToolPlugin chunks/fr-steps.728b00db82b8cfa0e2b9.js attach SourceMap
<s> [webpack.Progress] 92% sealing asset processing SourceMapDevToolPlugin chunks/fr-steps.728b00db82b8cfa0e2b9.js attached SourceMap
<s> [webpack.Progress] 92% sealing asset processing SourceMapDevToolPlugin chunks/pt_BR-steps.04e8c84a0468b168b464.js attach SourceMap
<s> [webpack.Progress] 92% sealing asset processing SourceMapDevToolPlugin chunks/pt_BR-steps.04e8c84a0468b168b464.js attached SourceMap
<s> [webpack.Progress] 92% sealing asset processing SourceMapDevToolPlugin chunks/ar-steps.ef1fd1dbf764fb48e0c9.js attach SourceMap
<s> [webpack.Progress] 92% sealing asset processing SourceMapDevToolPlugin chunks/ar-steps.ef1fd1dbf764fb48e0c9.js attached SourceMap
<s> [webpack.Progress] 92% sealing asset processing SourceMapDevToolPlugin chunks/am-steps.fd20ef2edcfde652d530.js attach SourceMap
<s> [webpack.Progress] 92% sealing asset processing SourceMapDevToolPlugin chunks/am-steps.fd20ef2edcfde652d530.js attached SourceMap
<s> [webpack.Progress] 92% sealing asset processing SourceMapDevToolPlugin chunks/sw-steps.f36f3450a75bcdd9df99.js attach SourceMap
<s> [webpack.Progress] 92% sealing asset processing SourceMapDevToolPlugin chunks/sw-steps.f36f3450a75bcdd9df99.js attached SourceMap
<s> [webpack.Progress] 92% sealing asset processing SourceMapDevToolPlugin chunks/zu-steps.8c8dc3447210989e4e85.js attach SourceMap
<s> [webpack.Progress] 92% sealing asset processing SourceMapDevToolPlugin chunks/zu-steps.8c8dc3447210989e4e85.js attached SourceMap
<s> [webpack.Progress] 92% sealing asset processing SourceMapDevToolPlugin chunks/uk-steps.26ce06d679a00708818e.js attach SourceMap
<s> [webpack.Progress] 92% sealing asset processing SourceMapDevToolPlugin chunks/uk-steps.26ce06d679a00708818e.js attached SourceMap
<s> [webpack.Progress] 92% sealing asset processing SourceMapDevToolPlugin chunks/ja-steps.cebc9d94d4c8db8eff11.js attach SourceMap
<s> [webpack.Progress] 92% sealing asset processing SourceMapDevToolPlugin chunks/ja-steps.cebc9d94d4c8db8eff11.js attached SourceMap
<s> [webpack.Progress] 92% sealing asset processing SourceMapDevToolPlugin
<s> [webpack.Progress] 92% sealing asset processing SourceMapDevToolPlugin
<s> [webpack.Progress] 92% sealing asset processing SourceMapDevToolPlugin resolve sources
<s> [webpack.Progress] 92% sealing asset processing SourceMapDevToolPlugin
<s> [webpack.Progress] 92% sealing asset processing RealContentHashPlugin
<s> [webpack.Progress] 92% sealing asset processing HtmlModulesPlugin
<s> [webpack.Progress] 92% sealing asset processing
<s> [webpack.Progress] 93% sealing after asset optimization
<s> [webpack.Progress] 93% sealing after asset optimization
<s> [webpack.Progress] 93% sealing recording
<s> [webpack.Progress] 93% sealing recording
<s> [webpack.Progress] 94% sealing after seal
<s> [webpack.Progress] 94% sealing after seal HtmlModulesPlugin
<s> [webpack.Progress] 94% sealing after seal
<s> [webpack.Progress] 95% emitting emit
<s> [webpack.Progress] 95% emitting emit
<s> [webpack.Progress] 98% emitting after emit
<s> [webpack.Progress] 98% emitting after emit SizeLimitsPlugin
<s> [webpack.Progress] 98% emitting after emit
<s> [webpack.Progress] 99% done plugins
<s> [webpack.Progress] 99% done plugins
<s> [webpack.Progress] 99% 

<s> [webpack.Progress] 99% cache store build dependencies
<s> [webpack.Progress] 99% cache store build dependencies
<s> [webpack.Progress] 99% cache begin idle
<s> [webpack.Progress] 99% cache begin idle
<s> [webpack.Progress] 100% 

<s> [webpack.Progress] 99% cache shutdown
<s> [webpack.Progress] 99% cache shutdown
<s> [webpack.Progress] 100% 

assets by status 66.8 MiB [cached] 1520 assets
assets by path . 30.8 MiB
  assets by path static/ 377 KiB
    assets by path static/blocks-media/high-contrast/ 189 KiB 74 assets
    assets by path static/blocks-media/default/ 188 KiB 73 assets
  assets by path chunks/ 13.3 MiB 18 assets
  assets by path types/ 25.5 KiB
    assets by path types/lib/ 11.4 KiB 9 assets
    assets by path types/*.ts 11.6 KiB 5 assets
    assets by path types/reducers/*.ts 2.58 KiB 2 assets
  assets by path *.js 17 MiB
    asset scratch-gui-standalone.js 16.9 MiB [emitted] [minimized] [big] (name: scratch-gui-standalone) 2 related assets
    asset extension-worker.js 64.7 KiB [compared for emit] [from: ../../node_modules/@scratch/scratch-vm/dist/web/extension-worker.js] [copied] [minimized] 1 related asset
  asset extension-worker.js.map 166 KiB [compared for emit] [from: ../../node_modules/@scratch/scratch-vm/dist/web/extension-worker.js.map] [copied]
orphan modules 14.3 MiB [orphan] 1468 modules
runtime modules 8.85 KiB 16 modules
cacheable modules 64.7 MiB (asset) 28.5 MiB (javascript)
  modules by path ./ 64.7 MiB (asset) 9.94 MiB (javascript) 1685 modules
  modules by path ../../node_modules/ 18.6 MiB
    javascript modules 18.1 MiB 799 modules
    json modules 239 KiB 23 modules
    ../../node_modules/@scratch/paper/dist/paper-full.min.js?source 239 KiB [built] [code generated]
  readable-stream (ignored) 15 bytes [built] [code generated]
  node-fetch (ignored) 15 bytes [built] [code generated]
  util (ignored) 15 bytes [built] [code generated]
  crypto (ignored) 15 bytes [optional] [built] [code generated]

WARNING in asset size limit: The following asset(s) exceed the recommended size limit (244 KiB).
This can impact web performance.
Assets: 
  30d09ba32a17082ef820b57d52d60b7b.hex (1.1 MiB)
  scratch-gui-standalone.js (16.9 MiB)
  static/assets/nineties_logo.945297ca77c041c98377.svg (1.96 MiB)
  static/assets/face-adjust-size.en.08e098ad5c971c5c31b9.gif (1.23 MiB)
  static/assets/face-go-to-top-head.en.33c1341e64391ec6ed77.gif (386 KiB)
  static/assets/cartoon-network.963ae0ec26486c12da2f.jpg (269 KiB)
  static/assets/text-to-speech.6c1e56fd6b1c5ba7fb7d.jpg (271 KiB)
  static/assets/mcremote.1a36f400b758db795eab.svg (431 KiB)
  chunks/540.4cd5fdbf76775cc09520.js (534 KiB)
  chunks/mediapipe/face_detection/face_detection_full_range.tflite (1.03 MiB)
  chunks/mediapipe/face_detection/face_detection_full_range_sparse.tflite (665 KiB)
  chunks/mediapipe/face_detection/face_detection_solution_simd_wasm_bin.wasm (5.54 MiB)
  chunks/mediapipe/face_detection/face_detection_solution_wasm_bin.wasm (5.43 MiB)

WARNING in entrypoint size limit: The following entrypoint(s) combined asset size exceeds the recommended limit (244 KiB). This can impact web performance.
Entrypoints:
  scratch-gui-standalone (16.9 MiB)
      scratch-gui-standalone.js

webpack 5.109.2 compiled with 2 warnings in 137279 ms

> @scratch/scratch-media-lib-scripts@15.0.1 build
> node scripts/build_media_libraries.js media/editor

